sim_time_seconds,hour,phase,ns_queue,ew_queue
0,0,NS_GREEN,0.0,0.0
5,0,NS_GREEN,0.0,0.0
10,0,NS_GREEN,0.0,0.0
15,0,NS_GREEN,0.0,0.0
20,0,NS_GREEN,0.0,0.0
25,0,NS_YELLOW,0.0,0.0
30,0,EW_GREEN,0.0,0.0
35,0,EW_GREEN,0.0,0.0
40,0,EW_GREEN,0.0,0.0
45,0,EW_GREEN,0.0,0.0
50,0,EW_GREEN,0.0,0.0
55,0,EW_GREEN,0.0,0.0
60,0,EW_YELLOW,0.0,0.0
65,0,NS_GREEN,0.0,0.0
70,0,NS_GREEN,0.0,1.0
75,0,NS_GREEN,0.0,1.0
80,0,NS_GREEN,0.0,1.0
85,0,NS_GREEN,0.0,1.0
90,0,NS_GREEN,0.0,2.0
95,0,NS_YELLOW,0.0,2.0
100,0,EW_GREEN,1.0,2.0
105,0,EW_GREEN,2.0,0.0
110,0,EW_GREEN,2.0,0.0
115,0,EW_GREEN,2.0,0.0
120,0,EW_GREEN,2.0,0.0
125,0,EW_GREEN,2.0,0.0
130,0,EW_YELLOW,2.0,0.0
135,0,NS_GREEN,2.0,0.0
140,0,NS_GREEN,0.5,0.0
145,0,NS_GREEN,0.0,0.0
150,0,NS_GREEN,0.0,0.0
155,0,NS_GREEN,0.0,0.0
160,0,NS_GREEN,0.0,0.0
165,0,NS_YELLOW,0.0,0.0
170,0,EW_GREEN,1.0,0.0
175,0,EW_GREEN,1.0,0.0
180,0,EW_GREEN,2.0,0.0
185,0,EW_GREEN,2.0,0.0
190,0,EW_GREEN,2.0,0.0
195,0,EW_GREEN,2.0,0.0
200,0,EW_YELLOW,2.0,0.0
205,0,NS_GREEN,2.0,1.0
210,0,NS_GREEN,0.0,1.0
215,0,NS_GREEN,0.0,1.0
220,0,NS_GREEN,0.0,1.0
225,0,NS_GREEN,0.0,1.0
230,0,NS_GREEN,0.0,1.0
235,0,NS_YELLOW,0.0,1.0
240,0,EW_GREEN,0.0,1.0
245,0,EW_GREEN,1.0,0.0
250,0,EW_GREEN,2.0,0.0
255,0,EW_GREEN,2.0,0.0
260,0,EW_GREEN,2.0,0.0
265,0,EW_GREEN,2.0,0.0
270,0,EW_YELLOW,2.0,0.0
275,0,NS_GREEN,2.0,0.0
280,0,NS_GREEN,0.0,0.0
285,0,NS_GREEN,0.0,0.0
290,0,NS_GREEN,0.0,0.0
295,0,NS_GREEN,0.0,0.0
300,0,NS_GREEN,0.0,0.0
305,0,NS_YELLOW,0.0,0.0
310,0,EW_GREEN,0.0,0.0
315,0,EW_GREEN,0.0,0.0
320,0,EW_GREEN,1.0,0.0
325,0,EW_GREEN,1.0,0.0
330,0,EW_GREEN,2.0,0.0
335,0,EW_GREEN,2.0,0.0
340,0,EW_YELLOW,2.0,0.0
345,0,NS_GREEN,2.0,0.0
350,0,NS_GREEN,0.0,0.0
355,0,NS_GREEN,0.0,0.0
360,0,NS_GREEN,0.0,1.0
365,0,NS_GREEN,0.0,1.0
370,0,NS_GREEN,0.0,1.0
375,0,NS_YELLOW,0.0,1.0
380,0,EW_GREEN,0.0,1.0
385,0,EW_GREEN,0.0,0.0
390,0,EW_GREEN,0.0,0.0
395,0,EW_GREEN,0.0,0.0
400,0,EW_GREEN,0.0,0.0
405,0,EW_GREEN,0.0,0.0
410,0,EW_YELLOW,1.0,0.0
415,0,NS_GREEN,1.0,0.0
420,0,NS_GREEN,0.0,0.0
425,0,NS_GREEN,0.0,1.0
430,0,NS_GREEN,0.0,1.0
435,0,NS_GREEN,0.0,1.0
440,0,NS_GREEN,0.0,1.0
445,0,NS_YELLOW,0.0,1.0
450,0,EW_GREEN,0.0,1.0
455,0,EW_GREEN,0.0,0.0
460,0,EW_GREEN,0.0,0.0
465,0,EW_GREEN,0.0,0.0
470,0,EW_GREEN,0.0,0.0
475,0,EW_GREEN,1.0,0.0
480,0,EW_YELLOW,1.0,0.0
485,0,NS_GREEN,1.0,0.0
490,0,NS_GREEN,0.0,0.0
495,0,NS_GREEN,0.0,0.0
500,0,NS_GREEN,0.0,1.0
505,0,NS_GREEN,0.0,1.0
510,0,NS_GREEN,0.0,2.0
515,0,NS_YELLOW,0.0,2.0
520,0,EW_GREEN,1.0,2.0
525,0,EW_GREEN,1.0,0.0
530,0,EW_GREEN,1.0,0.0
535,0,EW_GREEN,1.0,0.0
540,0,EW_GREEN,1.0,0.0
545,0,EW_GREEN,1.0,0.0
550,0,EW_YELLOW,1.0,0.0
555,0,NS_GREEN,2.0,0.0
560,0,NS_GREEN,0.0,0.0
565,0,NS_GREEN,0.0,0.0
570,0,NS_GREEN,0.0,0.0
575,0,NS_GREEN,0.0,0.0
580,0,NS_GREEN,0.0,0.0
585,0,NS_YELLOW,0.0,0.0
590,0,EW_GREEN,0.0,1.0
595,0,EW_GREEN,0.0,0.0
600,0,EW_GREEN,0.0,0.0
605,0,EW_GREEN,0.0,0.0
610,0,EW_GREEN,1.0,0.0
615,0,EW_GREEN,1.0,0.0
620,0,EW_YELLOW,1.0,0.0
625,0,NS_GREEN,1.0,0.0
630,0,NS_GREEN,0.0,0.0
635,0,NS_GREEN,0.0,0.0
640,0,NS_GREEN,0.0,0.0
645,0,NS_GREEN,0.0,1.0
650,0,NS_GREEN,0.0,1.0
655,0,NS_YELLOW,0.0,1.0
660,0,EW_GREEN,0.0,1.0
665,0,EW_GREEN,0.0,0.0
670,0,EW_GREEN,0.0,0.0
675,0,EW_GREEN,0.0,0.0
680,0,EW_GREEN,0.0,0.0
685,0,EW_GREEN,0.0,0.0
690,0,EW_YELLOW,0.0,0.0
695,0,NS_GREEN,0.0,0.0
700,0,NS_GREEN,0.0,0.0
705,0,NS_GREEN,0.0,1.0
710,0,NS_GREEN,0.0,2.0
715,0,NS_GREEN,0.0,2.0
720,0,NS_GREEN,0.0,2.0
725,0,NS_YELLOW,0.0,3.0
730,0,EW_GREEN,0.0,3.0
735,0,EW_GREEN,1.0,0.5
740,0,EW_GREEN,1.0,0.0
745,0,EW_GREEN,1.0,0.0
750,0,EW_GREEN,2.0,0.0
755,0,EW_GREEN,2.0,0.0
760,0,EW_YELLOW,2.0,0.0
765,0,NS_GREEN,2.0,0.0
770,0,NS_GREEN,0.0,0.0
775,0,NS_GREEN,0.0,1.0
780,0,NS_GREEN,0.0,1.0
785,0,NS_GREEN,0.0,1.0
790,0,NS_GREEN,0.0,1.0
795,0,NS_YELLOW,0.0,1.0
800,0,EW_GREEN,0.0,1.0
805,0,EW_GREEN,0.0,0.0
810,0,EW_GREEN,0.0,0.0
815,0,EW_GREEN,0.0,0.0
820,0,EW_GREEN,0.0,0.0
825,0,EW_GREEN,0.0,0.0
830,0,EW_YELLOW,1.0,0.0
835,0,NS_GREEN,2.0,1.0
840,0,NS_GREEN,0.0,1.0
845,0,NS_GREEN,0.0,2.0
850,0,NS_GREEN,0.0,2.0
855,0,NS_GREEN,0.0,2.0
860,0,NS_GREEN,0.0,2.0
865,0,NS_YELLOW,0.0,3.0
870,0,EW_GREEN,0.0,3.0
875,0,EW_GREEN,0.0,0.5
880,0,EW_GREEN,0.0,0.0
885,0,EW_GREEN,1.0,0.0
890,0,EW_GREEN,2.0,0.0
895,0,EW_GREEN,2.0,0.0
900,0,EW_YELLOW,2.0,0.0
905,0,NS_GREEN,2.0,0.0
910,0,NS_GREEN,0.0,0.0
915,0,NS_GREEN,0.0,0.0
920,0,NS_GREEN,0.0,1.0
925,0,NS_GREEN,0.0,2.0
930,0,NS_GREEN,0.0,2.0
935,0,NS_YELLOW,0.0,2.0
940,0,EW_GREEN,0.0,3.0
945,0,EW_GREEN,0.0,0.5
950,0,EW_GREEN,1.0,0.0
955,0,EW_GREEN,1.0,0.0
960,0,EW_GREEN,1.0,0.0
965,0,EW_GREEN,1.0,0.0
970,0,EW_YELLOW,1.0,0.0
975,0,NS_GREEN,1.0,0.0
980,0,NS_GREEN,0.0,0.0
985,0,NS_GREEN,0.0,0.0
990,0,NS_GREEN,0.0,0.0
995,0,NS_GREEN,0.0,0.0
1000,0,NS_GREEN,0.0,0.0
1005,0,NS_YELLOW,0.0,0.0
1010,0,EW_GREEN,0.0,0.0
1015,0,EW_GREEN,0.0,0.0
1020,0,EW_GREEN,0.0,0.0
1025,0,EW_GREEN,0.0,0.0
1030,0,EW_GREEN,0.0,0.0
1035,0,EW_GREEN,0.0,0.0
1040,0,EW_YELLOW,0.0,0.0
1045,0,NS_GREEN,0.0,0.0
1050,0,NS_GREEN,0.0,0.0
1055,0,NS_GREEN,0.0,0.0
1060,0,NS_GREEN,0.0,0.0
1065,0,NS_GREEN,0.0,0.0
1070,0,NS_GREEN,0.0,0.0
1075,0,NS_YELLOW,0.0,0.0
1080,0,EW_GREEN,0.0,0.0
1085,0,EW_GREEN,1.0,0.0
1090,0,EW_GREEN,2.0,0.0
1095,0,EW_GREEN,2.0,0.0
1100,0,EW_GREEN,3.0,0.0
1105,0,EW_GREEN,3.0,0.0
1110,0,EW_YELLOW,3.0,0.0
1115,0,NS_GREEN,3.0,0.0
1120,0,NS_GREEN,0.5,1.0
1125,0,NS_GREEN,0.0,1.0
1130,0,NS_GREEN,0.0,1.0
1135,0,NS_GREEN,0.0,1.0
1140,0,NS_GREEN,0.0,1.0
1145,0,NS_YELLOW,0.0,1.0
1150,0,EW_GREEN,1.0,1.0
1155,0,EW_GREEN,1.0,0.0
1160,0,EW_GREEN,1.0,0.0
1165,0,EW_GREEN,1.0,0.0
1170,0,EW_GREEN,1.0,0.0
1175,0,EW_GREEN,2.0,0.0
1180,0,EW_YELLOW,3.0,0.0
1185,0,NS_GREEN,3.0,0.0
1190,0,NS_GREEN,1.5,0.0
1195,0,NS_GREEN,0.0,0.0
1200,0,NS_GREEN,0.0,0.0
1205,0,NS_GREEN,0.0,0.0
1210,0,NS_GREEN,0.0,0.0
1215,0,NS_YELLOW,0.0,0.0
1220,0,EW_GREEN,0.0,0.0
1225,0,EW_GREEN,0.0,0.0
1230,0,EW_GREEN,0.0,0.0
1235,0,EW_GREEN,0.0,0.0
1240,0,EW_GREEN,0.0,0.0
1245,0,EW_GREEN,0.0,0.0
1250,0,EW_YELLOW,0.0,0.0
1255,0,NS_GREEN,0.0,0.0
1260,0,NS_GREEN,0.0,0.0
1265,0,NS_GREEN,0.0,0.0
1270,0,NS_GREEN,0.0,0.0
1275,0,NS_GREEN,0.0,0.0
1280,0,NS_GREEN,0.0,0.0
1285,0,NS_YELLOW,0.0,1.0
1290,0,EW_GREEN,0.0,1.0
1295,0,EW_GREEN,0.0,0.0
1300,0,EW_GREEN,0.0,0.0
1305,0,EW_GREEN,0.0,0.0
1310,0,EW_GREEN,0.0,0.0
1315,0,EW_GREEN,0.0,0.0
1320,0,EW_YELLOW,1.0,0.0
1325,0,NS_GREEN,1.0,0.0
1330,0,NS_GREEN,0.0,0.0
1335,0,NS_GREEN,0.0,0.0
1340,0,NS_GREEN,0.0,0.0
1345,0,NS_GREEN,0.0,0.0
1350,0,NS_GREEN,0.0,0.0
1355,0,NS_YELLOW,0.0,0.0
1360,0,EW_GREEN,0.0,0.0
1365,0,EW_GREEN,1.0,0.0
1370,0,EW_GREEN,1.0,0.0
1375,0,EW_GREEN,1.0,0.0
1380,0,EW_GREEN,1.0,0.0
1385,0,EW_GREEN,1.0,0.0
1390,0,EW_YELLOW,1.0,0.0
1395,0,NS_GREEN,1.0,0.0
1400,0,NS_GREEN,0.0,0.0
1405,0,NS_GREEN,0.0,1.0
1410,0,NS_GREEN,0.0,1.0
1415,0,NS_GREEN,0.0,1.0
1420,0,NS_GREEN,0.0,1.0
1425,0,NS_YELLOW,0.0,1.0
1430,0,EW_GREEN,0.0,1.0
1435,0,EW_GREEN,0.0,0.0
1440,0,EW_GREEN,0.0,0.0
1445,0,EW_GREEN,0.0,0.0
1450,0,EW_GREEN,0.0,0.0
1455,0,EW_GREEN,0.0,0.0
1460,0,EW_YELLOW,0.0,0.0
1465,0,NS_GREEN,1.0,0.0
1470,0,NS_GREEN,0.0,0.0
1475,0,NS_GREEN,0.0,0.0
1480,0,NS_GREEN,0.0,0.0
1485,0,NS_GREEN,0.0,0.0
1490,0,NS_GREEN,0.0,0.0
1495,0,NS_YELLOW,0.0,1.0
1500,0,EW_GREEN,0.0,1.0
1505,0,EW_GREEN,0.0,0.0
1510,0,EW_GREEN,1.0,0.0
1515,0,EW_GREEN,1.0,0.0
1520,0,EW_GREEN,1.0,0.0
1525,0,EW_GREEN,2.0,0.0
1530,0,EW_YELLOW,2.0,0.0
1535,0,NS_GREEN,2.0,0.0
1540,0,NS_GREEN,0.5,0.0
1545,0,NS_GREEN,0.0,0.0
1550,0,NS_GREEN,0.0,0.0
1555,0,NS_GREEN,0.0,0.0
1560,0,NS_GREEN,0.0,0.0
1565,0,NS_YELLOW,0.0,0.0
1570,0,EW_GREEN,1.0,0.0
1575,0,EW_GREEN,1.0,0.0
1580,0,EW_GREEN,1.0,0.0
1585,0,EW_GREEN,2.0,0.0
1590,0,EW_GREEN,2.0,0.0
1595,0,EW_GREEN,2.0,0.0
1600,0,EW_YELLOW,3.0,0.0
1605,0,NS_GREEN,3.0,0.0
1610,0,NS_GREEN,1.5,0.0
1615,0,NS_GREEN,0.0,0.0
1620,0,NS_GREEN,0.0,0.0
1625,0,NS_GREEN,0.0,0.0
1630,0,NS_GREEN,0.0,0.0
1635,0,NS_YELLOW,0.0,0.0
1640,0,EW_GREEN,0.0,0.0
1645,0,EW_GREEN,0.0,0.0
1650,0,EW_GREEN,0.0,0.0
1655,0,EW_GREEN,0.0,0.0
1660,0,EW_GREEN,1.0,0.0
1665,0,EW_GREEN,1.0,0.0
1670,0,EW_YELLOW,1.0,0.0
1675,0,NS_GREEN,1.0,0.0
1680,0,NS_GREEN,0.0,0.0
1685,0,NS_GREEN,0.0,0.0
1690,0,NS_GREEN,0.0,0.0
1695,0,NS_GREEN,0.0,0.0
1700,0,NS_GREEN,0.0,0.0
1705,0,NS_YELLOW,0.0,0.0
1710,0,EW_GREEN,0.0,0.0
1715,0,EW_GREEN,0.0,0.0
1720,0,EW_GREEN,0.0,0.0
1725,0,EW_GREEN,0.0,0.0
1730,0,EW_GREEN,0.0,0.0
1735,0,EW_GREEN,1.0,0.0
1740,0,EW_YELLOW,1.0,0.0
1745,0,NS_GREEN,1.0,0.0
1750,0,NS_GREEN,0.0,1.0
1755,0,NS_GREEN,0.0,1.0
1760,0,NS_GREEN,0.0,1.0
1765,0,NS_GREEN,0.0,1.0
1770,0,NS_GREEN,0.0,1.0
1775,0,NS_YELLOW,0.0,1.0
1780,0,EW_GREEN,0.0,1.0
1785,0,EW_GREEN,0.0,0.0
1790,0,EW_GREEN,0.0,0.0
1795,0,EW_GREEN,1.0,0.0
1800,0,EW_GREEN,1.0,0.0
1805,0,EW_GREEN,2.0,0.0
1810,0,EW_YELLOW,2.0,0.0
1815,0,NS_GREEN,2.0,0.0
1820,0,NS_GREEN,0.0,0.0
1825,0,NS_GREEN,0.0,0.0
1830,0,NS_GREEN,0.0,0.0
1835,0,NS_GREEN,0.0,0.0
1840,0,NS_GREEN,0.0,0.0
1845,0,NS_YELLOW,0.0,0.0
1850,0,EW_GREEN,0.0,0.0
1855,0,EW_GREEN,0.0,0.0
1860,0,EW_GREEN,0.0,0.0
1865,0,EW_GREEN,0.0,0.0
1870,0,EW_GREEN,0.0,0.0
1875,0,EW_GREEN,1.0,0.0
1880,0,EW_YELLOW,1.0,0.0
1885,0,NS_GREEN,1.0,0.0
1890,0,NS_GREEN,0.0,0.0
1895,0,NS_GREEN,0.0,0.0
1900,0,NS_GREEN,0.0,0.0
1905,0,NS_GREEN,0.0,0.0
1910,0,NS_GREEN,0.0,0.0
1915,0,NS_YELLOW,0.0,0.0
1920,0,EW_GREEN,0.0,0.0
1925,0,EW_GREEN,1.0,0.0
1930,0,EW_GREEN,2.0,0.0
1935,0,EW_GREEN,2.0,0.0
1940,0,EW_GREEN,2.0,0.0
1945,0,EW_GREEN,2.0,0.0
1950,0,EW_YELLOW,2.0,0.0
1955,0,NS_GREEN,2.0,0.0
1960,0,NS_GREEN,0.0,0.0
1965,0,NS_GREEN,0.0,0.0
1970,0,NS_GREEN,0.0,0.0
1975,0,NS_GREEN,0.0,0.0
1980,0,NS_GREEN,0.0,0.0
1985,0,NS_YELLOW,0.0,0.0
1990,0,EW_GREEN,0.0,0.0
1995,0,EW_GREEN,0.0,0.0
2000,0,EW_GREEN,0.0,0.0
2005,0,EW_GREEN,0.0,0.0
2010,0,EW_GREEN,0.0,0.0
2015,0,EW_GREEN,0.0,0.0
2020,0,EW_YELLOW,0.0,0.0
2025,0,NS_GREEN,0.0,0.0
2030,0,NS_GREEN,0.0,0.0
2035,0,NS_GREEN,0.0,0.0
2040,0,NS_GREEN,0.0,0.0
2045,0,NS_GREEN,0.0,0.0
2050,0,NS_GREEN,0.0,1.0
2055,0,NS_YELLOW,0.0,1.0
2060,0,EW_GREEN,0.0,1.0
2065,0,EW_GREEN,0.0,0.0
2070,0,EW_GREEN,0.0,0.0
2075,0,EW_GREEN,0.0,0.0
2080,0,EW_GREEN,0.0,0.0
2085,0,EW_GREEN,0.0,0.0
2090,0,EW_YELLOW,0.0,0.0
2095,0,NS_GREEN,0.0,0.0
2100,0,NS_GREEN,0.0,0.0
2105,0,NS_GREEN,0.0,0.0
2110,0,NS_GREEN,0.0,0.0
2115,0,NS_GREEN,0.0,0.0
2120,0,NS_GREEN,0.0,0.0
2125,0,NS_YELLOW,0.0,0.0
2130,0,EW_GREEN,0.0,0.0
2135,0,EW_GREEN,0.0,0.0
2140,0,EW_GREEN,1.0,0.0
2145,0,EW_GREEN,1.0,0.0
2150,0,EW_GREEN,1.0,0.0
2155,0,EW_GREEN,1.0,0.0
2160,0,EW_YELLOW,1.0,0.0
2165,0,NS_GREEN,1.0,0.0
2170,0,NS_GREEN,0.0,0.0
2175,0,NS_GREEN,0.0,0.0
2180,0,NS_GREEN,0.0,0.0
2185,0,NS_GREEN,0.0,0.0
2190,0,NS_GREEN,0.0,0.0
2195,0,NS_YELLOW,0.0,0.0
2200,0,EW_GREEN,0.0,0.0
2205,0,EW_GREEN,1.0,0.0
2210,0,EW_GREEN,1.0,0.0
2215,0,EW_GREEN,1.0,0.0
2220,0,EW_GREEN,2.0,0.0
2225,0,EW_GREEN,2.0,0.0
2230,0,EW_YELLOW,2.0,0.0
2235,0,NS_GREEN,2.0,0.0
2240,0,NS_GREEN,0.0,0.0
2245,0,NS_GREEN,0.0,1.0
2250,0,NS_GREEN,0.0,2.0
2255,0,NS_GREEN,0.0,2.0
2260,0,NS_GREEN,0.0,2.0
2265,0,NS_YELLOW,0.0,2.0
2270,0,EW_GREEN,0.0,2.0
2275,0,EW_GREEN,0.0,0.0
2280,0,EW_GREEN,0.0,0.0
2285,0,EW_GREEN,0.0,0.0
2290,0,EW_GREEN,0.0,0.0
2295,0,EW_GREEN,0.0,0.0
2300,0,EW_YELLOW,0.0,0.0
2305,0,NS_GREEN,0.0,0.0
2310,0,NS_GREEN,0.0,1.0
2315,0,NS_GREEN,0.0,1.0
2320,0,NS_GREEN,0.0,1.0
2325,0,NS_GREEN,0.0,1.0
2330,0,NS_GREEN,0.0,1.0
2335,0,NS_YELLOW,0.0,1.0
2340,0,EW_GREEN,1.0,1.0
2345,0,EW_GREEN,2.0,0.0
2350,0,EW_GREEN,2.0,0.0
2355,0,EW_GREEN,2.0,0.0
2360,0,EW_GREEN,2.0,0.0
2365,0,EW_GREEN,2.0,0.0
2370,0,EW_YELLOW,2.0,0.0
2375,0,NS_GREEN,2.0,0.0
2380,0,NS_GREEN,0.0,0.0
2385,0,NS_GREEN,0.0,0.0
2390,0,NS_GREEN,0.0,1.0
2395,0,NS_GREEN,0.0,1.0
2400,0,NS_GREEN,0.0,1.0
2405,0,NS_YELLOW,0.0,1.0
2410,0,EW_GREEN,0.0,1.0
2415,0,EW_GREEN,0.0,0.0
2420,0,EW_GREEN,0.0,0.0
2425,0,EW_GREEN,0.0,0.0
2430,0,EW_GREEN,0.0,0.0
2435,0,EW_GREEN,1.0,0.0
2440,0,EW_YELLOW,1.0,0.0
2445,0,NS_GREEN,1.0,0.0
2450,0,NS_GREEN,0.0,0.0
2455,0,NS_GREEN,0.0,1.0
2460,0,NS_GREEN,0.0,1.0
2465,0,NS_GREEN,0.0,1.0
2470,0,NS_GREEN,0.0,1.0
2475,0,NS_YELLOW,0.0,1.0
2480,0,EW_GREEN,0.0,1.0
2485,0,EW_GREEN,0.0,0.0
2490,0,EW_GREEN,0.0,0.0
2495,0,EW_GREEN,0.0,0.0
2500,0,EW_GREEN,0.0,0.0
2505,0,EW_GREEN,0.0,0.0
2510,0,EW_YELLOW,0.0,0.0
2515,0,NS_GREEN,0.0,0.0
2520,0,NS_GREEN,0.0,0.0
2525,0,NS_GREEN,0.0,0.0
2530,0,NS_GREEN,0.0,1.0
2535,0,NS_GREEN,0.0,1.0
2540,0,NS_GREEN,0.0,1.0
2545,0,NS_YELLOW,0.0,2.0
2550,0,EW_GREEN,0.0,2.0
2555,0,EW_GREEN,0.0,0.0
2560,0,EW_GREEN,0.0,0.0
2565,0,EW_GREEN,0.0,0.0
2570,0,EW_GREEN,0.0,0.0
2575,0,EW_GREEN,1.0,0.0
2580,0,EW_YELLOW,1.0,0.0
2585,0,NS_GREEN,2.0,0.0
2590,0,NS_GREEN,0.0,0.0
2595,0,NS_GREEN,0.0,0.0
2600,0,NS_GREEN,0.0,0.0
2605,0,NS_GREEN,0.0,0.0
2610,0,NS_GREEN,0.0,0.0
2615,0,NS_YELLOW,0.0,1.0
2620,0,EW_GREEN,0.0,2.0
2625,0,EW_GREEN,0.0,0.0
2630,0,EW_GREEN,0.0,0.0
2635,0,EW_GREEN,0.0,0.0
2640,0,EW_GREEN,0.0,0.0
2645,0,EW_GREEN,0.0,0.0
2650,0,EW_YELLOW,0.0,0.0
2655,0,NS_GREEN,0.0,0.0
2660,0,NS_GREEN,0.0,0.0
2665,0,NS_GREEN,0.0,0.0
2670,0,NS_GREEN,0.0,0.0
2675,0,NS_GREEN,0.0,0.0
2680,0,NS_GREEN,0.0,1.0
2685,0,NS_YELLOW,0.0,1.0
2690,0,EW_GREEN,0.0,1.0
2695,0,EW_GREEN,0.0,0.0
2700,0,EW_GREEN,0.0,0.0
2705,0,EW_GREEN,0.0,0.0
2710,0,EW_GREEN,0.0,0.0
2715,0,EW_GREEN,0.0,0.0
2720,0,EW_YELLOW,0.0,0.0
2725,0,NS_GREEN,0.0,0.0
2730,0,NS_GREEN,0.0,0.0
2735,0,NS_GREEN,0.0,0.0
2740,0,NS_GREEN,0.0,0.0
2745,0,NS_GREEN,0.0,0.0
2750,0,NS_GREEN,0.0,0.0
2755,0,NS_YELLOW,0.0,0.0
2760,0,EW_GREEN,0.0,0.0
2765,0,EW_GREEN,0.0,0.0
2770,0,EW_GREEN,0.0,0.0
2775,0,EW_GREEN,0.0,0.0
2780,0,EW_GREEN,0.0,0.0
2785,0,EW_GREEN,0.0,0.0
2790,0,EW_YELLOW,1.0,0.0
2795,0,NS_GREEN,1.0,0.0
2800,0,NS_GREEN,0.0,0.0
2805,0,NS_GREEN,0.0,0.0
2810,0,NS_GREEN,0.0,0.0
2815,0,NS_GREEN,0.0,0.0
2820,0,NS_GREEN,0.0,0.0
2825,0,NS_YELLOW,0.0,0.0
2830,0,EW_GREEN,1.0,0.0
2835,0,EW_GREEN,1.0,0.0
2840,0,EW_GREEN,1.0,0.0
2845,0,EW_GREEN,1.0,0.0
2850,0,EW_GREEN,1.0,0.0
2855,0,EW_GREEN,1.0,0.0
2860,0,EW_YELLOW,1.0,0.0
2865,0,NS_GREEN,1.0,0.0
2870,0,NS_GREEN,0.0,0.0
2875,0,NS_GREEN,0.0,0.0
2880,0,NS_GREEN,0.0,0.0
2885,0,NS_GREEN,0.0,0.0
2890,0,NS_GREEN,0.0,0.0
2895,0,NS_YELLOW,0.0,1.0
2900,0,EW_GREEN,0.0,1.0
2905,0,EW_GREEN,0.0,0.0
2910,0,EW_GREEN,0.0,0.0
2915,0,EW_GREEN,0.0,0.0
2920,0,EW_GREEN,1.0,0.0
2925,0,EW_GREEN,1.0,0.0
2930,0,EW_YELLOW,1.0,0.0
2935,0,NS_GREEN,1.0,0.0
2940,0,NS_GREEN,0.0,0.0
2945,0,NS_GREEN,0.0,0.0
2950,0,NS_GREEN,0.0,0.0
2955,0,NS_GREEN,0.0,0.0
2960,0,NS_GREEN,0.0,0.0
2965,0,NS_YELLOW,0.0,1.0
2970,0,EW_GREEN,0.0,1.0
2975,0,EW_GREEN,1.0,0.0
2980,0,EW_GREEN,1.0,0.0
2985,0,EW_GREEN,2.0,0.0
2990,0,EW_GREEN,2.0,0.0
2995,0,EW_GREEN,2.0,0.0
3000,0,EW_YELLOW,2.0,0.0
3005,0,NS_GREEN,3.0,0.0
3010,0,NS_GREEN,0.5,0.0
3015,0,NS_GREEN,0.0,0.0
3020,0,NS_GREEN,0.0,0.0
3025,0,NS_GREEN,0.0,0.0
3030,0,NS_GREEN,0.0,0.0
3035,0,NS_YELLOW,0.0,0.0
3040,0,EW_GREEN,1.0,0.0
3045,0,EW_GREEN,1.0,0.0
3050,0,EW_GREEN,1.0,0.0
3055,0,EW_GREEN,1.0,0.0
3060,0,EW_GREEN,1.0,0.0
3065,0,EW_GREEN,1.0,0.0
3070,0,EW_YELLOW,1.0,0.0
3075,0,NS_GREEN,1.0,0.0
3080,0,NS_GREEN,0.0,1.0
3085,0,NS_GREEN,0.0,1.0
3090,0,NS_GREEN,0.0,1.0
3095,0,NS_GREEN,0.0,1.0
3100,0,NS_GREEN,0.0,1.0
3105,0,NS_YELLOW,0.0,1.0
3110,0,EW_GREEN,0.0,1.0
3115,0,EW_GREEN,1.0,0.0
3120,0,EW_GREEN,1.0,0.0
3125,0,EW_GREEN,1.0,0.0
3130,0,EW_GREEN,2.0,0.0
3135,0,EW_GREEN,2.0,0.0
3140,0,EW_YELLOW,2.0,0.0
3145,0,NS_GREEN,3.0,0.0
3150,0,NS_GREEN,0.5,0.0
3155,0,NS_GREEN,0.0,0.0
3160,0,NS_GREEN,0.0,1.0
3165,0,NS_GREEN,0.0,1.0
3170,0,NS_GREEN,0.0,1.0
3175,0,NS_YELLOW,0.0,1.0
3180,0,EW_GREEN,0.0,2.0
3185,0,EW_GREEN,0.0,0.0
3190,0,EW_GREEN,0.0,0.0
3195,0,EW_GREEN,0.0,0.0
3200,0,EW_GREEN,0.0,0.0
3205,0,EW_GREEN,0.0,0.0
3210,0,EW_YELLOW,0.0,0.0
3215,0,NS_GREEN,1.0,0.0
3220,0,NS_GREEN,0.0,1.0
3225,0,NS_GREEN,0.0,1.0
3230,0,NS_GREEN,0.0,1.0
3235,0,NS_GREEN,0.0,1.0
3240,0,NS_GREEN,0.0,1.0
3245,0,NS_YELLOW,0.0,1.0
3250,0,EW_GREEN,1.0,1.0
3255,0,EW_GREEN,2.0,0.0
3260,0,EW_GREEN,2.0,0.0
3265,0,EW_GREEN,2.0,0.0
3270,0,EW_GREEN,2.0,0.0
3275,0,EW_GREEN,3.0,0.0
3280,0,EW_YELLOW,3.0,0.0
3285,0,NS_GREEN,3.0,0.0
3290,0,NS_GREEN,0.5,0.0
3295,0,NS_GREEN,0.0,1.0
3300,0,NS_GREEN,0.0,1.0
3305,0,NS_GREEN,0.0,1.0
3310,0,NS_GREEN,0.0,1.0
3315,0,NS_YELLOW,0.0,1.0
3320,0,EW_GREEN,0.0,1.0
3325,0,EW_GREEN,0.0,0.0
3330,0,EW_GREEN,0.0,0.0
3335,0,EW_GREEN,0.0,0.0
3340,0,EW_GREEN,0.0,0.0
3345,0,EW_GREEN,1.0,0.0
3350,0,EW_YELLOW,1.0,0.0
3355,0,NS_GREEN,1.0,0.0
3360,0,NS_GREEN,0.0,0.0
3365,0,NS_GREEN,0.0,0.0
3370,0,NS_GREEN,0.0,1.0
3375,0,NS_GREEN,0.0,1.0
3380,0,NS_GREEN,0.0,1.0
3385,0,NS_YELLOW,0.0,1.0
3390,0,EW_GREEN,0.0,1.0
3395,0,EW_GREEN,0.0,0.0
3400,0,EW_GREEN,0.0,0.0
3405,0,EW_GREEN,0.0,0.0
3410,0,EW_GREEN,0.0,0.0
3415,0,EW_GREEN,0.0,0.0
3420,0,EW_YELLOW,0.0,0.0
3425,0,NS_GREEN,0.0,0.0
3430,0,NS_GREEN,0.0,0.0
3435,0,NS_GREEN,0.0,0.0
3440,0,NS_GREEN,0.0,0.0
3445,0,NS_GREEN,0.0,0.0
3450,0,NS_GREEN,0.0,0.0
3455,0,NS_YELLOW,0.0,0.0
3460,0,EW_GREEN,0.0,0.0
3465,0,EW_GREEN,0.0,0.0
3470,0,EW_GREEN,0.0,0.0
3475,0,EW_GREEN,0.0,0.0
3480,0,EW_GREEN,0.0,0.0
3485,0,EW_GREEN,0.0,0.0
3490,0,EW_YELLOW,0.0,0.0
3495,0,NS_GREEN,0.0,0.0
3500,0,NS_GREEN,0.0,0.0
3505,0,NS_GREEN,0.0,0.0
3510,0,NS_GREEN,0.0,0.0
3515,0,NS_GREEN,0.0,0.0
3520,0,NS_GREEN,0.0,0.0
3525,0,NS_YELLOW,0.0,0.0
3530,0,EW_GREEN,0.0,1.0
3535,0,EW_GREEN,0.0,0.0
3540,0,EW_GREEN,1.0,0.0
3545,0,EW_GREEN,1.0,0.0
3550,0,EW_GREEN,1.0,0.0
3555,0,EW_GREEN,2.0,0.0
3560,0,EW_YELLOW,2.0,0.0
3565,0,NS_GREEN,3.0,0.0
3570,0,NS_GREEN,0.5,0.0
3575,0,NS_GREEN,0.0,0.0
3580,0,NS_GREEN,0.0,0.0
3585,0,NS_GREEN,0.0,1.0
3590,0,NS_GREEN,0.0,1.0
3595,0,NS_YELLOW,0.0,1.0
3600,1,EW_GREEN,0.0,2.0
3605,1,EW_GREEN,0.0,0.0
3610,1,EW_GREEN,0.0,0.0
3615,1,EW_GREEN,0.0,0.0
3620,1,EW_GREEN,0.0,0.0
3625,1,EW_GREEN,0.0,0.0
3630,1,EW_YELLOW,0.0,0.0
3635,1,NS_GREEN,1.0,0.0
3640,1,NS_GREEN,0.0,0.0
3645,1,NS_GREEN,0.0,0.0
3650,1,NS_GREEN,0.0,0.0
3655,1,NS_GREEN,0.0,0.0
3660,1,NS_GREEN,0.0,1.0
3665,1,NS_YELLOW,0.0,1.0
3670,1,EW_GREEN,0.0,1.0
3675,1,EW_GREEN,0.0,0.0
3680,1,EW_GREEN,0.0,0.0
3685,1,EW_GREEN,0.0,0.0
3690,1,EW_GREEN,0.0,0.0
3695,1,EW_GREEN,0.0,0.0
3700,1,EW_YELLOW,0.0,0.0
3705,1,NS_GREEN,0.0,1.0
3710,1,NS_GREEN,0.0,1.0
3715,1,NS_GREEN,0.0,1.0
3720,1,NS_GREEN,0.0,1.0
3725,1,NS_GREEN,0.0,1.0
3730,1,NS_GREEN,0.0,2.0
3735,1,NS_YELLOW,0.0,2.0
3740,1,EW_GREEN,0.0,2.0
3745,1,EW_GREEN,0.0,0.0
3750,1,EW_GREEN,0.0,0.0
3755,1,EW_GREEN,1.0,0.0
3760,1,EW_GREEN,1.0,0.0
3765,1,EW_GREEN,1.0,0.0
3770,1,EW_YELLOW,1.0,0.0
3775,1,NS_GREEN,1.0,0.0
3780,1,NS_GREEN,0.0,1.0
3785,1,NS_GREEN,0.0,2.0
3790,1,NS_GREEN,0.0,2.0
3795,1,NS_GREEN,0.0,2.0
3800,1,NS_GREEN,0.0,2.0
3805,1,NS_YELLOW,0.0,2.0
3810,1,EW_GREEN,0.0,2.0
3815,1,EW_GREEN,0.0,0.0
3820,1,EW_GREEN,0.0,0.0
3825,1,EW_GREEN,0.0,0.0
3830,1,EW_GREEN,0.0,0.0
3835,1,EW_GREEN,0.0,0.0
3840,1,EW_YELLOW,0.0,0.0
3845,1,NS_GREEN,0.0,0.0
3850,1,NS_GREEN,0.0,0.0
3855,1,NS_GREEN,0.0,0.0
3860,1,NS_GREEN,0.0,0.0
3865,1,NS_GREEN,0.0,0.0
3870,1,NS_GREEN,0.0,0.0
3875,1,NS_YELLOW,0.0,0.0
3880,1,EW_GREEN,0.0,0.0
3885,1,EW_GREEN,0.0,0.0
3890,1,EW_GREEN,0.0,0.0
3895,1,EW_GREEN,0.0,0.0
3900,1,EW_GREEN,0.0,0.0
3905,1,EW_GREEN,0.0,0.0
3910,1,EW_YELLOW,0.0,0.0
3915,1,NS_GREEN,0.0,1.0
3920,1,NS_GREEN,0.0,1.0
3925,1,NS_GREEN,0.0,1.0
3930,1,NS_GREEN,0.0,1.0
3935,1,NS_GREEN,0.0,2.0
3940,1,NS_GREEN,0.0,2.0
3945,1,NS_YELLOW,0.0,2.0
3950,1,EW_GREEN,0.0,2.0
3955,1,EW_GREEN,0.0,0.0
3960,1,EW_GREEN,0.0,0.0
3965,1,EW_GREEN,0.0,0.0
3970,1,EW_GREEN,0.0,0.0
3975,1,EW_GREEN,0.0,0.0
3980,1,EW_YELLOW,1.0,0.0
3985,1,NS_GREEN,1.0,0.0
3990,1,NS_GREEN,0.0,1.0
3995,1,NS_GREEN,0.0,1.0
4000,1,NS_GREEN,0.0,1.0
4005,1,NS_GREEN,0.0,1.0
4010,1,NS_GREEN,0.0,1.0
4015,1,NS_YELLOW,0.0,1.0
4020,1,EW_GREEN,0.0,1.0
4025,1,EW_GREEN,0.0,0.0
4030,1,EW_GREEN,0.0,0.0
4035,1,EW_GREEN,0.0,0.0
4040,1,EW_GREEN,0.0,0.0
4045,1,EW_GREEN,0.0,0.0
4050,1,EW_YELLOW,0.0,0.0
4055,1,NS_GREEN,0.0,0.0
4060,1,NS_GREEN,0.0,0.0
4065,1,NS_GREEN,0.0,0.0
4070,1,NS_GREEN,0.0,0.0
4075,1,NS_GREEN,0.0,0.0
4080,1,NS_GREEN,0.0,0.0
4085,1,NS_YELLOW,0.0,0.0
4090,1,EW_GREEN,0.0,0.0
4095,1,EW_GREEN,0.0,0.0
4100,1,EW_GREEN,0.0,0.0
4105,1,EW_GREEN,0.0,0.0
4110,1,EW_GREEN,1.0,0.0
4115,1,EW_GREEN,2.0,0.0
4120,1,EW_YELLOW,2.0,0.0
4125,1,NS_GREEN,3.0,0.0
4130,1,NS_GREEN,0.5,0.0
4135,1,NS_GREEN,0.0,0.0
4140,1,NS_GREEN,0.0,0.0
4145,1,NS_GREEN,0.0,0.0
4150,1,NS_GREEN,0.0,0.0
4155,1,NS_YELLOW,0.0,0.0
4160,1,EW_GREEN,0.0,0.0
4165,1,EW_GREEN,0.0,0.0
4170,1,EW_GREEN,1.0,0.0
4175,1,EW_GREEN,1.0,0.0
4180,1,EW_GREEN,1.0,0.0
4185,1,EW_GREEN,1.0,0.0
4190,1,EW_YELLOW,2.0,0.0
4195,1,NS_GREEN,2.0,0.0
4200,1,NS_GREEN,0.0,0.0
4205,1,NS_GREEN,0.0,0.0
4210,1,NS_GREEN,0.0,0.0
4215,1,NS_GREEN,0.0,0.0
4220,1,NS_GREEN,0.0,0.0
4225,1,NS_YELLOW,0.0,0.0
4230,1,EW_GREEN,0.0,0.0
4235,1,EW_GREEN,0.0,0.0
4240,1,EW_GREEN,1.0,0.0
4245,1,EW_GREEN,1.0,0.0
4250,1,EW_GREEN,1.0,0.0
4255,1,EW_GREEN,1.0,0.0
4260,1,EW_YELLOW,1.0,0.0
4265,1,NS_GREEN,1.0,0.0
4270,1,NS_GREEN,0.0,0.0
4275,1,NS_GREEN,0.0,1.0
4280,1,NS_GREEN,0.0,1.0
4285,1,NS_GREEN,0.0,1.0
4290,1,NS_GREEN,0.0,1.0
4295,1,NS_YELLOW,0.0,1.0
4300,1,EW_GREEN,0.0,1.0
4305,1,EW_GREEN,0.0,0.0
4310,1,EW_GREEN,0.0,0.0
4315,1,EW_GREEN,0.0,0.0
4320,1,EW_GREEN,0.0,0.0
4325,1,EW_GREEN,0.0,0.0
4330,1,EW_YELLOW,0.0,0.0
4335,1,NS_GREEN,1.0,0.0
4340,1,NS_GREEN,0.0,0.0
4345,1,NS_GREEN,0.0,0.0
4350,1,NS_GREEN,0.0,0.0
4355,1,NS_GREEN,0.0,1.0
4360,1,NS_GREEN,0.0,1.0
4365,1,NS_YELLOW,0.0,1.0
4370,1,EW_GREEN,0.0,1.0
4375,1,EW_GREEN,0.0,0.0
4380,1,EW_GREEN,1.0,0.0
4385,1,EW_GREEN,1.0,0.0
4390,1,EW_GREEN,1.0,0.0
4395,1,EW_GREEN,2.0,0.0
4400,1,EW_YELLOW,2.0,0.0
4405,1,NS_GREEN,3.0,0.0
4410,1,NS_GREEN,0.5,0.0
4415,1,NS_GREEN,0.0,0.0
4420,1,NS_GREEN,0.0,0.0
4425,1,NS_GREEN,0.0,0.0
4430,1,NS_GREEN,0.0,0.0
4435,1,NS_YELLOW,0.0,0.0
4440,1,EW_GREEN,0.0,0.0
4445,1,EW_GREEN,0.0,0.0
4450,1,EW_GREEN,1.0,0.0
4455,1,EW_GREEN,1.0,0.0
4460,1,EW_GREEN,1.0,0.0
4465,1,EW_GREEN,1.0,0.0
4470,1,EW_YELLOW,2.0,0.0
4475,1,NS_GREEN,2.0,0.0
4480,1,NS_GREEN,0.0,0.0
4485,1,NS_GREEN,0.0,1.0
4490,1,NS_GREEN,0.0,2.0
4495,1,NS_GREEN,0.0,3.0
4500,1,NS_GREEN,0.0,3.0
4505,1,NS_YELLOW,0.0,3.0
4510,1,EW_GREEN,0.0,3.0
4515,1,EW_GREEN,0.0,0.5
4520,1,EW_GREEN,0.0,0.0
4525,1,EW_GREEN,0.0,0.0
4530,1,EW_GREEN,0.0,0.0
4535,1,EW_GREEN,1.0,0.0
4540,1,EW_YELLOW,1.0,0.0
4545,1,NS_GREEN,1.0,0.0
4550,1,NS_GREEN,0.0,0.0
4555,1,NS_GREEN,0.0,0.0
4560,1,NS_GREEN,0.0,0.0
4565,1,NS_GREEN,0.0,0.0
4570,1,NS_GREEN,0.0,0.0
4575,1,NS_YELLOW,0.0,0.0
4580,1,EW_GREEN,0.0,0.0
4585,1,EW_GREEN,0.0,0.0
4590,1,EW_GREEN,1.0,0.0
4595,1,EW_GREEN,1.0,0.0
4600,1,EW_GREEN,1.0,0.0
4605,1,EW_GREEN,1.0,0.0
4610,1,EW_YELLOW,1.0,0.0
4615,1,NS_GREEN,2.0,0.0
4620,1,NS_GREEN,0.0,0.0
4625,1,NS_GREEN,0.0,0.0
4630,1,NS_GREEN,0.0,0.0
4635,1,NS_GREEN,0.0,0.0
4640,1,NS_GREEN,0.0,0.0
4645,1,NS_YELLOW,0.0,0.0
4650,1,EW_GREEN,0.0,0.0
4655,1,EW_GREEN,0.0,0.0
4660,1,EW_GREEN,0.0,0.0
4665,1,EW_GREEN,1.0,0.0
4670,1,EW_GREEN,2.0,0.0
4675,1,EW_GREEN,2.0,0.0
4680,1,EW_YELLOW,2.0,0.0
4685,1,NS_GREEN,2.0,0.0
4690,1,NS_GREEN,0.0,0.0
4695,1,NS_GREEN,0.0,0.0
4700,1,NS_GREEN,0.0,0.0
4705,1,NS_GREEN,0.0,0.0
4710,1,NS_GREEN,0.0,0.0
4715,1,NS_YELLOW,0.0,0.0
4720,1,EW_GREEN,0.0,0.0
4725,1,EW_GREEN,1.0,0.0
4730,1,EW_GREEN,1.0,0.0
4735,1,EW_GREEN,1.0,0.0
4740,1,EW_GREEN,1.0,0.0
4745,1,EW_GREEN,1.0,0.0
4750,1,EW_YELLOW,1.0,0.0
4755,1,NS_GREEN,1.0,1.0
4760,1,NS_GREEN,0.0,1.0
4765,1,NS_GREEN,0.0,1.0
4770,1,NS_GREEN,0.0,1.0
4775,1,NS_GREEN,0.0,1.0
4780,1,NS_GREEN,0.0,1.0
4785,1,NS_YELLOW,0.0,1.0
4790,1,EW_GREEN,0.0,1.0
4795,1,EW_GREEN,0.0,0.0
4800,1,EW_GREEN,0.0,0.0
4805,1,EW_GREEN,0.0,0.0
4810,1,EW_GREEN,0.0,0.0
4815,1,EW_GREEN,0.0,0.0
4820,1,EW_YELLOW,0.0,0.0
4825,1,NS_GREEN,0.0,0.0
4830,1,NS_GREEN,0.0,0.0
4835,1,NS_GREEN,0.0,0.0
4840,1,NS_GREEN,0.0,0.0
4845,1,NS_GREEN,0.0,1.0
4850,1,NS_GREEN,0.0,1.0
4855,1,NS_YELLOW,0.0,1.0
4860,1,EW_GREEN,0.0,1.0
4865,1,EW_GREEN,0.0,0.0
4870,1,EW_GREEN,0.0,0.0
4875,1,EW_GREEN,1.0,0.0
4880,1,EW_GREEN,1.0,0.0
4885,1,EW_GREEN,1.0,0.0
4890,1,EW_YELLOW,1.0,0.0
4895,1,NS_GREEN,1.0,0.0
4900,1,NS_GREEN,0.0,0.0
4905,1,NS_GREEN,0.0,0.0
4910,1,NS_GREEN,0.0,0.0
4915,1,NS_GREEN,0.0,0.0
4920,1,NS_GREEN,0.0,1.0
4925,1,NS_YELLOW,0.0,1.0
4930,1,EW_GREEN,0.0,1.0
4935,1,EW_GREEN,0.0,0.0
4940,1,EW_GREEN,0.0,0.0
4945,1,EW_GREEN,0.0,0.0
4950,1,EW_GREEN,0.0,0.0
4955,1,EW_GREEN,0.0,0.0
4960,1,EW_YELLOW,0.0,0.0
4965,1,NS_GREEN,0.0,0.0
4970,1,NS_GREEN,0.0,0.0
4975,1,NS_GREEN,0.0,0.0
4980,1,NS_GREEN,0.0,0.0
4985,1,NS_GREEN,0.0,0.0
4990,1,NS_GREEN,0.0,1.0
4995,1,NS_YELLOW,0.0,1.0
5000,1,EW_GREEN,0.0,1.0
5005,1,EW_GREEN,0.0,0.0
5010,1,EW_GREEN,0.0,0.0
5015,1,EW_GREEN,0.0,0.0
5020,1,EW_GREEN,1.0,0.0
5025,1,EW_GREEN,2.0,0.0
5030,1,EW_YELLOW,2.0,0.0
5035,1,NS_GREEN,2.0,0.0
5040,1,NS_GREEN,0.0,0.0
5045,1,NS_GREEN,0.0,0.0
5050,1,NS_GREEN,0.0,0.0
5055,1,NS_GREEN,0.0,1.0
5060,1,NS_GREEN,0.0,1.0
5065,1,NS_YELLOW,0.0,1.0
5070,1,EW_GREEN,0.0,1.0
5075,1,EW_GREEN,0.0,0.0
5080,1,EW_GREEN,0.0,0.0
5085,1,EW_GREEN,0.0,0.0
5090,1,EW_GREEN,1.0,0.0
5095,1,EW_GREEN,1.0,0.0
5100,1,EW_YELLOW,1.0,0.0
5105,1,NS_GREEN,1.0,0.0
5110,1,NS_GREEN,0.0,0.0
5115,1,NS_GREEN,0.0,0.0
5120,1,NS_GREEN,0.0,1.0
5125,1,NS_GREEN,0.0,1.0
5130,1,NS_GREEN,0.0,1.0
5135,1,NS_YELLOW,0.0,1.0
5140,1,EW_GREEN,0.0,1.0
5145,1,EW_GREEN,0.0,0.0
5150,1,EW_GREEN,1.0,0.0
5155,1,EW_GREEN,1.0,0.0
5160,1,EW_GREEN,2.0,0.0
5165,1,EW_GREEN,2.0,0.0
5170,1,EW_YELLOW,2.0,0.0
5175,1,NS_GREEN,2.0,0.0
5180,1,NS_GREEN,0.0,0.0
5185,1,NS_GREEN,0.0,0.0
5190,1,NS_GREEN,0.0,0.0
5195,1,NS_GREEN,0.0,0.0
5200,1,NS_GREEN,0.0,1.0
5205,1,NS_YELLOW,0.0,1.0
5210,1,EW_GREEN,0.0,1.0
5215,1,EW_GREEN,1.0,0.0
5220,1,EW_GREEN,1.0,0.0
5225,1,EW_GREEN,1.0,0.0
5230,1,EW_GREEN,1.0,0.0
5235,1,EW_GREEN,1.0,0.0
5240,1,EW_YELLOW,1.0,0.0
5245,1,NS_GREEN,1.0,0.0
5250,1,NS_GREEN,0.0,0.0
5255,1,NS_GREEN,0.0,0.0
5260,1,NS_GREEN,0.0,0.0
5265,1,NS_GREEN,0.0,0.0
5270,1,NS_GREEN,0.0,0.0
5275,1,NS_YELLOW,0.0,0.0
5280,1,EW_GREEN,0.0,0.0
5285,1,EW_GREEN,0.0,0.0
5290,1,EW_GREEN,0.0,0.0
5295,1,EW_GREEN,1.0,0.0
5300,1,EW_GREEN,1.0,0.0
5305,1,EW_GREEN,1.0,0.0
5310,1,EW_YELLOW,1.0,0.0
5315,1,NS_GREEN,1.0,0.0
5320,1,NS_GREEN,0.0,0.0
5325,1,NS_GREEN,0.0,1.0
5330,1,NS_GREEN,0.0,1.0
5335,1,NS_GREEN,0.0,1.0
5340,1,NS_GREEN,0.0,1.0
5345,1,NS_YELLOW,0.0,1.0
5350,1,EW_GREEN,0.0,1.0
5355,1,EW_GREEN,0.0,0.0
5360,1,EW_GREEN,0.0,0.0
5365,1,EW_GREEN,0.0,0.0
5370,1,EW_GREEN,0.0,0.0
5375,1,EW_GREEN,0.0,0.0
5380,1,EW_YELLOW,0.0,0.0
5385,1,NS_GREEN,1.0,0.0
5390,1,NS_GREEN,0.0,0.0
5395,1,NS_GREEN,0.0,0.0
5400,1,NS_GREEN,0.0,0.0
5405,1,NS_GREEN,0.0,0.0
5410,1,NS_GREEN,0.0,0.0
5415,1,NS_YELLOW,0.0,0.0
5420,1,EW_GREEN,0.0,0.0
5425,1,EW_GREEN,0.0,0.0
5430,1,EW_GREEN,0.0,0.0
5435,1,EW_GREEN,0.0,0.0
5440,1,EW_GREEN,0.0,0.0
5445,1,EW_GREEN,0.0,0.0
5450,1,EW_YELLOW,0.0,0.0
5455,1,NS_GREEN,1.0,0.0
5460,1,NS_GREEN,0.0,0.0
5465,1,NS_GREEN,0.0,0.0
5470,1,NS_GREEN,0.0,0.0
5475,1,NS_GREEN,0.0,0.0
5480,1,NS_GREEN,0.0,0.0
5485,1,NS_YELLOW,0.0,0.0
5490,1,EW_GREEN,0.0,0.0
5495,1,EW_GREEN,0.0,0.0
5500,1,EW_GREEN,0.0,0.0
5505,1,EW_GREEN,0.0,0.0
5510,1,EW_GREEN,0.0,0.0
5515,1,EW_GREEN,0.0,0.0
5520,1,EW_YELLOW,0.0,0.0
5525,1,NS_GREEN,0.0,0.0
5530,1,NS_GREEN,0.0,0.0
5535,1,NS_GREEN,0.0,0.0
5540,1,NS_GREEN,0.0,0.0
5545,1,NS_GREEN,0.0,0.0
5550,1,NS_GREEN,0.0,0.0
5555,1,NS_YELLOW,0.0,0.0
5560,1,EW_GREEN,1.0,0.0
5565,1,EW_GREEN,1.0,0.0
5570,1,EW_GREEN,1.0,0.0
5575,1,EW_GREEN,1.0,0.0
5580,1,EW_GREEN,1.0,0.0
5585,1,EW_GREEN,1.0,0.0
5590,1,EW_YELLOW,1.0,0.0
5595,1,NS_GREEN,2.0,0.0
5600,1,NS_GREEN,0.0,1.0
5605,1,NS_GREEN,0.0,1.0
5610,1,NS_GREEN,0.0,1.0
5615,1,NS_GREEN,0.0,1.0
5620,1,NS_GREEN,0.0,1.0
5625,1,NS_YELLOW,0.0,1.0
5630,1,EW_GREEN,0.0,1.0
5635,1,EW_GREEN,0.0,0.0
5640,1,EW_GREEN,0.0,0.0
5645,1,EW_GREEN,0.0,0.0
5650,1,EW_GREEN,0.0,0.0
5655,1,EW_GREEN,0.0,0.0
5660,1,EW_YELLOW,0.0,0.0
5665,1,NS_GREEN,0.0,0.0
5670,1,NS_GREEN,0.0,0.0
5675,1,NS_GREEN,0.0,0.0
5680,1,NS_GREEN,0.0,0.0
5685,1,NS_GREEN,0.0,0.0
5690,1,NS_GREEN,0.0,0.0
5695,1,NS_YELLOW,0.0,1.0
5700,1,EW_GREEN,0.0,1.0
5705,1,EW_GREEN,0.0,0.0
5710,1,EW_GREEN,0.0,0.0
5715,1,EW_GREEN,0.0,0.0
5720,1,EW_GREEN,0.0,0.0
5725,1,EW_GREEN,0.0,0.0
5730,1,EW_YELLOW,0.0,0.0
5735,1,NS_GREEN,1.0,1.0
5740,1,NS_GREEN,0.0,2.0
5745,1,NS_GREEN,0.0,2.0
5750,1,NS_GREEN,0.0,2.0
5755,1,NS_GREEN,0.0,2.0
5760,1,NS_GREEN,0.0,2.0
5765,1,NS_YELLOW,0.0,2.0
5770,1,EW_GREEN,1.0,2.0
5775,1,EW_GREEN,1.0,0.0
5780,1,EW_GREEN,1.0,0.0
5785,1,EW_GREEN,1.0,0.0
5790,1,EW_GREEN,1.0,0.0
5795,1,EW_GREEN,1.0,0.0
5800,1,EW_YELLOW,1.0,0.0
5805,1,NS_GREEN,1.0,0.0
5810,1,NS_GREEN,0.0,0.0
5815,1,NS_GREEN,0.0,1.0
5820,1,NS_GREEN,0.0,2.0
5825,1,NS_GREEN,0.0,3.0
5830,1,NS_GREEN,0.0,3.0
5835,1,NS_YELLOW,0.0,3.0
5840,1,EW_GREEN,0.0,3.0
5845,1,EW_GREEN,1.0,0.5
5850,1,EW_GREEN,1.0,0.0
5855,1,EW_GREEN,2.0,0.0
5860,1,EW_GREEN,2.0,0.0
5865,1,EW_GREEN,2.0,0.0
5870,1,EW_YELLOW,2.0,0.0
5875,1,NS_GREEN,2.0,0.0
5880,1,NS_GREEN,0.0,0.0
5885,1,NS_GREEN,0.0,0.0
5890,1,NS_GREEN,0.0,1.0
5895,1,NS_GREEN,0.0,1.0
5900,1,NS_GREEN,0.0,1.0
5905,1,NS_YELLOW,0.0,1.0
5910,1,EW_GREEN,0.0,2.0
5915,1,EW_GREEN,1.0,0.0
5920,1,EW_GREEN,1.0,0.0
5925,1,EW_GREEN,1.0,0.0
5930,1,EW_GREEN,1.0,0.0
5935,1,EW_GREEN,1.0,0.0
5940,1,EW_YELLOW,1.0,0.0
5945,1,NS_GREEN,1.0,0.0
5950,1,NS_GREEN,0.0,0.0
5955,1,NS_GREEN,0.0,0.0
5960,1,NS_GREEN,0.0,0.0
5965,1,NS_GREEN,0.0,0.0
5970,1,NS_GREEN,0.0,0.0
5975,1,NS_YELLOW,0.0,0.0
5980,1,EW_GREEN,0.0,0.0
5985,1,EW_GREEN,0.0,0.0
5990,1,EW_GREEN,0.0,0.0
5995,1,EW_GREEN,0.0,0.0
6000,1,EW_GREEN,0.0,0.0
6005,1,EW_GREEN,0.0,0.0
6010,1,EW_YELLOW,0.0,0.0
6015,1,NS_GREEN,0.0,0.0
6020,1,NS_GREEN,0.0,0.0
6025,1,NS_GREEN,0.0,0.0
6030,1,NS_GREEN,0.0,1.0
6035,1,NS_GREEN,0.0,1.0
6040,1,NS_GREEN,0.0,2.0
6045,1,NS_YELLOW,0.0,2.0
6050,1,EW_GREEN,0.0,3.0
6055,1,EW_GREEN,0.0,0.5
6060,1,EW_GREEN,0.0,0.0
6065,1,EW_GREEN,1.0,0.0
6070,1,EW_GREEN,1.0,0.0
6075,1,EW_GREEN,1.0,0.0
6080,1,EW_YELLOW,1.0,0.0
6085,1,NS_GREEN,1.0,0.0
6090,1,NS_GREEN,0.0,0.0
6095,1,NS_GREEN,0.0,0.0
6100,1,NS_GREEN,0.0,0.0
6105,1,NS_GREEN,0.0,0.0
6110,1,NS_GREEN,0.0,0.0
6115,1,NS_YELLOW,0.0,0.0
6120,1,EW_GREEN,1.0,0.0
6125,1,EW_GREEN,1.0,0.0
6130,1,EW_GREEN,1.0,0.0
6135,1,EW_GREEN,1.0,0.0
6140,1,EW_GREEN,1.0,0.0
6145,1,EW_GREEN,1.0,0.0
6150,1,EW_YELLOW,1.0,0.0
6155,1,NS_GREEN,1.0,0.0
6160,1,NS_GREEN,0.0,0.0
6165,1,NS_GREEN,0.0,1.0
6170,1,NS_GREEN,0.0,1.0
6175,1,NS_GREEN,0.0,1.0
6180,1,NS_GREEN,0.0,1.0
6185,1,NS_YELLOW,0.0,1.0
6190,1,EW_GREEN,1.0,1.0
6195,1,EW_GREEN,2.0,0.0
6200,1,EW_GREEN,2.0,0.0
6205,1,EW_GREEN,2.0,0.0
6210,1,EW_GREEN,2.0,0.0
6215,1,EW_GREEN,2.0,0.0
6220,1,EW_YELLOW,2.0,0.0
6225,1,NS_GREEN,2.0,0.0
6230,1,NS_GREEN,0.0,0.0
6235,1,NS_GREEN,0.0,0.0
6240,1,NS_GREEN,0.0,0.0
6245,1,NS_GREEN,0.0,0.0
6250,1,NS_GREEN,0.0,0.0
6255,1,NS_YELLOW,0.0,0.0
6260,1,EW_GREEN,0.0,0.0
6265,1,EW_GREEN,0.0,0.0
6270,1,EW_GREEN,0.0,0.0
6275,1,EW_GREEN,1.0,0.0
6280,1,EW_GREEN,1.0,0.0
6285,1,EW_GREEN,1.0,0.0
6290,1,EW_YELLOW,2.0,0.0
6295,1,NS_GREEN,2.0,0.0
6300,1,NS_GREEN,0.0,0.0
6305,1,NS_GREEN,0.0,0.0
6310,1,NS_GREEN,0.0,0.0
6315,1,NS_GREEN,0.0,0.0
6320,1,NS_GREEN,0.0,0.0
6325,1,NS_YELLOW,0.0,0.0
6330,1,EW_GREEN,0.0,1.0
6335,1,EW_GREEN,0.0,0.0
6340,1,EW_GREEN,0.0,0.0
6345,1,EW_GREEN,0.0,0.0
6350,1,EW_GREEN,0.0,0.0
6355,1,EW_GREEN,0.0,0.0
6360,1,EW_YELLOW,1.0,0.0
6365,1,NS_GREEN,2.0,0.0
6370,1,NS_GREEN,0.0,1.0
6375,1,NS_GREEN,0.0,1.0
6380,1,NS_GREEN,0.0,1.0
6385,1,NS_GREEN,0.0,1.0
6390,1,NS_GREEN,0.0,1.0
6395,1,NS_YELLOW,0.0,1.0
6400,1,EW_GREEN,0.0,1.0
6405,1,EW_GREEN,1.0,0.0
6410,1,EW_GREEN,1.0,0.0
6415,1,EW_GREEN,1.0,0.0
6420,1,EW_GREEN,1.0,0.0
6425,1,EW_GREEN,1.0,0.0
6430,1,EW_YELLOW,1.0,0.0
6435,1,NS_GREEN,1.0,0.0
6440,1,NS_GREEN,0.0,0.0
6445,1,NS_GREEN,0.0,0.0
6450,1,NS_GREEN,0.0,0.0
6455,1,NS_GREEN,0.0,0.0
6460,1,NS_GREEN,0.0,0.0
6465,1,NS_YELLOW,0.0,0.0
6470,1,EW_GREEN,0.0,0.0
6475,1,EW_GREEN,0.0,0.0
6480,1,EW_GREEN,0.0,0.0
6485,1,EW_GREEN,0.0,0.0
6490,1,EW_GREEN,0.0,0.0
6495,1,EW_GREEN,0.0,0.0
6500,1,EW_YELLOW,0.0,0.0
6505,1,NS_GREEN,0.0,0.0
6510,1,NS_GREEN,0.0,0.0
6515,1,NS_GREEN,0.0,0.0
6520,1,NS_GREEN,0.0,1.0
6525,1,NS_GREEN,0.0,2.0
6530,1,NS_GREEN,0.0,2.0
6535,1,NS_YELLOW,0.0,2.0
6540,1,EW_GREEN,0.0,2.0
6545,1,EW_GREEN,0.0,0.0
6550,1,EW_GREEN,0.0,0.0
6555,1,EW_GREEN,0.0,0.0
6560,1,EW_GREEN,0.0,0.0
6565,1,EW_GREEN,1.0,0.0
6570,1,EW_YELLOW,1.0,0.0
6575,1,NS_GREEN,1.0,0.0
6580,1,NS_GREEN,0.0,0.0
6585,1,NS_GREEN,0.0,0.0
6590,1,NS_GREEN,0.0,0.0
6595,1,NS_GREEN,0.0,0.0
6600,1,NS_GREEN,0.0,0.0
6605,1,NS_YELLOW,0.0,0.0
6610,1,EW_GREEN,1.0,0.0
6615,1,EW_GREEN,1.0,0.0
6620,1,EW_GREEN,1.0,0.0
6625,1,EW_GREEN,1.0,0.0
6630,1,EW_GREEN,1.0,0.0
6635,1,EW_GREEN,1.0,0.0
6640,1,EW_YELLOW,1.0,0.0
6645,1,NS_GREEN,1.0,0.0
6650,1,NS_GREEN,0.0,0.0
6655,1,NS_GREEN,0.0,0.0
6660,1,NS_GREEN,0.0,0.0
6665,1,NS_GREEN,0.0,0.0
6670,1,NS_GREEN,0.0,0.0
6675,1,NS_YELLOW,0.0,0.0
6680,1,EW_GREEN,0.0,0.0
6685,1,EW_GREEN,0.0,0.0
6690,1,EW_GREEN,0.0,0.0
6695,1,EW_GREEN,1.0,0.0
6700,1,EW_GREEN,1.0,0.0
6705,1,EW_GREEN,2.0,0.0
6710,1,EW_YELLOW,2.0,0.0
6715,1,NS_GREEN,3.0,0.0
6720,1,NS_GREEN,0.5,0.0
6725,1,NS_GREEN,0.0,0.0
6730,1,NS_GREEN,0.0,0.0
6735,1,NS_GREEN,0.0,0.0
6740,1,NS_GREEN,0.0,0.0
6745,1,NS_YELLOW,0.0,0.0
6750,1,EW_GREEN,0.0,0.0
6755,1,EW_GREEN,1.0,0.0
6760,1,EW_GREEN,1.0,0.0
6765,1,EW_GREEN,2.0,0.0
6770,1,EW_GREEN,3.0,0.0
6775,1,EW_GREEN,3.0,0.0
6780,1,EW_YELLOW,3.0,0.0
6785,1,NS_GREEN,4.0,0.0
6790,1,NS_GREEN,1.5,0.0
6795,1,NS_GREEN,0.0,1.0
6800,1,NS_GREEN,0.0,1.0
6805,1,NS_GREEN,0.0,1.0
6810,1,NS_GREEN,0.0,1.0
6815,1,NS_YELLOW,0.0,1.0
6820,1,EW_GREEN,0.0,1.0
6825,1,EW_GREEN,0.0,0.0
6830,1,EW_GREEN,1.0,0.0
6835,1,EW_GREEN,1.0,0.0
6840,1,EW_GREEN,1.0,0.0
6845,1,EW_GREEN,1.0,0.0
6850,1,EW_YELLOW,1.0,0.0
6855,1,NS_GREEN,1.0,0.0
6860,1,NS_GREEN,0.0,0.0
6865,1,NS_GREEN,0.0,0.0
6870,1,NS_GREEN,0.0,0.0
6875,1,NS_GREEN,0.0,0.0
6880,1,NS_GREEN,0.0,0.0
6885,1,NS_YELLOW,0.0,0.0
6890,1,EW_GREEN,0.0,0.0
6895,1,EW_GREEN,0.0,0.0
6900,1,EW_GREEN,0.0,0.0
6905,1,EW_GREEN,0.0,0.0
6910,1,EW_GREEN,0.0,0.0
6915,1,EW_GREEN,0.0,0.0
6920,1,EW_YELLOW,0.0,0.0
6925,1,NS_GREEN,1.0,0.0
6930,1,NS_GREEN,0.0,0.0
6935,1,NS_GREEN,0.0,0.0
6940,1,NS_GREEN,0.0,0.0
6945,1,NS_GREEN,0.0,0.0
6950,1,NS_GREEN,0.0,0.0
6955,1,NS_YELLOW,0.0,0.0
6960,1,EW_GREEN,0.0,0.0
6965,1,EW_GREEN,0.0,0.0
6970,1,EW_GREEN,0.0,0.0
6975,1,EW_GREEN,0.0,0.0
6980,1,EW_GREEN,0.0,0.0
6985,1,EW_GREEN,0.0,0.0
6990,1,EW_YELLOW,1.0,0.0
6995,1,NS_GREEN,1.0,0.0
7000,1,NS_GREEN,0.0,0.0
7005,1,NS_GREEN,0.0,0.0
7010,1,NS_GREEN,0.0,0.0
7015,1,NS_GREEN,0.0,0.0
7020,1,NS_GREEN,0.0,0.0
7025,1,NS_YELLOW,0.0,0.0
7030,1,EW_GREEN,0.0,0.0
7035,1,EW_GREEN,0.0,0.0
7040,1,EW_GREEN,0.0,0.0
7045,1,EW_GREEN,1.0,0.0
7050,1,EW_GREEN,1.0,0.0
7055,1,EW_GREEN,1.0,0.0
7060,1,EW_YELLOW,1.0,0.0
7065,1,NS_GREEN,1.0,1.0
7070,1,NS_GREEN,0.0,2.0
7075,1,NS_GREEN,0.0,2.0
7080,1,NS_GREEN,0.0,2.0
7085,1,NS_GREEN,0.0,2.0
7090,1,NS_GREEN,0.0,3.0
7095,1,NS_YELLOW,0.0,3.0
7100,1,EW_GREEN,0.0,3.0
7105,1,EW_GREEN,0.0,0.5
7110,1,EW_GREEN,0.0,0.0
7115,1,EW_GREEN,0.0,0.0
7120,1,EW_GREEN,0.0,0.0
7125,1,EW_GREEN,0.0,0.0
7130,1,EW_YELLOW,0.0,0.0
7135,1,NS_GREEN,1.0,0.0
7140,1,NS_GREEN,0.0,1.0
7145,1,NS_GREEN,0.0,1.0
7150,1,NS_GREEN,0.0,1.0
7155,1,NS_GREEN,0.0,1.0
7160,1,NS_GREEN,0.0,1.0
7165,1,NS_YELLOW,0.0,1.0
7170,1,EW_GREEN,0.0,1.0
7175,1,EW_GREEN,0.0,0.0
7180,1,EW_GREEN,0.0,0.0
7185,1,EW_GREEN,0.0,0.0
7190,1,EW_GREEN,0.0,0.0
7195,1,EW_GREEN,0.0,0.0
7200,2,EW_YELLOW,0.0,0.0
7205,2,NS_GREEN,0.0,1.0
7210,2,NS_GREEN,0.0,1.0
7215,2,NS_GREEN,0.0,1.0
7220,2,NS_GREEN,0.0,1.0
7225,2,NS_GREEN,0.0,1.0
7230,2,NS_GREEN,0.0,1.0
7235,2,NS_YELLOW,0.0,1.0
7240,2,EW_GREEN,0.0,1.0
7245,2,EW_GREEN,0.0,0.0
7250,2,EW_GREEN,1.0,0.0
7255,2,EW_GREEN,2.0,0.0
7260,2,EW_GREEN,2.0,0.0
7265,2,EW_GREEN,2.0,0.0
7270,2,EW_YELLOW,2.0,0.0
7275,2,NS_GREEN,2.0,1.0
7280,2,NS_GREEN,0.0,1.0
7285,2,NS_GREEN,0.0,1.0
7290,2,NS_GREEN,0.0,1.0
7295,2,NS_GREEN,0.0,1.0
7300,2,NS_GREEN,0.0,1.0
7305,2,NS_YELLOW,0.0,1.0
7310,2,EW_GREEN,0.0,1.0
7315,2,EW_GREEN,0.0,0.0
7320,2,EW_GREEN,0.0,0.0
7325,2,EW_GREEN,0.0,0.0
7330,2,EW_GREEN,1.0,0.0
7335,2,EW_GREEN,1.0,0.0
7340,2,EW_YELLOW,1.0,0.0
7345,2,NS_GREEN,1.0,1.0
7350,2,NS_GREEN,0.0,1.0
7355,2,NS_GREEN,0.0,1.0
7360,2,NS_GREEN,0.0,1.0
7365,2,NS_GREEN,0.0,1.0
7370,2,NS_GREEN,0.0,1.0
7375,2,NS_YELLOW,0.0,1.0
7380,2,EW_GREEN,0.0,1.0
7385,2,EW_GREEN,0.0,0.0
7390,2,EW_GREEN,0.0,0.0
7395,2,EW_GREEN,0.0,0.0
7400,2,EW_GREEN,0.0,0.0
7405,2,EW_GREEN,0.0,0.0
7410,2,EW_YELLOW,0.0,0.0
7415,2,NS_GREEN,0.0,0.0
7420,2,NS_GREEN,0.0,0.0
7425,2,NS_GREEN,0.0,0.0
7430,2,NS_GREEN,0.0,0.0
7435,2,NS_GREEN,0.0,1.0
7440,2,NS_GREEN,0.0,2.0
7445,2,NS_YELLOW,0.0,2.0
7450,2,EW_GREEN,0.0,2.0
7455,2,EW_GREEN,0.0,0.0
7460,2,EW_GREEN,0.0,0.0
7465,2,EW_GREEN,1.0,0.0
7470,2,EW_GREEN,1.0,0.0
7475,2,EW_GREEN,1.0,0.0
7480,2,EW_YELLOW,1.0,0.0
7485,2,NS_GREEN,2.0,0.0
7490,2,NS_GREEN,0.0,0.0
7495,2,NS_GREEN,0.0,0.0
7500,2,NS_GREEN,0.0,0.0
7505,2,NS_GREEN,0.0,0.0
7510,2,NS_GREEN,0.0,0.0
7515,2,NS_YELLOW,0.0,1.0
7520,2,EW_GREEN,0.0,2.0
7525,2,EW_GREEN,0.0,0.0
7530,2,EW_GREEN,0.0,0.0
7535,2,EW_GREEN,0.0,0.0
7540,2,EW_GREEN,0.0,0.0
7545,2,EW_GREEN,1.0,0.0
7550,2,EW_YELLOW,1.0,0.0
7555,2,NS_GREEN,1.0,0.0
7560,2,NS_GREEN,0.0,0.0
7565,2,NS_GREEN,0.0,0.0
7570,2,NS_GREEN,0.0,0.0
7575,2,NS_GREEN,0.0,0.0
7580,2,NS_GREEN,0.0,0.0
7585,2,NS_YELLOW,0.0,0.0
7590,2,EW_GREEN,0.0,0.0
7595,2,EW_GREEN,1.0,0.0
7600,2,EW_GREEN,1.0,0.0
7605,2,EW_GREEN,2.0,0.0
7610,2,EW_GREEN,2.0,0.0
7615,2,EW_GREEN,2.0,0.0
7620,2,EW_YELLOW,2.0,0.0
7625,2,NS_GREEN,2.0,0.0
7630,2,NS_GREEN,0.0,0.0
7635,2,NS_GREEN,0.0,0.0
7640,2,NS_GREEN,0.0,1.0
7645,2,NS_GREEN,0.0,1.0
7650,2,NS_GREEN,0.0,2.0
7655,2,NS_YELLOW,0.0,2.0
7660,2,EW_GREEN,0.0,2.0
7665,2,EW_GREEN,1.0,0.0
7670,2,EW_GREEN,1.0,0.0
7675,2,EW_GREEN,1.0,0.0
7680,2,EW_GREEN,1.0,0.0
7685,2,EW_GREEN,1.0,0.0
7690,2,EW_YELLOW,1.0,0.0
7695,2,NS_GREEN,1.0,0.0
7700,2,NS_GREEN,0.0,0.0
7705,2,NS_GREEN,0.0,0.0
7710,2,NS_GREEN,0.0,0.0
7715,2,NS_GREEN,0.0,1.0
7720,2,NS_GREEN,0.0,1.0
7725,2,NS_YELLOW,0.0,1.0
7730,2,EW_GREEN,0.0,1.0
7735,2,EW_GREEN,0.0,0.0
7740,2,EW_GREEN,0.0,0.0
7745,2,EW_GREEN,1.0,0.0
7750,2,EW_GREEN,2.0,0.0
7755,2,EW_GREEN,2.0,0.0
7760,2,EW_YELLOW,2.0,0.0
7765,2,NS_GREEN,2.0,1.0
7770,2,NS_GREEN,0.0,1.0
7775,2,NS_GREEN,0.0,1.0
7780,2,NS_GREEN,0.0,2.0
7785,2,NS_GREEN,0.0,2.0
7790,2,NS_GREEN,0.0,3.0
7795,2,NS_YELLOW,0.0,3.0
7800,2,EW_GREEN,0.0,3.0
7805,2,EW_GREEN,1.0,0.5
7810,2,EW_GREEN,1.0,0.0
7815,2,EW_GREEN,1.0,0.0
7820,2,EW_GREEN,1.0,0.0
7825,2,EW_GREEN,1.0,0.0
7830,2,EW_YELLOW,1.0,0.0
7835,2,NS_GREEN,1.0,0.0
7840,2,NS_GREEN,0.0,0.0
7845,2,NS_GREEN,0.0,1.0
7850,2,NS_GREEN,0.0,1.0
7855,2,NS_GREEN,0.0,1.0
7860,2,NS_GREEN,0.0,1.0
7865,2,NS_YELLOW,0.0,1.0
7870,2,EW_GREEN,0.0,1.0
7875,2,EW_GREEN,0.0,0.0
7880,2,EW_GREEN,0.0,0.0
7885,2,EW_GREEN,0.0,0.0
7890,2,EW_GREEN,0.0,0.0
7895,2,EW_GREEN,0.0,0.0
7900,2,EW_YELLOW,0.0,0.0
7905,2,NS_GREEN,0.0,0.0
7910,2,NS_GREEN,0.0,0.0
7915,2,NS_GREEN,0.0,0.0
7920,2,NS_GREEN,0.0,0.0
7925,2,NS_GREEN,0.0,0.0
7930,2,NS_GREEN,0.0,0.0
7935,2,NS_YELLOW,0.0,0.0
7940,2,EW_GREEN,0.0,0.0
7945,2,EW_GREEN,0.0,0.0
7950,2,EW_GREEN,1.0,0.0
7955,2,EW_GREEN,1.0,0.0
7960,2,EW_GREEN,1.0,0.0
7965,2,EW_GREEN,1.0,0.0
7970,2,EW_YELLOW,1.0,0.0
7975,2,NS_GREEN,1.0,0.0
7980,2,NS_GREEN,0.0,0.0
7985,2,NS_GREEN,0.0,0.0
7990,2,NS_GREEN,0.0,0.0
7995,2,NS_GREEN,0.0,0.0
8000,2,NS_GREEN,0.0,0.0
8005,2,NS_YELLOW,0.0,0.0
8010,2,EW_GREEN,0.0,0.0
8015,2,EW_GREEN,0.0,0.0
8020,2,EW_GREEN,0.0,0.0
8025,2,EW_GREEN,0.0,0.0
8030,2,EW_GREEN,0.0,0.0
8035,2,EW_GREEN,0.0,0.0
8040,2,EW_YELLOW,0.0,0.0
8045,2,NS_GREEN,0.0,0.0
8050,2,NS_GREEN,0.0,0.0
8055,2,NS_GREEN,0.0,1.0
8060,2,NS_GREEN,0.0,1.0
8065,2,NS_GREEN,0.0,1.0
8070,2,NS_GREEN,0.0,1.0
8075,2,NS_YELLOW,0.0,1.0
8080,2,EW_GREEN,0.0,2.0
8085,2,EW_GREEN,0.0,0.0
8090,2,EW_GREEN,0.0,0.0
8095,2,EW_GREEN,0.0,0.0
8100,2,EW_GREEN,0.0,0.0
8105,2,EW_GREEN,0.0,0.0
8110,2,EW_YELLOW,0.0,0.0
8115,2,NS_GREEN,0.0,0.0
8120,2,NS_GREEN,0.0,0.0
8125,2,NS_GREEN,0.0,0.0
8130,2,NS_GREEN,0.0,0.0
8135,2,NS_GREEN,0.0,0.0
8140,2,NS_GREEN,0.0,0.0
8145,2,NS_YELLOW,0.0,0.0
8150,2,EW_GREEN,0.0,0.0
8155,2,EW_GREEN,0.0,0.0
8160,2,EW_GREEN,0.0,0.0
8165,2,EW_GREEN,0.0,0.0
8170,2,EW_GREEN,0.0,0.0
8175,2,EW_GREEN,0.0,0.0
8180,2,EW_YELLOW,0.0,0.0
8185,2,NS_GREEN,0.0,0.0
8190,2,NS_GREEN,0.0,0.0
8195,2,NS_GREEN,0.0,0.0
8200,2,NS_GREEN,0.0,0.0
8205,2,NS_GREEN,0.0,0.0
8210,2,NS_GREEN,0.0,1.0
8215,2,NS_YELLOW,0.0,1.0
8220,2,EW_GREEN,0.0,1.0
8225,2,EW_GREEN,1.0,0.0
8230,2,EW_GREEN,1.0,0.0
8235,2,EW_GREEN,1.0,0.0
8240,2,EW_GREEN,1.0,0.0
8245,2,EW_GREEN,1.0,0.0
8250,2,EW_YELLOW,1.0,0.0
8255,2,NS_GREEN,1.0,0.0
8260,2,NS_GREEN,0.0,0.0
8265,2,NS_GREEN,0.0,1.0
8270,2,NS_GREEN,0.0,1.0
8275,2,NS_GREEN,0.0,1.0
8280,2,NS_GREEN,0.0,2.0
8285,2,NS_YELLOW,0.0,2.0
8290,2,EW_GREEN,0.0,3.0
8295,2,EW_GREEN,0.0,0.5
8300,2,EW_GREEN,0.0,0.0
8305,2,EW_GREEN,0.0,0.0
8310,2,EW_GREEN,0.0,0.0
8315,2,EW_GREEN,0.0,0.0
8320,2,EW_YELLOW,0.0,0.0
8325,2,NS_GREEN,0.0,0.0
8330,2,NS_GREEN,0.0,0.0
8335,2,NS_GREEN,0.0,0.0
8340,2,NS_GREEN,0.0,0.0
8345,2,NS_GREEN,0.0,0.0
8350,2,NS_GREEN,0.0,0.0
8355,2,NS_YELLOW,0.0,0.0
8360,2,EW_GREEN,0.0,0.0
8365,2,EW_GREEN,0.0,0.0
8370,2,EW_GREEN,0.0,0.0
8375,2,EW_GREEN,0.0,0.0
8380,2,EW_GREEN,0.0,0.0
8385,2,EW_GREEN,0.0,0.0
8390,2,EW_YELLOW,0.0,0.0
8395,2,NS_GREEN,0.0,0.0
8400,2,NS_GREEN,0.0,0.0
8405,2,NS_GREEN,0.0,0.0
8410,2,NS_GREEN,0.0,0.0
8415,2,NS_GREEN,0.0,0.0
8420,2,NS_GREEN,0.0,0.0
8425,2,NS_YELLOW,0.0,0.0
8430,2,EW_GREEN,0.0,0.0
8435,2,EW_GREEN,0.0,0.0
8440,2,EW_GREEN,0.0,0.0
8445,2,EW_GREEN,1.0,0.0
8450,2,EW_GREEN,1.0,0.0
8455,2,EW_GREEN,2.0,0.0
8460,2,EW_YELLOW,3.0,0.0
8465,2,NS_GREEN,3.0,0.0
8470,2,NS_GREEN,1.5,0.0
8475,2,NS_GREEN,0.0,0.0
8480,2,NS_GREEN,0.0,0.0
8485,2,NS_GREEN,0.0,0.0
8490,2,NS_GREEN,0.0,0.0
8495,2,NS_YELLOW,0.0,0.0
8500,2,EW_GREEN,1.0,1.0
8505,2,EW_GREEN,1.0,0.0
8510,2,EW_GREEN,1.0,0.0
8515,2,EW_GREEN,1.0,0.0
8520,2,EW_GREEN,1.0,0.0
8525,2,EW_GREEN,1.0,0.0
8530,2,EW_YELLOW,2.0,0.0
8535,2,NS_GREEN,2.0,0.0
8540,2,NS_GREEN,0.0,0.0
8545,2,NS_GREEN,0.0,1.0
8550,2,NS_GREEN,0.0,1.0
8555,2,NS_GREEN,0.0,2.0
8560,2,NS_GREEN,0.0,2.0
8565,2,NS_YELLOW,0.0,2.0
8570,2,EW_GREEN,0.0,2.0
8575,2,EW_GREEN,0.0,0.0
8580,2,EW_GREEN,0.0,0.0
8585,2,EW_GREEN,0.0,0.0
8590,2,EW_GREEN,0.0,0.0
8595,2,EW_GREEN,0.0,0.0
8600,2,EW_YELLOW,0.0,0.0
8605,2,NS_GREEN,0.0,0.0
8610,2,NS_GREEN,0.0,0.0
8615,2,NS_GREEN,0.0,0.0
8620,2,NS_GREEN,0.0,1.0
8625,2,NS_GREEN,0.0,1.0
8630,2,NS_GREEN,0.0,1.0
8635,2,NS_YELLOW,0.0,1.0
8640,2,EW_GREEN,0.0,1.0
8645,2,EW_GREEN,0.0,0.0
8650,2,EW_GREEN,0.0,0.0
8655,2,EW_GREEN,0.0,0.0
8660,2,EW_GREEN,0.0,0.0
8665,2,EW_GREEN,0.0,0.0
8670,2,EW_YELLOW,0.0,0.0
8675,2,NS_GREEN,1.0,0.0
8680,2,NS_GREEN,0.0,0.0
8685,2,NS_GREEN,0.0,0.0
8690,2,NS_GREEN,0.0,0.0
8695,2,NS_GREEN,0.0,0.0
8700,2,NS_GREEN,0.0,0.0
8705,2,NS_YELLOW,0.0,0.0
8710,2,EW_GREEN,0.0,0.0
8715,2,EW_GREEN,0.0,0.0
8720,2,EW_GREEN,1.0,0.0
8725,2,EW_GREEN,2.0,0.0
8730,2,EW_GREEN,2.0,0.0
8735,2,EW_GREEN,2.0,0.0
8740,2,EW_YELLOW,2.0,0.0
8745,2,NS_GREEN,2.0,0.0
8750,2,NS_GREEN,0.0,0.0
8755,2,NS_GREEN,0.0,1.0
8760,2,NS_GREEN,0.0,1.0
8765,2,NS_GREEN,0.0,1.0
8770,2,NS_GREEN,0.0,2.0
8775,2,NS_YELLOW,0.0,3.0
8780,2,EW_GREEN,0.0,3.0
8785,2,EW_GREEN,0.0,0.5
8790,2,EW_GREEN,1.0,0.0
8795,2,EW_GREEN,2.0,0.0
8800,2,EW_GREEN,2.0,0.0
8805,2,EW_GREEN,2.0,0.0
8810,2,EW_YELLOW,2.0,0.0
8815,2,NS_GREEN,2.0,0.0
8820,2,NS_GREEN,0.0,0.0
8825,2,NS_GREEN,0.0,0.0
8830,2,NS_GREEN,0.0,0.0
8835,2,NS_GREEN,0.0,0.0
8840,2,NS_GREEN,0.0,0.0
8845,2,NS_YELLOW,0.0,1.0
8850,2,EW_GREEN,0.0,1.0
8855,2,EW_GREEN,0.0,0.0
8860,2,EW_GREEN,0.0,0.0
8865,2,EW_GREEN,1.0,0.0
8870,2,EW_GREEN,1.0,0.0
8875,2,EW_GREEN,1.0,0.0
8880,2,EW_YELLOW,1.0,0.0
8885,2,NS_GREEN,1.0,0.0
8890,2,NS_GREEN,0.0,0.0
8895,2,NS_GREEN,0.0,0.0
8900,2,NS_GREEN,0.0,0.0
8905,2,NS_GREEN,0.0,0.0
8910,2,NS_GREEN,0.0,0.0
8915,2,NS_YELLOW,0.0,0.0
8920,2,EW_GREEN,0.0,0.0
8925,2,EW_GREEN,0.0,0.0
8930,2,EW_GREEN,0.0,0.0
8935,2,EW_GREEN,0.0,0.0
8940,2,EW_GREEN,0.0,0.0
8945,2,EW_GREEN,0.0,0.0
8950,2,EW_YELLOW,0.0,0.0
8955,2,NS_GREEN,0.0,0.0
8960,2,NS_GREEN,0.0,0.0
8965,2,NS_GREEN,0.0,0.0
8970,2,NS_GREEN,0.0,0.0
8975,2,NS_GREEN,0.0,0.0
8980,2,NS_GREEN,0.0,0.0
8985,2,NS_YELLOW,0.0,0.0
8990,2,EW_GREEN,0.0,0.0
8995,2,EW_GREEN,0.0,0.0
9000,2,EW_GREEN,0.0,0.0
9005,2,EW_GREEN,0.0,0.0
9010,2,EW_GREEN,0.0,0.0
9015,2,EW_GREEN,0.0,0.0
9020,2,EW_YELLOW,0.0,0.0
9025,2,NS_GREEN,0.0,0.0
9030,2,NS_GREEN,0.0,0.0
9035,2,NS_GREEN,0.0,1.0
9040,2,NS_GREEN,0.0,1.0
9045,2,NS_GREEN,0.0,1.0
9050,2,NS_GREEN,0.0,1.0
9055,2,NS_YELLOW,0.0,1.0
9060,2,EW_GREEN,0.0,1.0
9065,2,EW_GREEN,1.0,0.0
9070,2,EW_GREEN,1.0,0.0
9075,2,EW_GREEN,1.0,0.0
9080,2,EW_GREEN,1.0,0.0
9085,2,EW_GREEN,2.0,0.0
9090,2,EW_YELLOW,2.0,0.0
9095,2,NS_GREEN,2.0,0.0
9100,2,NS_GREEN,0.0,0.0
9105,2,NS_GREEN,0.0,0.0
9110,2,NS_GREEN,0.0,0.0
9115,2,NS_GREEN,0.0,0.0
9120,2,NS_GREEN,0.0,0.0
9125,2,NS_YELLOW,0.0,0.0
9130,2,EW_GREEN,0.0,0.0
9135,2,EW_GREEN,1.0,0.0
9140,2,EW_GREEN,1.0,0.0
9145,2,EW_GREEN,1.0,0.0
9150,2,EW_GREEN,1.0,0.0
9155,2,EW_GREEN,2.0,0.0
9160,2,EW_YELLOW,2.0,0.0
9165,2,NS_GREEN,2.0,0.0
9170,2,NS_GREEN,0.5,0.0
9175,2,NS_GREEN,0.0,1.0
9180,2,NS_GREEN,0.0,1.0
9185,2,NS_GREEN,0.0,1.0
9190,2,NS_GREEN,0.0,1.0
9195,2,NS_YELLOW,0.0,1.0
9200,2,EW_GREEN,0.0,1.0
9205,2,EW_GREEN,0.0,0.0
9210,2,EW_GREEN,0.0,0.0
9215,2,EW_GREEN,0.0,0.0
9220,2,EW_GREEN,1.0,0.0
9225,2,EW_GREEN,1.0,0.0
9230,2,EW_YELLOW,1.0,0.0
9235,2,NS_GREEN,1.0,1.0
9240,2,NS_GREEN,0.0,1.0
9245,2,NS_GREEN,0.0,1.0
9250,2,NS_GREEN,0.0,1.0
9255,2,NS_GREEN,0.0,1.0
9260,2,NS_GREEN,0.0,1.0
9265,2,NS_YELLOW,0.0,1.0
9270,2,EW_GREEN,0.0,1.0
9275,2,EW_GREEN,1.0,0.0
9280,2,EW_GREEN,1.0,0.0
9285,2,EW_GREEN,1.0,0.0
9290,2,EW_GREEN,1.0,0.0
9295,2,EW_GREEN,1.0,0.0
9300,2,EW_YELLOW,1.0,0.0
9305,2,NS_GREEN,1.0,0.0
9310,2,NS_GREEN,0.0,0.0
9315,2,NS_GREEN,0.0,1.0
9320,2,NS_GREEN,0.0,1.0
9325,2,NS_GREEN,0.0,1.0
9330,2,NS_GREEN,0.0,1.0
9335,2,NS_YELLOW,0.0,1.0
9340,2,EW_GREEN,0.0,1.0
9345,2,EW_GREEN,0.0,0.0
9350,2,EW_GREEN,0.0,0.0
9355,2,EW_GREEN,0.0,0.0
9360,2,EW_GREEN,1.0,0.0
9365,2,EW_GREEN,1.0,0.0
9370,2,EW_YELLOW,1.0,0.0
9375,2,NS_GREEN,1.0,0.0
9380,2,NS_GREEN,0.0,0.0
9385,2,NS_GREEN,0.0,0.0
9390,2,NS_GREEN,0.0,0.0
9395,2,NS_GREEN,0.0,0.0
9400,2,NS_GREEN,0.0,0.0
9405,2,NS_YELLOW,0.0,0.0
9410,2,EW_GREEN,0.0,0.0
9415,2,EW_GREEN,0.0,0.0
9420,2,EW_GREEN,0.0,0.0
9425,2,EW_GREEN,0.0,0.0
9430,2,EW_GREEN,0.0,0.0
9435,2,EW_GREEN,0.0,0.0
9440,2,EW_YELLOW,0.0,0.0
9445,2,NS_GREEN,0.0,0.0
9450,2,NS_GREEN,0.0,0.0
9455,2,NS_GREEN,0.0,0.0
9460,2,NS_GREEN,0.0,0.0
9465,2,NS_GREEN,0.0,0.0
9470,2,NS_GREEN,0.0,0.0
9475,2,NS_YELLOW,0.0,1.0
9480,2,EW_GREEN,0.0,1.0
9485,2,EW_GREEN,1.0,0.0
9490,2,EW_GREEN,1.0,0.0
9495,2,EW_GREEN,1.0,0.0
9500,2,EW_GREEN,1.0,0.0
9505,2,EW_GREEN,1.0,0.0
9510,2,EW_YELLOW,1.0,0.0
9515,2,NS_GREEN,1.0,0.0
9520,2,NS_GREEN,0.0,1.0
9525,2,NS_GREEN,0.0,1.0
9530,2,NS_GREEN,0.0,1.0
9535,2,NS_GREEN,0.0,1.0
9540,2,NS_GREEN,0.0,1.0
9545,2,NS_YELLOW,0.0,1.0
9550,2,EW_GREEN,0.0,1.0
9555,2,EW_GREEN,0.0,0.0
9560,2,EW_GREEN,0.0,0.0
9565,2,EW_GREEN,0.0,0.0
9570,2,EW_GREEN,0.0,0.0
9575,2,EW_GREEN,0.0,0.0
9580,2,EW_YELLOW,0.0,0.0
9585,2,NS_GREEN,0.0,0.0
9590,2,NS_GREEN,0.0,0.0
9595,2,NS_GREEN,0.0,0.0
9600,2,NS_GREEN,0.0,1.0
9605,2,NS_GREEN,0.0,1.0
9610,2,NS_GREEN,0.0,1.0
9615,2,NS_YELLOW,0.0,1.0
9620,2,EW_GREEN,0.0,2.0
9625,2,EW_GREEN,0.0,0.0
9630,2,EW_GREEN,0.0,0.0
9635,2,EW_GREEN,0.0,0.0
9640,2,EW_GREEN,0.0,0.0
9645,2,EW_GREEN,0.0,0.0
9650,2,EW_YELLOW,0.0,0.0
9655,2,NS_GREEN,0.0,0.0
9660,2,NS_GREEN,0.0,0.0
9665,2,NS_GREEN,0.0,0.0
9670,2,NS_GREEN,0.0,1.0
9675,2,NS_GREEN,0.0,1.0
9680,2,NS_GREEN,0.0,1.0
9685,2,NS_YELLOW,0.0,1.0
9690,2,EW_GREEN,0.0,1.0
9695,2,EW_GREEN,0.0,0.0
9700,2,EW_GREEN,0.0,0.0
9705,2,EW_GREEN,0.0,0.0
9710,2,EW_GREEN,0.0,0.0
9715,2,EW_GREEN,0.0,0.0
9720,2,EW_YELLOW,0.0,0.0
9725,2,NS_GREEN,0.0,0.0
9730,2,NS_GREEN,0.0,0.0
9735,2,NS_GREEN,0.0,0.0
9740,2,NS_GREEN,0.0,0.0
9745,2,NS_GREEN,0.0,0.0
9750,2,NS_GREEN,0.0,0.0
9755,2,NS_YELLOW,0.0,0.0
9760,2,EW_GREEN,0.0,0.0
9765,2,EW_GREEN,0.0,0.0
9770,2,EW_GREEN,0.0,0.0
9775,2,EW_GREEN,1.0,0.0
9780,2,EW_GREEN,2.0,0.0
9785,2,EW_GREEN,2.0,0.0
9790,2,EW_YELLOW,2.0,0.0
9795,2,NS_GREEN,2.0,0.0
9800,2,NS_GREEN,0.0,0.0
9805,2,NS_GREEN,0.0,0.0
9810,2,NS_GREEN,0.0,1.0
9815,2,NS_GREEN,0.0,1.0
9820,2,NS_GREEN,0.0,1.0
9825,2,NS_YELLOW,0.0,1.0
9830,2,EW_GREEN,0.0,1.0
9835,2,EW_GREEN,0.0,0.0
9840,2,EW_GREEN,0.0,0.0
9845,2,EW_GREEN,0.0,0.0
9850,2,EW_GREEN,0.0,0.0
9855,2,EW_GREEN,1.0,0.0
9860,2,EW_YELLOW,2.0,0.0
9865,2,NS_GREEN,2.0,0.0
9870,2,NS_GREEN,0.0,0.0
9875,2,NS_GREEN,0.0,0.0
9880,2,NS_GREEN,0.0,0.0
9885,2,NS_GREEN,0.0,0.0
9890,2,NS_GREEN,0.0,0.0
9895,2,NS_YELLOW,0.0,1.0
9900,2,EW_GREEN,0.0,1.0
9905,2,EW_GREEN,1.0,0.0
9910,2,EW_GREEN,2.0,0.0
9915,2,EW_GREEN,2.0,0.0
9920,2,EW_GREEN,2.0,0.0
9925,2,EW_GREEN,2.0,0.0
9930,2,EW_YELLOW,2.0,0.0
9935,2,NS_GREEN,2.0,0.0
9940,2,NS_GREEN,0.0,0.0
9945,2,NS_GREEN,0.0,0.0
9950,2,NS_GREEN,0.0,0.0
9955,2,NS_GREEN,0.0,0.0
9960,2,NS_GREEN,0.0,0.0
9965,2,NS_YELLOW,0.0,0.0
9970,2,EW_GREEN,0.0,0.0
9975,2,EW_GREEN,1.0,0.0
9980,2,EW_GREEN,1.0,0.0
9985,2,EW_GREEN,1.0,0.0
9990,2,EW_GREEN,1.0,0.0
9995,2,EW_GREEN,1.0,0.0
10000,2,EW_YELLOW,1.0,0.0
10005,2,NS_GREEN,1.0,0.0
10010,2,NS_GREEN,0.0,0.0
10015,2,NS_GREEN,0.0,0.0
10020,2,NS_GREEN,0.0,1.0
10025,2,NS_GREEN,0.0,1.0
10030,2,NS_GREEN,0.0,1.0
10035,2,NS_YELLOW,0.0,1.0
10040,2,EW_GREEN,0.0,1.0
10045,2,EW_GREEN,0.0,0.0
10050,2,EW_GREEN,0.0,0.0
10055,2,EW_GREEN,0.0,0.0
10060,2,EW_GREEN,0.0,0.0
10065,2,EW_GREEN,0.0,0.0
10070,2,EW_YELLOW,0.0,0.0
10075,2,NS_GREEN,0.0,0.0
10080,2,NS_GREEN,0.0,0.0
10085,2,NS_GREEN,0.0,0.0
10090,2,NS_GREEN,0.0,0.0
10095,2,NS_GREEN,0.0,0.0
10100,2,NS_GREEN,0.0,0.0
10105,2,NS_YELLOW,0.0,0.0
10110,2,EW_GREEN,0.0,0.0
10115,2,EW_GREEN,0.0,0.0
10120,2,EW_GREEN,0.0,0.0
10125,2,EW_GREEN,0.0,0.0
10130,2,EW_GREEN,0.0,0.0
10135,2,EW_GREEN,0.0,0.0
10140,2,EW_YELLOW,0.0,0.0
10145,2,NS_GREEN,0.0,0.0
10150,2,NS_GREEN,0.0,0.0
10155,2,NS_GREEN,0.0,0.0
10160,2,NS_GREEN,0.0,0.0
10165,2,NS_GREEN,0.0,0.0
10170,2,NS_GREEN,0.0,0.0
10175,2,NS_YELLOW,0.0,0.0
10180,2,EW_GREEN,0.0,0.0
10185,2,EW_GREEN,0.0,0.0
10190,2,EW_GREEN,0.0,0.0
10195,2,EW_GREEN,0.0,0.0
10200,2,EW_GREEN,0.0,0.0
10205,2,EW_GREEN,0.0,0.0
10210,2,EW_YELLOW,0.0,0.0
10215,2,NS_GREEN,1.0,0.0
10220,2,NS_GREEN,0.0,1.0
10225,2,NS_GREEN,0.0,1.0
10230,2,NS_GREEN,0.0,1.0
10235,2,NS_GREEN,0.0,1.0
10240,2,NS_GREEN,0.0,2.0
10245,2,NS_YELLOW,0.0,3.0
10250,2,EW_GREEN,0.0,3.0
10255,2,EW_GREEN,0.0,0.5
10260,2,EW_GREEN,0.0,0.0
10265,2,EW_GREEN,0.0,0.0
10270,2,EW_GREEN,0.0,0.0
10275,2,EW_GREEN,0.0,0.0
10280,2,EW_YELLOW,1.0,0.0
10285,2,NS_GREEN,1.0,0.0
10290,2,NS_GREEN,0.0,0.0
10295,2,NS_GREEN,0.0,0.0
10300,2,NS_GREEN,0.0,0.0
10305,2,NS_GREEN,0.0,0.0
10310,2,NS_GREEN,0.0,0.0
10315,2,NS_YELLOW,0.0,0.0
10320,2,EW_GREEN,0.0,1.0
10325,2,EW_GREEN,0.0,0.0
10330,2,EW_GREEN,0.0,0.0
10335,2,EW_GREEN,0.0,0.0
10340,2,EW_GREEN,0.0,0.0
10345,2,EW_GREEN,0.0,0.0
10350,2,EW_YELLOW,0.0,0.0
10355,2,NS_GREEN,1.0,0.0
10360,2,NS_GREEN,0.0,0.0
10365,2,NS_GREEN,0.0,0.0
10370,2,NS_GREEN,0.0,0.0
10375,2,NS_GREEN,0.0,1.0
10380,2,NS_GREEN,0.0,1.0
10385,2,NS_YELLOW,0.0,2.0
10390,2,EW_GREEN,0.0,2.0
10395,2,EW_GREEN,0.0,0.0
10400,2,EW_GREEN,0.0,0.0
10405,2,EW_GREEN,0.0,0.0
10410,2,EW_GREEN,0.0,0.0
10415,2,EW_GREEN,0.0,0.0
10420,2,EW_YELLOW,0.0,0.0
10425,2,NS_GREEN,0.0,0.0
10430,2,NS_GREEN,0.0,0.0
10435,2,NS_GREEN,0.0,0.0
10440,2,NS_GREEN,0.0,0.0
10445,2,NS_GREEN,0.0,0.0
10450,2,NS_GREEN,0.0,0.0
10455,2,NS_YELLOW,0.0,0.0
10460,2,EW_GREEN,1.0,0.0
10465,2,EW_GREEN,2.0,0.0
10470,2,EW_GREEN,2.0,0.0
10475,2,EW_GREEN,2.0,0.0
10480,2,EW_GREEN,2.0,0.0
10485,2,EW_GREEN,2.0,0.0
10490,2,EW_YELLOW,3.0,0.0
10495,2,NS_GREEN,3.0,0.0
10500,2,NS_GREEN,0.5,0.0
10505,2,NS_GREEN,0.0,0.0
10510,2,NS_GREEN,0.0,0.0
10515,2,NS_GREEN,0.0,0.0
10520,2,NS_GREEN,0.0,1.0
10525,2,NS_YELLOW,0.0,1.0
10530,2,EW_GREEN,0.0,1.0
10535,2,EW_GREEN,0.0,0.0
10540,2,EW_GREEN,1.0,0.0
10545,2,EW_GREEN,1.0,0.0
10550,2,EW_GREEN,1.0,0.0
10555,2,EW_GREEN,1.0,0.0
10560,2,EW_YELLOW,1.0,0.0
10565,2,NS_GREEN,1.0,0.0
10570,2,NS_GREEN,0.0,0.0
10575,2,NS_GREEN,0.0,0.0
10580,2,NS_GREEN,0.0,0.0
10585,2,NS_GREEN,0.0,0.0
10590,2,NS_GREEN,0.0,0.0
10595,2,NS_YELLOW,0.0,0.0
10600,2,EW_GREEN,0.0,0.0
10605,2,EW_GREEN,0.0,0.0
10610,2,EW_GREEN,0.0,0.0
10615,2,EW_GREEN,0.0,0.0
10620,2,EW_GREEN,0.0,0.0
10625,2,EW_GREEN,0.0,0.0
10630,2,EW_YELLOW,0.0,0.0
10635,2,NS_GREEN,0.0,0.0
10640,2,NS_GREEN,0.0,0.0
10645,2,NS_GREEN,0.0,0.0
10650,2,NS_GREEN,0.0,0.0
10655,2,NS_GREEN,0.0,0.0
10660,2,NS_GREEN,0.0,0.0
10665,2,NS_YELLOW,0.0,1.0
10670,2,EW_GREEN,0.0,1.0
10675,2,EW_GREEN,0.0,0.0
10680,2,EW_GREEN,0.0,0.0
10685,2,EW_GREEN,0.0,0.0
10690,2,EW_GREEN,0.0,0.0
10695,2,EW_GREEN,1.0,0.0
10700,2,EW_YELLOW,1.0,0.0
10705,2,NS_GREEN,1.0,1.0
10710,2,NS_GREEN,0.0,1.0
10715,2,NS_GREEN,0.0,1.0
10720,2,NS_GREEN,0.0,1.0
10725,2,NS_GREEN,0.0,2.0
10730,2,NS_GREEN,0.0,2.0
10735,2,NS_YELLOW,0.0,2.0
10740,2,EW_GREEN,0.0,2.0
10745,2,EW_GREEN,0.0,0.0
10750,2,EW_GREEN,1.0,0.0
10755,2,EW_GREEN,1.0,0.0
10760,2,EW_GREEN,1.0,0.0
10765,2,EW_GREEN,1.0,0.0
10770,2,EW_YELLOW,1.0,0.0
10775,2,NS_GREEN,1.0,0.0
10780,2,NS_GREEN,0.0,0.0
10785,2,NS_GREEN,0.0,0.0
10790,2,NS_GREEN,0.0,1.0
10795,2,NS_GREEN,0.0,1.0
10800,3,NS_GREEN,0.0,1.0
10805,3,NS_YELLOW,0.0,1.0
10810,3,EW_GREEN,0.0,1.0
10815,3,EW_GREEN,1.0,0.0
10820,3,EW_GREEN,2.0,0.0
10825,3,EW_GREEN,2.0,0.0
10830,3,EW_GREEN,2.0,0.0
10835,3,EW_GREEN,2.0,0.0
10840,3,EW_YELLOW,2.0,0.0
10845,3,NS_GREEN,2.0,0.0
10850,3,NS_GREEN,0.0,1.0
10855,3,NS_GREEN,0.0,1.0
10860,3,NS_GREEN,0.0,1.0
10865,3,NS_GREEN,0.0,1.0
10870,3,NS_GREEN,0.0,1.0
10875,3,NS_YELLOW,0.0,1.0
10880,3,EW_GREEN,0.0,1.0
10885,3,EW_GREEN,0.0,0.0
10890,3,EW_GREEN,0.0,0.0
10895,3,EW_GREEN,0.0,0.0
10900,3,EW_GREEN,1.0,0.0
10905,3,EW_GREEN,1.0,0.0
10910,3,EW_YELLOW,1.0,0.0
10915,3,NS_GREEN,2.0,0.0
10920,3,NS_GREEN,0.0,0.0
10925,3,NS_GREEN,0.0,0.0
10930,3,NS_GREEN,0.0,0.0
10935,3,NS_GREEN,0.0,0.0
10940,3,NS_GREEN,0.0,0.0
10945,3,NS_YELLOW,0.0,0.0
10950,3,EW_GREEN,1.0,1.0
10955,3,EW_GREEN,1.0,0.0
10960,3,EW_GREEN,1.0,0.0
10965,3,EW_GREEN,1.0,0.0
10970,3,EW_GREEN,2.0,0.0
10975,3,EW_GREEN,2.0,0.0
10980,3,EW_YELLOW,2.0,0.0
10985,3,NS_GREEN,2.0,0.0
10990,3,NS_GREEN,0.0,1.0
10995,3,NS_GREEN,0.0,1.0
11000,3,NS_GREEN,0.0,1.0
11005,3,NS_GREEN,0.0,1.0
11010,3,NS_GREEN,0.0,1.0
11015,3,NS_YELLOW,0.0,1.0
11020,3,EW_GREEN,0.0,1.0
11025,3,EW_GREEN,1.0,0.0
11030,3,EW_GREEN,1.0,0.0
11035,3,EW_GREEN,1.0,0.0
11040,3,EW_GREEN,1.0,0.0
11045,3,EW_GREEN,1.0,0.0
11050,3,EW_YELLOW,2.0,0.0
11055,3,NS_GREEN,2.0,0.0
11060,3,NS_GREEN,0.0,0.0
11065,3,NS_GREEN,0.0,1.0
11070,3,NS_GREEN,0.0,1.0
11075,3,NS_GREEN,0.0,1.0
11080,3,NS_GREEN,0.0,1.0
11085,3,NS_YELLOW,0.0,1.0
11090,3,EW_GREEN,0.0,1.0
11095,3,EW_GREEN,0.0,0.0
11100,3,EW_GREEN,0.0,0.0
11105,3,EW_GREEN,0.0,0.0
11110,3,EW_GREEN,0.0,0.0
11115,3,EW_GREEN,0.0,0.0
11120,3,EW_YELLOW,0.0,0.0
11125,3,NS_GREEN,0.0,0.0
11130,3,NS_GREEN,0.0,0.0
11135,3,NS_GREEN,0.0,1.0
11140,3,NS_GREEN,0.0,1.0
11145,3,NS_GREEN,0.0,1.0
11150,3,NS_GREEN,0.0,1.0
11155,3,NS_YELLOW,0.0,1.0
11160,3,EW_GREEN,0.0,1.0
11165,3,EW_GREEN,1.0,0.0
11170,3,EW_GREEN,1.0,0.0
11175,3,EW_GREEN,1.0,0.0
11180,3,EW_GREEN,1.0,0.0
11185,3,EW_GREEN,1.0,0.0
11190,3,EW_YELLOW,1.0,0.0
11195,3,NS_GREEN,1.0,0.0
11200,3,NS_GREEN,0.0,0.0
11205,3,NS_GREEN,0.0,0.0
11210,3,NS_GREEN,0.0,0.0
11215,3,NS_GREEN,0.0,0.0
11220,3,NS_GREEN,0.0,0.0
11225,3,NS_YELLOW,0.0,0.0
11230,3,EW_GREEN,0.0,0.0
11235,3,EW_GREEN,0.0,0.0
11240,3,EW_GREEN,0.0,0.0
11245,3,EW_GREEN,0.0,0.0
11250,3,EW_GREEN,0.0,0.0
11255,3,EW_GREEN,0.0,0.0
11260,3,EW_YELLOW,0.0,0.0
11265,3,NS_GREEN,0.0,1.0
11270,3,NS_GREEN,0.0,1.0
11275,3,NS_GREEN,0.0,1.0
11280,3,NS_GREEN,0.0,1.0
11285,3,NS_GREEN,0.0,1.0
11290,3,NS_GREEN,0.0,1.0
11295,3,NS_YELLOW,0.0,2.0
11300,3,EW_GREEN,0.0,2.0
11305,3,EW_GREEN,0.0,0.0
11310,3,EW_GREEN,0.0,0.0
11315,3,EW_GREEN,0.0,0.0
11320,3,EW_GREEN,0.0,0.0
11325,3,EW_GREEN,0.0,0.0
11330,3,EW_YELLOW,0.0,0.0
11335,3,NS_GREEN,0.0,0.0
11340,3,NS_GREEN,0.0,0.0
11345,3,NS_GREEN,0.0,1.0
11350,3,NS_GREEN,0.0,1.0
11355,3,NS_GREEN,0.0,1.0
11360,3,NS_GREEN,0.0,1.0
11365,3,NS_YELLOW,0.0,1.0
11370,3,EW_GREEN,0.0,1.0
11375,3,EW_GREEN,0.0,0.0
11380,3,EW_GREEN,0.0,0.0
11385,3,EW_GREEN,0.0,0.0
11390,3,EW_GREEN,0.0,0.0
11395,3,EW_GREEN,0.0,0.0
11400,3,EW_YELLOW,0.0,0.0
11405,3,NS_GREEN,0.0,1.0
11410,3,NS_GREEN,0.0,1.0
11415,3,NS_GREEN,0.0,1.0
11420,3,NS_GREEN,0.0,1.0
11425,3,NS_GREEN,0.0,1.0
11430,3,NS_GREEN,0.0,1.0
11435,3,NS_YELLOW,0.0,1.0
11440,3,EW_GREEN,0.0,1.0
11445,3,EW_GREEN,0.0,0.0
11450,3,EW_GREEN,0.0,0.0
11455,3,EW_GREEN,0.0,0.0
11460,3,EW_GREEN,0.0,0.0
11465,3,EW_GREEN,0.0,0.0
11470,3,EW_YELLOW,0.0,0.0
11475,3,NS_GREEN,0.0,0.0
11480,3,NS_GREEN,0.0,0.0
11485,3,NS_GREEN,0.0,0.0
11490,3,NS_GREEN,0.0,0.0
11495,3,NS_GREEN,0.0,0.0
11500,3,NS_GREEN,0.0,0.0
11505,3,NS_YELLOW,0.0,0.0
11510,3,EW_GREEN,0.0,0.0
11515,3,EW_GREEN,0.0,0.0
11520,3,EW_GREEN,0.0,0.0
11525,3,EW_GREEN,0.0,0.0
11530,3,EW_GREEN,0.0,0.0
11535,3,EW_GREEN,0.0,0.0
11540,3,EW_YELLOW,0.0,0.0
11545,3,NS_GREEN,0.0,0.0
11550,3,NS_GREEN,0.0,0.0
11555,3,NS_GREEN,0.0,0.0
11560,3,NS_GREEN,0.0,0.0
11565,3,NS_GREEN,0.0,0.0
11570,3,NS_GREEN,0.0,0.0
11575,3,NS_YELLOW,0.0,0.0
11580,3,EW_GREEN,0.0,0.0
11585,3,EW_GREEN,0.0,0.0
11590,3,EW_GREEN,0.0,0.0
11595,3,EW_GREEN,0.0,0.0
11600,3,EW_GREEN,0.0,0.0
11605,3,EW_GREEN,0.0,0.0
11610,3,EW_YELLOW,0.0,0.0
11615,3,NS_GREEN,0.0,0.0
11620,3,NS_GREEN,0.0,0.0
11625,3,NS_GREEN,0.0,0.0
11630,3,NS_GREEN,0.0,0.0
11635,3,NS_GREEN,0.0,0.0
11640,3,NS_GREEN,0.0,0.0
11645,3,NS_YELLOW,0.0,0.0
11650,3,EW_GREEN,0.0,0.0
11655,3,EW_GREEN,0.0,0.0
11660,3,EW_GREEN,0.0,0.0
11665,3,EW_GREEN,1.0,0.0
11670,3,EW_GREEN,1.0,0.0
11675,3,EW_GREEN,1.0,0.0
11680,3,EW_YELLOW,1.0,0.0
11685,3,NS_GREEN,1.0,0.0
11690,3,NS_GREEN,0.0,0.0
11695,3,NS_GREEN,0.0,0.0
11700,3,NS_GREEN,0.0,0.0
11705,3,NS_GREEN,0.0,0.0
11710,3,NS_GREEN,0.0,0.0
11715,3,NS_YELLOW,0.0,1.0
11720,3,EW_GREEN,0.0,1.0
11725,3,EW_GREEN,0.0,0.0
11730,3,EW_GREEN,0.0,0.0
11735,3,EW_GREEN,0.0,0.0
11740,3,EW_GREEN,0.0,0.0
11745,3,EW_GREEN,0.0,0.0
11750,3,EW_YELLOW,0.0,0.0
11755,3,NS_GREEN,0.0,0.0
11760,3,NS_GREEN,0.0,0.0
11765,3,NS_GREEN,0.0,0.0
11770,3,NS_GREEN,0.0,0.0
11775,3,NS_GREEN,0.0,0.0
11780,3,NS_GREEN,0.0,0.0
11785,3,NS_YELLOW,0.0,0.0
11790,3,EW_GREEN,0.0,0.0
11795,3,EW_GREEN,0.0,0.0
11800,3,EW_GREEN,0.0,0.0
11805,3,EW_GREEN,0.0,0.0
11810,3,EW_GREEN,0.0,0.0
11815,3,EW_GREEN,0.0,0.0
11820,3,EW_YELLOW,0.0,0.0
11825,3,NS_GREEN,1.0,1.0
11830,3,NS_GREEN,0.0,1.0
11835,3,NS_GREEN,0.0,1.0
11840,3,NS_GREEN,0.0,1.0
11845,3,NS_GREEN,0.0,1.0
11850,3,NS_GREEN,0.0,1.0
11855,3,NS_YELLOW,0.0,1.0
11860,3,EW_GREEN,0.0,2.0
11865,3,EW_GREEN,0.0,0.5
11870,3,EW_GREEN,0.0,0.0
11875,3,EW_GREEN,0.0,0.0
11880,3,EW_GREEN,0.0,0.0
11885,3,EW_GREEN,0.0,0.0
11890,3,EW_YELLOW,1.0,0.0
11895,3,NS_GREEN,1.0,0.0
11900,3,NS_GREEN,0.0,0.0
11905,3,NS_GREEN,0.0,0.0
11910,3,NS_GREEN,0.0,0.0
11915,3,NS_GREEN,0.0,1.0
11920,3,NS_GREEN,0.0,1.0
11925,3,NS_YELLOW,0.0,1.0
11930,3,EW_GREEN,0.0,1.0
11935,3,EW_GREEN,0.0,0.0
11940,3,EW_GREEN,1.0,0.0
11945,3,EW_GREEN,1.0,0.0
11950,3,EW_GREEN,2.0,0.0
11955,3,EW_GREEN,2.0,0.0
11960,3,EW_YELLOW,2.0,0.0
11965,3,NS_GREEN,2.0,0.0
11970,3,NS_GREEN,0.0,0.0
11975,3,NS_GREEN,0.0,0.0
11980,3,NS_GREEN,0.0,0.0
11985,3,NS_GREEN,0.0,0.0
11990,3,NS_GREEN,0.0,0.0
11995,3,NS_YELLOW,0.0,0.0
12000,3,EW_GREEN,1.0,1.0
12005,3,EW_GREEN,1.0,0.0
12010,3,EW_GREEN,1.0,0.0
12015,3,EW_GREEN,2.0,0.0
12020,3,EW_GREEN,2.0,0.0
12025,3,EW_GREEN,2.0,0.0
12030,3,EW_YELLOW,3.0,0.0
12035,3,NS_GREEN,3.0,0.0
12040,3,NS_GREEN,0.5,0.0
12045,3,NS_GREEN,0.0,0.0
12050,3,NS_GREEN,0.0,0.0
12055,3,NS_GREEN,0.0,0.0
12060,3,NS_GREEN,0.0,0.0
12065,3,NS_YELLOW,0.0,0.0
12070,3,EW_GREEN,0.0,0.0
12075,3,EW_GREEN,0.0,0.0
12080,3,EW_GREEN,0.0,0.0
12085,3,EW_GREEN,0.0,0.0
12090,3,EW_GREEN,0.0,0.0
12095,3,EW_GREEN,1.0,0.0
12100,3,EW_YELLOW,1.0,0.0
12105,3,NS_GREEN,1.0,1.0
12110,3,NS_GREEN,0.0,1.0
12115,3,NS_GREEN,0.0,1.0
12120,3,NS_GREEN,0.0,1.0
12125,3,NS_GREEN,0.0,1.0
12130,3,NS_GREEN,0.0,1.0
12135,3,NS_YELLOW,0.0,1.0
12140,3,EW_GREEN,0.0,1.0
12145,3,EW_GREEN,0.0,0.0
12150,3,EW_GREEN,0.0,0.0
12155,3,EW_GREEN,1.0,0.0
12160,3,EW_GREEN,1.0,0.0
12165,3,EW_GREEN,1.0,0.0
12170,3,EW_YELLOW,1.0,0.0
12175,3,NS_GREEN,1.0,0.0
12180,3,NS_GREEN,0.0,0.0
12185,3,NS_GREEN,0.0,0.0
12190,3,NS_GREEN,0.0,0.0
12195,3,NS_GREEN,0.0,0.0
12200,3,NS_GREEN,0.0,0.0
12205,3,NS_YELLOW,0.0,0.0
12210,3,EW_GREEN,1.0,0.0
12215,3,EW_GREEN,1.0,0.0
12220,3,EW_GREEN,2.0,0.0
12225,3,EW_GREEN,2.0,0.0
12230,3,EW_GREEN,2.0,0.0
12235,3,EW_GREEN,2.0,0.0
12240,3,EW_YELLOW,2.0,0.0
12245,3,NS_GREEN,3.0,0.0
12250,3,NS_GREEN,1.5,0.0
12255,3,NS_GREEN,0.0,0.0
12260,3,NS_GREEN,0.0,0.0
12265,3,NS_GREEN,0.0,0.0
12270,3,NS_GREEN,0.0,0.0
12275,3,NS_YELLOW,0.0,0.0
12280,3,EW_GREEN,0.0,0.0
12285,3,EW_GREEN,0.0,0.0
12290,3,EW_GREEN,0.0,0.0
12295,3,EW_GREEN,0.0,0.0
12300,3,EW_GREEN,0.0,0.0
12305,3,EW_GREEN,0.0,0.0
12310,3,EW_YELLOW,1.0,0.0
12315,3,NS_GREEN,1.0,0.0
12320,3,NS_GREEN,0.0,0.0
12325,3,NS_GREEN,0.0,0.0
12330,3,NS_GREEN,0.0,0.0
12335,3,NS_GREEN,0.0,0.0
12340,3,NS_GREEN,0.0,0.0
12345,3,NS_YELLOW,0.0,0.0
12350,3,EW_GREEN,0.0,0.0
12355,3,EW_GREEN,0.0,0.0
12360,3,EW_GREEN,0.0,0.0
12365,3,EW_GREEN,0.0,0.0
12370,3,EW_GREEN,0.0,0.0
12375,3,EW_GREEN,0.0,0.0
12380,3,EW_YELLOW,0.0,0.0
12385,3,NS_GREEN,0.0,0.0
12390,3,NS_GREEN,0.0,0.0
12395,3,NS_GREEN,0.0,0.0
12400,3,NS_GREEN,0.0,0.0
12405,3,NS_GREEN,0.0,0.0
12410,3,NS_GREEN,0.0,0.0
12415,3,NS_YELLOW,0.0,0.0
12420,3,EW_GREEN,0.0,0.0
12425,3,EW_GREEN,0.0,0.0
12430,3,EW_GREEN,0.0,0.0
12435,3,EW_GREEN,0.0,0.0
12440,3,EW_GREEN,1.0,0.0
12445,3,EW_GREEN,2.0,0.0
12450,3,EW_YELLOW,2.0,0.0
12455,3,NS_GREEN,2.0,0.0
12460,3,NS_GREEN,0.0,0.0
12465,3,NS_GREEN,0.0,0.0
12470,3,NS_GREEN,0.0,0.0
12475,3,NS_GREEN,0.0,0.0
12480,3,NS_GREEN,0.0,0.0
12485,3,NS_YELLOW,0.0,0.0
12490,3,EW_GREEN,1.0,0.0
12495,3,EW_GREEN,1.0,0.0
12500,3,EW_GREEN,1.0,0.0
12505,3,EW_GREEN,1.0,0.0
12510,3,EW_GREEN,1.0,0.0
12515,3,EW_GREEN,1.0,0.0
12520,3,EW_YELLOW,1.0,0.0
12525,3,NS_GREEN,1.0,0.0
12530,3,NS_GREEN,0.0,0.0
12535,3,NS_GREEN,0.0,0.0
12540,3,NS_GREEN,0.0,0.0
12545,3,NS_GREEN,0.0,0.0
12550,3,NS_GREEN,0.0,0.0
12555,3,NS_YELLOW,0.0,0.0
12560,3,EW_GREEN,0.0,0.0
12565,3,EW_GREEN,0.0,0.0
12570,3,EW_GREEN,0.0,0.0
12575,3,EW_GREEN,0.0,0.0
12580,3,EW_GREEN,0.0,0.0
12585,3,EW_GREEN,0.0,0.0
12590,3,EW_YELLOW,0.0,0.0
12595,3,NS_GREEN,0.0,0.0
12600,3,NS_GREEN,0.0,0.0
12605,3,NS_GREEN,0.0,0.0
12610,3,NS_GREEN,0.0,0.0
12615,3,NS_GREEN,0.0,0.0
12620,3,NS_GREEN,0.0,0.0
12625,3,NS_YELLOW,0.0,0.0
12630,3,EW_GREEN,0.0,1.0
12635,3,EW_GREEN,0.0,0.0
12640,3,EW_GREEN,0.0,0.0
12645,3,EW_GREEN,0.0,0.0
12650,3,EW_GREEN,0.0,0.0
12655,3,EW_GREEN,0.0,0.0
12660,3,EW_YELLOW,0.0,0.0
12665,3,NS_GREEN,0.0,0.0
12670,3,NS_GREEN,0.0,1.0
12675,3,NS_GREEN,0.0,1.0
12680,3,NS_GREEN,0.0,2.0
12685,3,NS_GREEN,0.0,2.0
12690,3,NS_GREEN,0.0,2.0
12695,3,NS_YELLOW,0.0,2.0
12700,3,EW_GREEN,1.0,2.0
12705,3,EW_GREEN,1.0,0.0
12710,3,EW_GREEN,1.0,0.0
12715,3,EW_GREEN,1.0,0.0
12720,3,EW_GREEN,1.0,0.0
12725,3,EW_GREEN,2.0,0.0
12730,3,EW_YELLOW,2.0,0.0
12735,3,NS_GREEN,3.0,0.0
12740,3,NS_GREEN,0.5,0.0
12745,3,NS_GREEN,0.0,1.0
12750,3,NS_GREEN,0.0,1.0
12755,3,NS_GREEN,0.0,1.0
12760,3,NS_GREEN,0.0,1.0
12765,3,NS_YELLOW,0.0,2.0
12770,3,EW_GREEN,0.0,2.0
12775,3,EW_GREEN,0.0,0.0
12780,3,EW_GREEN,0.0,0.0
12785,3,EW_GREEN,0.0,0.0
12790,3,EW_GREEN,0.0,0.0
12795,3,EW_GREEN,0.0,0.0
12800,3,EW_YELLOW,0.0,0.0
12805,3,NS_GREEN,1.0,0.0
12810,3,NS_GREEN,0.0,0.0
12815,3,NS_GREEN,0.0,0.0
12820,3,NS_GREEN,0.0,0.0
12825,3,NS_GREEN,0.0,0.0
12830,3,NS_GREEN,0.0,1.0
12835,3,NS_YELLOW,0.0,1.0
12840,3,EW_GREEN,0.0,2.0
12845,3,EW_GREEN,0.0,0.0
12850,3,EW_GREEN,0.0,0.0
12855,3,EW_GREEN,0.0,0.0
12860,3,EW_GREEN,0.0,0.0
12865,3,EW_GREEN,0.0,0.0
12870,3,EW_YELLOW,0.0,0.0
12875,3,NS_GREEN,0.0,0.0
12880,3,NS_GREEN,0.0,0.0
12885,3,NS_GREEN,0.0,0.0
12890,3,NS_GREEN,0.0,0.0
12895,3,NS_GREEN,0.0,0.0
12900,3,NS_GREEN,0.0,1.0
12905,3,NS_YELLOW,0.0,1.0
12910,3,EW_GREEN,0.0,1.0
12915,3,EW_GREEN,0.0,0.0
12920,3,EW_GREEN,0.0,0.0
12925,3,EW_GREEN,0.0,0.0
12930,3,EW_GREEN,1.0,0.0
12935,3,EW_GREEN,1.0,0.0
12940,3,EW_YELLOW,1.0,0.0
12945,3,NS_GREEN,1.0,0.0
12950,3,NS_GREEN,0.0,0.0
12955,3,NS_GREEN,0.0,0.0
12960,3,NS_GREEN,0.0,0.0
12965,3,NS_GREEN,0.0,0.0
12970,3,NS_GREEN,0.0,0.0
12975,3,NS_YELLOW,0.0,0.0
12980,3,EW_GREEN,0.0,0.0
12985,3,EW_GREEN,0.0,0.0
12990,3,EW_GREEN,0.0,0.0
12995,3,EW_GREEN,0.0,0.0
13000,3,EW_GREEN,0.0,0.0
13005,3,EW_GREEN,0.0,0.0
13010,3,EW_YELLOW,0.0,0.0
13015,3,NS_GREEN,0.0,0.0
13020,3,NS_GREEN,0.0,0.0
13025,3,NS_GREEN,0.0,0.0
13030,3,NS_GREEN,0.0,0.0
13035,3,NS_GREEN,0.0,0.0
13040,3,NS_GREEN,0.0,0.0
13045,3,NS_YELLOW,0.0,1.0
13050,3,EW_GREEN,0.0,1.0
13055,3,EW_GREEN,0.0,0.0
13060,3,EW_GREEN,0.0,0.0
13065,3,EW_GREEN,0.0,0.0
13070,3,EW_GREEN,0.0,0.0
13075,3,EW_GREEN,0.0,0.0
13080,3,EW_YELLOW,0.0,0.0
13085,3,NS_GREEN,0.0,1.0
13090,3,NS_GREEN,0.0,1.0
13095,3,NS_GREEN,0.0,1.0
13100,3,NS_GREEN,0.0,1.0
13105,3,NS_GREEN,0.0,1.0
13110,3,NS_GREEN,0.0,1.0
13115,3,NS_YELLOW,0.0,1.0
13120,3,EW_GREEN,0.0,1.0
13125,3,EW_GREEN,0.0,0.0
13130,3,EW_GREEN,0.0,0.0
13135,3,EW_GREEN,0.0,0.0
13140,3,EW_GREEN,1.0,0.0
13145,3,EW_GREEN,1.0,0.0
13150,3,EW_YELLOW,1.0,0.0
13155,3,NS_GREEN,1.0,1.0
13160,3,NS_GREEN,0.0,1.0
13165,3,NS_GREEN,0.0,1.0
13170,3,NS_GREEN,0.0,1.0
13175,3,NS_GREEN,0.0,1.0
13180,3,NS_GREEN,0.0,1.0
13185,3,NS_YELLOW,0.0,1.0
13190,3,EW_GREEN,0.0,1.0
13195,3,EW_GREEN,0.0,0.0
13200,3,EW_GREEN,0.0,0.0
13205,3,EW_GREEN,0.0,0.0
13210,3,EW_GREEN,0.0,0.0
13215,3,EW_GREEN,0.0,0.0
13220,3,EW_YELLOW,1.0,0.0
13225,3,NS_GREEN,1.0,0.0
13230,3,NS_GREEN,0.0,1.0
13235,3,NS_GREEN,0.0,1.0
13240,3,NS_GREEN,0.0,1.0
13245,3,NS_GREEN,0.0,2.0
13250,3,NS_GREEN,0.0,3.0
13255,3,NS_YELLOW,0.0,3.0
13260,3,EW_GREEN,0.0,3.0
13265,3,EW_GREEN,0.0,0.5
13270,3,EW_GREEN,0.0,0.0
13275,3,EW_GREEN,0.0,0.0
13280,3,EW_GREEN,0.0,0.0
13285,3,EW_GREEN,0.0,0.0
13290,3,EW_YELLOW,0.0,0.0
13295,3,NS_GREEN,0.0,0.0
13300,3,NS_GREEN,0.0,0.0
13305,3,NS_GREEN,0.0,0.0
13310,3,NS_GREEN,0.0,0.0
13315,3,NS_GREEN,0.0,0.0
13320,3,NS_GREEN,0.0,0.0
13325,3,NS_YELLOW,0.0,0.0
13330,3,EW_GREEN,1.0,0.0
13335,3,EW_GREEN,1.0,0.0
13340,3,EW_GREEN,1.0,0.0
13345,3,EW_GREEN,1.0,0.0
13350,3,EW_GREEN,1.0,0.0
13355,3,EW_GREEN,2.0,0.0
13360,3,EW_YELLOW,2.0,0.0
13365,3,NS_GREEN,3.0,0.0
13370,3,NS_GREEN,0.5,0.0
13375,3,NS_GREEN,0.0,0.0
13380,3,NS_GREEN,0.0,0.0
13385,3,NS_GREEN,0.0,0.0
13390,3,NS_GREEN,0.0,0.0
13395,3,NS_YELLOW,0.0,0.0
13400,3,EW_GREEN,0.0,0.0
13405,3,EW_GREEN,0.0,0.0
13410,3,EW_GREEN,0.0,0.0
13415,3,EW_GREEN,0.0,0.0
13420,3,EW_GREEN,0.0,0.0
13425,3,EW_GREEN,0.0,0.0
13430,3,EW_YELLOW,0.0,0.0
13435,3,NS_GREEN,0.0,0.0
13440,3,NS_GREEN,0.0,0.0
13445,3,NS_GREEN,0.0,0.0
13450,3,NS_GREEN,0.0,0.0
13455,3,NS_GREEN,0.0,1.0
13460,3,NS_GREEN,0.0,1.0
13465,3,NS_YELLOW,0.0,1.0
13470,3,EW_GREEN,0.0,1.0
13475,3,EW_GREEN,0.0,0.0
13480,3,EW_GREEN,0.0,0.0
13485,3,EW_GREEN,0.0,0.0
13490,3,EW_GREEN,1.0,0.0
13495,3,EW_GREEN,1.0,0.0
13500,3,EW_YELLOW,1.0,0.0
13505,3,NS_GREEN,1.0,0.0
13510,3,NS_GREEN,0.0,0.0
13515,3,NS_GREEN,0.0,0.0
13520,3,NS_GREEN,0.0,0.0
13525,3,NS_GREEN,0.0,0.0
13530,3,NS_GREEN,0.0,1.0
13535,3,NS_YELLOW,0.0,1.0
13540,3,EW_GREEN,0.0,1.0
13545,3,EW_GREEN,0.0,0.0
13550,3,EW_GREEN,0.0,0.0
13555,3,EW_GREEN,0.0,0.0
13560,3,EW_GREEN,0.0,0.0
13565,3,EW_GREEN,0.0,0.0
13570,3,EW_YELLOW,0.0,0.0
13575,3,NS_GREEN,0.0,1.0
13580,3,NS_GREEN,0.0,2.0
13585,3,NS_GREEN,0.0,2.0
13590,3,NS_GREEN,0.0,2.0
13595,3,NS_GREEN,0.0,2.0
13600,3,NS_GREEN,0.0,2.0
13605,3,NS_YELLOW,0.0,2.0
13610,3,EW_GREEN,1.0,2.0
13615,3,EW_GREEN,1.0,0.0
13620,3,EW_GREEN,1.0,0.0
13625,3,EW_GREEN,1.0,0.0
13630,3,EW_GREEN,1.0,0.0
13635,3,EW_GREEN,1.0,0.0
13640,3,EW_YELLOW,1.0,0.0
13645,3,NS_GREEN,1.0,0.0
13650,3,NS_GREEN,0.0,0.0
13655,3,NS_GREEN,0.0,0.0
13660,3,NS_GREEN,0.0,0.0
13665,3,NS_GREEN,0.0,0.0
13670,3,NS_GREEN,0.0,0.0
13675,3,NS_YELLOW,0.0,0.0
13680,3,EW_GREEN,1.0,0.0
13685,3,EW_GREEN,2.0,0.0
13690,3,EW_GREEN,2.0,0.0
13695,3,EW_GREEN,2.0,0.0
13700,3,EW_GREEN,2.0,0.0
13705,3,EW_GREEN,2.0,0.0
13710,3,EW_YELLOW,2.0,0.0
13715,3,NS_GREEN,2.0,0.0
13720,3,NS_GREEN,0.0,0.0
13725,3,NS_GREEN,0.0,0.0
13730,3,NS_GREEN,0.0,0.0
13735,3,NS_GREEN,0.0,0.0
13740,3,NS_GREEN,0.0,0.0
13745,3,NS_YELLOW,0.0,0.0
13750,3,EW_GREEN,0.0,1.0
13755,3,EW_GREEN,0.0,0.0
13760,3,EW_GREEN,0.0,0.0
13765,3,EW_GREEN,0.0,0.0
13770,3,EW_GREEN,0.0,0.0
13775,3,EW_GREEN,1.0,0.0
13780,3,EW_YELLOW,1.0,0.0
13785,3,NS_GREEN,2.0,0.0
13790,3,NS_GREEN,0.0,0.0
13795,3,NS_GREEN,0.0,0.0
13800,3,NS_GREEN,0.0,0.0
13805,3,NS_GREEN,0.0,0.0
13810,3,NS_GREEN,0.0,1.0
13815,3,NS_YELLOW,0.0,2.0
13820,3,EW_GREEN,0.0,2.0
13825,3,EW_GREEN,0.0,0.0
13830,3,EW_GREEN,0.0,0.0
13835,3,EW_GREEN,0.0,0.0
13840,3,EW_GREEN,0.0,0.0
13845,3,EW_GREEN,0.0,0.0
13850,3,EW_YELLOW,1.0,0.0
13855,3,NS_GREEN,1.0,0.0
13860,3,NS_GREEN,0.0,1.0
13865,3,NS_GREEN,0.0,2.0
13870,3,NS_GREEN,0.0,2.0
13875,3,NS_GREEN,0.0,2.0
13880,3,NS_GREEN,0.0,2.0
13885,3,NS_YELLOW,0.0,2.0
13890,3,EW_GREEN,1.0,2.0
13895,3,EW_GREEN,1.0,0.0
13900,3,EW_GREEN,1.0,0.0
13905,3,EW_GREEN,1.0,0.0
13910,3,EW_GREEN,1.0,0.0
13915,3,EW_GREEN,1.0,0.0
13920,3,EW_YELLOW,1.0,0.0
13925,3,NS_GREEN,1.0,1.0
13930,3,NS_GREEN,0.0,1.0
13935,3,NS_GREEN,0.0,1.0
13940,3,NS_GREEN,0.0,1.0
13945,3,NS_GREEN,0.0,1.0
13950,3,NS_GREEN,0.0,1.0
13955,3,NS_YELLOW,0.0,1.0
13960,3,EW_GREEN,0.0,2.0
13965,3,EW_GREEN,0.0,0.0
13970,3,EW_GREEN,0.0,0.0
13975,3,EW_GREEN,0.0,0.0
13980,3,EW_GREEN,1.0,0.0
13985,3,EW_GREEN,1.0,0.0
13990,3,EW_YELLOW,1.0,0.0
13995,3,NS_GREEN,1.0,0.0
14000,3,NS_GREEN,0.0,0.0
14005,3,NS_GREEN,0.0,0.0
14010,3,NS_GREEN,0.0,0.0
14015,3,NS_GREEN,0.0,0.0
14020,3,NS_GREEN,0.0,0.0
14025,3,NS_YELLOW,0.0,0.0
14030,3,EW_GREEN,0.0,0.0
14035,3,EW_GREEN,0.0,0.0
14040,3,EW_GREEN,0.0,0.0
14045,3,EW_GREEN,0.0,0.0
14050,3,EW_GREEN,1.0,0.0
14055,3,EW_GREEN,1.0,0.0
14060,3,EW_YELLOW,2.0,0.0
14065,3,NS_GREEN,2.0,0.0
14070,3,NS_GREEN,0.0,1.0
14075,3,NS_GREEN,0.0,1.0
14080,3,NS_GREEN,0.0,1.0
14085,3,NS_GREEN,0.0,2.0
14090,3,NS_GREEN,0.0,2.0
14095,3,NS_YELLOW,0.0,3.0
14100,3,EW_GREEN,0.0,3.0
14105,3,EW_GREEN,0.0,0.5
14110,3,EW_GREEN,0.0,0.0
14115,3,EW_GREEN,1.0,0.0
14120,3,EW_GREEN,1.0,0.0
14125,3,EW_GREEN,1.0,0.0
14130,3,EW_YELLOW,1.0,0.0
14135,3,NS_GREEN,2.0,0.0
14140,3,NS_GREEN,0.0,0.0
14145,3,NS_GREEN,0.0,0.0
14150,3,NS_GREEN,0.0,0.0
14155,3,NS_GREEN,0.0,0.0
14160,3,NS_GREEN,0.0,0.0
14165,3,NS_YELLOW,0.0,0.0
14170,3,EW_GREEN,1.0,0.0
14175,3,EW_GREEN,1.0,0.0
14180,3,EW_GREEN,1.0,0.0
14185,3,EW_GREEN,1.0,0.0
14190,3,EW_GREEN,1.0,0.0
14195,3,EW_GREEN,1.0,0.0
14200,3,EW_YELLOW,1.0,0.0
14205,3,NS_GREEN,1.0,0.0
14210,3,NS_GREEN,0.0,0.0
14215,3,NS_GREEN,0.0,0.0
14220,3,NS_GREEN,0.0,0.0
14225,3,NS_GREEN,0.0,0.0
14230,3,NS_GREEN,0.0,0.0
14235,3,NS_YELLOW,0.0,0.0
14240,3,EW_GREEN,0.0,0.0
14245,3,EW_GREEN,0.0,0.0
14250,3,EW_GREEN,0.0,0.0
14255,3,EW_GREEN,0.0,0.0
14260,3,EW_GREEN,0.0,0.0
14265,3,EW_GREEN,0.0,0.0
14270,3,EW_YELLOW,0.0,0.0
14275,3,NS_GREEN,0.0,0.0
14280,3,NS_GREEN,0.0,0.0
14285,3,NS_GREEN,0.0,0.0
14290,3,NS_GREEN,0.0,0.0
14295,3,NS_GREEN,0.0,0.0
14300,3,NS_GREEN,0.0,0.0
14305,3,NS_YELLOW,0.0,0.0
14310,3,EW_GREEN,1.0,0.0
14315,3,EW_GREEN,1.0,0.0
14320,3,EW_GREEN,1.0,0.0
14325,3,EW_GREEN,1.0,0.0
14330,3,EW_GREEN,1.0,0.0
14335,3,EW_GREEN,1.0,0.0
14340,3,EW_YELLOW,1.0,0.0
14345,3,NS_GREEN,2.0,0.0
14350,3,NS_GREEN,0.0,0.0
14355,3,NS_GREEN,0.0,0.0
14360,3,NS_GREEN,0.0,0.0
14365,3,NS_GREEN,0.0,0.0
14370,3,NS_GREEN,0.0,0.0
14375,3,NS_YELLOW,0.0,0.0
14380,3,EW_GREEN,1.0,0.0
14385,3,EW_GREEN,1.0,0.0
14390,3,EW_GREEN,1.0,0.0
14395,3,EW_GREEN,1.0,0.0
14400,4,EW_GREEN,1.0,0.0
14405,4,EW_GREEN,1.0,0.0
14410,4,EW_YELLOW,1.0,0.0
14415,4,NS_GREEN,1.0,1.0
14420,4,NS_GREEN,0.0,1.0
14425,4,NS_GREEN,0.0,1.0
14430,4,NS_GREEN,0.0,1.0
14435,4,NS_GREEN,0.0,1.0
14440,4,NS_GREEN,0.0,1.0
14445,4,NS_YELLOW,0.0,1.0
14450,4,EW_GREEN,0.0,1.0
14455,4,EW_GREEN,0.0,0.0
14460,4,EW_GREEN,1.0,0.0
14465,4,EW_GREEN,1.0,0.0
14470,4,EW_GREEN,1.0,0.0
14475,4,EW_GREEN,1.0,0.0
14480,4,EW_YELLOW,1.0,0.0
14485,4,NS_GREEN,1.0,0.0
14490,4,NS_GREEN,0.0,0.0
14495,4,NS_GREEN,0.0,0.0
14500,4,NS_GREEN,0.0,1.0
14505,4,NS_GREEN,0.0,1.0
14510,4,NS_GREEN,0.0,2.0
14515,4,NS_YELLOW,0.0,2.0
14520,4,EW_GREEN,0.0,2.0
14525,4,EW_GREEN,0.0,0.0
14530,4,EW_GREEN,0.0,0.0
14535,4,EW_GREEN,1.0,0.0
14540,4,EW_GREEN,2.0,0.0
14545,4,EW_GREEN,2.0,0.0
14550,4,EW_YELLOW,2.0,0.0
14555,4,NS_GREEN,2.0,0.0
14560,4,NS_GREEN,0.0,0.0
14565,4,NS_GREEN,0.0,1.0
14570,4,NS_GREEN,0.0,1.0
14575,4,NS_GREEN,0.0,1.0
14580,4,NS_GREEN,0.0,1.0
14585,4,NS_YELLOW,0.0,1.0
14590,4,EW_GREEN,0.0,1.0
14595,4,EW_GREEN,0.0,0.0
14600,4,EW_GREEN,0.0,0.0
14605,4,EW_GREEN,1.0,0.0
14610,4,EW_GREEN,1.0,0.0
14615,4,EW_GREEN,1.0,0.0
14620,4,EW_YELLOW,1.0,0.0
14625,4,NS_GREEN,1.0,0.0
14630,4,NS_GREEN,0.0,0.0
14635,4,NS_GREEN,0.0,0.0
14640,4,NS_GREEN,0.0,1.0
14645,4,NS_GREEN,0.0,1.0
14650,4,NS_GREEN,0.0,1.0
14655,4,NS_YELLOW,0.0,1.0
14660,4,EW_GREEN,0.0,1.0
14665,4,EW_GREEN,0.0,0.0
14670,4,EW_GREEN,0.0,0.0
14675,4,EW_GREEN,0.0,0.0
14680,4,EW_GREEN,0.0,0.0
14685,4,EW_GREEN,0.0,0.0
14690,4,EW_YELLOW,0.0,0.0
14695,4,NS_GREEN,0.0,0.0
14700,4,NS_GREEN,0.0,0.0
14705,4,NS_GREEN,0.0,0.0
14710,4,NS_GREEN,0.0,0.0
14715,4,NS_GREEN,0.0,0.0
14720,4,NS_GREEN,0.0,0.0
14725,4,NS_YELLOW,0.0,0.0
14730,4,EW_GREEN,0.0,0.0
14735,4,EW_GREEN,0.0,0.0
14740,4,EW_GREEN,0.0,0.0
14745,4,EW_GREEN,0.0,0.0
14750,4,EW_GREEN,0.0,0.0
14755,4,EW_GREEN,1.0,0.0
14760,4,EW_YELLOW,2.0,0.0
14765,4,NS_GREEN,2.0,0.0
14770,4,NS_GREEN,0.0,0.0
14775,4,NS_GREEN,0.0,0.0
14780,4,NS_GREEN,0.0,0.0
14785,4,NS_GREEN,0.0,1.0
14790,4,NS_GREEN,0.0,1.0
14795,4,NS_YELLOW,0.0,1.0
14800,4,EW_GREEN,1.0,1.0
14805,4,EW_GREEN,1.0,0.0
14810,4,EW_GREEN,1.0,0.0
14815,4,EW_GREEN,1.0,0.0
14820,4,EW_GREEN,1.0,0.0
14825,4,EW_GREEN,2.0,0.0
14830,4,EW_YELLOW,2.0,0.0
14835,4,NS_GREEN,2.0,0.0
14840,4,NS_GREEN,0.0,0.0
14845,4,NS_GREEN,0.0,0.0
14850,4,NS_GREEN,0.0,0.0
14855,4,NS_GREEN,0.0,0.0
14860,4,NS_GREEN,0.0,0.0
14865,4,NS_YELLOW,0.0,1.0
14870,4,EW_GREEN,0.0,1.0
14875,4,EW_GREEN,1.0,0.0
14880,4,EW_GREEN,1.0,0.0
14885,4,EW_GREEN,2.0,0.0
14890,4,EW_GREEN,2.0,0.0
14895,4,EW_GREEN,2.0,0.0
14900,4,EW_YELLOW,2.0,0.0
14905,4,NS_GREEN,2.0,0.0
14910,4,NS_GREEN,0.0,0.0
14915,4,NS_GREEN,0.0,1.0
14920,4,NS_GREEN,0.0,1.0
14925,4,NS_GREEN,0.0,1.0
14930,4,NS_GREEN,0.0,1.0
14935,4,NS_YELLOW,0.0,1.0
14940,4,EW_GREEN,1.0,1.0
14945,4,EW_GREEN,1.0,0.0
14950,4,EW_GREEN,1.0,0.0
14955,4,EW_GREEN,1.0,0.0
14960,4,EW_GREEN,2.0,0.0
14965,4,EW_GREEN,2.0,0.0
14970,4,EW_YELLOW,2.0,0.0
14975,4,NS_GREEN,3.0,0.0
14980,4,NS_GREEN,0.5,0.0
14985,4,NS_GREEN,0.0,0.0
14990,4,NS_GREEN,0.0,0.0
14995,4,NS_GREEN,0.0,0.0
15000,4,NS_GREEN,0.0,0.0
15005,4,NS_YELLOW,0.0,0.0
15010,4,EW_GREEN,0.0,0.0
15015,4,EW_GREEN,0.0,0.0
15020,4,EW_GREEN,0.0,0.0
15025,4,EW_GREEN,0.0,0.0
15030,4,EW_GREEN,0.0,0.0
15035,4,EW_GREEN,0.0,0.0
15040,4,EW_YELLOW,1.0,0.0
15045,4,NS_GREEN,1.0,1.0
15050,4,NS_GREEN,0.0,1.0
15055,4,NS_GREEN,0.0,2.0
15060,4,NS_GREEN,0.0,2.0
15065,4,NS_GREEN,0.0,2.0
15070,4,NS_GREEN,0.0,3.0
15075,4,NS_YELLOW,0.0,3.0
15080,4,EW_GREEN,0.0,3.0
15085,4,EW_GREEN,0.0,0.5
15090,4,EW_GREEN,0.0,0.0
15095,4,EW_GREEN,1.0,0.0
15100,4,EW_GREEN,1.0,0.0
15105,4,EW_GREEN,1.0,0.0
15110,4,EW_YELLOW,1.0,0.0
15115,4,NS_GREEN,2.0,0.0
15120,4,NS_GREEN,0.0,0.0
15125,4,NS_GREEN,0.0,0.0
15130,4,NS_GREEN,0.0,0.0
15135,4,NS_GREEN,0.0,0.0
15140,4,NS_GREEN,0.0,0.0
15145,4,NS_YELLOW,0.0,0.0
15150,4,EW_GREEN,0.0,0.0
15155,4,EW_GREEN,0.0,0.0
15160,4,EW_GREEN,0.0,0.0
15165,4,EW_GREEN,0.0,0.0
15170,4,EW_GREEN,1.0,0.0
15175,4,EW_GREEN,1.0,0.0
15180,4,EW_YELLOW,1.0,0.0
15185,4,NS_GREEN,1.0,1.0
15190,4,NS_GREEN,0.0,1.0
15195,4,NS_GREEN,0.0,1.0
15200,4,NS_GREEN,0.0,1.0
15205,4,NS_GREEN,0.0,1.0
15210,4,NS_GREEN,0.0,1.0
15215,4,NS_YELLOW,0.0,1.0
15220,4,EW_GREEN,0.0,2.0
15225,4,EW_GREEN,0.0,0.0
15230,4,EW_GREEN,0.0,0.0
15235,4,EW_GREEN,0.0,0.0
15240,4,EW_GREEN,1.0,0.0
15245,4,EW_GREEN,1.0,0.0
15250,4,EW_YELLOW,1.0,0.0
15255,4,NS_GREEN,1.0,0.0
15260,4,NS_GREEN,0.0,0.0
15265,4,NS_GREEN,0.0,1.0
15270,4,NS_GREEN,0.0,1.0
15275,4,NS_GREEN,0.0,1.0
15280,4,NS_GREEN,0.0,1.0
15285,4,NS_YELLOW,0.0,1.0
15290,4,EW_GREEN,0.0,1.0
15295,4,EW_GREEN,0.0,0.0
15300,4,EW_GREEN,1.0,0.0
15305,4,EW_GREEN,2.0,0.0
15310,4,EW_GREEN,2.0,0.0
15315,4,EW_GREEN,2.0,0.0
15320,4,EW_YELLOW,2.0,0.0
15325,4,NS_GREEN,2.0,0.0
15330,4,NS_GREEN,0.0,1.0
15335,4,NS_GREEN,0.0,2.0
15340,4,NS_GREEN,0.0,2.0
15345,4,NS_GREEN,0.0,2.0
15350,4,NS_GREEN,0.0,2.0
15355,4,NS_YELLOW,0.0,2.0
15360,4,EW_GREEN,0.0,2.0
15365,4,EW_GREEN,0.0,0.0
15370,4,EW_GREEN,0.0,0.0
15375,4,EW_GREEN,0.0,0.0
15380,4,EW_GREEN,1.0,0.0
15385,4,EW_GREEN,1.0,0.0
15390,4,EW_YELLOW,1.0,0.0
15395,4,NS_GREEN,2.0,0.0
15400,4,NS_GREEN,0.0,0.0
15405,4,NS_GREEN,0.0,0.0
15410,4,NS_GREEN,0.0,0.0
15415,4,NS_GREEN,0.0,0.0
15420,4,NS_GREEN,0.0,0.0
15425,4,NS_YELLOW,0.0,0.0
15430,4,EW_GREEN,1.0,0.0
15435,4,EW_GREEN,1.0,0.0
15440,4,EW_GREEN,1.0,0.0
15445,4,EW_GREEN,1.0,0.0
15450,4,EW_GREEN,1.0,0.0
15455,4,EW_GREEN,2.0,0.0
15460,4,EW_YELLOW,3.0,0.0
15465,4,NS_GREEN,3.0,0.0
15470,4,NS_GREEN,1.5,0.0
15475,4,NS_GREEN,0.0,0.0
15480,4,NS_GREEN,0.0,0.0
15485,4,NS_GREEN,0.0,0.0
15490,4,NS_GREEN,0.0,0.0
15495,4,NS_YELLOW,0.0,1.0
15500,4,EW_GREEN,0.0,1.0
15505,4,EW_GREEN,0.0,0.0
15510,4,EW_GREEN,1.0,0.0
15515,4,EW_GREEN,1.0,0.0
15520,4,EW_GREEN,1.0,0.0
15525,4,EW_GREEN,1.0,0.0
15530,4,EW_YELLOW,1.0,0.0
15535,4,NS_GREEN,1.0,0.0
15540,4,NS_GREEN,0.0,0.0
15545,4,NS_GREEN,0.0,0.0
15550,4,NS_GREEN,0.0,0.0
15555,4,NS_GREEN,0.0,0.0
15560,4,NS_GREEN,0.0,0.0
15565,4,NS_YELLOW,0.0,0.0
15570,4,EW_GREEN,0.0,0.0
15575,4,EW_GREEN,0.0,0.0
15580,4,EW_GREEN,0.0,0.0
15585,4,EW_GREEN,0.0,0.0
15590,4,EW_GREEN,0.0,0.0
15595,4,EW_GREEN,0.0,0.0
15600,4,EW_YELLOW,0.0,0.0
15605,4,NS_GREEN,0.0,0.0
15610,4,NS_GREEN,0.0,0.0
15615,4,NS_GREEN,0.0,0.0
15620,4,NS_GREEN,0.0,1.0
15625,4,NS_GREEN,0.0,1.0
15630,4,NS_GREEN,0.0,2.0
15635,4,NS_YELLOW,0.0,2.0
15640,4,EW_GREEN,0.0,2.0
15645,4,EW_GREEN,0.0,0.0
15650,4,EW_GREEN,1.0,0.0
15655,4,EW_GREEN,1.0,0.0
15660,4,EW_GREEN,1.0,0.0
15665,4,EW_GREEN,1.0,0.0
15670,4,EW_YELLOW,1.0,0.0
15675,4,NS_GREEN,1.0,0.0
15680,4,NS_GREEN,0.0,0.0
15685,4,NS_GREEN,0.0,0.0
15690,4,NS_GREEN,0.0,0.0
15695,4,NS_GREEN,0.0,0.0
15700,4,NS_GREEN,0.0,0.0
15705,4,NS_YELLOW,0.0,0.0
15710,4,EW_GREEN,0.0,0.0
15715,4,EW_GREEN,0.0,0.0
15720,4,EW_GREEN,0.0,0.0
15725,4,EW_GREEN,1.0,0.0
15730,4,EW_GREEN,1.0,0.0
15735,4,EW_GREEN,1.0,0.0
15740,4,EW_YELLOW,1.0,0.0
15745,4,NS_GREEN,1.0,0.0
15750,4,NS_GREEN,0.0,0.0
15755,4,NS_GREEN,0.0,0.0
15760,4,NS_GREEN,0.0,0.0
15765,4,NS_GREEN,0.0,0.0
15770,4,NS_GREEN,0.0,0.0
15775,4,NS_YELLOW,0.0,0.0
15780,4,EW_GREEN,0.0,0.0
15785,4,EW_GREEN,0.0,0.0
15790,4,EW_GREEN,0.0,0.0
15795,4,EW_GREEN,0.0,0.0
15800,4,EW_GREEN,0.0,0.0
15805,4,EW_GREEN,0.0,0.0
15810,4,EW_YELLOW,1.0,0.0
15815,4,NS_GREEN,1.0,0.0
15820,4,NS_GREEN,0.0,1.0
15825,4,NS_GREEN,0.0,1.0
15830,4,NS_GREEN,0.0,1.0
15835,4,NS_GREEN,0.0,1.0
15840,4,NS_GREEN,0.0,1.0
15845,4,NS_YELLOW,0.0,1.0
15850,4,EW_GREEN,0.0,1.0
15855,4,EW_GREEN,0.0,0.0
15860,4,EW_GREEN,0.0,0.0
15865,4,EW_GREEN,0.0,0.0
15870,4,EW_GREEN,0.0,0.0
15875,4,EW_GREEN,1.0,0.0
15880,4,EW_YELLOW,2.0,0.0
15885,4,NS_GREEN,2.0,0.0
15890,4,NS_GREEN,0.0,0.0
15895,4,NS_GREEN,0.0,0.0
15900,4,NS_GREEN,0.0,0.0
15905,4,NS_GREEN,0.0,0.0
15910,4,NS_GREEN,0.0,0.0
15915,4,NS_YELLOW,0.0,0.0
15920,4,EW_GREEN,0.0,0.0
15925,4,EW_GREEN,0.0,0.0
15930,4,EW_GREEN,0.0,0.0
15935,4,EW_GREEN,0.0,0.0
15940,4,EW_GREEN,0.0,0.0
15945,4,EW_GREEN,0.0,0.0
15950,4,EW_YELLOW,0.0,0.0
15955,4,NS_GREEN,1.0,0.0
15960,4,NS_GREEN,0.0,0.0
15965,4,NS_GREEN,0.0,0.0
15970,4,NS_GREEN,0.0,0.0
15975,4,NS_GREEN,0.0,0.0
15980,4,NS_GREEN,0.0,0.0
15985,4,NS_YELLOW,0.0,0.0
15990,4,EW_GREEN,0.0,0.0
15995,4,EW_GREEN,0.0,0.0
16000,4,EW_GREEN,0.0,0.0
16005,4,EW_GREEN,0.0,0.0
16010,4,EW_GREEN,1.0,0.0
16015,4,EW_GREEN,1.0,0.0
16020,4,EW_YELLOW,1.0,0.0
16025,4,NS_GREEN,2.0,0.0
16030,4,NS_GREEN,0.0,0.0
16035,4,NS_GREEN,0.0,0.0
16040,4,NS_GREEN,0.0,0.0
16045,4,NS_GREEN,0.0,0.0
16050,4,NS_GREEN,0.0,0.0
16055,4,NS_YELLOW,0.0,0.0
16060,4,EW_GREEN,0.0,0.0
16065,4,EW_GREEN,0.0,0.0
16070,4,EW_GREEN,0.0,0.0
16075,4,EW_GREEN,0.0,0.0
16080,4,EW_GREEN,0.0,0.0
16085,4,EW_GREEN,0.0,0.0
16090,4,EW_YELLOW,0.0,0.0
16095,4,NS_GREEN,1.0,0.0
16100,4,NS_GREEN,0.0,1.0
16105,4,NS_GREEN,0.0,2.0
16110,4,NS_GREEN,0.0,2.0
16115,4,NS_GREEN,0.0,2.0
16120,4,NS_GREEN,0.0,2.0
16125,4,NS_YELLOW,0.0,2.0
16130,4,EW_GREEN,0.0,2.0
16135,4,EW_GREEN,0.0,0.0
16140,4,EW_GREEN,0.0,0.0
16145,4,EW_GREEN,1.0,0.0
16150,4,EW_GREEN,1.0,0.0
16155,4,EW_GREEN,1.0,0.0
16160,4,EW_YELLOW,1.0,0.0
16165,4,NS_GREEN,1.0,1.0
16170,4,NS_GREEN,0.0,1.0
16175,4,NS_GREEN,0.0,1.0
16180,4,NS_GREEN,0.0,1.0
16185,4,NS_GREEN,0.0,1.0
16190,4,NS_GREEN,0.0,1.0
16195,4,NS_YELLOW,0.0,1.0
16200,4,EW_GREEN,0.0,1.0
16205,4,EW_GREEN,0.0,0.0
16210,4,EW_GREEN,0.0,0.0
16215,4,EW_GREEN,0.0,0.0
16220,4,EW_GREEN,0.0,0.0
16225,4,EW_GREEN,0.0,0.0
16230,4,EW_YELLOW,0.0,0.0
16235,4,NS_GREEN,0.0,0.0
16240,4,NS_GREEN,0.0,1.0
16245,4,NS_GREEN,0.0,1.0
16250,4,NS_GREEN,0.0,2.0
16255,4,NS_GREEN,0.0,3.0
16260,4,NS_GREEN,0.0,3.0
16265,4,NS_YELLOW,0.0,3.0
16270,4,EW_GREEN,0.0,3.0
16275,4,EW_GREEN,1.0,0.5
16280,4,EW_GREEN,1.0,0.0
16285,4,EW_GREEN,1.0,0.0
16290,4,EW_GREEN,1.0,0.0
16295,4,EW_GREEN,1.0,0.0
16300,4,EW_YELLOW,1.0,0.0
16305,4,NS_GREEN,1.0,0.0
16310,4,NS_GREEN,0.0,0.0
16315,4,NS_GREEN,0.0,0.0
16320,4,NS_GREEN,0.0,0.0
16325,4,NS_GREEN,0.0,0.0
16330,4,NS_GREEN,0.0,1.0
16335,4,NS_YELLOW,0.0,1.0
16340,4,EW_GREEN,0.0,1.0
16345,4,EW_GREEN,0.0,0.0
16350,4,EW_GREEN,0.0,0.0
16355,4,EW_GREEN,0.0,0.0
16360,4,EW_GREEN,0.0,0.0
16365,4,EW_GREEN,0.0,0.0
16370,4,EW_YELLOW,1.0,0.0
16375,4,NS_GREEN,1.0,0.0
16380,4,NS_GREEN,0.0,1.0
16385,4,NS_GREEN,0.0,1.0
16390,4,NS_GREEN,0.0,2.0
16395,4,NS_GREEN,0.0,2.0
16400,4,NS_GREEN,0.0,2.0
16405,4,NS_YELLOW,0.0,2.0
16410,4,EW_GREEN,0.0,2.0
16415,4,EW_GREEN,0.0,0.0
16420,4,EW_GREEN,0.0,0.0
16425,4,EW_GREEN,0.0,0.0
16430,4,EW_GREEN,1.0,0.0
16435,4,EW_GREEN,2.0,0.0
16440,4,EW_YELLOW,2.0,0.0
16445,4,NS_GREEN,2.0,0.0
16450,4,NS_GREEN,0.0,0.0
16455,4,NS_GREEN,0.0,1.0
16460,4,NS_GREEN,0.0,1.0
16465,4,NS_GREEN,0.0,2.0
16470,4,NS_GREEN,0.0,2.0
16475,4,NS_YELLOW,0.0,2.0
16480,4,EW_GREEN,0.0,2.0
16485,4,EW_GREEN,0.0,0.0
16490,4,EW_GREEN,1.0,0.0
16495,4,EW_GREEN,1.0,0.0
16500,4,EW_GREEN,1.0,0.0
16505,4,EW_GREEN,1.0,0.0
16510,4,EW_YELLOW,1.0,0.0
16515,4,NS_GREEN,2.0,0.0
16520,4,NS_GREEN,0.0,0.0
16525,4,NS_GREEN,0.0,0.0
16530,4,NS_GREEN,0.0,1.0
16535,4,NS_GREEN,0.0,1.0
16540,4,NS_GREEN,0.0,1.0
16545,4,NS_YELLOW,0.0,1.0
16550,4,EW_GREEN,1.0,1.0
16555,4,EW_GREEN,1.0,0.0
16560,4,EW_GREEN,1.0,0.0
16565,4,EW_GREEN,1.0,0.0
16570,4,EW_GREEN,1.0,0.0
16575,4,EW_GREEN,1.0,0.0
16580,4,EW_YELLOW,1.0,0.0
16585,4,NS_GREEN,1.0,0.0
16590,4,NS_GREEN,0.0,0.0
16595,4,NS_GREEN,0.0,0.0
16600,4,NS_GREEN,0.0,0.0
16605,4,NS_GREEN,0.0,0.0
16610,4,NS_GREEN,0.0,0.0
16615,4,NS_YELLOW,0.0,0.0
16620,4,EW_GREEN,0.0,0.0
16625,4,EW_GREEN,1.0,0.0
16630,4,EW_GREEN,1.0,0.0
16635,4,EW_GREEN,1.0,0.0
16640,4,EW_GREEN,1.0,0.0
16645,4,EW_GREEN,2.0,0.0
16650,4,EW_YELLOW,2.0,0.0
16655,4,NS_GREEN,2.0,0.0
16660,4,NS_GREEN,0.0,0.0
16665,4,NS_GREEN,0.0,0.0
16670,4,NS_GREEN,0.0,0.0
16675,4,NS_GREEN,0.0,0.0
16680,4,NS_GREEN,0.0,1.0
16685,4,NS_YELLOW,0.0,1.0
16690,4,EW_GREEN,0.0,1.0
16695,4,EW_GREEN,0.0,0.0
16700,4,EW_GREEN,0.0,0.0
16705,4,EW_GREEN,0.0,0.0
16710,4,EW_GREEN,0.0,0.0
16715,4,EW_GREEN,0.0,0.0
16720,4,EW_YELLOW,0.0,0.0
16725,4,NS_GREEN,0.0,0.0
16730,4,NS_GREEN,0.0,0.0
16735,4,NS_GREEN,0.0,0.0
16740,4,NS_GREEN,0.0,0.0
16745,4,NS_GREEN,0.0,0.0
16750,4,NS_GREEN,0.0,0.0
16755,4,NS_YELLOW,0.0,0.0
16760,4,EW_GREEN,0.0,0.0
16765,4,EW_GREEN,0.0,0.0
16770,4,EW_GREEN,0.0,0.0
16775,4,EW_GREEN,1.0,0.0
16780,4,EW_GREEN,1.0,0.0
16785,4,EW_GREEN,1.0,0.0
16790,4,EW_YELLOW,2.0,0.0
16795,4,NS_GREEN,2.0,0.0
16800,4,NS_GREEN,0.0,1.0
16805,4,NS_GREEN,0.0,1.0
16810,4,NS_GREEN,0.0,2.0
16815,4,NS_GREEN,0.0,3.0
16820,4,NS_GREEN,0.0,3.0
16825,4,NS_YELLOW,0.0,3.0
16830,4,EW_GREEN,0.0,3.0
16835,4,EW_GREEN,0.0,0.5
16840,4,EW_GREEN,0.0,0.0
16845,4,EW_GREEN,0.0,0.0
16850,4,EW_GREEN,0.0,0.0
16855,4,EW_GREEN,0.0,0.0
16860,4,EW_YELLOW,0.0,0.0
16865,4,NS_GREEN,0.0,1.0
16870,4,NS_GREEN,0.0,1.0
16875,4,NS_GREEN,0.0,1.0
16880,4,NS_GREEN,0.0,2.0
16885,4,NS_GREEN,0.0,2.0
16890,4,NS_GREEN,0.0,2.0
16895,4,NS_YELLOW,0.0,2.0
16900,4,EW_GREEN,0.0,2.0
16905,4,EW_GREEN,0.0,0.0
16910,4,EW_GREEN,0.0,0.0
16915,4,EW_GREEN,0.0,0.0
16920,4,EW_GREEN,0.0,0.0
16925,4,EW_GREEN,1.0,0.0
16930,4,EW_YELLOW,1.0,0.0
16935,4,NS_GREEN,1.0,0.0
16940,4,NS_GREEN,0.0,0.0
16945,4,NS_GREEN,0.0,1.0
16950,4,NS_GREEN,0.0,1.0
16955,4,NS_GREEN,0.0,1.0
16960,4,NS_GREEN,0.0,1.0
16965,4,NS_YELLOW,0.0,1.0
16970,4,EW_GREEN,0.0,1.0
16975,4,EW_GREEN,0.0,0.0
16980,4,EW_GREEN,0.0,0.0
16985,4,EW_GREEN,0.0,0.0
16990,4,EW_GREEN,0.0,0.0
16995,4,EW_GREEN,1.0,0.0
17000,4,EW_YELLOW,2.0,0.0
17005,4,NS_GREEN,2.0,0.0
17010,4,NS_GREEN,0.0,0.0
17015,4,NS_GREEN,0.0,0.0
17020,4,NS_GREEN,0.0,0.0
17025,4,NS_GREEN,0.0,1.0
17030,4,NS_GREEN,0.0,1.0
17035,4,NS_YELLOW,0.0,1.0
17040,4,EW_GREEN,0.0,1.0
17045,4,EW_GREEN,0.0,0.0
17050,4,EW_GREEN,0.0,0.0
17055,4,EW_GREEN,0.0,0.0
17060,4,EW_GREEN,0.0,0.0
17065,4,EW_GREEN,0.0,0.0
17070,4,EW_YELLOW,0.0,0.0
17075,4,NS_GREEN,0.0,1.0
17080,4,NS_GREEN,0.0,1.0
17085,4,NS_GREEN,0.0,1.0
17090,4,NS_GREEN,0.0,1.0
17095,4,NS_GREEN,0.0,1.0
17100,4,NS_GREEN,0.0,1.0
17105,4,NS_YELLOW,0.0,2.0
17110,4,EW_GREEN,0.0,2.0
17115,4,EW_GREEN,0.0,0.0
17120,4,EW_GREEN,0.0,0.0
17125,4,EW_GREEN,0.0,0.0
17130,4,EW_GREEN,0.0,0.0
17135,4,EW_GREEN,1.0,0.0
17140,4,EW_YELLOW,1.0,0.0
17145,4,NS_GREEN,1.0,0.0
17150,4,NS_GREEN,0.0,0.0
17155,4,NS_GREEN,0.0,1.0
17160,4,NS_GREEN,0.0,1.0
17165,4,NS_GREEN,0.0,1.0
17170,4,NS_GREEN,0.0,1.0
17175,4,NS_YELLOW,0.0,2.0
17180,4,EW_GREEN,0.0,2.0
17185,4,EW_GREEN,0.0,0.0
17190,4,EW_GREEN,0.0,0.0
17195,4,EW_GREEN,0.0,0.0
17200,4,EW_GREEN,0.0,0.0
17205,4,EW_GREEN,0.0,0.0
17210,4,EW_YELLOW,0.0,0.0
17215,4,NS_GREEN,0.0,0.0
17220,4,NS_GREEN,0.0,0.0
17225,4,NS_GREEN,0.0,0.0
17230,4,NS_GREEN,0.0,0.0
17235,4,NS_GREEN,0.0,0.0
17240,4,NS_GREEN,0.0,1.0
17245,4,NS_YELLOW,0.0,1.0
17250,4,EW_GREEN,0.0,1.0
17255,4,EW_GREEN,1.0,0.0
17260,4,EW_GREEN,1.0,0.0
17265,4,EW_GREEN,1.0,0.0
17270,4,EW_GREEN,1.0,0.0
17275,4,EW_GREEN,1.0,0.0
17280,4,EW_YELLOW,1.0,0.0
17285,4,NS_GREEN,1.0,0.0
17290,4,NS_GREEN,0.0,0.0
17295,4,NS_GREEN,0.0,0.0
17300,4,NS_GREEN,0.0,1.0
17305,4,NS_GREEN,0.0,1.0
17310,4,NS_GREEN,0.0,2.0
17315,4,NS_YELLOW,0.0,2.0
17320,4,EW_GREEN,0.0,2.0
17325,4,EW_GREEN,0.0,0.5
17330,4,EW_GREEN,0.0,0.0
17335,4,EW_GREEN,0.0,0.0
17340,4,EW_GREEN,0.0,0.0
17345,4,EW_GREEN,0.0,0.0
17350,4,EW_YELLOW,0.0,0.0
17355,4,NS_GREEN,0.0,1.0
17360,4,NS_GREEN,0.0,1.0
17365,4,NS_GREEN,0.0,1.0
17370,4,NS_GREEN,0.0,2.0
17375,4,NS_GREEN,0.0,2.0
17380,4,NS_GREEN,0.0,3.0
17385,4,NS_YELLOW,0.0,3.0
17390,4,EW_GREEN,0.0,3.0
17395,4,EW_GREEN,0.0,0.5
17400,4,EW_GREEN,0.0,0.0
17405,4,EW_GREEN,0.0,0.0
17410,4,EW_GREEN,0.0,0.0
17415,4,EW_GREEN,0.0,0.0
17420,4,EW_YELLOW,0.0,0.0
17425,4,NS_GREEN,0.0,0.0
17430,4,NS_GREEN,0.0,0.0
17435,4,NS_GREEN,0.0,0.0
17440,4,NS_GREEN,0.0,0.0
17445,4,NS_GREEN,0.0,1.0
17450,4,NS_GREEN,0.0,1.0
17455,4,NS_YELLOW,0.0,1.0
17460,4,EW_GREEN,0.0,1.0
17465,4,EW_GREEN,0.0,0.0
17470,4,EW_GREEN,0.0,0.0
17475,4,EW_GREEN,0.0,0.0
17480,4,EW_GREEN,0.0,0.0
17485,4,EW_GREEN,0.0,0.0
17490,4,EW_YELLOW,0.0,0.0
17495,4,NS_GREEN,0.0,0.0
17500,4,NS_GREEN,0.0,0.0
17505,4,NS_GREEN,0.0,0.0
17510,4,NS_GREEN,0.0,0.0
17515,4,NS_GREEN,0.0,1.0
17520,4,NS_GREEN,0.0,1.0
17525,4,NS_YELLOW,0.0,1.0
17530,4,EW_GREEN,0.0,1.0
17535,4,EW_GREEN,0.0,0.0
17540,4,EW_GREEN,0.0,0.0
17545,4,EW_GREEN,0.0,0.0
17550,4,EW_GREEN,0.0,0.0
17555,4,EW_GREEN,0.0,0.0
17560,4,EW_YELLOW,0.0,0.0
17565,4,NS_GREEN,1.0,0.0
17570,4,NS_GREEN,0.0,0.0
17575,4,NS_GREEN,0.0,0.0
17580,4,NS_GREEN,0.0,0.0
17585,4,NS_GREEN,0.0,0.0
17590,4,NS_GREEN,0.0,0.0
17595,4,NS_YELLOW,0.0,0.0
17600,4,EW_GREEN,0.0,0.0
17605,4,EW_GREEN,0.0,0.0
17610,4,EW_GREEN,0.0,0.0
17615,4,EW_GREEN,0.0,0.0
17620,4,EW_GREEN,0.0,0.0
17625,4,EW_GREEN,0.0,0.0
17630,4,EW_YELLOW,0.0,0.0
17635,4,NS_GREEN,0.0,0.0
17640,4,NS_GREEN,0.0,0.0
17645,4,NS_GREEN,0.0,0.0
17650,4,NS_GREEN,0.0,0.0
17655,4,NS_GREEN,0.0,0.0
17660,4,NS_GREEN,0.0,0.0
17665,4,NS_YELLOW,0.0,0.0
17670,4,EW_GREEN,0.0,0.0
17675,4,EW_GREEN,0.0,0.0
17680,4,EW_GREEN,0.0,0.0
17685,4,EW_GREEN,0.0,0.0
17690,4,EW_GREEN,0.0,0.0
17695,4,EW_GREEN,0.0,0.0
17700,4,EW_YELLOW,0.0,0.0
17705,4,NS_GREEN,0.0,0.0
17710,4,NS_GREEN,0.0,1.0
17715,4,NS_GREEN,0.0,1.0
17720,4,NS_GREEN,0.0,2.0
17725,4,NS_GREEN,0.0,2.0
17730,4,NS_GREEN,0.0,2.0
17735,4,NS_YELLOW,0.0,2.0
17740,4,EW_GREEN,0.0,3.0
17745,4,EW_GREEN,0.0,0.5
17750,4,EW_GREEN,1.0,0.0
17755,4,EW_GREEN,1.0,0.0
17760,4,EW_GREEN,1.0,0.0
17765,4,EW_GREEN,2.0,0.0
17770,4,EW_YELLOW,2.0,0.0
17775,4,NS_GREEN,2.0,0.0
17780,4,NS_GREEN,0.0,0.0
17785,4,NS_GREEN,0.0,0.0
17790,4,NS_GREEN,0.0,1.0
17795,4,NS_GREEN,0.0,1.0
17800,4,NS_GREEN,0.0,1.0
17805,4,NS_YELLOW,0.0,1.0
17810,4,EW_GREEN,0.0,1.0
17815,4,EW_GREEN,1.0,0.0
17820,4,EW_GREEN,1.0,0.0
17825,4,EW_GREEN,1.0,0.0
17830,4,EW_GREEN,1.0,0.0
17835,4,EW_GREEN,1.0,0.0
17840,4,EW_YELLOW,1.0,0.0
17845,4,NS_GREEN,1.0,0.0
17850,4,NS_GREEN,0.0,0.0
17855,4,NS_GREEN,0.0,0.0
17860,4,NS_GREEN,0.0,0.0
17865,4,NS_GREEN,0.0,0.0
17870,4,NS_GREEN,0.0,0.0
17875,4,NS_YELLOW,0.0,1.0
17880,4,EW_GREEN,0.0,1.0
17885,4,EW_GREEN,0.0,0.0
17890,4,EW_GREEN,0.0,0.0
17895,4,EW_GREEN,0.0,0.0
17900,4,EW_GREEN,0.0,0.0
17905,4,EW_GREEN,0.0,0.0
17910,4,EW_YELLOW,0.0,0.0
17915,4,NS_GREEN,0.0,0.0
17920,4,NS_GREEN,0.0,0.0
17925,4,NS_GREEN,0.0,0.0
17930,4,NS_GREEN,0.0,0.0
17935,4,NS_GREEN,0.0,0.0
17940,4,NS_GREEN,0.0,0.0
17945,4,NS_YELLOW,0.0,0.0
17950,4,EW_GREEN,0.0,0.0
17955,4,EW_GREEN,0.0,0.0
17960,4,EW_GREEN,0.0,0.0
17965,4,EW_GREEN,0.0,0.0
17970,4,EW_GREEN,0.0,0.0
17975,4,EW_GREEN,0.0,0.0
17980,4,EW_YELLOW,0.0,0.0
17985,4,NS_GREEN,0.0,0.0
17990,4,NS_GREEN,0.0,0.0
17995,4,NS_GREEN,0.0,0.0
18000,5,NS_GREEN,0.0,1.0
18005,5,NS_GREEN,0.0,2.0
18010,5,NS_GREEN,0.0,2.0
18015,5,NS_YELLOW,0.0,2.0
18020,5,EW_GREEN,0.0,2.0
18025,5,EW_GREEN,0.0,0.0
18030,5,EW_GREEN,0.0,0.0
18035,5,EW_GREEN,1.0,0.0
18040,5,EW_GREEN,1.0,0.0
18045,5,EW_GREEN,1.0,0.0
18050,5,EW_YELLOW,1.0,0.0
18055,5,NS_GREEN,2.0,0.0
18060,5,NS_GREEN,0.0,0.0
18065,5,NS_GREEN,0.0,1.0
18070,5,NS_GREEN,0.0,1.0
18075,5,NS_GREEN,0.0,1.0
18080,5,NS_GREEN,0.0,1.0
18085,5,NS_YELLOW,0.0,1.0
18090,5,EW_GREEN,0.0,1.0
18095,5,EW_GREEN,0.0,0.0
18100,5,EW_GREEN,0.0,0.0
18105,5,EW_GREEN,1.0,0.0
18110,5,EW_GREEN,1.0,0.0
18115,5,EW_GREEN,1.0,0.0
18120,5,EW_YELLOW,2.0,0.0
18125,5,NS_GREEN,2.0,0.0
18130,5,NS_GREEN,0.0,0.0
18135,5,NS_GREEN,0.0,0.0
18140,5,NS_GREEN,0.0,1.0
18145,5,NS_GREEN,0.0,1.0
18150,5,NS_GREEN,0.0,1.0
18155,5,NS_YELLOW,0.0,2.0
18160,5,EW_GREEN,0.0,3.0
18165,5,EW_GREEN,1.0,0.5
18170,5,EW_GREEN,1.0,0.0
18175,5,EW_GREEN,1.0,0.0
18180,5,EW_GREEN,1.0,0.0
18185,5,EW_GREEN,1.0,0.0
18190,5,EW_YELLOW,1.0,0.0
18195,5,NS_GREEN,1.0,0.0
18200,5,NS_GREEN,0.0,1.0
18205,5,NS_GREEN,0.0,1.0
18210,5,NS_GREEN,0.0,1.0
18215,5,NS_GREEN,0.0,1.0
18220,5,NS_GREEN,0.0,1.0
18225,5,NS_YELLOW,0.0,2.0
18230,5,EW_GREEN,1.0,2.0
18235,5,EW_GREEN,2.0,0.0
18240,5,EW_GREEN,3.0,0.0
18245,5,EW_GREEN,3.0,0.0
18250,5,EW_GREEN,4.0,0.0
18255,5,EW_GREEN,4.0,0.0
18260,5,EW_YELLOW,5.0,0.0
18265,5,NS_GREEN,5.0,0.0
18270,5,NS_GREEN,2.5,1.0
18275,5,NS_GREEN,0.0,1.0
18280,5,NS_GREEN,0.0,1.0
18285,5,NS_GREEN,0.0,1.0
18290,5,NS_GREEN,0.0,1.0
18295,5,NS_YELLOW,0.0,1.0
18300,5,EW_GREEN,0.0,1.0
18305,5,EW_GREEN,0.0,0.0
18310,5,EW_GREEN,1.0,0.0
18315,5,EW_GREEN,1.0,0.0
18320,5,EW_GREEN,2.0,0.0
18325,5,EW_GREEN,2.0,0.0
18330,5,EW_YELLOW,2.0,0.0
18335,5,NS_GREEN,2.0,0.0
18340,5,NS_GREEN,0.5,0.0
18345,5,NS_GREEN,0.0,0.0
18350,5,NS_GREEN,0.0,0.0
18355,5,NS_GREEN,0.0,0.0
18360,5,NS_GREEN,0.0,0.0
18365,5,NS_YELLOW,0.0,0.0
18370,5,EW_GREEN,0.0,0.0
18375,5,EW_GREEN,0.0,0.0
18380,5,EW_GREEN,0.0,0.0
18385,5,EW_GREEN,1.0,0.0
18390,5,EW_GREEN,1.0,0.0
18395,5,EW_GREEN,2.0,0.0
18400,5,EW_YELLOW,2.0,0.0
18405,5,NS_GREEN,2.0,0.0
18410,5,NS_GREEN,0.0,0.0
18415,5,NS_GREEN,0.0,0.0
18420,5,NS_GREEN,0.0,0.0
18425,5,NS_GREEN,0.0,0.0
18430,5,NS_GREEN,0.0,0.0
18435,5,NS_YELLOW,0.0,1.0
18440,5,EW_GREEN,0.0,1.0
18445,5,EW_GREEN,0.0,0.0
18450,5,EW_GREEN,0.0,0.0
18455,5,EW_GREEN,0.0,0.0
18460,5,EW_GREEN,0.0,0.0
18465,5,EW_GREEN,1.0,0.0
18470,5,EW_YELLOW,1.0,0.0
18475,5,NS_GREEN,1.0,1.0
18480,5,NS_GREEN,0.0,1.0
18485,5,NS_GREEN,0.0,2.0
18490,5,NS_GREEN,0.0,2.0
18495,5,NS_GREEN,0.0,2.0
18500,5,NS_GREEN,0.0,2.0
18505,5,NS_YELLOW,0.0,2.0
18510,5,EW_GREEN,0.0,2.0
18515,5,EW_GREEN,0.0,0.0
18520,5,EW_GREEN,1.0,0.0
18525,5,EW_GREEN,1.0,0.0
18530,5,EW_GREEN,1.0,0.0
18535,5,EW_GREEN,1.0,0.0
18540,5,EW_YELLOW,1.0,0.0
18545,5,NS_GREEN,2.0,0.0
18550,5,NS_GREEN,0.5,0.0
18555,5,NS_GREEN,0.0,0.0
18560,5,NS_GREEN,0.0,0.0
18565,5,NS_GREEN,0.0,0.0
18570,5,NS_GREEN,0.0,0.0
18575,5,NS_YELLOW,0.0,0.0
18580,5,EW_GREEN,1.0,0.0
18585,5,EW_GREEN,2.0,0.0
18590,5,EW_GREEN,3.0,0.0
18595,5,EW_GREEN,3.0,0.0
18600,5,EW_GREEN,3.0,0.0
18605,5,EW_GREEN,4.0,0.0
18610,5,EW_YELLOW,4.0,0.0
18615,5,NS_GREEN,4.0,0.0
18620,5,NS_GREEN,1.5,1.0
18625,5,NS_GREEN,0.0,1.0
18630,5,NS_GREEN,0.0,1.0
18635,5,NS_GREEN,0.0,1.0
18640,5,NS_GREEN,0.0,1.0
18645,5,NS_YELLOW,0.0,1.0
18650,5,EW_GREEN,0.0,1.0
18655,5,EW_GREEN,0.0,0.0
18660,5,EW_GREEN,0.0,0.0
18665,5,EW_GREEN,0.0,0.0
18670,5,EW_GREEN,0.0,0.0
18675,5,EW_GREEN,0.0,0.0
18680,5,EW_YELLOW,0.0,0.0
18685,5,NS_GREEN,0.0,0.0
18690,5,NS_GREEN,0.0,1.0
18695,5,NS_GREEN,0.0,1.0
18700,5,NS_GREEN,0.0,2.0
18705,5,NS_GREEN,0.0,2.0
18710,5,NS_GREEN,0.0,2.0
18715,5,NS_YELLOW,0.0,2.0
18720,5,EW_GREEN,0.0,2.0
18725,5,EW_GREEN,1.0,0.0
18730,5,EW_GREEN,1.0,0.0
18735,5,EW_GREEN,1.0,0.0
18740,5,EW_GREEN,2.0,0.0
18745,5,EW_GREEN,2.0,0.0
18750,5,EW_YELLOW,2.0,0.0
18755,5,NS_GREEN,3.0,1.0
18760,5,NS_GREEN,0.5,1.0
18765,5,NS_GREEN,0.0,1.0
18770,5,NS_GREEN,0.0,1.0
18775,5,NS_GREEN,0.0,1.0
18780,5,NS_GREEN,0.0,2.0
18785,5,NS_YELLOW,0.0,2.0
18790,5,EW_GREEN,0.0,2.0
18795,5,EW_GREEN,0.0,0.5
18800,5,EW_GREEN,0.0,0.0
18805,5,EW_GREEN,0.0,0.0
18810,5,EW_GREEN,0.0,0.0
18815,5,EW_GREEN,0.0,0.0
18820,5,EW_YELLOW,0.0,0.0
18825,5,NS_GREEN,1.0,1.0
18830,5,NS_GREEN,0.0,1.0
18835,5,NS_GREEN,0.0,1.0
18840,5,NS_GREEN,0.0,1.0
18845,5,NS_GREEN,0.0,1.0
18850,5,NS_GREEN,0.0,2.0
18855,5,NS_YELLOW,0.0,2.0
18860,5,EW_GREEN,1.0,3.0
18865,5,EW_GREEN,1.0,0.5
18870,5,EW_GREEN,1.0,0.0
18875,5,EW_GREEN,1.0,0.0
18880,5,EW_GREEN,1.0,0.0
18885,5,EW_GREEN,1.0,0.0
18890,5,EW_YELLOW,2.0,0.0
18895,5,NS_GREEN,2.0,0.0
18900,5,NS_GREEN,0.0,0.0
18905,5,NS_GREEN,0.0,0.0
18910,5,NS_GREEN,0.0,0.0
18915,5,NS_GREEN,0.0,1.0
18920,5,NS_GREEN,0.0,2.0
18925,5,NS_YELLOW,0.0,2.0
18930,5,EW_GREEN,1.0,2.0
18935,5,EW_GREEN,2.0,0.0
18940,5,EW_GREEN,2.0,0.0
18945,5,EW_GREEN,2.0,0.0
18950,5,EW_GREEN,2.0,0.0
18955,5,EW_GREEN,3.0,0.0
18960,5,EW_YELLOW,3.0,0.0
18965,5,NS_GREEN,3.0,0.0
18970,5,NS_GREEN,0.5,1.0
18975,5,NS_GREEN,0.0,1.0
18980,5,NS_GREEN,0.0,1.0
18985,5,NS_GREEN,0.0,1.0
18990,5,NS_GREEN,0.0,2.0
18995,5,NS_YELLOW,0.0,2.0
19000,5,EW_GREEN,0.0,2.0
19005,5,EW_GREEN,0.0,0.0
19010,5,EW_GREEN,0.0,0.0
19015,5,EW_GREEN,1.0,0.0
19020,5,EW_GREEN,1.0,0.0
19025,5,EW_GREEN,1.0,0.0
19030,5,EW_YELLOW,1.0,0.0
19035,5,NS_GREEN,1.0,0.0
19040,5,NS_GREEN,0.0,0.0
19045,5,NS_GREEN,0.0,0.0
19050,5,NS_GREEN,0.0,0.0
19055,5,NS_GREEN,0.0,0.0
19060,5,NS_GREEN,0.0,0.0
19065,5,NS_YELLOW,0.0,0.0
19070,5,EW_GREEN,0.0,0.0
19075,5,EW_GREEN,0.0,0.0
19080,5,EW_GREEN,0.0,0.0
19085,5,EW_GREEN,0.0,0.0
19090,5,EW_GREEN,0.0,0.0
19095,5,EW_GREEN,1.0,0.0
19100,5,EW_YELLOW,1.0,0.0
19105,5,NS_GREEN,1.0,0.0
19110,5,NS_GREEN,0.0,0.0
19115,5,NS_GREEN,0.0,0.0
19120,5,NS_GREEN,0.0,0.0
19125,5,NS_GREEN,0.0,1.0
19130,5,NS_GREEN,0.0,1.0
19135,5,NS_YELLOW,0.0,1.0
19140,5,EW_GREEN,0.0,1.0
19145,5,EW_GREEN,0.0,0.0
19150,5,EW_GREEN,1.0,0.0
19155,5,EW_GREEN,1.0,0.0
19160,5,EW_GREEN,1.0,0.0
19165,5,EW_GREEN,1.0,0.0
19170,5,EW_YELLOW,1.0,0.0
19175,5,NS_GREEN,1.0,0.0
19180,5,NS_GREEN,0.0,0.0
19185,5,NS_GREEN,0.0,0.0
19190,5,NS_GREEN,0.0,0.0
19195,5,NS_GREEN,0.0,1.0
19200,5,NS_GREEN,0.0,1.0
19205,5,NS_YELLOW,0.0,1.0
19210,5,EW_GREEN,1.0,1.0
19215,5,EW_GREEN,1.0,0.0
19220,5,EW_GREEN,1.0,0.0
19225,5,EW_GREEN,2.0,0.0
19230,5,EW_GREEN,2.0,0.0
19235,5,EW_GREEN,2.0,0.0
19240,5,EW_YELLOW,2.0,0.0
19245,5,NS_GREEN,2.0,0.0
19250,5,NS_GREEN,0.0,0.0
19255,5,NS_GREEN,0.0,0.0
19260,5,NS_GREEN,0.0,1.0
19265,5,NS_GREEN,0.0,1.0
19270,5,NS_GREEN,0.0,1.0
19275,5,NS_YELLOW,0.0,1.0
19280,5,EW_GREEN,0.0,1.0
19285,5,EW_GREEN,1.0,0.0
19290,5,EW_GREEN,1.0,0.0
19295,5,EW_GREEN,1.0,0.0
19300,5,EW_GREEN,1.0,0.0
19305,5,EW_GREEN,2.0,0.0
19310,5,EW_YELLOW,2.0,0.0
19315,5,NS_GREEN,3.0,0.0
19320,5,NS_GREEN,0.5,0.0
19325,5,NS_GREEN,0.0,1.0
19330,5,NS_GREEN,0.0,1.0
19335,5,NS_GREEN,0.0,1.0
19340,5,NS_GREEN,0.0,1.0
19345,5,NS_YELLOW,0.0,2.0
19350,5,EW_GREEN,0.0,2.0
19355,5,EW_GREEN,0.0,0.0
19360,5,EW_GREEN,0.0,0.0
19365,5,EW_GREEN,1.0,0.0
19370,5,EW_GREEN,1.0,0.0
19375,5,EW_GREEN,2.0,0.0
19380,5,EW_YELLOW,3.0,0.0
19385,5,NS_GREEN,3.0,0.0
19390,5,NS_GREEN,0.5,0.0
19395,5,NS_GREEN,0.0,0.0
19400,5,NS_GREEN,0.0,1.0
19405,5,NS_GREEN,0.0,1.0
19410,5,NS_GREEN,0.0,1.0
19415,5,NS_YELLOW,0.0,1.0
19420,5,EW_GREEN,1.0,1.0
19425,5,EW_GREEN,1.0,0.0
19430,5,EW_GREEN,1.0,0.0
19435,5,EW_GREEN,1.0,0.0
19440,5,EW_GREEN,1.0,0.0
19445,5,EW_GREEN,1.0,0.0
19450,5,EW_YELLOW,1.0,0.0
19455,5,NS_GREEN,1.0,1.0
19460,5,NS_GREEN,0.0,1.0
19465,5,NS_GREEN,0.0,1.0
19470,5,NS_GREEN,0.0,1.0
19475,5,NS_GREEN,0.0,1.0
19480,5,NS_GREEN,0.0,1.0
19485,5,NS_YELLOW,0.0,2.0
19490,5,EW_GREEN,0.0,2.0
19495,5,EW_GREEN,0.0,0.0
19500,5,EW_GREEN,1.0,0.0
19505,5,EW_GREEN,1.0,0.0
19510,5,EW_GREEN,2.0,0.0
19515,5,EW_GREEN,2.0,0.0
19520,5,EW_YELLOW,2.0,0.0
19525,5,NS_GREEN,2.0,1.0
19530,5,NS_GREEN,0.5,1.0
19535,5,NS_GREEN,0.0,1.0
19540,5,NS_GREEN,0.0,1.0
19545,5,NS_GREEN,0.0,1.0
19550,5,NS_GREEN,0.0,1.0
19555,5,NS_YELLOW,0.0,1.0
19560,5,EW_GREEN,0.0,1.0
19565,5,EW_GREEN,0.0,0.0
19570,5,EW_GREEN,0.0,0.0
19575,5,EW_GREEN,1.0,0.0
19580,5,EW_GREEN,2.0,0.0
19585,5,EW_GREEN,3.0,0.0
19590,5,EW_YELLOW,3.0,0.0
19595,5,NS_GREEN,3.0,0.0
19600,5,NS_GREEN,0.5,0.0
19605,5,NS_GREEN,0.0,0.0
19610,5,NS_GREEN,0.0,0.0
19615,5,NS_GREEN,0.0,0.0
19620,5,NS_GREEN,0.0,1.0
19625,5,NS_YELLOW,0.0,1.0
19630,5,EW_GREEN,0.0,1.0
19635,5,EW_GREEN,0.0,0.0
19640,5,EW_GREEN,0.0,0.0
19645,5,EW_GREEN,1.0,0.0
19650,5,EW_GREEN,2.0,0.0
19655,5,EW_GREEN,3.0,0.0
19660,5,EW_YELLOW,3.0,0.0
19665,5,NS_GREEN,4.0,0.0
19670,5,NS_GREEN,1.5,1.0
19675,5,NS_GREEN,0.0,2.0
19680,5,NS_GREEN,0.0,2.0
19685,5,NS_GREEN,0.0,2.0
19690,5,NS_GREEN,0.0,2.0
19695,5,NS_YELLOW,0.0,3.0
19700,5,EW_GREEN,1.0,3.0
19705,5,EW_GREEN,1.0,0.5
19710,5,EW_GREEN,2.0,0.0
19715,5,EW_GREEN,3.0,0.0
19720,5,EW_GREEN,3.0,0.0
19725,5,EW_GREEN,4.0,0.0
19730,5,EW_YELLOW,4.0,0.0
19735,5,NS_GREEN,4.0,0.0
19740,5,NS_GREEN,1.5,0.0
19745,5,NS_GREEN,0.0,0.0
19750,5,NS_GREEN,0.0,0.0
19755,5,NS_GREEN,0.0,0.0
19760,5,NS_GREEN,0.0,0.0
19765,5,NS_YELLOW,0.0,0.0
19770,5,EW_GREEN,0.0,0.0
19775,5,EW_GREEN,0.0,0.0
19780,5,EW_GREEN,0.0,0.0
19785,5,EW_GREEN,1.0,0.0
19790,5,EW_GREEN,1.0,0.0
19795,5,EW_GREEN,2.0,0.0
19800,5,EW_YELLOW,2.0,0.0
19805,5,NS_GREEN,3.0,1.0
19810,5,NS_GREEN,0.5,1.0
19815,5,NS_GREEN,0.0,1.0
19820,5,NS_GREEN,0.0,1.0
19825,5,NS_GREEN,0.0,1.0
19830,5,NS_GREEN,0.0,1.0
19835,5,NS_YELLOW,0.0,2.0
19840,5,EW_GREEN,0.0,2.0
19845,5,EW_GREEN,0.0,0.0
19850,5,EW_GREEN,0.0,0.0
19855,5,EW_GREEN,0.0,0.0
19860,5,EW_GREEN,0.0,0.0
19865,5,EW_GREEN,0.0,0.0
19870,5,EW_YELLOW,0.0,0.0
19875,5,NS_GREEN,0.0,1.0
19880,5,NS_GREEN,0.0,2.0
19885,5,NS_GREEN,0.0,2.0
19890,5,NS_GREEN,0.0,2.0
19895,5,NS_GREEN,0.0,3.0
19900,5,NS_GREEN,0.0,3.0
19905,5,NS_YELLOW,0.0,3.0
19910,5,EW_GREEN,0.0,4.0
19915,5,EW_GREEN,0.0,2.5
19920,5,EW_GREEN,0.0,0.0
19925,5,EW_GREEN,0.0,0.0
19930,5,EW_GREEN,1.0,0.0
19935,5,EW_GREEN,1.0,0.0
19940,5,EW_YELLOW,1.0,0.0
19945,5,NS_GREEN,1.0,0.0
19950,5,NS_GREEN,0.0,0.0
19955,5,NS_GREEN,0.0,0.0
19960,5,NS_GREEN,0.0,0.0
19965,5,NS_GREEN,0.0,0.0
19970,5,NS_GREEN,0.0,0.0
19975,5,NS_YELLOW,0.0,0.0
19980,5,EW_GREEN,0.0,0.0
19985,5,EW_GREEN,1.0,0.0
19990,5,EW_GREEN,2.0,0.0
19995,5,EW_GREEN,2.0,0.0
20000,5,EW_GREEN,2.0,0.0
20005,5,EW_GREEN,3.0,0.0
20010,5,EW_YELLOW,3.0,0.0
20015,5,NS_GREEN,3.0,0.0
20020,5,NS_GREEN,0.5,1.0
20025,5,NS_GREEN,0.0,1.0
20030,5,NS_GREEN,0.0,1.0
20035,5,NS_GREEN,0.0,1.0
20040,5,NS_GREEN,0.0,1.0
20045,5,NS_YELLOW,0.0,1.0
20050,5,EW_GREEN,0.0,1.0
20055,5,EW_GREEN,0.0,0.0
20060,5,EW_GREEN,0.0,0.0
20065,5,EW_GREEN,0.0,0.0
20070,5,EW_GREEN,0.0,0.0
20075,5,EW_GREEN,0.0,0.0
20080,5,EW_YELLOW,0.0,0.0
20085,5,NS_GREEN,0.0,1.0
20090,5,NS_GREEN,0.0,1.0
20095,5,NS_GREEN,0.0,1.0
20100,5,NS_GREEN,0.0,1.0
20105,5,NS_GREEN,0.0,1.0
20110,5,NS_GREEN,0.0,2.0
20115,5,NS_YELLOW,0.0,3.0
20120,5,EW_GREEN,0.0,4.0
20125,5,EW_GREEN,1.0,1.5
20130,5,EW_GREEN,1.0,0.0
20135,5,EW_GREEN,1.0,0.0
20140,5,EW_GREEN,1.0,0.0
20145,5,EW_GREEN,1.0,0.0
20150,5,EW_YELLOW,1.0,0.0
20155,5,NS_GREEN,1.0,0.0
20160,5,NS_GREEN,0.0,1.0
20165,5,NS_GREEN,0.0,1.0
20170,5,NS_GREEN,0.0,1.0
20175,5,NS_GREEN,0.0,1.0
20180,5,NS_GREEN,0.0,1.0
20185,5,NS_YELLOW,0.0,1.0
20190,5,EW_GREEN,0.0,1.0
20195,5,EW_GREEN,0.0,0.0
20200,5,EW_GREEN,0.0,0.0
20205,5,EW_GREEN,0.0,0.0
20210,5,EW_GREEN,0.0,0.0
20215,5,EW_GREEN,0.0,0.0
20220,5,EW_YELLOW,1.0,0.0
20225,5,NS_GREEN,1.0,0.0
20230,5,NS_GREEN,0.0,0.0
20235,5,NS_GREEN,0.0,0.0
20240,5,NS_GREEN,0.0,0.0
20245,5,NS_GREEN,0.0,0.0
20250,5,NS_GREEN,0.0,0.0
20255,5,NS_YELLOW,0.0,1.0
20260,5,EW_GREEN,0.0,1.0
20265,5,EW_GREEN,1.0,0.0
20270,5,EW_GREEN,1.0,0.0
20275,5,EW_GREEN,1.0,0.0
20280,5,EW_GREEN,1.0,0.0
20285,5,EW_GREEN,1.0,0.0
20290,5,EW_YELLOW,1.0,0.0
20295,5,NS_GREEN,2.0,0.0
20300,5,NS_GREEN,0.0,0.0
20305,5,NS_GREEN,0.0,0.0
20310,5,NS_GREEN,0.0,1.0
20315,5,NS_GREEN,0.0,1.0
20320,5,NS_GREEN,0.0,1.0
20325,5,NS_YELLOW,0.0,1.0
20330,5,EW_GREEN,0.0,1.0
20335,5,EW_GREEN,0.0,0.0
20340,5,EW_GREEN,0.0,0.0
20345,5,EW_GREEN,0.0,0.0
20350,5,EW_GREEN,1.0,0.0
20355,5,EW_GREEN,1.0,0.0
20360,5,EW_YELLOW,1.0,0.0
20365,5,NS_GREEN,1.0,0.0
20370,5,NS_GREEN,0.0,0.0
20375,5,NS_GREEN,0.0,0.0
20380,5,NS_GREEN,0.0,0.0
20385,5,NS_GREEN,0.0,0.0
20390,5,NS_GREEN,0.0,0.0
20395,5,NS_YELLOW,0.0,0.0
20400,5,EW_GREEN,0.0,1.0
20405,5,EW_GREEN,0.0,0.0
20410,5,EW_GREEN,0.0,0.0
20415,5,EW_GREEN,1.0,0.0
20420,5,EW_GREEN,1.0,0.0
20425,5,EW_GREEN,1.0,0.0
20430,5,EW_YELLOW,1.0,0.0
20435,5,NS_GREEN,1.0,0.0
20440,5,NS_GREEN,0.0,0.0
20445,5,NS_GREEN,0.0,1.0
20450,5,NS_GREEN,0.0,2.0
20455,5,NS_GREEN,0.0,2.0
20460,5,NS_GREEN,0.0,3.0
20465,5,NS_YELLOW,0.0,3.0
20470,5,EW_GREEN,0.0,3.0
20475,5,EW_GREEN,0.0,0.5
20480,5,EW_GREEN,0.0,0.0
20485,5,EW_GREEN,0.0,0.0
20490,5,EW_GREEN,0.0,0.0
20495,5,EW_GREEN,0.0,0.0
20500,5,EW_YELLOW,1.0,0.0
20505,5,NS_GREEN,1.0,0.0
20510,5,NS_GREEN,0.0,0.0
20515,5,NS_GREEN,0.0,1.0
20520,5,NS_GREEN,0.0,1.0
20525,5,NS_GREEN,0.0,1.0
20530,5,NS_GREEN,0.0,1.0
20535,5,NS_YELLOW,0.0,1.0
20540,5,EW_GREEN,0.0,1.0
20545,5,EW_GREEN,0.0,0.0
20550,5,EW_GREEN,0.0,0.0
20555,5,EW_GREEN,1.0,0.0
20560,5,EW_GREEN,1.0,0.0
20565,5,EW_GREEN,1.0,0.0
20570,5,EW_YELLOW,1.0,0.0
20575,5,NS_GREEN,2.0,0.0
20580,5,NS_GREEN,0.0,0.0
20585,5,NS_GREEN,0.0,0.0
20590,5,NS_GREEN,0.0,0.0
20595,5,NS_GREEN,0.0,1.0
20600,5,NS_GREEN,0.0,1.0
20605,5,NS_YELLOW,0.0,1.0
20610,5,EW_GREEN,0.0,1.0
20615,5,EW_GREEN,0.0,0.0
20620,5,EW_GREEN,0.0,0.0
20625,5,EW_GREEN,0.0,0.0
20630,5,EW_GREEN,1.0,0.0
20635,5,EW_GREEN,1.0,0.0
20640,5,EW_YELLOW,1.0,0.0
20645,5,NS_GREEN,1.0,0.0
20650,5,NS_GREEN,0.0,0.0
20655,5,NS_GREEN,0.0,1.0
20660,5,NS_GREEN,0.0,2.0
20665,5,NS_GREEN,0.0,2.0
20670,5,NS_GREEN,0.0,2.0
20675,5,NS_YELLOW,0.0,3.0
20680,5,EW_GREEN,1.0,3.0
20685,5,EW_GREEN,1.0,0.5
20690,5,EW_GREEN,1.0,0.0
20695,5,EW_GREEN,1.0,0.0
20700,5,EW_GREEN,1.0,0.0
20705,5,EW_GREEN,1.0,0.0
20710,5,EW_YELLOW,1.0,0.0
20715,5,NS_GREEN,1.0,1.0
20720,5,NS_GREEN,0.0,1.0
20725,5,NS_GREEN,0.0,1.0
20730,5,NS_GREEN,0.0,1.0
20735,5,NS_GREEN,0.0,1.0
20740,5,NS_GREEN,0.0,1.0
20745,5,NS_YELLOW,0.0,1.0
20750,5,EW_GREEN,0.0,1.0
20755,5,EW_GREEN,0.0,0.0
20760,5,EW_GREEN,1.0,0.0
20765,5,EW_GREEN,2.0,0.0
20770,5,EW_GREEN,2.0,0.0
20775,5,EW_GREEN,2.0,0.0
20780,5,EW_YELLOW,3.0,0.0
20785,5,NS_GREEN,3.0,0.0
20790,5,NS_GREEN,0.5,0.0
20795,5,NS_GREEN,0.0,0.0
20800,5,NS_GREEN,0.0,0.0
20805,5,NS_GREEN,0.0,0.0
20810,5,NS_GREEN,0.0,0.0
20815,5,NS_YELLOW,0.0,0.0
20820,5,EW_GREEN,0.0,0.0
20825,5,EW_GREEN,0.0,0.0
20830,5,EW_GREEN,0.0,0.0
20835,5,EW_GREEN,0.0,0.0
20840,5,EW_GREEN,0.0,0.0
20845,5,EW_GREEN,0.0,0.0
20850,5,EW_YELLOW,0.0,0.0
20855,5,NS_GREEN,1.0,0.0
20860,5,NS_GREEN,0.0,0.0
20865,5,NS_GREEN,0.0,1.0
20870,5,NS_GREEN,0.0,1.0
20875,5,NS_GREEN,0.0,2.0
20880,5,NS_GREEN,0.0,2.0
20885,5,NS_YELLOW,0.0,2.0
20890,5,EW_GREEN,0.0,2.0
20895,5,EW_GREEN,1.0,0.0
20900,5,EW_GREEN,1.0,0.0
20905,5,EW_GREEN,1.0,0.0
20910,5,EW_GREEN,1.0,0.0
20915,5,EW_GREEN,1.0,0.0
20920,5,EW_YELLOW,1.0,0.0
20925,5,NS_GREEN,2.0,0.0
20930,5,NS_GREEN,0.0,0.0
20935,5,NS_GREEN,0.0,0.0
20940,5,NS_GREEN,0.0,0.0
20945,5,NS_GREEN,0.0,0.0
20950,5,NS_GREEN,0.0,0.0
20955,5,NS_YELLOW,0.0,0.0
20960,5,EW_GREEN,0.0,0.0
20965,5,EW_GREEN,0.0,0.0
20970,5,EW_GREEN,0.0,0.0
20975,5,EW_GREEN,0.0,0.0
20980,5,EW_GREEN,0.0,0.0
20985,5,EW_GREEN,0.0,0.0
20990,5,EW_YELLOW,0.0,0.0
20995,5,NS_GREEN,0.0,0.0
21000,5,NS_GREEN,0.0,0.0
21005,5,NS_GREEN,0.0,0.0
21010,5,NS_GREEN,0.0,0.0
21015,5,NS_GREEN,0.0,0.0
21020,5,NS_GREEN,0.0,0.0
21025,5,NS_YELLOW,0.0,0.0
21030,5,EW_GREEN,0.0,0.0
21035,5,EW_GREEN,1.0,0.0
21040,5,EW_GREEN,1.0,0.0
21045,5,EW_GREEN,1.0,0.0
21050,5,EW_GREEN,1.0,0.0
21055,5,EW_GREEN,1.0,0.0
21060,5,EW_YELLOW,2.0,0.0
21065,5,NS_GREEN,3.0,0.0
21070,5,NS_GREEN,0.5,1.0
21075,5,NS_GREEN,0.0,1.0
21080,5,NS_GREEN,0.0,1.0
21085,5,NS_GREEN,0.0,1.0
21090,5,NS_GREEN,0.0,2.0
21095,5,NS_YELLOW,0.0,2.0
21100,5,EW_GREEN,0.0,2.0
21105,5,EW_GREEN,0.0,0.0
21110,5,EW_GREEN,1.0,0.0
21115,5,EW_GREEN,1.0,0.0
21120,5,EW_GREEN,2.0,0.0
21125,5,EW_GREEN,2.0,0.0
21130,5,EW_YELLOW,2.0,0.0
21135,5,NS_GREEN,2.0,1.0
21140,5,NS_GREEN,0.0,1.0
21145,5,NS_GREEN,0.0,1.0
21150,5,NS_GREEN,0.0,1.0
21155,5,NS_GREEN,0.0,1.0
21160,5,NS_GREEN,0.0,1.0
21165,5,NS_YELLOW,0.0,1.0
21170,5,EW_GREEN,0.0,2.0
21175,5,EW_GREEN,0.0,0.0
21180,5,EW_GREEN,0.0,0.0
21185,5,EW_GREEN,0.0,0.0
21190,5,EW_GREEN,1.0,0.0
21195,5,EW_GREEN,1.0,0.0
21200,5,EW_YELLOW,2.0,0.0
21205,5,NS_GREEN,2.0,0.0
21210,5,NS_GREEN,0.0,0.0
21215,5,NS_GREEN,0.0,0.0
21220,5,NS_GREEN,0.0,0.0
21225,5,NS_GREEN,0.0,1.0
21230,5,NS_GREEN,0.0,1.0
21235,5,NS_YELLOW,0.0,1.0
21240,5,EW_GREEN,0.0,1.0
21245,5,EW_GREEN,1.0,0.0
21250,5,EW_GREEN,1.0,0.0
21255,5,EW_GREEN,1.0,0.0
21260,5,EW_GREEN,2.0,0.0
21265,5,EW_GREEN,3.0,0.0
21270,5,EW_YELLOW,3.0,0.0
21275,5,NS_GREEN,4.0,0.0
21280,5,NS_GREEN,1.5,0.0
21285,5,NS_GREEN,0.0,0.0
21290,5,NS_GREEN,0.0,0.0
21295,5,NS_GREEN,0.0,0.0
21300,5,NS_GREEN,0.0,0.0
21305,5,NS_YELLOW,0.0,0.0
21310,5,EW_GREEN,0.0,1.0
21315,5,EW_GREEN,0.0,0.0
21320,5,EW_GREEN,0.0,0.0
21325,5,EW_GREEN,0.0,0.0
21330,5,EW_GREEN,0.0,0.0
21335,5,EW_GREEN,0.0,0.0
21340,5,EW_YELLOW,1.0,0.0
21345,5,NS_GREEN,1.0,0.0
21350,5,NS_GREEN,0.0,0.0
21355,5,NS_GREEN,0.0,0.0
21360,5,NS_GREEN,0.0,0.0
21365,5,NS_GREEN,0.0,0.0
21370,5,NS_GREEN,0.0,1.0
21375,5,NS_YELLOW,0.0,2.0
21380,5,EW_GREEN,0.0,2.0
21385,5,EW_GREEN,0.0,0.0
21390,5,EW_GREEN,1.0,0.0
21395,5,EW_GREEN,1.0,0.0
21400,5,EW_GREEN,2.0,0.0
21405,5,EW_GREEN,2.0,0.0
21410,5,EW_YELLOW,2.0,0.0
21415,5,NS_GREEN,2.0,0.0
21420,5,NS_GREEN,0.0,0.0
21425,5,NS_GREEN,0.0,0.0
21430,5,NS_GREEN,0.0,0.0
21435,5,NS_GREEN,0.0,1.0
21440,5,NS_GREEN,0.0,1.0
21445,5,NS_YELLOW,0.0,2.0
21450,5,EW_GREEN,0.0,2.0
21455,5,EW_GREEN,0.0,0.0
21460,5,EW_GREEN,0.0,0.0
21465,5,EW_GREEN,0.0,0.0
21470,5,EW_GREEN,0.0,0.0
21475,5,EW_GREEN,0.0,0.0
21480,5,EW_YELLOW,0.0,0.0
21485,5,NS_GREEN,0.0,0.0
21490,5,NS_GREEN,0.0,0.0
21495,5,NS_GREEN,0.0,0.0
21500,5,NS_GREEN,0.0,0.0
21505,5,NS_GREEN,0.0,1.0
21510,5,NS_GREEN,0.0,1.0
21515,5,NS_YELLOW,0.0,1.0
21520,5,EW_GREEN,0.0,1.0
21525,5,EW_GREEN,0.0,0.0
21530,5,EW_GREEN,0.0,0.0
21535,5,EW_GREEN,0.0,0.0
21540,5,EW_GREEN,0.0,0.0
21545,5,EW_GREEN,1.0,0.0
21550,5,EW_YELLOW,1.0,0.0
21555,5,NS_GREEN,1.0,0.0
21560,5,NS_GREEN,0.0,0.0
21565,5,NS_GREEN,0.0,0.0
21570,5,NS_GREEN,0.0,0.0
21575,5,NS_GREEN,0.0,0.0
21580,5,NS_GREEN,0.0,0.0
21585,5,NS_YELLOW,0.0,0.0
21590,5,EW_GREEN,0.0,0.0
21595,5,EW_GREEN,0.0,0.0
21600,6,EW_GREEN,0.0,0.0
21605,6,EW_GREEN,1.0,0.0
21610,6,EW_GREEN,1.0,0.0
21615,6,EW_GREEN,1.0,0.0
21620,6,EW_YELLOW,1.0,0.0
21625,6,NS_GREEN,2.0,0.0
21630,6,NS_GREEN,0.5,0.0
21635,6,NS_GREEN,0.0,0.0
21640,6,NS_GREEN,0.0,1.0
21645,6,NS_GREEN,0.0,1.0
21650,6,NS_GREEN,0.0,1.0
21655,6,NS_YELLOW,0.0,1.0
21660,6,EW_GREEN,0.0,1.0
21665,6,EW_GREEN,0.0,0.0
21670,6,EW_GREEN,1.0,0.0
21675,6,EW_GREEN,1.0,0.0
21680,6,EW_GREEN,1.0,0.0
21685,6,EW_GREEN,2.0,0.0
21690,6,EW_YELLOW,3.0,0.0
21695,6,NS_GREEN,3.0,1.0
21700,6,NS_GREEN,1.5,1.0
21705,6,NS_GREEN,0.0,1.0
21710,6,NS_GREEN,0.0,1.0
21715,6,NS_GREEN,0.0,2.0
21720,6,NS_GREEN,0.0,3.0
21725,6,NS_YELLOW,0.0,3.0
21730,6,EW_GREEN,1.0,4.0
21735,6,EW_GREEN,1.0,1.5
21740,6,EW_GREEN,1.0,0.0
21745,6,EW_GREEN,1.0,0.0
21750,6,EW_GREEN,1.0,0.0
21755,6,EW_GREEN,2.0,0.0
21760,6,EW_YELLOW,3.0,0.0
21765,6,NS_GREEN,3.0,0.0
21770,6,NS_GREEN,1.5,0.0
21775,6,NS_GREEN,0.0,0.0
21780,6,NS_GREEN,0.0,0.0
21785,6,NS_GREEN,0.0,0.0
21790,6,NS_GREEN,0.0,0.0
21795,6,NS_YELLOW,0.0,0.0
21800,6,EW_GREEN,1.0,0.0
21805,6,EW_GREEN,2.0,0.0
21810,6,EW_GREEN,2.0,0.0
21815,6,EW_GREEN,2.0,0.0
21820,6,EW_GREEN,3.0,0.0
21825,6,EW_GREEN,4.0,0.0
21830,6,EW_YELLOW,5.0,0.0
21835,6,NS_GREEN,5.0,0.0
21840,6,NS_GREEN,2.5,1.0
21845,6,NS_GREEN,1.0,1.0
21850,6,NS_GREEN,0.0,1.0
21855,6,NS_GREEN,0.0,2.0
21860,6,NS_GREEN,0.0,2.0
21865,6,NS_YELLOW,0.0,3.0
21870,6,EW_GREEN,1.0,4.0
21875,6,EW_GREEN,1.0,2.5
21880,6,EW_GREEN,2.0,1.0
21885,6,EW_GREEN,2.0,0.0
21890,6,EW_GREEN,3.0,0.0
21895,6,EW_GREEN,4.0,0.0
21900,6,EW_YELLOW,5.0,0.0
21905,6,NS_GREEN,5.0,0.0
21910,6,NS_GREEN,3.5,0.0
21915,6,NS_GREEN,1.0,1.0
21920,6,NS_GREEN,0.0,2.0
21925,6,NS_GREEN,0.0,3.0
21930,6,NS_GREEN,0.0,3.0
21935,6,NS_YELLOW,0.0,4.0
21940,6,EW_GREEN,0.0,5.0
21945,6,EW_GREEN,0.0,2.5
21950,6,EW_GREEN,1.0,0.0
21955,6,EW_GREEN,2.0,0.0
21960,6,EW_GREEN,2.0,0.0
21965,6,EW_GREEN,2.0,0.0
21970,6,EW_YELLOW,3.0,0.0
21975,6,NS_GREEN,3.0,1.0
21980,6,NS_GREEN,1.5,1.0
21985,6,NS_GREEN,0.0,1.0
21990,6,NS_GREEN,0.0,1.0
21995,6,NS_GREEN,0.0,1.0
22000,6,NS_GREEN,0.0,2.0
22005,6,NS_YELLOW,0.0,2.0
22010,6,EW_GREEN,0.0,2.0
22015,6,EW_GREEN,0.0,0.0
22020,6,EW_GREEN,1.0,0.0
22025,6,EW_GREEN,2.0,0.0
22030,6,EW_GREEN,2.0,0.0
22035,6,EW_GREEN,2.0,0.0
22040,6,EW_YELLOW,2.0,0.0
22045,6,NS_GREEN,2.0,0.0
22050,6,NS_GREEN,0.5,0.0
22055,6,NS_GREEN,0.0,1.0
22060,6,NS_GREEN,0.0,1.0
22065,6,NS_GREEN,0.0,1.0
22070,6,NS_GREEN,0.0,2.0
22075,6,NS_YELLOW,0.0,2.0
22080,6,EW_GREEN,0.0,2.0
22085,6,EW_GREEN,0.0,0.5
22090,6,EW_GREEN,0.0,0.0
22095,6,EW_GREEN,0.0,0.0
22100,6,EW_GREEN,0.0,0.0
22105,6,EW_GREEN,1.0,0.0
22110,6,EW_YELLOW,2.0,0.0
22115,6,NS_GREEN,2.0,0.0
22120,6,NS_GREEN,0.0,1.0
22125,6,NS_GREEN,0.0,1.0
22130,6,NS_GREEN,0.0,1.0
22135,6,NS_GREEN,0.0,2.0
22140,6,NS_GREEN,0.0,3.0
22145,6,NS_YELLOW,0.0,3.0
22150,6,EW_GREEN,0.0,3.0
22155,6,EW_GREEN,0.0,0.5
22160,6,EW_GREEN,1.0,0.0
22165,6,EW_GREEN,1.0,0.0
22170,6,EW_GREEN,1.0,0.0
22175,6,EW_GREEN,1.0,0.0
22180,6,EW_YELLOW,1.0,0.0
22185,6,NS_GREEN,1.0,1.0
22190,6,NS_GREEN,0.0,1.0
22195,6,NS_GREEN,0.0,2.0
22200,6,NS_GREEN,0.0,2.0
22205,6,NS_GREEN,0.0,2.0
22210,6,NS_GREEN,0.0,2.0
22215,6,NS_YELLOW,0.0,2.0
22220,6,EW_GREEN,1.0,3.0
22225,6,EW_GREEN,2.0,0.5
22230,6,EW_GREEN,2.0,0.0
22235,6,EW_GREEN,3.0,0.0
22240,6,EW_GREEN,4.0,0.0
22245,6,EW_GREEN,5.0,0.0
22250,6,EW_YELLOW,6.0,0.0
22255,6,NS_GREEN,6.0,0.0
22260,6,NS_GREEN,3.5,0.0
22265,6,NS_GREEN,1.0,0.0
22270,6,NS_GREEN,0.0,0.0
22275,6,NS_GREEN,0.0,0.0
22280,6,NS_GREEN,0.0,1.0
22285,6,NS_YELLOW,0.0,1.0
22290,6,EW_GREEN,0.0,1.0
22295,6,EW_GREEN,0.0,0.0
22300,6,EW_GREEN,0.0,0.0
22305,6,EW_GREEN,0.0,0.0
22310,6,EW_GREEN,1.0,0.0
22315,6,EW_GREEN,1.0,0.0
22320,6,EW_YELLOW,2.0,0.0
22325,6,NS_GREEN,2.0,1.0
22330,6,NS_GREEN,0.5,1.0
22335,6,NS_GREEN,0.0,1.0
22340,6,NS_GREEN,0.0,1.0
22345,6,NS_GREEN,0.0,1.0
22350,6,NS_GREEN,0.0,1.0
22355,6,NS_YELLOW,0.0,1.0
22360,6,EW_GREEN,1.0,1.0
22365,6,EW_GREEN,1.0,0.0
22370,6,EW_GREEN,2.0,0.0
22375,6,EW_GREEN,3.0,0.0
22380,6,EW_GREEN,4.0,0.0
22385,6,EW_GREEN,5.0,0.0
22390,6,EW_YELLOW,5.0,0.0
22395,6,NS_GREEN,5.0,0.0
22400,6,NS_GREEN,3.5,0.0
22405,6,NS_GREEN,1.0,1.0
22410,6,NS_GREEN,0.0,1.0
22415,6,NS_GREEN,0.0,1.0
22420,6,NS_GREEN,0.0,2.0
22425,6,NS_YELLOW,0.0,2.0
22430,6,EW_GREEN,1.0,3.0
22435,6,EW_GREEN,1.0,0.5
22440,6,EW_GREEN,2.0,0.0
22445,6,EW_GREEN,2.0,0.0
22450,6,EW_GREEN,2.0,0.0
22455,6,EW_GREEN,2.0,0.0
22460,6,EW_YELLOW,3.0,0.0
22465,6,NS_GREEN,3.0,0.0
22470,6,NS_GREEN,0.5,0.0
22475,6,NS_GREEN,0.0,1.0
22480,6,NS_GREEN,0.0,1.0
22485,6,NS_GREEN,0.0,1.0
22490,6,NS_GREEN,0.0,1.0
22495,6,NS_YELLOW,0.0,1.0
22500,6,EW_GREEN,0.0,1.0
22505,6,EW_GREEN,0.0,0.0
22510,6,EW_GREEN,0.0,0.0
22515,6,EW_GREEN,1.0,0.0
22520,6,EW_GREEN,1.0,0.0
22525,6,EW_GREEN,2.0,0.0
22530,6,EW_YELLOW,3.0,0.0
22535,6,NS_GREEN,4.0,1.0
22540,6,NS_GREEN,2.5,1.0
22545,6,NS_GREEN,1.0,1.0
22550,6,NS_GREEN,0.0,1.0
22555,6,NS_GREEN,0.0,1.0
22560,6,NS_GREEN,0.0,1.0
22565,6,NS_YELLOW,0.0,2.0
22570,6,EW_GREEN,0.0,2.0
22575,6,EW_GREEN,1.0,0.0
22580,6,EW_GREEN,2.0,0.0
22585,6,EW_GREEN,2.0,0.0
22590,6,EW_GREEN,3.0,0.0
22595,6,EW_GREEN,3.0,0.0
22600,6,EW_YELLOW,4.0,0.0
22605,6,NS_GREEN,4.0,1.0
22610,6,NS_GREEN,1.5,2.0
22615,6,NS_GREEN,0.0,2.0
22620,6,NS_GREEN,0.0,2.0
22625,6,NS_GREEN,0.0,2.0
22630,6,NS_GREEN,0.0,2.0
22635,6,NS_YELLOW,0.0,2.0
22640,6,EW_GREEN,0.0,3.0
22645,6,EW_GREEN,1.0,1.5
22650,6,EW_GREEN,1.0,0.0
22655,6,EW_GREEN,1.0,0.0
22660,6,EW_GREEN,1.0,0.0
22665,6,EW_GREEN,2.0,0.0
22670,6,EW_YELLOW,3.0,0.0
22675,6,NS_GREEN,3.0,0.0
22680,6,NS_GREEN,0.5,0.0
22685,6,NS_GREEN,0.0,0.0
22690,6,NS_GREEN,0.0,0.0
22695,6,NS_GREEN,0.0,1.0
22700,6,NS_GREEN,0.0,1.0
22705,6,NS_YELLOW,0.0,1.0
22710,6,EW_GREEN,1.0,2.0
22715,6,EW_GREEN,1.0,0.0
22720,6,EW_GREEN,2.0,0.0
22725,6,EW_GREEN,2.0,0.0
22730,6,EW_GREEN,2.0,0.0
22735,6,EW_GREEN,2.0,0.0
22740,6,EW_YELLOW,3.0,0.0
22745,6,NS_GREEN,3.0,0.0
22750,6,NS_GREEN,0.5,0.0
22755,6,NS_GREEN,0.0,0.0
22760,6,NS_GREEN,0.0,0.0
22765,6,NS_GREEN,0.0,0.0
22770,6,NS_GREEN,0.0,0.0
22775,6,NS_YELLOW,0.0,0.0
22780,6,EW_GREEN,0.0,0.0
22785,6,EW_GREEN,1.0,0.0
22790,6,EW_GREEN,1.0,0.0
22795,6,EW_GREEN,1.0,0.0
22800,6,EW_GREEN,1.0,0.0
22805,6,EW_GREEN,1.0,0.0
22810,6,EW_YELLOW,1.0,0.0
22815,6,NS_GREEN,1.0,0.0
22820,6,NS_GREEN,0.0,0.0
22825,6,NS_GREEN,0.0,0.0
22830,6,NS_GREEN,0.0,1.0
22835,6,NS_GREEN,0.0,1.0
22840,6,NS_GREEN,0.0,1.0
22845,6,NS_YELLOW,0.0,1.0
22850,6,EW_GREEN,0.0,2.0
22855,6,EW_GREEN,0.0,0.0
22860,6,EW_GREEN,0.0,0.0
22865,6,EW_GREEN,1.0,0.0
22870,6,EW_GREEN,1.0,0.0
22875,6,EW_GREEN,1.0,0.0
22880,6,EW_YELLOW,2.0,0.0
22885,6,NS_GREEN,3.0,1.0
22890,6,NS_GREEN,0.5,1.0
22895,6,NS_GREEN,0.0,1.0
22900,6,NS_GREEN,0.0,1.0
22905,6,NS_GREEN,0.0,1.0
22910,6,NS_GREEN,0.0,1.0
22915,6,NS_YELLOW,0.0,2.0
22920,6,EW_GREEN,1.0,2.0
22925,6,EW_GREEN,2.0,0.0
22930,6,EW_GREEN,3.0,0.0
22935,6,EW_GREEN,4.0,0.0
22940,6,EW_GREEN,5.0,0.0
22945,6,EW_GREEN,5.0,0.0
22950,6,EW_YELLOW,5.0,0.0
22955,6,NS_GREEN,6.0,0.0
22960,6,NS_GREEN,3.5,0.0
22965,6,NS_GREEN,1.0,1.0
22970,6,NS_GREEN,0.0,1.0
22975,6,NS_GREEN,0.0,2.0
22980,6,NS_GREEN,0.0,2.0
22985,6,NS_YELLOW,0.0,3.0
22990,6,EW_GREEN,0.0,3.0
22995,6,EW_GREEN,0.0,0.5
23000,6,EW_GREEN,0.0,0.0
23005,6,EW_GREEN,0.0,0.0
23010,6,EW_GREEN,0.0,0.0
23015,6,EW_GREEN,0.0,0.0
23020,6,EW_YELLOW,0.0,0.0
23025,6,NS_GREEN,0.0,0.0
23030,6,NS_GREEN,0.0,0.0
23035,6,NS_GREEN,0.0,0.0
23040,6,NS_GREEN,0.0,0.0
23045,6,NS_GREEN,0.0,1.0
23050,6,NS_GREEN,0.0,1.0
23055,6,NS_YELLOW,0.0,2.0
23060,6,EW_GREEN,0.0,2.0
23065,6,EW_GREEN,0.0,0.0
23070,6,EW_GREEN,0.0,0.0
23075,6,EW_GREEN,0.0,0.0
23080,6,EW_GREEN,0.0,0.0
23085,6,EW_GREEN,0.0,0.0
23090,6,EW_YELLOW,1.0,0.0
23095,6,NS_GREEN,1.0,0.0
23100,6,NS_GREEN,0.0,0.0
23105,6,NS_GREEN,0.0,0.0
23110,6,NS_GREEN,0.0,0.0
23115,6,NS_GREEN,0.0,0.0
23120,6,NS_GREEN,0.0,0.0
23125,6,NS_YELLOW,0.0,0.0
23130,6,EW_GREEN,1.0,0.0
23135,6,EW_GREEN,1.0,0.0
23140,6,EW_GREEN,2.0,0.0
23145,6,EW_GREEN,2.0,0.0
23150,6,EW_GREEN,2.0,0.0
23155,6,EW_GREEN,2.0,0.0
23160,6,EW_YELLOW,2.0,0.0
23165,6,NS_GREEN,3.0,0.0
23170,6,NS_GREEN,1.5,0.0
23175,6,NS_GREEN,0.0,0.0
23180,6,NS_GREEN,0.0,0.0
23185,6,NS_GREEN,0.0,0.0
23190,6,NS_GREEN,0.0,0.0
23195,6,NS_YELLOW,0.0,1.0
23200,6,EW_GREEN,0.0,1.0
23205,6,EW_GREEN,0.0,0.0
23210,6,EW_GREEN,0.0,0.0
23215,6,EW_GREEN,0.0,0.0
23220,6,EW_GREEN,0.0,0.0
23225,6,EW_GREEN,0.0,0.0
23230,6,EW_YELLOW,0.0,0.0
23235,6,NS_GREEN,0.0,0.0
23240,6,NS_GREEN,0.0,0.0
23245,6,NS_GREEN,0.0,1.0
23250,6,NS_GREEN,0.0,1.0
23255,6,NS_GREEN,0.0,1.0
23260,6,NS_GREEN,0.0,2.0
23265,6,NS_YELLOW,0.0,2.0
23270,6,EW_GREEN,1.0,2.0
23275,6,EW_GREEN,2.0,0.0
23280,6,EW_GREEN,2.0,0.0
23285,6,EW_GREEN,2.0,0.0
23290,6,EW_GREEN,2.0,0.0
23295,6,EW_GREEN,2.0,0.0
23300,6,EW_YELLOW,3.0,0.0
23305,6,NS_GREEN,3.0,0.0
23310,6,NS_GREEN,1.5,0.0
23315,6,NS_GREEN,0.0,1.0
23320,6,NS_GREEN,0.0,1.0
23325,6,NS_GREEN,0.0,1.0
23330,6,NS_GREEN,0.0,1.0
23335,6,NS_YELLOW,0.0,2.0
23340,6,EW_GREEN,0.0,2.0
23345,6,EW_GREEN,1.0,0.0
23350,6,EW_GREEN,1.0,0.0
23355,6,EW_GREEN,1.0,0.0
23360,6,EW_GREEN,2.0,0.0
23365,6,EW_GREEN,2.0,0.0
23370,6,EW_YELLOW,2.0,0.0
23375,6,NS_GREEN,3.0,0.0
23380,6,NS_GREEN,0.5,1.0
23385,6,NS_GREEN,0.0,1.0
23390,6,NS_GREEN,0.0,2.0
23395,6,NS_GREEN,0.0,2.0
23400,6,NS_GREEN,0.0,2.0
23405,6,NS_YELLOW,0.0,3.0
23410,6,EW_GREEN,1.0,3.0
23415,6,EW_GREEN,1.0,0.5
23420,6,EW_GREEN,1.0,0.0
23425,6,EW_GREEN,1.0,0.0
23430,6,EW_GREEN,2.0,0.0
23435,6,EW_GREEN,3.0,0.0
23440,6,EW_YELLOW,3.0,0.0
23445,6,NS_GREEN,3.0,0.0
23450,6,NS_GREEN,1.5,0.0
23455,6,NS_GREEN,0.0,0.0
23460,6,NS_GREEN,0.0,0.0
23465,6,NS_GREEN,0.0,1.0
23470,6,NS_GREEN,0.0,1.0
23475,6,NS_YELLOW,0.0,1.0
23480,6,EW_GREEN,1.0,1.0
23485,6,EW_GREEN,1.0,0.0
23490,6,EW_GREEN,2.0,0.0
23495,6,EW_GREEN,2.0,0.0
23500,6,EW_GREEN,2.0,0.0
23505,6,EW_GREEN,2.0,0.0
23510,6,EW_YELLOW,3.0,0.0
23515,6,NS_GREEN,4.0,0.0
23520,6,NS_GREEN,2.5,0.0
23525,6,NS_GREEN,1.0,0.0
23530,6,NS_GREEN,0.0,1.0
23535,6,NS_GREEN,0.0,2.0
23540,6,NS_GREEN,0.0,3.0
23545,6,NS_YELLOW,0.0,3.0
23550,6,EW_GREEN,0.0,3.0
23555,6,EW_GREEN,0.0,0.5
23560,6,EW_GREEN,0.0,0.0
23565,6,EW_GREEN,1.0,0.0
23570,6,EW_GREEN,1.0,0.0
23575,6,EW_GREEN,1.0,0.0
23580,6,EW_YELLOW,1.0,0.0
23585,6,NS_GREEN,2.0,0.0
23590,6,NS_GREEN,0.0,1.0
23595,6,NS_GREEN,0.0,1.0
23600,6,NS_GREEN,0.0,2.0
23605,6,NS_GREEN,0.0,2.0
23610,6,NS_GREEN,0.0,3.0
23615,6,NS_YELLOW,0.0,3.0
23620,6,EW_GREEN,1.0,3.0
23625,6,EW_GREEN,1.0,0.5
23630,6,EW_GREEN,2.0,0.0
23635,6,EW_GREEN,2.0,0.0
23640,6,EW_GREEN,2.0,0.0
23645,6,EW_GREEN,2.0,0.0
23650,6,EW_YELLOW,2.0,0.0
23655,6,NS_GREEN,2.0,0.0
23660,6,NS_GREEN,0.0,0.0
23665,6,NS_GREEN,0.0,0.0
23670,6,NS_GREEN,0.0,0.0
23675,6,NS_GREEN,0.0,0.0
23680,6,NS_GREEN,0.0,1.0
23685,6,NS_YELLOW,0.0,1.0
23690,6,EW_GREEN,0.0,1.0
23695,6,EW_GREEN,1.0,0.0
23700,6,EW_GREEN,2.0,0.0
23705,6,EW_GREEN,2.0,0.0
23710,6,EW_GREEN,2.0,0.0
23715,6,EW_GREEN,3.0,0.0
23720,6,EW_YELLOW,4.0,0.0
23725,6,NS_GREEN,4.0,1.0
23730,6,NS_GREEN,2.5,2.0
23735,6,NS_GREEN,0.0,2.0
23740,6,NS_GREEN,0.0,2.0
23745,6,NS_GREEN,0.0,3.0
23750,6,NS_GREEN,0.0,3.0
23755,6,NS_YELLOW,0.0,3.0
23760,6,EW_GREEN,0.0,3.0
23765,6,EW_GREEN,1.0,0.5
23770,6,EW_GREEN,2.0,0.0
23775,6,EW_GREEN,2.0,0.0
23780,6,EW_GREEN,3.0,0.0
23785,6,EW_GREEN,3.0,0.0
23790,6,EW_YELLOW,3.0,0.0
23795,6,NS_GREEN,3.0,0.0
23800,6,NS_GREEN,1.5,0.0
23805,6,NS_GREEN,0.0,0.0
23810,6,NS_GREEN,0.0,0.0
23815,6,NS_GREEN,0.0,1.0
23820,6,NS_GREEN,0.0,1.0
23825,6,NS_YELLOW,0.0,1.0
23830,6,EW_GREEN,1.0,1.0
23835,6,EW_GREEN,1.0,0.0
23840,6,EW_GREEN,1.0,0.0
23845,6,EW_GREEN,2.0,0.0
23850,6,EW_GREEN,3.0,0.0
23855,6,EW_GREEN,4.0,0.0
23860,6,EW_YELLOW,5.0,0.0
23865,6,NS_GREEN,6.0,1.0
23870,6,NS_GREEN,3.5,1.0
23875,6,NS_GREEN,2.0,1.0
23880,6,NS_GREEN,0.0,1.0
23885,6,NS_GREEN,0.0,1.0
23890,6,NS_GREEN,0.0,1.0
23895,6,NS_YELLOW,0.0,1.0
23900,6,EW_GREEN,0.0,2.0
23905,6,EW_GREEN,0.0,0.0
23910,6,EW_GREEN,0.0,0.0
23915,6,EW_GREEN,0.0,0.0
23920,6,EW_GREEN,0.0,0.0
23925,6,EW_GREEN,0.0,0.0
23930,6,EW_YELLOW,1.0,0.0
23935,6,NS_GREEN,1.0,0.0
23940,6,NS_GREEN,0.0,0.0
23945,6,NS_GREEN,0.0,1.0
23950,6,NS_GREEN,0.0,1.0
23955,6,NS_GREEN,0.0,2.0
23960,6,NS_GREEN,0.0,2.0
23965,6,NS_YELLOW,0.0,2.0
23970,6,EW_GREEN,1.0,2.0
23975,6,EW_GREEN,1.0,0.5
23980,6,EW_GREEN,1.0,0.0
23985,6,EW_GREEN,2.0,0.0
23990,6,EW_GREEN,2.0,0.0
23995,6,EW_GREEN,3.0,0.0
24000,6,EW_YELLOW,4.0,0.0
24005,6,NS_GREEN,5.0,1.0
24010,6,NS_GREEN,2.5,1.0
24015,6,NS_GREEN,0.0,1.0
24020,6,NS_GREEN,0.0,1.0
24025,6,NS_GREEN,0.0,2.0
24030,6,NS_GREEN,0.0,3.0
24035,6,NS_YELLOW,0.0,3.0
24040,6,EW_GREEN,0.0,3.0
24045,6,EW_GREEN,0.0,1.5
24050,6,EW_GREEN,0.0,0.0
24055,6,EW_GREEN,0.0,0.0
24060,6,EW_GREEN,0.0,0.0
24065,6,EW_GREEN,0.0,0.0
24070,6,EW_YELLOW,1.0,0.0
24075,6,NS_GREEN,2.0,0.0
24080,6,NS_GREEN,0.5,0.0
24085,6,NS_GREEN,0.0,1.0
24090,6,NS_GREEN,0.0,2.0
24095,6,NS_GREEN,0.0,3.0
24100,6,NS_GREEN,0.0,3.0
24105,6,NS_YELLOW,0.0,4.0
24110,6,EW_GREEN,0.0,4.0
24115,6,EW_GREEN,0.0,1.5
24120,6,EW_GREEN,0.0,0.0
24125,6,EW_GREEN,1.0,0.0
24130,6,EW_GREEN,2.0,0.0
24135,6,EW_GREEN,2.0,0.0
24140,6,EW_YELLOW,2.0,0.0
24145,6,NS_GREEN,2.0,0.0
24150,6,NS_GREEN,0.0,1.0
24155,6,NS_GREEN,0.0,2.0
24160,6,NS_GREEN,0.0,2.0
24165,6,NS_GREEN,0.0,3.0
24170,6,NS_GREEN,0.0,3.0
24175,6,NS_YELLOW,0.0,3.0
24180,6,EW_GREEN,0.0,4.0
24185,6,EW_GREEN,0.0,1.5
24190,6,EW_GREEN,0.0,0.0
24195,6,EW_GREEN,0.0,0.0
24200,6,EW_GREEN,0.0,0.0
24205,6,EW_GREEN,1.0,0.0
24210,6,EW_YELLOW,1.0,0.0
24215,6,NS_GREEN,2.0,0.0
24220,6,NS_GREEN,0.0,0.0
24225,6,NS_GREEN,0.0,0.0
24230,6,NS_GREEN,0.0,0.0
24235,6,NS_GREEN,0.0,0.0
24240,6,NS_GREEN,0.0,0.0
24245,6,NS_YELLOW,0.0,0.0
24250,6,EW_GREEN,0.0,1.0
24255,6,EW_GREEN,0.0,0.0
24260,6,EW_GREEN,1.0,0.0
24265,6,EW_GREEN,2.0,0.0
24270,6,EW_GREEN,3.0,0.0
24275,6,EW_GREEN,4.0,0.0
24280,6,EW_YELLOW,5.0,0.0
24285,6,NS_GREEN,5.0,0.0
24290,6,NS_GREEN,3.5,0.0
24295,6,NS_GREEN,2.0,0.0
24300,6,NS_GREEN,0.0,0.0
24305,6,NS_GREEN,0.0,0.0
24310,6,NS_GREEN,0.0,0.0
24315,6,NS_YELLOW,0.0,1.0
24320,6,EW_GREEN,1.0,2.0
24325,6,EW_GREEN,2.0,0.0
24330,6,EW_GREEN,2.0,0.0
24335,6,EW_GREEN,2.0,0.0
24340,6,EW_GREEN,2.0,0.0
24345,6,EW_GREEN,3.0,0.0
24350,6,EW_YELLOW,4.0,0.0
24355,6,NS_GREEN,4.0,0.0
24360,6,NS_GREEN,2.5,0.0
24365,6,NS_GREEN,0.0,0.0
24370,6,NS_GREEN,0.0,0.0
24375,6,NS_GREEN,0.0,1.0
24380,6,NS_GREEN,0.0,1.0
24385,6,NS_YELLOW,0.0,2.0
24390,6,EW_GREEN,1.0,2.0
24395,6,EW_GREEN,2.0,0.0
24400,6,EW_GREEN,2.0,0.0
24405,6,EW_GREEN,2.0,0.0
24410,6,EW_GREEN,2.0,0.0
24415,6,EW_GREEN,2.0,0.0
24420,6,EW_YELLOW,2.0,0.0
24425,6,NS_GREEN,2.0,0.0
24430,6,NS_GREEN,0.5,0.0
24435,6,NS_GREEN,0.0,0.0
24440,6,NS_GREEN,0.0,0.0
24445,6,NS_GREEN,0.0,0.0
24450,6,NS_GREEN,0.0,0.0
24455,6,NS_YELLOW,0.0,0.0
24460,6,EW_GREEN,0.0,0.0
24465,6,EW_GREEN,1.0,0.0
24470,6,EW_GREEN,1.0,0.0
24475,6,EW_GREEN,2.0,0.0
24480,6,EW_GREEN,3.0,0.0
24485,6,EW_GREEN,3.0,0.0
24490,6,EW_YELLOW,3.0,0.0
24495,6,NS_GREEN,3.0,0.0
24500,6,NS_GREEN,0.5,1.0
24505,6,NS_GREEN,0.0,1.0
24510,6,NS_GREEN,0.0,1.0
24515,6,NS_GREEN,0.0,1.0
24520,6,NS_GREEN,0.0,1.0
24525,6,NS_YELLOW,0.0,1.0
24530,6,EW_GREEN,1.0,1.0
24535,6,EW_GREEN,1.0,0.0
24540,6,EW_GREEN,1.0,0.0
24545,6,EW_GREEN,2.0,0.0
24550,6,EW_GREEN,2.0,0.0
24555,6,EW_GREEN,2.0,0.0
24560,6,EW_YELLOW,2.0,0.0
24565,6,NS_GREEN,2.0,0.0
24570,6,NS_GREEN,0.0,0.0
24575,6,NS_GREEN,0.0,0.0
24580,6,NS_GREEN,0.0,0.0
24585,6,NS_GREEN,0.0,1.0
24590,6,NS_GREEN,0.0,2.0
24595,6,NS_YELLOW,0.0,2.0
24600,6,EW_GREEN,0.0,2.0
24605,6,EW_GREEN,1.0,0.0
24610,6,EW_GREEN,2.0,0.0
24615,6,EW_GREEN,2.0,0.0
24620,6,EW_GREEN,2.0,0.0
24625,6,EW_GREEN,2.0,0.0
24630,6,EW_YELLOW,3.0,0.0
24635,6,NS_GREEN,3.0,0.0
24640,6,NS_GREEN,1.5,0.0
24645,6,NS_GREEN,0.0,1.0
24650,6,NS_GREEN,0.0,1.0
24655,6,NS_GREEN,0.0,1.0
24660,6,NS_GREEN,0.0,2.0
24665,6,NS_YELLOW,0.0,3.0
24670,6,EW_GREEN,0.0,4.0
24675,6,EW_GREEN,1.0,1.5
24680,6,EW_GREEN,2.0,0.0
24685,6,EW_GREEN,2.0,0.0
24690,6,EW_GREEN,3.0,0.0
24695,6,EW_GREEN,3.0,0.0
24700,6,EW_YELLOW,3.0,0.0
24705,6,NS_GREEN,4.0,0.0
24710,6,NS_GREEN,2.5,0.0
24715,6,NS_GREEN,0.0,0.0
24720,6,NS_GREEN,0.0,0.0
24725,6,NS_GREEN,0.0,1.0
24730,6,NS_GREEN,0.0,1.0
24735,6,NS_YELLOW,0.0,2.0
24740,6,EW_GREEN,0.0,2.0
24745,6,EW_GREEN,0.0,0.5
24750,6,EW_GREEN,1.0,0.0
24755,6,EW_GREEN,2.0,0.0
24760,6,EW_GREEN,2.0,0.0
24765,6,EW_GREEN,2.0,0.0
24770,6,EW_YELLOW,3.0,0.0
24775,6,NS_GREEN,4.0,0.0
24780,6,NS_GREEN,2.5,0.0
24785,6,NS_GREEN,0.0,0.0
24790,6,NS_GREEN,0.0,1.0
24795,6,NS_GREEN,0.0,1.0
24800,6,NS_GREEN,0.0,1.0
24805,6,NS_YELLOW,0.0,1.0
24810,6,EW_GREEN,0.0,2.0
24815,6,EW_GREEN,0.0,0.0
24820,6,EW_GREEN,0.0,0.0
24825,6,EW_GREEN,0.0,0.0
24830,6,EW_GREEN,1.0,0.0
24835,6,EW_GREEN,2.0,0.0
24840,6,EW_YELLOW,2.0,0.0
24845,6,NS_GREEN,2.0,0.0
24850,6,NS_GREEN,0.0,1.0
24855,6,NS_GREEN,0.0,1.0
24860,6,NS_GREEN,0.0,2.0
24865,6,NS_GREEN,0.0,3.0
24870,6,NS_GREEN,0.0,3.0
24875,6,NS_YELLOW,0.0,3.0
24880,6,EW_GREEN,0.0,4.0
24885,6,EW_GREEN,1.0,1.5
24890,6,EW_GREEN,1.0,0.0
24895,6,EW_GREEN,1.0,0.0
24900,6,EW_GREEN,1.0,0.0
24905,6,EW_GREEN,1.0,0.0
24910,6,EW_YELLOW,1.0,0.0
24915,6,NS_GREEN,1.0,1.0
24920,6,NS_GREEN,0.0,2.0
24925,6,NS_GREEN,0.0,2.0
24930,6,NS_GREEN,0.0,3.0
24935,6,NS_GREEN,0.0,4.0
24940,6,NS_GREEN,0.0,4.0
24945,6,NS_YELLOW,0.0,4.0
24950,6,EW_GREEN,1.0,4.0
24955,6,EW_GREEN,2.0,1.5
24960,6,EW_GREEN,2.0,0.0
24965,6,EW_GREEN,3.0,0.0
24970,6,EW_GREEN,4.0,0.0
24975,6,EW_GREEN,4.0,0.0
24980,6,EW_YELLOW,4.0,0.0
24985,6,NS_GREEN,5.0,0.0
24990,6,NS_GREEN,2.5,0.0
24995,6,NS_GREEN,0.0,1.0
25000,6,NS_GREEN,0.0,1.0
25005,6,NS_GREEN,0.0,1.0
25010,6,NS_GREEN,0.0,1.0
25015,6,NS_YELLOW,0.0,1.0
25020,6,EW_GREEN,0.0,1.0
25025,6,EW_GREEN,0.0,0.0
25030,6,EW_GREEN,0.0,0.0
25035,6,EW_GREEN,0.0,0.0
25040,6,EW_GREEN,1.0,0.0
25045,6,EW_GREEN,2.0,0.0
25050,6,EW_YELLOW,3.0,0.0
25055,6,NS_GREEN,3.0,1.0
25060,6,NS_GREEN,0.5,2.0
25065,6,NS_GREEN,0.0,2.0
25070,6,NS_GREEN,0.0,2.0
25075,6,NS_GREEN,0.0,2.0
25080,6,NS_GREEN,0.0,2.0
25085,6,NS_YELLOW,0.0,2.0
25090,6,EW_GREEN,0.0,2.0
25095,6,EW_GREEN,0.0,0.5
25100,6,EW_GREEN,0.0,0.0
25105,6,EW_GREEN,1.0,0.0
25110,6,EW_GREEN,1.0,0.0
25115,6,EW_GREEN,2.0,0.0
25120,6,EW_YELLOW,2.0,0.0
25125,6,NS_GREEN,2.0,0.0
25130,6,NS_GREEN,0.0,0.0
25135,6,NS_GREEN,0.0,0.0
25140,6,NS_GREEN,0.0,0.0
25145,6,NS_GREEN,0.0,0.0
25150,6,NS_GREEN,0.0,1.0
25155,6,NS_YELLOW,0.0,2.0
25160,6,EW_GREEN,1.0,2.0
25165,6,EW_GREEN,1.0,0.0
25170,6,EW_GREEN,1.0,0.0
25175,6,EW_GREEN,1.0,0.0
25180,6,EW_GREEN,1.0,0.0
25185,6,EW_GREEN,1.0,0.0
25190,6,EW_YELLOW,2.0,0.0
25195,6,NS_GREEN,3.0,0.0
25200,7,NS_GREEN,1.5,0.0
25205,7,NS_GREEN,0.0,0.0
25210,7,NS_GREEN,0.0,0.0
25215,7,NS_GREEN,0.0,1.0
25220,7,NS_GREEN,0.0,2.0
25225,7,NS_YELLOW,0.0,3.0
25230,7,EW_GREEN,1.0,3.0
25235,7,EW_GREEN,1.0,1.5
25240,7,EW_GREEN,2.0,0.0
25245,7,EW_GREEN,3.0,0.0
25250,7,EW_GREEN,3.0,0.0
25255,7,EW_GREEN,3.0,0.0
25260,7,EW_YELLOW,3.0,0.0
25265,7,NS_GREEN,4.0,0.0
25270,7,NS_GREEN,2.5,1.0
25275,7,NS_GREEN,1.0,2.0
25280,7,NS_GREEN,0.0,2.0
25285,7,NS_GREEN,0.0,3.0
25290,7,NS_GREEN,0.0,3.0
25295,7,NS_YELLOW,0.0,3.0
25300,7,EW_GREEN,1.0,4.0
25305,7,EW_GREEN,1.0,1.5
25310,7,EW_GREEN,2.0,0.0
25315,7,EW_GREEN,3.0,0.0
25320,7,EW_GREEN,3.0,0.0
25325,7,EW_GREEN,3.0,0.0
25330,7,EW_YELLOW,3.0,0.0
25335,7,NS_GREEN,4.0,1.0
25340,7,NS_GREEN,2.5,1.0
25345,7,NS_GREEN,1.0,1.0
25350,7,NS_GREEN,0.0,1.0
25355,7,NS_GREEN,0.0,2.0
25360,7,NS_GREEN,0.0,2.0
25365,7,NS_YELLOW,0.0,2.0
25370,7,EW_GREEN,0.0,3.0
25375,7,EW_GREEN,0.0,1.5
25380,7,EW_GREEN,1.0,0.0
25385,7,EW_GREEN,1.0,0.0
25390,7,EW_GREEN,2.0,0.0
25395,7,EW_GREEN,2.0,0.0
25400,7,EW_YELLOW,3.0,0.0
25405,7,NS_GREEN,4.0,1.0
25410,7,NS_GREEN,1.5,2.0
25415,7,NS_GREEN,0.0,3.0
25420,7,NS_GREEN,0.0,3.0
25425,7,NS_GREEN,0.0,4.0
25430,7,NS_GREEN,0.0,5.0
25435,7,NS_YELLOW,0.0,6.0
25440,7,EW_GREEN,0.0,7.0
25445,7,EW_GREEN,0.0,4.5
25450,7,EW_GREEN,0.0,2.0
25455,7,EW_GREEN,1.0,0.5
25460,7,EW_GREEN,1.0,0.0
25465,7,EW_GREEN,1.0,0.0
25470,7,EW_YELLOW,2.0,0.0
25475,7,NS_GREEN,2.0,1.0
25480,7,NS_GREEN,0.5,1.0
25485,7,NS_GREEN,0.0,1.0
25490,7,NS_GREEN,0.0,1.0
25495,7,NS_GREEN,0.0,2.0
25500,7,NS_GREEN,0.0,3.0
25505,7,NS_YELLOW,0.0,4.0
25510,7,EW_GREEN,1.0,5.0
25515,7,EW_GREEN,1.0,3.5
25520,7,EW_GREEN,2.0,1.0
25525,7,EW_GREEN,2.0,0.0
25530,7,EW_GREEN,3.0,0.0
25535,7,EW_GREEN,3.0,0.0
25540,7,EW_YELLOW,3.0,0.0
25545,7,NS_GREEN,4.0,1.0
25550,7,NS_GREEN,1.5,1.0
25555,7,NS_GREEN,0.0,2.0
25560,7,NS_GREEN,0.0,2.0
25565,7,NS_GREEN,0.0,2.0
25570,7,NS_GREEN,0.0,3.0
25575,7,NS_YELLOW,0.0,4.0
25580,7,EW_GREEN,0.0,4.0
25585,7,EW_GREEN,0.0,1.5
25590,7,EW_GREEN,0.0,0.0
25595,7,EW_GREEN,0.0,0.0
25600,7,EW_GREEN,1.0,0.0
25605,7,EW_GREEN,2.0,0.0
25610,7,EW_YELLOW,3.0,0.0
25615,7,NS_GREEN,4.0,0.0
25620,7,NS_GREEN,1.5,1.0
25625,7,NS_GREEN,0.0,2.0
25630,7,NS_GREEN,0.0,3.0
25635,7,NS_GREEN,0.0,4.0
25640,7,NS_GREEN,0.0,4.0
25645,7,NS_YELLOW,0.0,5.0
25650,7,EW_GREEN,0.0,5.0
25655,7,EW_GREEN,0.0,2.5
25660,7,EW_GREEN,0.0,1.0
25665,7,EW_GREEN,1.0,0.0
25670,7,EW_GREEN,2.0,0.0
25675,7,EW_GREEN,3.0,0.0
25680,7,EW_YELLOW,3.0,0.0
25685,7,NS_GREEN,3.0,0.0
25690,7,NS_GREEN,0.5,0.0
25695,7,NS_GREEN,0.0,1.0
25700,7,NS_GREEN,0.0,2.0
25705,7,NS_GREEN,0.0,2.0
25710,7,NS_GREEN,0.0,3.0
25715,7,NS_YELLOW,0.0,4.0
25720,7,EW_GREEN,0.0,5.0
25725,7,EW_GREEN,1.0,3.5
25730,7,EW_GREEN,2.0,1.0
25735,7,EW_GREEN,3.0,0.0
25740,7,EW_GREEN,3.0,0.0
25745,7,EW_GREEN,4.0,0.0
25750,7,EW_YELLOW,4.0,0.0
25755,7,NS_GREEN,5.0,0.0
25760,7,NS_GREEN,3.5,0.0
25765,7,NS_GREEN,1.0,1.0
25770,7,NS_GREEN,0.0,2.0
25775,7,NS_GREEN,0.0,3.0
25780,7,NS_GREEN,0.0,4.0
25785,7,NS_YELLOW,0.0,4.0
25790,7,EW_GREEN,1.0,5.0
25795,7,EW_GREEN,1.0,3.5
25800,7,EW_GREEN,2.0,2.0
25805,7,EW_GREEN,2.0,0.5
25810,7,EW_GREEN,3.0,0.0
25815,7,EW_GREEN,4.0,0.0
25820,7,EW_YELLOW,5.0,0.0
25825,7,NS_GREEN,5.0,0.0
25830,7,NS_GREEN,3.5,0.0
25835,7,NS_GREEN,2.0,0.0
25840,7,NS_GREEN,0.5,1.0
25845,7,NS_GREEN,0.0,1.0
25850,7,NS_GREEN,0.0,1.0
25855,7,NS_YELLOW,0.0,1.0
25860,7,EW_GREEN,0.0,1.0
25865,7,EW_GREEN,1.0,0.0
25870,7,EW_GREEN,2.0,0.0
25875,7,EW_GREEN,3.0,0.0
25880,7,EW_GREEN,4.0,0.0
25885,7,EW_GREEN,5.0,0.0
25890,7,EW_YELLOW,5.0,0.0
25895,7,NS_GREEN,6.0,0.0
25900,7,NS_GREEN,3.5,0.0
25905,7,NS_GREEN,1.0,0.0
25910,7,NS_GREEN,0.0,1.0
25915,7,NS_GREEN,0.0,2.0
25920,7,NS_GREEN,0.0,2.0
25925,7,NS_YELLOW,0.0,2.0
25930,7,EW_GREEN,1.0,2.0
25935,7,EW_GREEN,1.0,0.0
25940,7,EW_GREEN,2.0,0.0
25945,7,EW_GREEN,2.0,0.0
25950,7,EW_GREEN,2.0,0.0
25955,7,EW_GREEN,3.0,0.0
25960,7,EW_YELLOW,3.0,0.0
25965,7,NS_GREEN,4.0,0.0
25970,7,NS_GREEN,1.5,0.0
25975,7,NS_GREEN,0.0,0.0
25980,7,NS_GREEN,0.0,0.0
25985,7,NS_GREEN,0.0,0.0
25990,7,NS_GREEN,0.0,0.0
25995,7,NS_YELLOW,0.0,0.0
26000,7,EW_GREEN,1.0,1.0
26005,7,EW_GREEN,2.0,0.0
26010,7,EW_GREEN,2.0,0.0
26015,7,EW_GREEN,3.0,0.0
26020,7,EW_GREEN,3.0,0.0
26025,7,EW_GREEN,3.0,0.0
26030,7,EW_YELLOW,4.0,0.0
26035,7,NS_GREEN,4.0,0.0
26040,7,NS_GREEN,1.5,1.0
26045,7,NS_GREEN,0.0,1.0
26050,7,NS_GREEN,0.0,1.0
26055,7,NS_GREEN,0.0,2.0
26060,7,NS_GREEN,0.0,2.0
26065,7,NS_YELLOW,0.0,2.0
26070,7,EW_GREEN,1.0,2.0
26075,7,EW_GREEN,2.0,0.5
26080,7,EW_GREEN,2.0,0.0
26085,7,EW_GREEN,2.0,0.0
26090,7,EW_GREEN,3.0,0.0
26095,7,EW_GREEN,4.0,0.0
26100,7,EW_YELLOW,4.0,0.0
26105,7,NS_GREEN,4.0,0.0
26110,7,NS_GREEN,2.5,0.0
26115,7,NS_GREEN,1.0,0.0
26120,7,NS_GREEN,0.0,0.0
26125,7,NS_GREEN,0.0,0.0
26130,7,NS_GREEN,0.0,0.0
26135,7,NS_YELLOW,0.0,0.0
26140,7,EW_GREEN,1.0,1.0
26145,7,EW_GREEN,2.0,0.0
26150,7,EW_GREEN,3.0,0.0
26155,7,EW_GREEN,3.0,0.0
26160,7,EW_GREEN,4.0,0.0
26165,7,EW_GREEN,5.0,0.0
26170,7,EW_YELLOW,5.0,0.0
26175,7,NS_GREEN,6.0,0.0
26180,7,NS_GREEN,3.5,1.0
26185,7,NS_GREEN,1.0,1.0
26190,7,NS_GREEN,0.0,2.0
26195,7,NS_GREEN,0.0,3.0
26200,7,NS_GREEN,0.0,3.0
26205,7,NS_YELLOW,0.0,4.0
26210,7,EW_GREEN,1.0,4.0
26215,7,EW_GREEN,2.0,1.5
26220,7,EW_GREEN,2.0,0.0
26225,7,EW_GREEN,3.0,0.0
26230,7,EW_GREEN,4.0,0.0
26235,7,EW_GREEN,4.0,0.0
26240,7,EW_YELLOW,5.0,0.0
26245,7,NS_GREEN,6.0,1.0
26250,7,NS_GREEN,4.5,2.0
26255,7,NS_GREEN,2.0,3.0
26260,7,NS_GREEN,0.0,4.0
26265,7,NS_GREEN,0.0,4.0
26270,7,NS_GREEN,0.0,5.0
26275,7,NS_YELLOW,0.0,5.0
26280,7,EW_GREEN,1.0,5.0
26285,7,EW_GREEN,1.0,2.5
26290,7,EW_GREEN,1.0,0.0
26295,7,EW_GREEN,1.0,0.0
26300,7,EW_GREEN,2.0,0.0
26305,7,EW_GREEN,2.0,0.0
26310,7,EW_YELLOW,3.0,0.0
26315,7,NS_GREEN,4.0,1.0
26320,7,NS_GREEN,1.5,2.0
26325,7,NS_GREEN,0.0,2.0
26330,7,NS_GREEN,0.0,3.0
26335,7,NS_GREEN,0.0,4.0
26340,7,NS_GREEN,0.0,5.0
26345,7,NS_YELLOW,0.0,5.0
26350,7,EW_GREEN,1.0,5.0
26355,7,EW_GREEN,1.0,2.5
26360,7,EW_GREEN,1.0,1.0
26365,7,EW_GREEN,1.0,0.0
26370,7,EW_GREEN,2.0,0.0
26375,7,EW_GREEN,3.0,0.0
26380,7,EW_YELLOW,4.0,0.0
26385,7,NS_GREEN,4.0,0.0
26390,7,NS_GREEN,2.5,0.0
26395,7,NS_GREEN,1.0,0.0
26400,7,NS_GREEN,0.0,0.0
26405,7,NS_GREEN,0.0,1.0
26410,7,NS_GREEN,0.0,1.0
26415,7,NS_YELLOW,0.0,1.0
26420,7,EW_GREEN,0.0,1.0
26425,7,EW_GREEN,0.0,0.0
26430,7,EW_GREEN,1.0,0.0
26435,7,EW_GREEN,1.0,0.0
26440,7,EW_GREEN,1.0,0.0
26445,7,EW_GREEN,2.0,0.0
26450,7,EW_YELLOW,3.0,0.0
26455,7,NS_GREEN,4.0,0.0
26460,7,NS_GREEN,2.5,1.0
26465,7,NS_GREEN,1.0,1.0
26470,7,NS_GREEN,0.0,2.0
26475,7,NS_GREEN,0.0,2.0
26480,7,NS_GREEN,0.0,3.0
26485,7,NS_YELLOW,0.0,3.0
26490,7,EW_GREEN,1.0,3.0
26495,7,EW_GREEN,2.0,0.5
26500,7,EW_GREEN,3.0,0.0
26505,7,EW_GREEN,3.0,0.0
26510,7,EW_GREEN,4.0,0.0
26515,7,EW_GREEN,4.0,0.0
26520,7,EW_YELLOW,4.0,0.0
26525,7,NS_GREEN,5.0,0.0
26530,7,NS_GREEN,3.5,1.0
26535,7,NS_GREEN,2.0,1.0
26540,7,NS_GREEN,0.0,1.0
26545,7,NS_GREEN,0.0,2.0
26550,7,NS_GREEN,0.0,3.0
26555,7,NS_YELLOW,0.0,3.0
26560,7,EW_GREEN,0.0,3.0
26565,7,EW_GREEN,0.0,0.5
26570,7,EW_GREEN,1.0,0.0
26575,7,EW_GREEN,2.0,0.0
26580,7,EW_GREEN,3.0,0.0
26585,7,EW_GREEN,4.0,0.0
26590,7,EW_YELLOW,5.0,0.0
26595,7,NS_GREEN,5.0,1.0
26600,7,NS_GREEN,3.5,1.0
26605,7,NS_GREEN,2.0,1.0
26610,7,NS_GREEN,0.5,2.0
26615,7,NS_GREEN,0.0,2.0
26620,7,NS_GREEN,0.0,2.0
26625,7,NS_YELLOW,0.0,2.0
26630,7,EW_GREEN,0.0,2.0
26635,7,EW_GREEN,1.0,0.0
26640,7,EW_GREEN,2.0,0.0
26645,7,EW_GREEN,3.0,0.0
26650,7,EW_GREEN,4.0,0.0
26655,7,EW_GREEN,4.0,0.0
26660,7,EW_YELLOW,5.0,0.0
26665,7,NS_GREEN,6.0,1.0
26670,7,NS_GREEN,3.5,2.0
26675,7,NS_GREEN,1.0,3.0
26680,7,NS_GREEN,0.0,4.0
26685,7,NS_GREEN,0.0,4.0
26690,7,NS_GREEN,0.0,4.0
26695,7,NS_YELLOW,0.0,5.0
26700,7,EW_GREEN,1.0,5.0
26705,7,EW_GREEN,2.0,2.5
26710,7,EW_GREEN,3.0,1.0
26715,7,EW_GREEN,4.0,0.0
26720,7,EW_GREEN,4.0,0.0
26725,7,EW_GREEN,4.0,0.0
26730,7,EW_YELLOW,4.0,0.0
26735,7,NS_GREEN,4.0,0.0
26740,7,NS_GREEN,1.5,0.0
26745,7,NS_GREEN,0.0,1.0
26750,7,NS_GREEN,0.0,1.0
26755,7,NS_GREEN,0.0,1.0
26760,7,NS_GREEN,0.0,1.0
26765,7,NS_YELLOW,0.0,1.0
26770,7,EW_GREEN,0.0,2.0
26775,7,EW_GREEN,1.0,0.5
26780,7,EW_GREEN,1.0,0.0
26785,7,EW_GREEN,1.0,0.0
26790,7,EW_GREEN,2.0,0.0
26795,7,EW_GREEN,3.0,0.0
26800,7,EW_YELLOW,3.0,0.0
26805,7,NS_GREEN,4.0,0.0
26810,7,NS_GREEN,1.5,1.0
26815,7,NS_GREEN,0.0,1.0
26820,7,NS_GREEN,0.0,1.0
26825,7,NS_GREEN,0.0,1.0
26830,7,NS_GREEN,0.0,1.0
26835,7,NS_YELLOW,0.0,2.0
26840,7,EW_GREEN,0.0,2.0
26845,7,EW_GREEN,1.0,0.5
26850,7,EW_GREEN,2.0,0.0
26855,7,EW_GREEN,3.0,0.0
26860,7,EW_GREEN,4.0,0.0
26865,7,EW_GREEN,4.0,0.0
26870,7,EW_YELLOW,5.0,0.0
26875,7,NS_GREEN,6.0,0.0
26880,7,NS_GREEN,4.5,0.0
26885,7,NS_GREEN,3.0,0.0
26890,7,NS_GREEN,1.5,0.0
26895,7,NS_GREEN,0.0,0.0
26900,7,NS_GREEN,0.0,1.0
26905,7,NS_YELLOW,0.0,2.0
26910,7,EW_GREEN,0.0,2.0
26915,7,EW_GREEN,1.0,0.5
26920,7,EW_GREEN,2.0,0.0
26925,7,EW_GREEN,3.0,0.0
26930,7,EW_GREEN,4.0,0.0
26935,7,EW_GREEN,5.0,0.0
26940,7,EW_YELLOW,6.0,0.0
26945,7,NS_GREEN,6.0,1.0
26950,7,NS_GREEN,3.5,1.0
26955,7,NS_GREEN,1.0,1.0
26960,7,NS_GREEN,0.0,2.0
26965,7,NS_GREEN,0.0,3.0
26970,7,NS_GREEN,0.0,4.0
26975,7,NS_YELLOW,0.0,5.0
26980,7,EW_GREEN,0.0,6.0
26985,7,EW_GREEN,1.0,4.5
26990,7,EW_GREEN,2.0,3.0
26995,7,EW_GREEN,2.0,1.5
27000,7,EW_GREEN,3.0,0.0
27005,7,EW_GREEN,4.0,0.0
27010,7,EW_YELLOW,4.0,0.0
27015,7,NS_GREEN,5.0,1.0
27020,7,NS_GREEN,2.5,1.0
27025,7,NS_GREEN,0.0,1.0
27030,7,NS_GREEN,0.0,1.0
27035,7,NS_GREEN,0.0,1.0
27040,7,NS_GREEN,0.0,1.0
27045,7,NS_YELLOW,0.0,2.0
27050,7,EW_GREEN,1.0,3.0
27055,7,EW_GREEN,1.0,1.5
27060,7,EW_GREEN,1.0,0.0
27065,7,EW_GREEN,2.0,0.0
27070,7,EW_GREEN,2.0,0.0
27075,7,EW_GREEN,3.0,0.0
27080,7,EW_YELLOW,4.0,0.0
27085,7,NS_GREEN,5.0,0.0
27090,7,NS_GREEN,3.5,0.0
27095,7,NS_GREEN,1.0,0.0
27100,7,NS_GREEN,0.0,0.0
27105,7,NS_GREEN,0.0,1.0
27110,7,NS_GREEN,0.0,1.0
27115,7,NS_YELLOW,0.0,1.0
27120,7,EW_GREEN,0.0,2.0
27125,7,EW_GREEN,1.0,0.5
27130,7,EW_GREEN,1.0,0.0
27135,7,EW_GREEN,2.0,0.0
27140,7,EW_GREEN,2.0,0.0
27145,7,EW_GREEN,2.0,0.0
27150,7,EW_YELLOW,2.0,0.0
27155,7,NS_GREEN,3.0,0.0
27160,7,NS_GREEN,1.5,0.0
27165,7,NS_GREEN,0.0,0.0
27170,7,NS_GREEN,0.0,1.0
27175,7,NS_GREEN,0.0,1.0
27180,7,NS_GREEN,0.0,2.0
27185,7,NS_YELLOW,0.0,3.0
27190,7,EW_GREEN,1.0,3.0
27195,7,EW_GREEN,2.0,0.5
27200,7,EW_GREEN,3.0,0.0
27205,7,EW_GREEN,4.0,0.0
27210,7,EW_GREEN,5.0,0.0
27215,7,EW_GREEN,6.0,0.0
27220,7,EW_YELLOW,6.0,0.0
27225,7,NS_GREEN,6.0,1.0
27230,7,NS_GREEN,3.5,2.0
27235,7,NS_GREEN,1.0,3.0
27240,7,NS_GREEN,0.0,4.0
27245,7,NS_GREEN,0.0,5.0
27250,7,NS_GREEN,0.0,5.0
27255,7,NS_YELLOW,0.0,5.0
27260,7,EW_GREEN,0.0,6.0
27265,7,EW_GREEN,1.0,4.5
27270,7,EW_GREEN,1.0,3.0
27275,7,EW_GREEN,2.0,0.5
27280,7,EW_GREEN,3.0,0.0
27285,7,EW_GREEN,3.0,0.0
27290,7,EW_YELLOW,4.0,0.0
27295,7,NS_GREEN,4.0,1.0
27300,7,NS_GREEN,1.5,1.0
27305,7,NS_GREEN,0.0,2.0
27310,7,NS_GREEN,0.0,3.0
27315,7,NS_GREEN,0.0,4.0
27320,7,NS_GREEN,0.0,4.0
27325,7,NS_YELLOW,0.0,5.0
27330,7,EW_GREEN,1.0,5.0
27335,7,EW_GREEN,2.0,3.5
27340,7,EW_GREEN,2.0,2.0
27345,7,EW_GREEN,3.0,0.5
27350,7,EW_GREEN,3.0,0.0
27355,7,EW_GREEN,4.0,0.0
27360,7,EW_YELLOW,5.0,0.0
27365,7,NS_GREEN,6.0,0.0
27370,7,NS_GREEN,4.5,0.0
27375,7,NS_GREEN,3.0,0.0
27380,7,NS_GREEN,1.5,1.0
27385,7,NS_GREEN,0.0,1.0
27390,7,NS_GREEN,0.0,1.0
27395,7,NS_YELLOW,0.0,1.0
27400,7,EW_GREEN,1.0,1.0
27405,7,EW_GREEN,2.0,0.0
27410,7,EW_GREEN,2.0,0.0
27415,7,EW_GREEN,3.0,0.0
27420,7,EW_GREEN,3.0,0.0
27425,7,EW_GREEN,4.0,0.0
27430,7,EW_YELLOW,5.0,0.0
27435,7,NS_GREEN,5.0,0.0
27440,7,NS_GREEN,2.5,0.0
27445,7,NS_GREEN,1.0,0.0
27450,7,NS_GREEN,0.0,0.0
27455,7,NS_GREEN,0.0,1.0
27460,7,NS_GREEN,0.0,2.0
27465,7,NS_YELLOW,0.0,3.0
27470,7,EW_GREEN,0.0,3.0
27475,7,EW_GREEN,0.0,0.5
27480,7,EW_GREEN,0.0,0.0
27485,7,EW_GREEN,0.0,0.0
27490,7,EW_GREEN,0.0,0.0
27495,7,EW_GREEN,1.0,0.0
27500,7,EW_YELLOW,2.0,0.0
27505,7,NS_GREEN,3.0,1.0
27510,7,NS_GREEN,1.5,1.0
27515,7,NS_GREEN,0.0,1.0
27520,7,NS_GREEN,0.0,2.0
27525,7,NS_GREEN,0.0,2.0
27530,7,NS_GREEN,0.0,3.0
27535,7,NS_YELLOW,0.0,3.0
27540,7,EW_GREEN,0.0,3.0
27545,7,EW_GREEN,1.0,0.5
27550,7,EW_GREEN,1.0,0.0
27555,7,EW_GREEN,1.0,0.0
27560,7,EW_GREEN,2.0,0.0
27565,7,EW_GREEN,3.0,0.0
27570,7,EW_YELLOW,3.0,0.0
27575,7,NS_GREEN,4.0,1.0
27580,7,NS_GREEN,2.5,1.0
27585,7,NS_GREEN,0.0,1.0
27590,7,NS_GREEN,0.0,2.0
27595,7,NS_GREEN,0.0,2.0
27600,7,NS_GREEN,0.0,2.0
27605,7,NS_YELLOW,0.0,2.0
27610,7,EW_GREEN,1.0,2.0
27615,7,EW_GREEN,2.0,0.5
27620,7,EW_GREEN,3.0,0.0
27625,7,EW_GREEN,4.0,0.0
27630,7,EW_GREEN,4.0,0.0
27635,7,EW_GREEN,4.0,0.0
27640,7,EW_YELLOW,5.0,0.0
27645,7,NS_GREEN,6.0,0.0
27650,7,NS_GREEN,3.5,1.0
27655,7,NS_GREEN,1.0,1.0
27660,7,NS_GREEN,0.0,2.0
27665,7,NS_GREEN,0.0,3.0
27670,7,NS_GREEN,0.0,3.0
27675,7,NS_YELLOW,0.0,3.0
27680,7,EW_GREEN,1.0,4.0
27685,7,EW_GREEN,2.0,1.5
27690,7,EW_GREEN,3.0,0.0
27695,7,EW_GREEN,4.0,0.0
27700,7,EW_GREEN,4.0,0.0
27705,7,EW_GREEN,5.0,0.0
27710,7,EW_YELLOW,5.0,0.0
27715,7,NS_GREEN,5.0,0.0
27720,7,NS_GREEN,3.5,0.0
27725,7,NS_GREEN,1.0,0.0
27730,7,NS_GREEN,0.0,1.0
27735,7,NS_GREEN,0.0,2.0
27740,7,NS_GREEN,0.0,2.0
27745,7,NS_YELLOW,0.0,2.0
27750,7,EW_GREEN,1.0,2.0
27755,7,EW_GREEN,1.0,0.5
27760,7,EW_GREEN,1.0,0.0
27765,7,EW_GREEN,1.0,0.0
27770,7,EW_GREEN,2.0,0.0
27775,7,EW_GREEN,2.0,0.0
27780,7,EW_YELLOW,3.0,0.0
27785,7,NS_GREEN,4.0,0.0
27790,7,NS_GREEN,1.5,0.0
27795,7,NS_GREEN,0.0,0.0
27800,7,NS_GREEN,0.0,1.0
27805,7,NS_GREEN,0.0,1.0
27810,7,NS_GREEN,0.0,1.0
27815,7,NS_YELLOW,0.0,2.0
27820,7,EW_GREEN,1.0,2.0
27825,7,EW_GREEN,1.0,0.5
27830,7,EW_GREEN,2.0,0.0
27835,7,EW_GREEN,3.0,0.0
27840,7,EW_GREEN,4.0,0.0
27845,7,EW_GREEN,4.0,0.0
27850,7,EW_YELLOW,4.0,0.0
27855,7,NS_GREEN,5.0,0.0
27860,7,NS_GREEN,3.5,0.0
27865,7,NS_GREEN,2.0,1.0
27870,7,NS_GREEN,0.0,1.0
27875,7,NS_GREEN,0.0,1.0
27880,7,NS_GREEN,0.0,2.0
27885,7,NS_YELLOW,0.0,3.0
27890,7,EW_GREEN,0.0,4.0
27895,7,EW_GREEN,0.0,1.5
27900,7,EW_GREEN,1.0,0.0
27905,7,EW_GREEN,1.0,0.0
27910,7,EW_GREEN,2.0,0.0
27915,7,EW_GREEN,3.0,0.0
27920,7,EW_YELLOW,4.0,0.0
27925,7,NS_GREEN,4.0,0.0
27930,7,NS_GREEN,1.5,0.0
27935,7,NS_GREEN,0.0,0.0
27940,7,NS_GREEN,0.0,0.0
27945,7,NS_GREEN,0.0,1.0
27950,7,NS_GREEN,0.0,1.0
27955,7,NS_YELLOW,0.0,1.0
27960,7,EW_GREEN,0.0,1.0
27965,7,EW_GREEN,1.0,0.0
27970,7,EW_GREEN,2.0,0.0
27975,7,EW_GREEN,2.0,0.0
27980,7,EW_GREEN,3.0,0.0
27985,7,EW_GREEN,4.0,0.0
27990,7,EW_YELLOW,4.0,0.0
27995,7,NS_GREEN,5.0,0.0
28000,7,NS_GREEN,3.5,1.0
28005,7,NS_GREEN,1.0,1.0
28010,7,NS_GREEN,0.0,1.0
28015,7,NS_GREEN,0.0,2.0
28020,7,NS_GREEN,0.0,3.0
28025,7,NS_YELLOW,0.0,3.0
28030,7,EW_GREEN,0.0,4.0
28035,7,EW_GREEN,0.0,2.5
28040,7,EW_GREEN,1.0,0.0
28045,7,EW_GREEN,2.0,0.0
28050,7,EW_GREEN,3.0,0.0
28055,7,EW_GREEN,3.0,0.0
28060,7,EW_YELLOW,4.0,0.0
28065,7,NS_GREEN,4.0,0.0
28070,7,NS_GREEN,2.5,0.0
28075,7,NS_GREEN,0.0,0.0
28080,7,NS_GREEN,0.0,0.0
28085,7,NS_GREEN,0.0,0.0
28090,7,NS_GREEN,0.0,0.0
28095,7,NS_YELLOW,0.0,1.0
28100,7,EW_GREEN,1.0,1.0
28105,7,EW_GREEN,2.0,0.0
28110,7,EW_GREEN,3.0,0.0
28115,7,EW_GREEN,4.0,0.0
28120,7,EW_GREEN,5.0,0.0
28125,7,EW_GREEN,6.0,0.0
28130,7,EW_YELLOW,6.0,0.0
28135,7,NS_GREEN,7.0,0.0
28140,7,NS_GREEN,5.5,1.0
28145,7,NS_GREEN,3.0,2.0
28150,7,NS_GREEN,1.5,3.0
28155,7,NS_GREEN,0.0,3.0
28160,7,NS_GREEN,0.0,3.0
28165,7,NS_YELLOW,0.0,4.0
28170,7,EW_GREEN,0.0,5.0
28175,7,EW_GREEN,1.0,3.5
28180,7,EW_GREEN,2.0,2.0
28185,7,EW_GREEN,3.0,0.5
28190,7,EW_GREEN,4.0,0.0
28195,7,EW_GREEN,4.0,0.0
28200,7,EW_YELLOW,5.0,0.0
28205,7,NS_GREEN,5.0,1.0
28210,7,NS_GREEN,2.5,2.0
28215,7,NS_GREEN,0.0,3.0
28220,7,NS_GREEN,0.0,3.0
28225,7,NS_GREEN,0.0,4.0
28230,7,NS_GREEN,0.0,4.0
28235,7,NS_YELLOW,0.0,5.0
28240,7,EW_GREEN,1.0,6.0
28245,7,EW_GREEN,1.0,4.5
28250,7,EW_GREEN,2.0,3.0
28255,7,EW_GREEN,3.0,1.5
28260,7,EW_GREEN,4.0,0.0
28265,7,EW_GREEN,4.0,0.0
28270,7,EW_YELLOW,4.0,0.0
28275,7,NS_GREEN,5.0,0.0
28280,7,NS_GREEN,3.5,0.0
28285,7,NS_GREEN,1.0,0.0
28290,7,NS_GREEN,0.0,0.0
28295,7,NS_GREEN,0.0,0.0
28300,7,NS_GREEN,0.0,0.0
28305,7,NS_YELLOW,0.0,1.0
28310,7,EW_GREEN,0.0,2.0
28315,7,EW_GREEN,1.0,0.5
28320,7,EW_GREEN,1.0,0.0
28325,7,EW_GREEN,1.0,0.0
28330,7,EW_GREEN,1.0,0.0
28335,7,EW_GREEN,2.0,0.0
28340,7,EW_YELLOW,3.0,0.0
28345,7,NS_GREEN,3.0,1.0
28350,7,NS_GREEN,1.5,2.0
28355,7,NS_GREEN,0.0,2.0
28360,7,NS_GREEN,0.0,2.0
28365,7,NS_GREEN,0.0,3.0
28370,7,NS_GREEN,0.0,3.0
28375,7,NS_YELLOW,0.0,4.0
28380,7,EW_GREEN,1.0,4.0
28385,7,EW_GREEN,1.0,2.5
28390,7,EW_GREEN,2.0,0.0
28395,7,EW_GREEN,2.0,0.0
28400,7,EW_GREEN,2.0,0.0
28405,7,EW_GREEN,2.0,0.0
28410,7,EW_YELLOW,3.0,0.0
28415,7,NS_GREEN,4.0,0.0
28420,7,NS_GREEN,2.5,0.0
28425,7,NS_GREEN,0.0,1.0
28430,7,NS_GREEN,0.0,2.0
28435,7,NS_GREEN,0.0,2.0
28440,7,NS_GREEN,0.0,2.0
28445,7,NS_YELLOW,0.0,3.0
28450,7,EW_GREEN,1.0,3.0
28455,7,EW_GREEN,1.0,0.5
28460,7,EW_GREEN,2.0,0.0
28465,7,EW_GREEN,3.0,0.0
28470,7,EW_GREEN,3.0,0.0
28475,7,EW_GREEN,4.0,0.0
28480,7,EW_YELLOW,4.0,0.0
28485,7,NS_GREEN,4.0,1.0
28490,7,NS_GREEN,1.5,1.0
28495,7,NS_GREEN,0.0,1.0
28500,7,NS_GREEN,0.0,1.0
28505,7,NS_GREEN,0.0,2.0
28510,7,NS_GREEN,0.0,2.0
28515,7,NS_YELLOW,0.0,2.0
28520,7,EW_GREEN,1.0,3.0
28525,7,EW_GREEN,2.0,1.5
28530,7,EW_GREEN,3.0,0.0
28535,7,EW_GREEN,4.0,0.0
28540,7,EW_GREEN,4.0,0.0
28545,7,EW_GREEN,4.0,0.0
28550,7,EW_YELLOW,4.0,0.0
28555,7,NS_GREEN,4.0,0.0
28560,7,NS_GREEN,1.5,1.0
28565,7,NS_GREEN,0.0,1.0
28570,7,NS_GREEN,0.0,1.0
28575,7,NS_GREEN,0.0,1.0
28580,7,NS_GREEN,0.0,1.0
28585,7,NS_YELLOW,0.0,1.0
28590,7,EW_GREEN,1.0,1.0
28595,7,EW_GREEN,1.0,0.0
28600,7,EW_GREEN,2.0,0.0
28605,7,EW_GREEN,3.0,0.0
28610,7,EW_GREEN,4.0,0.0
28615,7,EW_GREEN,4.0,0.0
28620,7,EW_YELLOW,5.0,0.0
28625,7,NS_GREEN,6.0,0.0
28630,7,NS_GREEN,4.5,1.0
28635,7,NS_GREEN,2.0,2.0
28640,7,NS_GREEN,0.5,3.0
28645,7,NS_GREEN,0.0,3.0
28650,7,NS_GREEN,0.0,4.0
28655,7,NS_YELLOW,0.0,5.0
28660,7,EW_GREEN,0.0,6.0
28665,7,EW_GREEN,1.0,3.5
28670,7,EW_GREEN,2.0,1.0
28675,7,EW_GREEN,3.0,0.0
28680,7,EW_GREEN,3.0,0.0
28685,7,EW_GREEN,3.0,0.0
28690,7,EW_YELLOW,3.0,0.0
28695,7,NS_GREEN,4.0,0.0
28700,7,NS_GREEN,1.5,1.0
28705,7,NS_GREEN,0.0,1.0
28710,7,NS_GREEN,0.0,2.0
28715,7,NS_GREEN,0.0,3.0
28720,7,NS_GREEN,0.0,3.0
28725,7,NS_YELLOW,0.0,4.0
28730,7,EW_GREEN,1.0,4.0
28735,7,EW_GREEN,2.0,1.5
28740,7,EW_GREEN,3.0,0.0
28745,7,EW_GREEN,4.0,0.0
28750,7,EW_GREEN,5.0,0.0
28755,7,EW_GREEN,5.0,0.0
28760,7,EW_YELLOW,6.0,0.0
28765,7,NS_GREEN,6.0,1.0
28770,7,NS_GREEN,4.5,2.0
28775,7,NS_GREEN,3.0,2.0
28780,7,NS_GREEN,0.5,3.0
28785,7,NS_GREEN,0.0,3.0
28790,7,NS_GREEN,0.0,4.0
28795,7,NS_YELLOW,0.0,4.0
28800,8,EW_GREEN,1.0,5.0
28805,8,EW_GREEN,2.0,3.5
28810,8,EW_GREEN,3.0,1.0
28815,8,EW_GREEN,4.0,0.0
28820,8,EW_GREEN,5.0,0.0
28825,8,EW_GREEN,5.0,0.0
28830,8,EW_YELLOW,5.0,0.0
28835,8,NS_GREEN,6.0,0.0
28840,8,NS_GREEN,3.5,1.0
28845,8,NS_GREEN,2.0,1.0
28850,8,NS_GREEN,0.0,2.0
28855,8,NS_GREEN,0.0,3.0
28860,8,NS_GREEN,0.0,4.0
28865,8,NS_YELLOW,0.0,4.0
28870,8,EW_GREEN,1.0,4.0
28875,8,EW_GREEN,2.0,1.5
28880,8,EW_GREEN,2.0,0.0
28885,8,EW_GREEN,3.0,0.0
28890,8,EW_GREEN,3.0,0.0
28895,8,EW_GREEN,4.0,0.0
28900,8,EW_YELLOW,5.0,0.0
28905,8,NS_GREEN,5.0,1.0
28910,8,NS_GREEN,2.5,2.0
28915,8,NS_GREEN,1.0,3.0
28920,8,NS_GREEN,0.0,3.0
28925,8,NS_GREEN,0.0,4.0
28930,8,NS_GREEN,0.0,5.0
28935,8,NS_YELLOW,0.0,6.0
28940,8,EW_GREEN,1.0,6.0
28945,8,EW_GREEN,2.0,3.5
28950,8,EW_GREEN,3.0,2.0
28955,8,EW_GREEN,3.0,0.0
28960,8,EW_GREEN,4.0,0.0
28965,8,EW_GREEN,5.0,0.0
28970,8,EW_YELLOW,5.0,0.0
28975,8,NS_GREEN,6.0,0.0
28980,8,NS_GREEN,4.5,1.0
28985,8,NS_GREEN,2.0,1.0
28990,8,NS_GREEN,0.5,2.0
28995,8,NS_GREEN,0.0,2.0
29000,8,NS_GREEN,0.0,2.0
29005,8,NS_YELLOW,0.0,2.0
29010,8,EW_GREEN,1.0,2.0
29015,8,EW_GREEN,2.0,0.5
29020,8,EW_GREEN,3.0,0.0
29025,8,EW_GREEN,3.0,0.0
29030,8,EW_GREEN,4.0,0.0
29035,8,EW_GREEN,5.0,0.0
29040,8,EW_YELLOW,6.0,0.0
29045,8,NS_GREEN,6.0,1.0
29050,8,NS_GREEN,4.5,2.0
29055,8,NS_GREEN,3.0,3.0
29060,8,NS_GREEN,1.5,4.0
29065,8,NS_GREEN,0.0,5.0
29070,8,NS_GREEN,0.0,6.0
29075,8,NS_YELLOW,0.0,6.0
29080,8,EW_GREEN,1.0,6.0
29085,8,EW_GREEN,2.0,4.5
29090,8,EW_GREEN,3.0,2.0
29095,8,EW_GREEN,4.0,0.5
29100,8,EW_GREEN,4.0,0.0
29105,8,EW_GREEN,5.0,0.0
29110,8,EW_YELLOW,6.0,0.0
29115,8,NS_GREEN,7.0,1.0
29120,8,NS_GREEN,5.5,1.0
29125,8,NS_GREEN,4.0,1.0
29130,8,NS_GREEN,2.5,2.0
29135,8,NS_GREEN,0.0,2.0
29140,8,NS_GREEN,0.0,2.0
29145,8,NS_YELLOW,0.0,3.0
29150,8,EW_GREEN,0.0,3.0
29155,8,EW_GREEN,1.0,0.5
29160,8,EW_GREEN,1.0,0.0
29165,8,EW_GREEN,2.0,0.0
29170,8,EW_GREEN,3.0,0.0
29175,8,EW_GREEN,4.0,0.0
29180,8,EW_YELLOW,5.0,0.0
29185,8,NS_GREEN,6.0,1.0
29190,8,NS_GREEN,4.5,1.0
29195,8,NS_GREEN,3.0,2.0
29200,8,NS_GREEN,1.5,3.0
29205,8,NS_GREEN,0.0,4.0
29210,8,NS_GREEN,0.0,5.0
29215,8,NS_YELLOW,0.0,5.0
29220,8,EW_GREEN,1.0,5.0
29225,8,EW_GREEN,2.0,2.5
29230,8,EW_GREEN,2.0,0.0
29235,8,EW_GREEN,3.0,0.0
29240,8,EW_GREEN,4.0,0.0
29245,8,EW_GREEN,4.0,0.0
29250,8,EW_YELLOW,5.0,0.0
29255,8,NS_GREEN,6.0,1.0
29260,8,NS_GREEN,4.5,1.0
29265,8,NS_GREEN,2.0,1.0
29270,8,NS_GREEN,0.5,1.0
29275,8,NS_GREEN,0.0,2.0
29280,8,NS_GREEN,0.0,3.0
29285,8,NS_YELLOW,0.0,4.0
29290,8,EW_GREEN,1.0,4.0
29295,8,EW_GREEN,2.0,2.5
29300,8,EW_GREEN,3.0,0.0
29305,8,EW_GREEN,4.0,0.0
29310,8,EW_GREEN,5.0,0.0
29315,8,EW_GREEN,6.0,0.0
29320,8,EW_YELLOW,7.0,0.0
29325,8,NS_GREEN,8.0,1.0
29330,8,NS_GREEN,6.5,2.0
29335,8,NS_GREEN,5.0,2.0
29340,8,NS_GREEN,3.5,2.0
29345,8,NS_GREEN,2.0,3.0
29350,8,NS_GREEN,0.5,4.0
29355,8,NS_YELLOW,0.0,4.0
29360,8,EW_GREEN,0.0,5.0
29365,8,EW_GREEN,1.0,3.5
29370,8,EW_GREEN,2.0,2.0
29375,8,EW_GREEN,3.0,0.0
29380,8,EW_GREEN,3.0,0.0
29385,8,EW_GREEN,4.0,0.0
29390,8,EW_YELLOW,4.0,0.0
29395,8,NS_GREEN,4.0,1.0
29400,8,NS_GREEN,2.5,2.0
29405,8,NS_GREEN,1.0,3.0
29410,8,NS_GREEN,0.0,3.0
29415,8,NS_GREEN,0.0,4.0
29420,8,NS_GREEN,0.0,5.0
29425,8,NS_YELLOW,0.0,6.0
29430,8,EW_GREEN,1.0,7.0
29435,8,EW_GREEN,1.0,5.5
29440,8,EW_GREEN,2.0,3.0
29445,8,EW_GREEN,2.0,0.5
29450,8,EW_GREEN,3.0,0.0
29455,8,EW_GREEN,4.0,0.0
29460,8,EW_YELLOW,5.0,0.0
29465,8,NS_GREEN,5.0,0.0
29470,8,NS_GREEN,3.5,0.0
29475,8,NS_GREEN,1.0,1.0
29480,8,NS_GREEN,0.0,2.0
29485,8,NS_GREEN,0.0,2.0
29490,8,NS_GREEN,0.0,3.0
29495,8,NS_YELLOW,0.0,4.0
29500,8,EW_GREEN,1.0,5.0
29505,8,EW_GREEN,2.0,2.5
29510,8,EW_GREEN,2.0,1.0
29515,8,EW_GREEN,2.0,0.0
29520,8,EW_GREEN,3.0,0.0
29525,8,EW_GREEN,3.0,0.0
29530,8,EW_YELLOW,4.0,0.0
29535,8,NS_GREEN,5.0,1.0
29540,8,NS_GREEN,3.5,2.0
29545,8,NS_GREEN,1.0,3.0
29550,8,NS_GREEN,0.0,3.0
29555,8,NS_GREEN,0.0,3.0
29560,8,NS_GREEN,0.0,4.0
29565,8,NS_YELLOW,0.0,4.0
29570,8,EW_GREEN,1.0,5.0
29575,8,EW_GREEN,2.0,2.5
29580,8,EW_GREEN,2.0,0.0
29585,8,EW_GREEN,3.0,0.0
29590,8,EW_GREEN,4.0,0.0
29595,8,EW_GREEN,5.0,0.0
29600,8,EW_YELLOW,6.0,0.0
29605,8,NS_GREEN,6.0,0.0
29610,8,NS_GREEN,3.5,1.0
29615,8,NS_GREEN,1.0,1.0
29620,8,NS_GREEN,0.0,1.0
29625,8,NS_GREEN,0.0,1.0
29630,8,NS_GREEN,0.0,1.0
29635,8,NS_YELLOW,0.0,2.0
29640,8,EW_GREEN,1.0,3.0
29645,8,EW_GREEN,1.0,0.5
29650,8,EW_GREEN,1.0,0.0
29655,8,EW_GREEN,1.0,0.0
29660,8,EW_GREEN,1.0,0.0
29665,8,EW_GREEN,2.0,0.0
29670,8,EW_YELLOW,3.0,0.0
29675,8,NS_GREEN,3.0,1.0
29680,8,NS_GREEN,1.5,1.0
29685,8,NS_GREEN,0.0,1.0
29690,8,NS_GREEN,0.0,2.0
29695,8,NS_GREEN,0.0,2.0
29700,8,NS_GREEN,0.0,3.0
29705,8,NS_YELLOW,0.0,4.0
29710,8,EW_GREEN,0.0,5.0
29715,8,EW_GREEN,1.0,3.5
29720,8,EW_GREEN,2.0,2.0
29725,8,EW_GREEN,3.0,0.5
29730,8,EW_GREEN,4.0,0.0
29735,8,EW_GREEN,5.0,0.0
29740,8,EW_YELLOW,6.0,0.0
29745,8,NS_GREEN,7.0,1.0
29750,8,NS_GREEN,5.5,1.0
29755,8,NS_GREEN,4.0,2.0
29760,8,NS_GREEN,2.5,2.0
29765,8,NS_GREEN,0.0,3.0
29770,8,NS_GREEN,0.0,4.0
29775,8,NS_YELLOW,0.0,4.0
29780,8,EW_GREEN,1.0,4.0
29785,8,EW_GREEN,1.0,1.5
29790,8,EW_GREEN,1.0,0.0
29795,8,EW_GREEN,2.0,0.0
29800,8,EW_GREEN,2.0,0.0
29805,8,EW_GREEN,3.0,0.0
29810,8,EW_YELLOW,4.0,0.0
29815,8,NS_GREEN,5.0,1.0
29820,8,NS_GREEN,3.5,2.0
29825,8,NS_GREEN,2.0,2.0
29830,8,NS_GREEN,0.5,3.0
29835,8,NS_GREEN,0.0,4.0
29840,8,NS_GREEN,0.0,5.0
29845,8,NS_YELLOW,0.0,6.0
29850,8,EW_GREEN,1.0,7.0
29855,8,EW_GREEN,2.0,4.5
29860,8,EW_GREEN,2.0,2.0
29865,8,EW_GREEN,3.0,0.5
29870,8,EW_GREEN,4.0,0.0
29875,8,EW_GREEN,4.0,0.0
29880,8,EW_YELLOW,5.0,0.0
29885,8,NS_GREEN,5.0,0.0
29890,8,NS_GREEN,3.5,0.0
29895,8,NS_GREEN,2.0,0.0
29900,8,NS_GREEN,0.0,0.0
29905,8,NS_GREEN,0.0,1.0
29910,8,NS_GREEN,0.0,2.0
29915,8,NS_YELLOW,0.0,3.0
29920,8,EW_GREEN,1.0,3.0
29925,8,EW_GREEN,2.0,1.5
29930,8,EW_GREEN,3.0,0.0
29935,8,EW_GREEN,4.0,0.0
29940,8,EW_GREEN,5.0,0.0
29945,8,EW_GREEN,6.0,0.0
29950,8,EW_YELLOW,7.0,0.0
29955,8,NS_GREEN,8.0,1.0
29960,8,NS_GREEN,6.5,1.0
29965,8,NS_GREEN,5.0,2.0
29970,8,NS_GREEN,2.5,2.0
29975,8,NS_GREEN,1.0,3.0
29980,8,NS_GREEN,0.0,4.0
29985,8,NS_YELLOW,0.0,5.0
29990,8,EW_GREEN,0.0,6.0
29995,8,EW_GREEN,0.0,4.5
30000,8,EW_GREEN,1.0,3.0
30005,8,EW_GREEN,2.0,0.5
30010,8,EW_GREEN,3.0,0.0
30015,8,EW_GREEN,4.0,0.0
30020,8,EW_YELLOW,5.0,0.0
30025,8,NS_GREEN,5.0,1.0
30030,8,NS_GREEN,2.5,1.0
30035,8,NS_GREEN,1.0,1.0
30040,8,NS_GREEN,0.0,1.0
30045,8,NS_GREEN,0.0,2.0
30050,8,NS_GREEN,0.0,2.0
30055,8,NS_YELLOW,0.0,2.0
30060,8,EW_GREEN,1.0,3.0
30065,8,EW_GREEN,1.0,0.5
30070,8,EW_GREEN,2.0,0.0
30075,8,EW_GREEN,3.0,0.0
30080,8,EW_GREEN,3.0,0.0
30085,8,EW_GREEN,3.0,0.0
30090,8,EW_YELLOW,4.0,0.0
30095,8,NS_GREEN,5.0,1.0
30100,8,NS_GREEN,3.5,2.0
30105,8,NS_GREEN,1.0,3.0
30110,8,NS_GREEN,0.0,4.0
30115,8,NS_GREEN,0.0,4.0
30120,8,NS_GREEN,0.0,5.0
30125,8,NS_YELLOW,0.0,6.0
30130,8,EW_GREEN,1.0,6.0
30135,8,EW_GREEN,1.0,4.5
30140,8,EW_GREEN,1.0,3.0
30145,8,EW_GREEN,2.0,0.5
30150,8,EW_GREEN,2.0,0.0
30155,8,EW_GREEN,3.0,0.0
30160,8,EW_YELLOW,3.0,0.0
30165,8,NS_GREEN,4.0,0.0
30170,8,NS_GREEN,1.5,1.0
30175,8,NS_GREEN,0.0,2.0
30180,8,NS_GREEN,0.0,2.0
30185,8,NS_GREEN,0.0,2.0
30190,8,NS_GREEN,0.0,2.0
30195,8,NS_YELLOW,0.0,2.0
30200,8,EW_GREEN,1.0,2.0
30205,8,EW_GREEN,2.0,0.5
30210,8,EW_GREEN,3.0,0.0
30215,8,EW_GREEN,4.0,0.0
30220,8,EW_GREEN,5.0,0.0
30225,8,EW_GREEN,6.0,0.0
30230,8,EW_YELLOW,7.0,0.0
30235,8,NS_GREEN,8.0,1.0
30240,8,NS_GREEN,6.5,1.0
30245,8,NS_GREEN,4.0,1.0
30250,8,NS_GREEN,2.5,2.0
30255,8,NS_GREEN,0.0,2.0
30260,8,NS_GREEN,0.0,2.0
30265,8,NS_YELLOW,0.0,3.0
30270,8,EW_GREEN,1.0,4.0
30275,8,EW_GREEN,2.0,1.5
30280,8,EW_GREEN,3.0,0.0
30285,8,EW_GREEN,3.0,0.0
30290,8,EW_GREEN,4.0,0.0
30295,8,EW_GREEN,4.0,0.0
30300,8,EW_YELLOW,5.0,0.0
30305,8,NS_GREEN,6.0,0.0
30310,8,NS_GREEN,4.5,0.0
30315,8,NS_GREEN,3.0,0.0
30320,8,NS_GREEN,1.5,1.0
30325,8,NS_GREEN,0.0,2.0
30330,8,NS_GREEN,0.0,3.0
30335,8,NS_YELLOW,0.0,4.0
30340,8,EW_GREEN,0.0,4.0
30345,8,EW_GREEN,1.0,1.5
30350,8,EW_GREEN,2.0,0.0
30355,8,EW_GREEN,3.0,0.0
30360,8,EW_GREEN,4.0,0.0
30365,8,EW_GREEN,5.0,0.0
30370,8,EW_YELLOW,6.0,0.0
30375,8,NS_GREEN,7.0,1.0
30380,8,NS_GREEN,5.5,1.0
30385,8,NS_GREEN,4.0,2.0
30390,8,NS_GREEN,2.5,3.0
30395,8,NS_GREEN,1.0,4.0
30400,8,NS_GREEN,0.0,4.0
30405,8,NS_YELLOW,0.0,5.0
30410,8,EW_GREEN,1.0,5.0
30415,8,EW_GREEN,1.0,2.5
30420,8,EW_GREEN,2.0,1.0
30425,8,EW_GREEN,3.0,0.0
30430,8,EW_GREEN,4.0,0.0
30435,8,EW_GREEN,5.0,0.0
30440,8,EW_YELLOW,6.0,0.0
30445,8,NS_GREEN,7.0,1.0
30450,8,NS_GREEN,5.5,1.0
30455,8,NS_GREEN,4.0,2.0
30460,8,NS_GREEN,2.5,2.0
30465,8,NS_GREEN,1.0,2.0
30470,8,NS_GREEN,0.0,3.0
30475,8,NS_YELLOW,0.0,4.0
30480,8,EW_GREEN,0.0,4.0
30485,8,EW_GREEN,1.0,2.5
30490,8,EW_GREEN,1.0,1.0
30495,8,EW_GREEN,2.0,0.0
30500,8,EW_GREEN,3.0,0.0
30505,8,EW_GREEN,4.0,0.0
30510,8,EW_YELLOW,5.0,0.0
30515,8,NS_GREEN,5.0,0.0
30520,8,NS_GREEN,3.5,1.0
30525,8,NS_GREEN,2.0,2.0
30530,8,NS_GREEN,0.0,2.0
30535,8,NS_GREEN,0.0,3.0
30540,8,NS_GREEN,0.0,3.0
30545,8,NS_YELLOW,0.0,4.0
30550,8,EW_GREEN,1.0,5.0
30555,8,EW_GREEN,2.0,3.5
30560,8,EW_GREEN,2.0,2.0
30565,8,EW_GREEN,3.0,0.5
30570,8,EW_GREEN,4.0,0.0
30575,8,EW_GREEN,5.0,0.0
30580,8,EW_YELLOW,6.0,0.0
30585,8,NS_GREEN,7.0,0.0
30590,8,NS_GREEN,4.5,0.0
30595,8,NS_GREEN,3.0,0.0
30600,8,NS_GREEN,1.5,1.0
30605,8,NS_GREEN,0.0,1.0
30610,8,NS_GREEN,0.0,2.0
30615,8,NS_YELLOW,0.0,3.0
30620,8,EW_GREEN,1.0,3.0
30625,8,EW_GREEN,2.0,0.5
30630,8,EW_GREEN,2.0,0.0
30635,8,EW_GREEN,2.0,0.0
30640,8,EW_GREEN,3.0,0.0
30645,8,EW_GREEN,4.0,0.0
30650,8,EW_YELLOW,4.0,0.0
30655,8,NS_GREEN,4.0,1.0
30660,8,NS_GREEN,1.5,2.0
30665,8,NS_GREEN,0.0,3.0
30670,8,NS_GREEN,0.0,4.0
30675,8,NS_GREEN,0.0,5.0
30680,8,NS_GREEN,0.0,5.0
30685,8,NS_YELLOW,0.0,6.0
30690,8,EW_GREEN,0.0,6.0
30695,8,EW_GREEN,1.0,4.5
30700,8,EW_GREEN,2.0,2.0
30705,8,EW_GREEN,3.0,0.5
30710,8,EW_GREEN,4.0,0.0
30715,8,EW_GREEN,4.0,0.0
30720,8,EW_YELLOW,5.0,0.0
30725,8,NS_GREEN,6.0,1.0
30730,8,NS_GREEN,3.5,2.0
30735,8,NS_GREEN,2.0,2.0
30740,8,NS_GREEN,0.5,2.0
30745,8,NS_GREEN,0.0,3.0
30750,8,NS_GREEN,0.0,3.0
30755,8,NS_YELLOW,0.0,3.0
30760,8,EW_GREEN,0.0,4.0
30765,8,EW_GREEN,1.0,1.5
30770,8,EW_GREEN,2.0,0.0
30775,8,EW_GREEN,3.0,0.0
30780,8,EW_GREEN,4.0,0.0
30785,8,EW_GREEN,5.0,0.0
30790,8,EW_YELLOW,6.0,0.0
30795,8,NS_GREEN,7.0,0.0
30800,8,NS_GREEN,5.5,0.0
30805,8,NS_GREEN,4.0,0.0
30810,8,NS_GREEN,2.5,0.0
30815,8,NS_GREEN,0.0,1.0
30820,8,NS_GREEN,0.0,2.0
30825,8,NS_YELLOW,0.0,2.0
30830,8,EW_GREEN,0.0,2.0
30835,8,EW_GREEN,1.0,0.5
30840,8,EW_GREEN,2.0,0.0
30845,8,EW_GREEN,2.0,0.0
30850,8,EW_GREEN,3.0,0.0
30855,8,EW_GREEN,4.0,0.0
30860,8,EW_YELLOW,5.0,0.0
30865,8,NS_GREEN,6.0,0.0
30870,8,NS_GREEN,4.5,1.0
30875,8,NS_GREEN,3.0,1.0
30880,8,NS_GREEN,1.5,2.0
30885,8,NS_GREEN,0.0,3.0
30890,8,NS_GREEN,0.0,3.0
30895,8,NS_YELLOW,0.0,4.0
30900,8,EW_GREEN,0.0,5.0
30905,8,EW_GREEN,1.0,3.5
30910,8,EW_GREEN,2.0,2.0
30915,8,EW_GREEN,2.0,0.5
30920,8,EW_GREEN,3.0,0.0
30925,8,EW_GREEN,4.0,0.0
30930,8,EW_YELLOW,5.0,0.0
30935,8,NS_GREEN,5.0,0.0
30940,8,NS_GREEN,3.5,0.0
30945,8,NS_GREEN,2.0,0.0
30950,8,NS_GREEN,0.5,0.0
30955,8,NS_GREEN,0.0,1.0
30960,8,NS_GREEN,0.0,2.0
30965,8,NS_YELLOW,0.0,3.0
30970,8,EW_GREEN,0.0,4.0
30975,8,EW_GREEN,1.0,1.5
30980,8,EW_GREEN,2.0,0.0
30985,8,EW_GREEN,2.0,0.0
30990,8,EW_GREEN,3.0,0.0
30995,8,EW_GREEN,4.0,0.0
31000,8,EW_YELLOW,4.0,0.0
31005,8,NS_GREEN,5.0,1.0
31010,8,NS_GREEN,2.5,2.0
31015,8,NS_GREEN,1.0,3.0
31020,8,NS_GREEN,0.0,3.0
31025,8,NS_GREEN,0.0,3.0
31030,8,NS_GREEN,0.0,3.0
31035,8,NS_YELLOW,0.0,4.0
31040,8,EW_GREEN,1.0,4.0
31045,8,EW_GREEN,1.0,2.5
31050,8,EW_GREEN,1.0,1.0
31055,8,EW_GREEN,2.0,0.0
31060,8,EW_GREEN,3.0,0.0
31065,8,EW_GREEN,4.0,0.0
31070,8,EW_YELLOW,5.0,0.0
31075,8,NS_GREEN,5.0,1.0
31080,8,NS_GREEN,2.5,1.0
31085,8,NS_GREEN,1.0,1.0
31090,8,NS_GREEN,0.0,2.0
31095,8,NS_GREEN,0.0,3.0
31100,8,NS_GREEN,0.0,3.0
31105,8,NS_YELLOW,0.0,4.0
31110,8,EW_GREEN,1.0,5.0
31115,8,EW_GREEN,2.0,2.5
31120,8,EW_GREEN,3.0,1.0
31125,8,EW_GREEN,3.0,0.0
31130,8,EW_GREEN,4.0,0.0
31135,8,EW_GREEN,5.0,0.0
31140,8,EW_YELLOW,6.0,0.0
31145,8,NS_GREEN,7.0,1.0
31150,8,NS_GREEN,5.5,1.0
31155,8,NS_GREEN,3.0,1.0
31160,8,NS_GREEN,1.5,2.0
31165,8,NS_GREEN,0.0,3.0
31170,8,NS_GREEN,0.0,3.0
31175,8,NS_YELLOW,0.0,3.0
31180,8,EW_GREEN,1.0,4.0
31185,8,EW_GREEN,2.0,2.5
31190,8,EW_GREEN,3.0,1.0
31195,8,EW_GREEN,4.0,0.0
31200,8,EW_GREEN,4.0,0.0
31205,8,EW_GREEN,5.0,0.0
31210,8,EW_YELLOW,5.0,0.0
31215,8,NS_GREEN,6.0,1.0
31220,8,NS_GREEN,4.5,1.0
31225,8,NS_GREEN,2.0,2.0
31230,8,NS_GREEN,0.5,3.0
31235,8,NS_GREEN,0.0,3.0
31240,8,NS_GREEN,0.0,3.0
31245,8,NS_YELLOW,0.0,3.0
31250,8,EW_GREEN,0.0,4.0
31255,8,EW_GREEN,1.0,1.5
31260,8,EW_GREEN,2.0,0.0
31265,8,EW_GREEN,3.0,0.0
31270,8,EW_GREEN,4.0,0.0
31275,8,EW_GREEN,5.0,0.0
31280,8,EW_YELLOW,6.0,0.0
31285,8,NS_GREEN,6.0,1.0
31290,8,NS_GREEN,4.5,1.0
31295,8,NS_GREEN,3.0,1.0
31300,8,NS_GREEN,1.5,1.0
31305,8,NS_GREEN,0.0,2.0
31310,8,NS_GREEN,0.0,2.0
31315,8,NS_YELLOW,0.0,3.0
31320,8,EW_GREEN,1.0,4.0
31325,8,EW_GREEN,2.0,1.5
31330,8,EW_GREEN,3.0,0.0
31335,8,EW_GREEN,4.0,0.0
31340,8,EW_GREEN,5.0,0.0
31345,8,EW_GREEN,6.0,0.0
31350,8,EW_YELLOW,7.0,0.0
31355,8,NS_GREEN,7.0,1.0
31360,8,NS_GREEN,5.5,2.0
31365,8,NS_GREEN,4.0,2.0
31370,8,NS_GREEN,2.5,2.0
31375,8,NS_GREEN,1.0,3.0
31380,8,NS_GREEN,0.0,3.0
31385,8,NS_YELLOW,0.0,3.0
31390,8,EW_GREEN,1.0,3.0
31395,8,EW_GREEN,1.0,0.5
31400,8,EW_GREEN,1.0,0.0
31405,8,EW_GREEN,2.0,0.0
31410,8,EW_GREEN,3.0,0.0
31415,8,EW_GREEN,3.0,0.0
31420,8,EW_YELLOW,4.0,0.0
31425,8,NS_GREEN,4.0,0.0
31430,8,NS_GREEN,2.5,1.0
31435,8,NS_GREEN,1.0,2.0
31440,8,NS_GREEN,0.0,2.0
31445,8,NS_GREEN,0.0,3.0
31450,8,NS_GREEN,0.0,3.0
31455,8,NS_YELLOW,0.0,3.0
31460,8,EW_GREEN,1.0,4.0
31465,8,EW_GREEN,2.0,1.5
31470,8,EW_GREEN,2.0,0.0
31475,8,EW_GREEN,2.0,0.0
31480,8,EW_GREEN,3.0,0.0
31485,8,EW_GREEN,4.0,0.0
31490,8,EW_YELLOW,5.0,0.0
31495,8,NS_GREEN,6.0,0.0
31500,8,NS_GREEN,4.5,1.0
31505,8,NS_GREEN,3.0,2.0
31510,8,NS_GREEN,0.5,3.0
31515,8,NS_GREEN,0.0,3.0
31520,8,NS_GREEN,0.0,3.0
31525,8,NS_YELLOW,0.0,4.0
31530,8,EW_GREEN,1.0,5.0
31535,8,EW_GREEN,1.0,2.5
31540,8,EW_GREEN,2.0,1.0
31545,8,EW_GREEN,3.0,0.0
31550,8,EW_GREEN,3.0,0.0
31555,8,EW_GREEN,3.0,0.0
31560,8,EW_YELLOW,4.0,0.0
31565,8,NS_GREEN,5.0,0.0
31570,8,NS_GREEN,3.5,0.0
31575,8,NS_GREEN,2.0,1.0
31580,8,NS_GREEN,0.5,1.0
31585,8,NS_GREEN,0.0,2.0
31590,8,NS_GREEN,0.0,2.0
31595,8,NS_YELLOW,0.0,2.0
31600,8,EW_GREEN,1.0,2.0
31605,8,EW_GREEN,1.0,0.0
31610,8,EW_GREEN,2.0,0.0
31615,8,EW_GREEN,3.0,0.0
31620,8,EW_GREEN,4.0,0.0
31625,8,EW_GREEN,5.0,0.0
31630,8,EW_YELLOW,6.0,0.0
31635,8,NS_GREEN,7.0,1.0
31640,8,NS_GREEN,4.5,2.0
31645,8,NS_GREEN,3.0,2.0
31650,8,NS_GREEN,1.5,2.0
31655,8,NS_GREEN,0.0,2.0
31660,8,NS_GREEN,0.0,3.0
31665,8,NS_YELLOW,0.0,3.0
31670,8,EW_GREEN,1.0,4.0
31675,8,EW_GREEN,2.0,2.5
31680,8,EW_GREEN,3.0,1.0
31685,8,EW_GREEN,4.0,0.0
31690,8,EW_GREEN,5.0,0.0
31695,8,EW_GREEN,5.0,0.0
31700,8,EW_YELLOW,5.0,0.0
31705,8,NS_GREEN,6.0,1.0
31710,8,NS_GREEN,4.5,1.0
31715,8,NS_GREEN,3.0,2.0
31720,8,NS_GREEN,1.5,3.0
31725,8,NS_GREEN,0.0,3.0
31730,8,NS_GREEN,0.0,3.0
31735,8,NS_YELLOW,0.0,3.0
31740,8,EW_GREEN,1.0,3.0
31745,8,EW_GREEN,1.0,1.5
31750,8,EW_GREEN,2.0,0.0
31755,8,EW_GREEN,2.0,0.0
31760,8,EW_GREEN,3.0,0.0
31765,8,EW_GREEN,4.0,0.0
31770,8,EW_YELLOW,5.0,0.0
31775,8,NS_GREEN,6.0,1.0
31780,8,NS_GREEN,4.5,1.0
31785,8,NS_GREEN,3.0,2.0
31790,8,NS_GREEN,1.5,2.0
31795,8,NS_GREEN,0.0,3.0
31800,8,NS_GREEN,0.0,4.0
31805,8,NS_YELLOW,0.0,4.0
31810,8,EW_GREEN,1.0,4.0
31815,8,EW_GREEN,1.0,1.5
31820,8,EW_GREEN,2.0,0.0
31825,8,EW_GREEN,3.0,0.0
31830,8,EW_GREEN,4.0,0.0
31835,8,EW_GREEN,5.0,0.0
31840,8,EW_YELLOW,6.0,0.0
31845,8,NS_GREEN,6.0,0.0
31850,8,NS_GREEN,4.5,0.0
31855,8,NS_GREEN,3.0,1.0
31860,8,NS_GREEN,0.5,2.0
31865,8,NS_GREEN,0.0,2.0
31870,8,NS_GREEN,0.0,3.0
31875,8,NS_YELLOW,0.0,4.0
31880,8,EW_GREEN,1.0,5.0
31885,8,EW_GREEN,2.0,2.5
31890,8,EW_GREEN,3.0,0.0
31895,8,EW_GREEN,4.0,0.0
31900,8,EW_GREEN,5.0,0.0
31905,8,EW_GREEN,6.0,0.0
31910,8,EW_YELLOW,6.0,0.0
31915,8,NS_GREEN,7.0,0.0
31920,8,NS_GREEN,5.5,1.0
31925,8,NS_GREEN,3.0,1.0
31930,8,NS_GREEN,1.5,2.0
31935,8,NS_GREEN,0.0,3.0
31940,8,NS_GREEN,0.0,3.0
31945,8,NS_YELLOW,0.0,4.0
31950,8,EW_GREEN,1.0,4.0
31955,8,EW_GREEN,2.0,2.5
31960,8,EW_GREEN,3.0,0.0
31965,8,EW_GREEN,4.0,0.0
31970,8,EW_GREEN,5.0,0.0
31975,8,EW_GREEN,6.0,0.0
31980,8,EW_YELLOW,6.0,0.0
31985,8,NS_GREEN,7.0,0.0
31990,8,NS_GREEN,4.5,1.0
31995,8,NS_GREEN,3.0,2.0
32000,8,NS_GREEN,1.5,3.0
32005,8,NS_GREEN,0.0,4.0
32010,8,NS_GREEN,0.0,4.0
32015,8,NS_YELLOW,0.0,5.0
32020,8,EW_GREEN,1.0,5.0
32025,8,EW_GREEN,2.0,2.5
32030,8,EW_GREEN,3.0,1.0
32035,8,EW_GREEN,4.0,0.0
32040,8,EW_GREEN,4.0,0.0
32045,8,EW_GREEN,5.0,0.0
32050,8,EW_YELLOW,6.0,0.0
32055,8,NS_GREEN,7.0,0.0
32060,8,NS_GREEN,4.5,1.0
32065,8,NS_GREEN,2.0,2.0
32070,8,NS_GREEN,0.5,3.0
32075,8,NS_GREEN,0.0,4.0
32080,8,NS_GREEN,0.0,5.0
32085,8,NS_YELLOW,0.0,5.0
32090,8,EW_GREEN,0.0,6.0
32095,8,EW_GREEN,1.0,4.5
32100,8,EW_GREEN,1.0,2.0
32105,8,EW_GREEN,2.0,0.5
32110,8,EW_GREEN,3.0,0.0
32115,8,EW_GREEN,3.0,0.0
32120,8,EW_YELLOW,4.0,0.0
32125,8,NS_GREEN,5.0,1.0
32130,8,NS_GREEN,2.5,1.0
32135,8,NS_GREEN,1.0,2.0
32140,8,NS_GREEN,0.0,2.0
32145,8,NS_GREEN,0.0,3.0
32150,8,NS_GREEN,0.0,3.0
32155,8,NS_YELLOW,0.0,4.0
32160,8,EW_GREEN,1.0,4.0
32165,8,EW_GREEN,2.0,2.5
32170,8,EW_GREEN,3.0,0.0
32175,8,EW_GREEN,4.0,0.0
32180,8,EW_GREEN,5.0,0.0
32185,8,EW_GREEN,5.0,0.0
32190,8,EW_YELLOW,6.0,0.0
32195,8,NS_GREEN,7.0,1.0
32200,8,NS_GREEN,4.5,1.0
32205,8,NS_GREEN,3.0,2.0
32210,8,NS_GREEN,1.5,3.0
32215,8,NS_GREEN,0.0,4.0
32220,8,NS_GREEN,0.0,4.0
32225,8,NS_YELLOW,0.0,4.0
32230,8,EW_GREEN,1.0,4.0
32235,8,EW_GREEN,2.0,2.5
32240,8,EW_GREEN,3.0,0.0
32245,8,EW_GREEN,3.0,0.0
32250,8,EW_GREEN,3.0,0.0
32255,8,EW_GREEN,4.0,0.0
32260,8,EW_YELLOW,4.0,0.0
32265,8,NS_GREEN,5.0,0.0
32270,8,NS_GREEN,2.5,0.0
32275,8,NS_GREEN,1.0,0.0
32280,8,NS_GREEN,0.0,1.0
32285,8,NS_GREEN,0.0,2.0
32290,8,NS_GREEN,0.0,2.0
32295,8,NS_YELLOW,0.0,3.0
32300,8,EW_GREEN,0.0,4.0
32305,8,EW_GREEN,1.0,1.5
32310,8,EW_GREEN,2.0,0.0
32315,8,EW_GREEN,3.0,0.0
32320,8,EW_GREEN,4.0,0.0
32325,8,EW_GREEN,5.0,0.0
32330,8,EW_YELLOW,6.0,0.0
32335,8,NS_GREEN,7.0,0.0
32340,8,NS_GREEN,5.5,1.0
32345,8,NS_GREEN,4.0,2.0
32350,8,NS_GREEN,2.5,2.0
32355,8,NS_GREEN,1.0,2.0
32360,8,NS_GREEN,0.0,3.0
32365,8,NS_YELLOW,0.0,4.0
32370,8,EW_GREEN,0.0,5.0
32375,8,EW_GREEN,1.0,2.5
32380,8,EW_GREEN,2.0,1.0
32385,8,EW_GREEN,3.0,0.0
32390,8,EW_GREEN,3.0,0.0
32395,8,EW_GREEN,4.0,0.0
32400,9,EW_YELLOW,5.0,0.0
32405,9,NS_GREEN,5.0,1.0
32410,9,NS_GREEN,3.5,2.0
32415,9,NS_GREEN,2.0,2.0
32420,9,NS_GREEN,0.0,3.0
32425,9,NS_GREEN,0.0,3.0
32430,9,NS_GREEN,0.0,4.0
32435,9,NS_YELLOW,0.0,4.0
32440,9,EW_GREEN,1.0,5.0
32445,9,EW_GREEN,2.0,2.5
32450,9,EW_GREEN,3.0,0.0
32455,9,EW_GREEN,4.0,0.0
32460,9,EW_GREEN,5.0,0.0
32465,9,EW_GREEN,5.0,0.0
32470,9,EW_YELLOW,6.0,0.0
32475,9,NS_GREEN,6.0,0.0
32480,9,NS_GREEN,4.5,1.0
32485,9,NS_GREEN,3.0,1.0
32490,9,NS_GREEN,0.5,1.0
32495,9,NS_GREEN,0.0,2.0
32500,9,NS_GREEN,0.0,3.0
32505,9,NS_YELLOW,0.0,4.0
32510,9,EW_GREEN,1.0,4.0
32515,9,EW_GREEN,1.0,1.5
32520,9,EW_GREEN,2.0,0.0
32525,9,EW_GREEN,3.0,0.0
32530,9,EW_GREEN,3.0,0.0
32535,9,EW_GREEN,3.0,0.0
32540,9,EW_YELLOW,3.0,0.0
32545,9,NS_GREEN,4.0,0.0
32550,9,NS_GREEN,2.5,0.0
32555,9,NS_GREEN,0.0,0.0
32560,9,NS_GREEN,0.0,1.0
32565,9,NS_GREEN,0.0,2.0
32570,9,NS_GREEN,0.0,3.0
32575,9,NS_YELLOW,0.0,4.0
32580,9,EW_GREEN,1.0,5.0
32585,9,EW_GREEN,2.0,2.5
32590,9,EW_GREEN,3.0,0.0
32595,9,EW_GREEN,3.0,0.0
32600,9,EW_GREEN,4.0,0.0
32605,9,EW_GREEN,4.0,0.0
32610,9,EW_YELLOW,5.0,0.0
32615,9,NS_GREEN,6.0,0.0
32620,9,NS_GREEN,3.5,0.0
32625,9,NS_GREEN,1.0,1.0
32630,9,NS_GREEN,0.0,1.0
32635,9,NS_GREEN,0.0,1.0
32640,9,NS_GREEN,0.0,2.0
32645,9,NS_YELLOW,0.0,3.0
32650,9,EW_GREEN,0.0,4.0
32655,9,EW_GREEN,1.0,1.5
32660,9,EW_GREEN,2.0,0.0
32665,9,EW_GREEN,2.0,0.0
32670,9,EW_GREEN,2.0,0.0
32675,9,EW_GREEN,3.0,0.0
32680,9,EW_YELLOW,4.0,0.0
32685,9,NS_GREEN,4.0,0.0
32690,9,NS_GREEN,1.5,0.0
32695,9,NS_GREEN,0.0,0.0
32700,9,NS_GREEN,0.0,1.0
32705,9,NS_GREEN,0.0,1.0
32710,9,NS_GREEN,0.0,2.0
32715,9,NS_YELLOW,0.0,2.0
32720,9,EW_GREEN,0.0,3.0
32725,9,EW_GREEN,1.0,1.5
32730,9,EW_GREEN,2.0,0.0
32735,9,EW_GREEN,2.0,0.0
32740,9,EW_GREEN,3.0,0.0
32745,9,EW_GREEN,4.0,0.0
32750,9,EW_YELLOW,5.0,0.0
32755,9,NS_GREEN,6.0,0.0
32760,9,NS_GREEN,3.5,0.0
32765,9,NS_GREEN,2.0,0.0
32770,9,NS_GREEN,0.0,1.0
32775,9,NS_GREEN,0.0,1.0
32780,9,NS_GREEN,0.0,1.0
32785,9,NS_YELLOW,0.0,1.0
32790,9,EW_GREEN,1.0,1.0
32795,9,EW_GREEN,1.0,0.0
32800,9,EW_GREEN,1.0,0.0
32805,9,EW_GREEN,2.0,0.0
32810,9,EW_GREEN,3.0,0.0
32815,9,EW_GREEN,4.0,0.0
32820,9,EW_YELLOW,4.0,0.0
32825,9,NS_GREEN,4.0,1.0
32830,9,NS_GREEN,1.5,2.0
32835,9,NS_GREEN,0.0,2.0
32840,9,NS_GREEN,0.0,3.0
32845,9,NS_GREEN,0.0,4.0
32850,9,NS_GREEN,0.0,5.0
32855,9,NS_YELLOW,0.0,6.0
32860,9,EW_GREEN,1.0,6.0
32865,9,EW_GREEN,1.0,3.5
32870,9,EW_GREEN,1.0,1.0
32875,9,EW_GREEN,2.0,0.0
32880,9,EW_GREEN,3.0,0.0
32885,9,EW_GREEN,4.0,0.0
32890,9,EW_YELLOW,5.0,0.0
32895,9,NS_GREEN,5.0,1.0
32900,9,NS_GREEN,3.5,1.0
32905,9,NS_GREEN,2.0,2.0
32910,9,NS_GREEN,0.5,3.0
32915,9,NS_GREEN,0.0,4.0
32920,9,NS_GREEN,0.0,4.0
32925,9,NS_YELLOW,0.0,4.0
32930,9,EW_GREEN,1.0,4.0
32935,9,EW_GREEN,2.0,1.5
32940,9,EW_GREEN,2.0,0.0
32945,9,EW_GREEN,3.0,0.0
32950,9,EW_GREEN,4.0,0.0
32955,9,EW_GREEN,5.0,0.0
32960,9,EW_YELLOW,6.0,0.0
32965,9,NS_GREEN,7.0,0.0
32970,9,NS_GREEN,4.5,0.0
32975,9,NS_GREEN,2.0,1.0
32980,9,NS_GREEN,0.5,1.0
32985,9,NS_GREEN,0.0,1.0
32990,9,NS_GREEN,0.0,1.0
32995,9,NS_YELLOW,0.0,2.0
33000,9,EW_GREEN,1.0,2.0
33005,9,EW_GREEN,2.0,0.0
33010,9,EW_GREEN,3.0,0.0
33015,9,EW_GREEN,3.0,0.0
33020,9,EW_GREEN,4.0,0.0
33025,9,EW_GREEN,4.0,0.0
33030,9,EW_YELLOW,5.0,0.0
33035,9,NS_GREEN,6.0,0.0
33040,9,NS_GREEN,4.5,0.0
33045,9,NS_GREEN,2.0,1.0
33050,9,NS_GREEN,0.5,1.0
33055,9,NS_GREEN,0.0,1.0
33060,9,NS_GREEN,0.0,2.0
33065,9,NS_YELLOW,0.0,2.0
33070,9,EW_GREEN,1.0,3.0
33075,9,EW_GREEN,2.0,1.5
33080,9,EW_GREEN,2.0,0.0
33085,9,EW_GREEN,2.0,0.0
33090,9,EW_GREEN,3.0,0.0
33095,9,EW_GREEN,3.0,0.0
33100,9,EW_YELLOW,4.0,0.0
33105,9,NS_GREEN,5.0,0.0
33110,9,NS_GREEN,2.5,0.0
33115,9,NS_GREEN,1.0,1.0
33120,9,NS_GREEN,0.0,1.0
33125,9,NS_GREEN,0.0,1.0
33130,9,NS_GREEN,0.0,2.0
33135,9,NS_YELLOW,0.0,3.0
33140,9,EW_GREEN,1.0,4.0
33145,9,EW_GREEN,2.0,2.5
33150,9,EW_GREEN,2.0,1.0
33155,9,EW_GREEN,2.0,0.0
33160,9,EW_GREEN,3.0,0.0
33165,9,EW_GREEN,4.0,0.0
33170,9,EW_YELLOW,4.0,0.0
33175,9,NS_GREEN,5.0,1.0
33180,9,NS_GREEN,3.5,1.0
33185,9,NS_GREEN,1.0,2.0
33190,9,NS_GREEN,0.0,2.0
33195,9,NS_GREEN,0.0,2.0
33200,9,NS_GREEN,0.0,3.0
33205,9,NS_YELLOW,0.0,4.0
33210,9,EW_GREEN,1.0,4.0
33215,9,EW_GREEN,1.0,2.5
33220,9,EW_GREEN,2.0,1.0
33225,9,EW_GREEN,3.0,0.0
33230,9,EW_GREEN,4.0,0.0
33235,9,EW_GREEN,5.0,0.0
33240,9,EW_YELLOW,5.0,0.0
33245,9,NS_GREEN,6.0,1.0
33250,9,NS_GREEN,4.5,2.0
33255,9,NS_GREEN,3.0,2.0
33260,9,NS_GREEN,0.5,2.0
33265,9,NS_GREEN,0.0,2.0
33270,9,NS_GREEN,0.0,2.0
33275,9,NS_YELLOW,0.0,2.0
33280,9,EW_GREEN,1.0,2.0
33285,9,EW_GREEN,2.0,0.5
33290,9,EW_GREEN,3.0,0.0
33295,9,EW_GREEN,3.0,0.0
33300,9,EW_GREEN,3.0,0.0
33305,9,EW_GREEN,4.0,0.0
33310,9,EW_YELLOW,4.0,0.0
33315,9,NS_GREEN,5.0,1.0
33320,9,NS_GREEN,3.5,1.0
33325,9,NS_GREEN,2.0,2.0
33330,9,NS_GREEN,0.5,2.0
33335,9,NS_GREEN,0.0,2.0
33340,9,NS_GREEN,0.0,3.0
33345,9,NS_YELLOW,0.0,4.0
33350,9,EW_GREEN,0.0,5.0
33355,9,EW_GREEN,1.0,2.5
33360,9,EW_GREEN,2.0,0.0
33365,9,EW_GREEN,3.0,0.0
33370,9,EW_GREEN,4.0,0.0
33375,9,EW_GREEN,4.0,0.0
33380,9,EW_YELLOW,4.0,0.0
33385,9,NS_GREEN,5.0,0.0
33390,9,NS_GREEN,3.5,0.0
33395,9,NS_GREEN,1.0,1.0
33400,9,NS_GREEN,0.0,2.0
33405,9,NS_GREEN,0.0,3.0
33410,9,NS_GREEN,0.0,3.0
33415,9,NS_YELLOW,0.0,3.0
33420,9,EW_GREEN,0.0,3.0
33425,9,EW_GREEN,0.0,1.5
33430,9,EW_GREEN,1.0,0.0
33435,9,EW_GREEN,2.0,0.0
33440,9,EW_GREEN,2.0,0.0
33445,9,EW_GREEN,2.0,0.0
33450,9,EW_YELLOW,3.0,0.0
33455,9,NS_GREEN,3.0,1.0
33460,9,NS_GREEN,1.5,2.0
33465,9,NS_GREEN,0.0,3.0
33470,9,NS_GREEN,0.0,4.0
33475,9,NS_GREEN,0.0,5.0
33480,9,NS_GREEN,0.0,5.0
33485,9,NS_YELLOW,0.0,6.0
33490,9,EW_GREEN,1.0,6.0
33495,9,EW_GREEN,2.0,4.5
33500,9,EW_GREEN,2.0,2.0
33505,9,EW_GREEN,3.0,0.0
33510,9,EW_GREEN,4.0,0.0
33515,9,EW_GREEN,4.0,0.0
33520,9,EW_YELLOW,5.0,0.0
33525,9,NS_GREEN,6.0,1.0
33530,9,NS_GREEN,4.5,2.0
33535,9,NS_GREEN,2.0,2.0
33540,9,NS_GREEN,0.5,2.0
33545,9,NS_GREEN,0.0,2.0
33550,9,NS_GREEN,0.0,3.0
33555,9,NS_YELLOW,0.0,3.0
33560,9,EW_GREEN,0.0,3.0
33565,9,EW_GREEN,1.0,0.5
33570,9,EW_GREEN,2.0,0.0
33575,9,EW_GREEN,3.0,0.0
33580,9,EW_GREEN,4.0,0.0
33585,9,EW_GREEN,5.0,0.0
33590,9,EW_YELLOW,6.0,0.0
33595,9,NS_GREEN,6.0,0.0
33600,9,NS_GREEN,4.5,0.0
33605,9,NS_GREEN,2.0,0.0
33610,9,NS_GREEN,0.5,0.0
33615,9,NS_GREEN,0.0,0.0
33620,9,NS_GREEN,0.0,1.0
33625,9,NS_YELLOW,0.0,1.0
33630,9,EW_GREEN,0.0,2.0
33635,9,EW_GREEN,1.0,0.0
33640,9,EW_GREEN,2.0,0.0
33645,9,EW_GREEN,2.0,0.0
33650,9,EW_GREEN,2.0,0.0
33655,9,EW_GREEN,3.0,0.0
33660,9,EW_YELLOW,3.0,0.0
33665,9,NS_GREEN,4.0,0.0
33670,9,NS_GREEN,2.5,0.0
33675,9,NS_GREEN,1.0,0.0
33680,9,NS_GREEN,0.0,1.0
33685,9,NS_GREEN,0.0,2.0
33690,9,NS_GREEN,0.0,2.0
33695,9,NS_YELLOW,0.0,2.0
33700,9,EW_GREEN,0.0,3.0
33705,9,EW_GREEN,0.0,1.5
33710,9,EW_GREEN,0.0,0.0
33715,9,EW_GREEN,1.0,0.0
33720,9,EW_GREEN,2.0,0.0
33725,9,EW_GREEN,2.0,0.0
33730,9,EW_YELLOW,3.0,0.0
33735,9,NS_GREEN,3.0,1.0
33740,9,NS_GREEN,0.5,2.0
33745,9,NS_GREEN,0.0,2.0
33750,9,NS_GREEN,0.0,2.0
33755,9,NS_GREEN,0.0,3.0
33760,9,NS_GREEN,0.0,3.0
33765,9,NS_YELLOW,0.0,3.0
33770,9,EW_GREEN,1.0,3.0
33775,9,EW_GREEN,2.0,0.5
33780,9,EW_GREEN,2.0,0.0
33785,9,EW_GREEN,3.0,0.0
33790,9,EW_GREEN,4.0,0.0
33795,9,EW_GREEN,5.0,0.0
33800,9,EW_YELLOW,6.0,0.0
33805,9,NS_GREEN,7.0,0.0
33810,9,NS_GREEN,5.5,0.0
33815,9,NS_GREEN,3.0,1.0
33820,9,NS_GREEN,1.5,2.0
33825,9,NS_GREEN,0.0,3.0
33830,9,NS_GREEN,0.0,4.0
33835,9,NS_YELLOW,0.0,5.0
33840,9,EW_GREEN,1.0,5.0
33845,9,EW_GREEN,1.0,3.5
33850,9,EW_GREEN,2.0,1.0
33855,9,EW_GREEN,3.0,0.0
33860,9,EW_GREEN,4.0,0.0
33865,9,EW_GREEN,5.0,0.0
33870,9,EW_YELLOW,5.0,0.0
33875,9,NS_GREEN,6.0,0.0
33880,9,NS_GREEN,3.5,1.0
33885,9,NS_GREEN,1.0,2.0
33890,9,NS_GREEN,0.0,2.0
33895,9,NS_GREEN,0.0,2.0
33900,9,NS_GREEN,0.0,3.0
33905,9,NS_YELLOW,0.0,3.0
33910,9,EW_GREEN,1.0,4.0
33915,9,EW_GREEN,2.0,1.5
33920,9,EW_GREEN,2.0,0.0
33925,9,EW_GREEN,3.0,0.0
33930,9,EW_GREEN,3.0,0.0
33935,9,EW_GREEN,4.0,0.0
33940,9,EW_YELLOW,5.0,0.0
33945,9,NS_GREEN,5.0,0.0
33950,9,NS_GREEN,3.5,1.0
33955,9,NS_GREEN,2.0,1.0
33960,9,NS_GREEN,0.5,2.0
33965,9,NS_GREEN,0.0,3.0
33970,9,NS_GREEN,0.0,4.0
33975,9,NS_YELLOW,0.0,5.0
33980,9,EW_GREEN,0.0,5.0
33985,9,EW_GREEN,1.0,3.5
33990,9,EW_GREEN,2.0,2.0
33995,9,EW_GREEN,3.0,0.0
34000,9,EW_GREEN,4.0,0.0
34005,9,EW_GREEN,5.0,0.0
34010,9,EW_YELLOW,6.0,0.0
34015,9,NS_GREEN,7.0,0.0
34020,9,NS_GREEN,5.5,1.0
34025,9,NS_GREEN,4.0,1.0
34030,9,NS_GREEN,2.5,2.0
34035,9,NS_GREEN,1.0,2.0
34040,9,NS_GREEN,0.0,3.0
34045,9,NS_YELLOW,0.0,4.0
34050,9,EW_GREEN,1.0,5.0
34055,9,EW_GREEN,1.0,2.5
34060,9,EW_GREEN,2.0,1.0
34065,9,EW_GREEN,3.0,0.0
34070,9,EW_GREEN,3.0,0.0
34075,9,EW_GREEN,4.0,0.0
34080,9,EW_YELLOW,5.0,0.0
34085,9,NS_GREEN,5.0,0.0
34090,9,NS_GREEN,2.5,0.0
34095,9,NS_GREEN,0.0,0.0
34100,9,NS_GREEN,0.0,0.0
34105,9,NS_GREEN,0.0,0.0
34110,9,NS_GREEN,0.0,0.0
34115,9,NS_YELLOW,0.0,0.0
34120,9,EW_GREEN,1.0,0.0
34125,9,EW_GREEN,2.0,0.0
34130,9,EW_GREEN,3.0,0.0
34135,9,EW_GREEN,4.0,0.0
34140,9,EW_GREEN,5.0,0.0
34145,9,EW_GREEN,6.0,0.0
34150,9,EW_YELLOW,6.0,0.0
34155,9,NS_GREEN,6.0,0.0
34160,9,NS_GREEN,4.5,0.0
34165,9,NS_GREEN,3.0,1.0
34170,9,NS_GREEN,0.5,1.0
34175,9,NS_GREEN,0.0,2.0
34180,9,NS_GREEN,0.0,3.0
34185,9,NS_YELLOW,0.0,3.0
34190,9,EW_GREEN,1.0,3.0
34195,9,EW_GREEN,2.0,1.5
34200,9,EW_GREEN,2.0,0.0
34205,9,EW_GREEN,2.0,0.0
34210,9,EW_GREEN,2.0,0.0
34215,9,EW_GREEN,3.0,0.0
34220,9,EW_YELLOW,4.0,0.0
34225,9,NS_GREEN,5.0,1.0
34230,9,NS_GREEN,2.5,2.0
34235,9,NS_GREEN,0.0,3.0
34240,9,NS_GREEN,0.0,4.0
34245,9,NS_GREEN,0.0,5.0
34250,9,NS_GREEN,0.0,5.0
34255,9,NS_YELLOW,0.0,5.0
34260,9,EW_GREEN,1.0,6.0
34265,9,EW_GREEN,2.0,4.5
34270,9,EW_GREEN,2.0,2.0
34275,9,EW_GREEN,3.0,0.5
34280,9,EW_GREEN,3.0,0.0
34285,9,EW_GREEN,4.0,0.0
34290,9,EW_YELLOW,5.0,0.0
34295,9,NS_GREEN,6.0,1.0
34300,9,NS_GREEN,4.5,1.0
34305,9,NS_GREEN,3.0,2.0
34310,9,NS_GREEN,0.5,2.0
34315,9,NS_GREEN,0.0,2.0
34320,9,NS_GREEN,0.0,3.0
34325,9,NS_YELLOW,0.0,4.0
34330,9,EW_GREEN,0.0,4.0
34335,9,EW_GREEN,0.0,2.5
34340,9,EW_GREEN,0.0,0.0
34345,9,EW_GREEN,1.0,0.0
34350,9,EW_GREEN,2.0,0.0
34355,9,EW_GREEN,2.0,0.0
34360,9,EW_YELLOW,3.0,0.0
34365,9,NS_GREEN,3.0,0.0
34370,9,NS_GREEN,0.5,1.0
34375,9,NS_GREEN,0.0,2.0
34380,9,NS_GREEN,0.0,3.0
34385,9,NS_GREEN,0.0,3.0
34390,9,NS_GREEN,0.0,3.0
34395,9,NS_YELLOW,0.0,3.0
34400,9,EW_GREEN,1.0,3.0
34405,9,EW_GREEN,2.0,0.5
34410,9,EW_GREEN,2.0,0.0
34415,9,EW_GREEN,3.0,0.0
34420,9,EW_GREEN,3.0,0.0
34425,9,EW_GREEN,4.0,0.0
34430,9,EW_YELLOW,4.0,0.0
34435,9,NS_GREEN,4.0,0.0
34440,9,NS_GREEN,2.5,0.0
34445,9,NS_GREEN,0.0,0.0
34450,9,NS_GREEN,0.0,1.0
34455,9,NS_GREEN,0.0,2.0
34460,9,NS_GREEN,0.0,3.0
34465,9,NS_YELLOW,0.0,4.0
34470,9,EW_GREEN,0.0,4.0
34475,9,EW_GREEN,1.0,2.5
34480,9,EW_GREEN,1.0,0.0
34485,9,EW_GREEN,1.0,0.0
34490,9,EW_GREEN,1.0,0.0
34495,9,EW_GREEN,1.0,0.0
34500,9,EW_YELLOW,1.0,0.0
34505,9,NS_GREEN,1.0,0.0
34510,9,NS_GREEN,0.0,1.0
34515,9,NS_GREEN,0.0,2.0
34520,9,NS_GREEN,0.0,3.0
34525,9,NS_GREEN,0.0,4.0
34530,9,NS_GREEN,0.0,5.0
34535,9,NS_YELLOW,0.0,6.0
34540,9,EW_GREEN,1.0,6.0
34545,9,EW_GREEN,1.0,4.5
34550,9,EW_GREEN,2.0,3.0
34555,9,EW_GREEN,2.0,1.5
34560,9,EW_GREEN,3.0,0.0
34565,9,EW_GREEN,4.0,0.0
34570,9,EW_YELLOW,5.0,0.0
34575,9,NS_GREEN,6.0,1.0
34580,9,NS_GREEN,3.5,1.0
34585,9,NS_GREEN,2.0,1.0
34590,9,NS_GREEN,0.0,1.0
34595,9,NS_GREEN,0.0,1.0
34600,9,NS_GREEN,0.0,1.0
34605,9,NS_YELLOW,0.0,2.0
34610,9,EW_GREEN,1.0,3.0
34615,9,EW_GREEN,1.0,0.5
34620,9,EW_GREEN,2.0,0.0
34625,9,EW_GREEN,3.0,0.0
34630,9,EW_GREEN,3.0,0.0
34635,9,EW_GREEN,4.0,0.0
34640,9,EW_YELLOW,5.0,0.0
34645,9,NS_GREEN,6.0,1.0
34650,9,NS_GREEN,4.5,2.0
34655,9,NS_GREEN,3.0,2.0
34660,9,NS_GREEN,0.5,2.0
34665,9,NS_GREEN,0.0,3.0
34670,9,NS_GREEN,0.0,3.0
34675,9,NS_YELLOW,0.0,4.0
34680,9,EW_GREEN,0.0,4.0
34685,9,EW_GREEN,1.0,2.5
34690,9,EW_GREEN,2.0,1.0
34695,9,EW_GREEN,2.0,0.0
34700,9,EW_GREEN,3.0,0.0
34705,9,EW_GREEN,3.0,0.0
34710,9,EW_YELLOW,4.0,0.0
34715,9,NS_GREEN,4.0,1.0
34720,9,NS_GREEN,2.5,1.0
34725,9,NS_GREEN,0.0,1.0
34730,9,NS_GREEN,0.0,1.0
34735,9,NS_GREEN,0.0,1.0
34740,9,NS_GREEN,0.0,2.0
34745,9,NS_YELLOW,0.0,3.0
34750,9,EW_GREEN,1.0,3.0
34755,9,EW_GREEN,1.0,0.5
34760,9,EW_GREEN,2.0,0.0
34765,9,EW_GREEN,2.0,0.0
34770,9,EW_GREEN,2.0,0.0
34775,9,EW_GREEN,2.0,0.0
34780,9,EW_YELLOW,3.0,0.0
34785,9,NS_GREEN,4.0,0.0
34790,9,NS_GREEN,1.5,0.0
34795,9,NS_GREEN,0.0,0.0
34800,9,NS_GREEN,0.0,1.0
34805,9,NS_GREEN,0.0,2.0
34810,9,NS_GREEN,0.0,3.0
34815,9,NS_YELLOW,0.0,4.0
34820,9,EW_GREEN,0.0,4.0
34825,9,EW_GREEN,1.0,1.5
34830,9,EW_GREEN,2.0,0.0
34835,9,EW_GREEN,2.0,0.0
34840,9,EW_GREEN,2.0,0.0
34845,9,EW_GREEN,3.0,0.0
34850,9,EW_YELLOW,4.0,0.0
34855,9,NS_GREEN,5.0,1.0
34860,9,NS_GREEN,3.5,1.0
34865,9,NS_GREEN,2.0,2.0
34870,9,NS_GREEN,0.5,2.0
34875,9,NS_GREEN,0.0,2.0
34880,9,NS_GREEN,0.0,2.0
34885,9,NS_YELLOW,0.0,2.0
34890,9,EW_GREEN,1.0,3.0
34895,9,EW_GREEN,1.0,1.5
34900,9,EW_GREEN,2.0,0.0
34905,9,EW_GREEN,2.0,0.0
34910,9,EW_GREEN,2.0,0.0
34915,9,EW_GREEN,2.0,0.0
34920,9,EW_YELLOW,2.0,0.0
34925,9,NS_GREEN,3.0,0.0
34930,9,NS_GREEN,0.5,0.0
34935,9,NS_GREEN,0.0,1.0
34940,9,NS_GREEN,0.0,2.0
34945,9,NS_GREEN,0.0,3.0
34950,9,NS_GREEN,0.0,3.0
34955,9,NS_YELLOW,0.0,4.0
34960,9,EW_GREEN,0.0,5.0
34965,9,EW_GREEN,1.0,3.5
34970,9,EW_GREEN,2.0,2.0
34975,9,EW_GREEN,3.0,0.0
34980,9,EW_GREEN,4.0,0.0
34985,9,EW_GREEN,4.0,0.0
34990,9,EW_YELLOW,4.0,0.0
34995,9,NS_GREEN,5.0,0.0
35000,9,NS_GREEN,3.5,1.0
35005,9,NS_GREEN,1.0,1.0
35010,9,NS_GREEN,0.0,1.0
35015,9,NS_GREEN,0.0,1.0
35020,9,NS_GREEN,0.0,1.0
35025,9,NS_YELLOW,0.0,1.0
35030,9,EW_GREEN,1.0,1.0
35035,9,EW_GREEN,2.0,0.0
35040,9,EW_GREEN,2.0,0.0
35045,9,EW_GREEN,2.0,0.0
35050,9,EW_GREEN,2.0,0.0
35055,9,EW_GREEN,3.0,0.0
35060,9,EW_YELLOW,4.0,0.0
35065,9,NS_GREEN,4.0,1.0
35070,9,NS_GREEN,2.5,2.0
35075,9,NS_GREEN,1.0,2.0
35080,9,NS_GREEN,0.0,3.0
35085,9,NS_GREEN,0.0,3.0
35090,9,NS_GREEN,0.0,4.0
35095,9,NS_YELLOW,0.0,5.0
35100,9,EW_GREEN,1.0,6.0
35105,9,EW_GREEN,1.0,4.5
35110,9,EW_GREEN,2.0,3.0
35115,9,EW_GREEN,3.0,1.5
35120,9,EW_GREEN,3.0,0.0
35125,9,EW_GREEN,3.0,0.0
35130,9,EW_YELLOW,3.0,0.0
35135,9,NS_GREEN,4.0,0.0
35140,9,NS_GREEN,2.5,0.0
35145,9,NS_GREEN,1.0,0.0
35150,9,NS_GREEN,0.0,0.0
35155,9,NS_GREEN,0.0,0.0
35160,9,NS_GREEN,0.0,0.0
35165,9,NS_YELLOW,0.0,1.0
35170,9,EW_GREEN,0.0,2.0
35175,9,EW_GREEN,1.0,0.5
35180,9,EW_GREEN,2.0,0.0
35185,9,EW_GREEN,3.0,0.0
35190,9,EW_GREEN,4.0,0.0
35195,9,EW_GREEN,5.0,0.0
35200,9,EW_YELLOW,6.0,0.0
35205,9,NS_GREEN,6.0,1.0
35210,9,NS_GREEN,4.5,1.0
35215,9,NS_GREEN,2.0,2.0
35220,9,NS_GREEN,0.5,2.0
35225,9,NS_GREEN,0.0,3.0
35230,9,NS_GREEN,0.0,3.0
35235,9,NS_YELLOW,0.0,3.0
35240,9,EW_GREEN,1.0,3.0
35245,9,EW_GREEN,1.0,0.5
35250,9,EW_GREEN,1.0,0.0
35255,9,EW_GREEN,2.0,0.0
35260,9,EW_GREEN,2.0,0.0
35265,9,EW_GREEN,3.0,0.0
35270,9,EW_YELLOW,3.0,0.0
35275,9,NS_GREEN,3.0,0.0
35280,9,NS_GREEN,1.5,0.0
35285,9,NS_GREEN,0.0,1.0
35290,9,NS_GREEN,0.0,2.0
35295,9,NS_GREEN,0.0,3.0
35300,9,NS_GREEN,0.0,4.0
35305,9,NS_YELLOW,0.0,5.0
35310,9,EW_GREEN,0.0,5.0
35315,9,EW_GREEN,0.0,3.5
35320,9,EW_GREEN,0.0,2.0
35325,9,EW_GREEN,1.0,0.5
35330,9,EW_GREEN,2.0,0.0
35335,9,EW_GREEN,2.0,0.0
35340,9,EW_YELLOW,3.0,0.0
35345,9,NS_GREEN,3.0,0.0
35350,9,NS_GREEN,1.5,0.0
35355,9,NS_GREEN,0.0,0.0
35360,9,NS_GREEN,0.0,0.0
35365,9,NS_GREEN,0.0,1.0
35370,9,NS_GREEN,0.0,2.0
35375,9,NS_YELLOW,0.0,2.0
35380,9,EW_GREEN,1.0,3.0
35385,9,EW_GREEN,1.0,0.5
35390,9,EW_GREEN,1.0,0.0
35395,9,EW_GREEN,1.0,0.0
35400,9,EW_GREEN,2.0,0.0
35405,9,EW_GREEN,2.0,0.0
35410,9,EW_YELLOW,3.0,0.0
35415,9,NS_GREEN,4.0,0.0
35420,9,NS_GREEN,2.5,1.0
35425,9,NS_GREEN,0.0,2.0
35430,9,NS_GREEN,0.0,2.0
35435,9,NS_GREEN,0.0,2.0
35440,9,NS_GREEN,0.0,2.0
35445,9,NS_YELLOW,0.0,3.0
35450,9,EW_GREEN,1.0,4.0
35455,9,EW_GREEN,1.0,2.5
35460,9,EW_GREEN,2.0,1.0
35465,9,EW_GREEN,3.0,0.0
35470,9,EW_GREEN,4.0,0.0
35475,9,EW_GREEN,5.0,0.0
35480,9,EW_YELLOW,6.0,0.0
35485,9,NS_GREEN,7.0,1.0
35490,9,NS_GREEN,5.5,1.0
35495,9,NS_GREEN,3.0,1.0
35500,9,NS_GREEN,1.5,1.0
35505,9,NS_GREEN,0.0,1.0
35510,9,NS_GREEN,0.0,1.0
35515,9,NS_YELLOW,0.0,1.0
35520,9,EW_GREEN,0.0,2.0
35525,9,EW_GREEN,1.0,0.0
35530,9,EW_GREEN,2.0,0.0
35535,9,EW_GREEN,3.0,0.0
35540,9,EW_GREEN,4.0,0.0
35545,9,EW_GREEN,5.0,0.0
35550,9,EW_YELLOW,5.0,0.0
35555,9,NS_GREEN,6.0,0.0
35560,9,NS_GREEN,4.5,0.0
35565,9,NS_GREEN,3.0,1.0
35570,9,NS_GREEN,1.5,2.0
35575,9,NS_GREEN,0.0,2.0
35580,9,NS_GREEN,0.0,2.0
35585,9,NS_YELLOW,0.0,2.0
35590,9,EW_GREEN,0.0,3.0
35595,9,EW_GREEN,1.0,1.5
35600,9,EW_GREEN,1.0,0.0
35605,9,EW_GREEN,1.0,0.0
35610,9,EW_GREEN,1.0,0.0
35615,9,EW_GREEN,2.0,0.0
35620,9,EW_YELLOW,3.0,0.0
35625,9,NS_GREEN,4.0,0.0
35630,9,NS_GREEN,2.5,0.0
35635,9,NS_GREEN,0.0,0.0
35640,9,NS_GREEN,0.0,0.0
35645,9,NS_GREEN,0.0,1.0
35650,9,NS_GREEN,0.0,1.0
35655,9,NS_YELLOW,0.0,1.0
35660,9,EW_GREEN,0.0,2.0
35665,9,EW_GREEN,0.0,0.5
35670,9,EW_GREEN,0.0,0.0
35675,9,EW_GREEN,1.0,0.0
35680,9,EW_GREEN,2.0,0.0
35685,9,EW_GREEN,3.0,0.0
35690,9,EW_YELLOW,4.0,0.0
35695,9,NS_GREEN,4.0,0.0
35700,9,NS_GREEN,1.5,0.0
35705,9,NS_GREEN,0.0,0.0
35710,9,NS_GREEN,0.0,0.0
35715,9,NS_GREEN,0.0,0.0
35720,9,NS_GREEN,0.0,1.0
35725,9,NS_YELLOW,0.0,2.0
35730,9,EW_GREEN,1.0,3.0
35735,9,EW_GREEN,1.0,0.5
35740,9,EW_GREEN,1.0,0.0
35745,9,EW_GREEN,2.0,0.0
35750,9,EW_GREEN,3.0,0.0
35755,9,EW_GREEN,4.0,0.0
35760,9,EW_YELLOW,5.0,0.0
35765,9,NS_GREEN,6.0,1.0
35770,9,NS_GREEN,4.5,2.0
35775,9,NS_GREEN,3.0,3.0
35780,9,NS_GREEN,0.5,3.0
35785,9,NS_GREEN,0.0,3.0
35790,9,NS_GREEN,0.0,4.0
35795,9,NS_YELLOW,0.0,5.0
35800,9,EW_GREEN,1.0,6.0
35805,9,EW_GREEN,1.0,3.5
35810,9,EW_GREEN,1.0,1.0
35815,9,EW_GREEN,2.0,0.0
35820,9,EW_GREEN,3.0,0.0
35825,9,EW_GREEN,4.0,0.0
35830,9,EW_YELLOW,5.0,0.0
35835,9,NS_GREEN,6.0,0.0
35840,9,NS_GREEN,4.5,0.0
35845,9,NS_GREEN,3.0,0.0
35850,9,NS_GREEN,1.5,1.0
35855,9,NS_GREEN,0.0,1.0
35860,9,NS_GREEN,0.0,2.0
35865,9,NS_YELLOW,0.0,3.0
35870,9,EW_GREEN,1.0,4.0
35875,9,EW_GREEN,2.0,1.5
35880,9,EW_GREEN,3.0,0.0
35885,9,EW_GREEN,4.0,0.0
35890,9,EW_GREEN,4.0,0.0
35895,9,EW_GREEN,4.0,0.0
35900,9,EW_YELLOW,4.0,0.0
35905,9,NS_GREEN,4.0,0.0
35910,9,NS_GREEN,2.5,0.0
35915,9,NS_GREEN,0.0,0.0
35920,9,NS_GREEN,0.0,0.0
35925,9,NS_GREEN,0.0,0.0
35930,9,NS_GREEN,0.0,0.0
35935,9,NS_YELLOW,0.0,0.0
35940,9,EW_GREEN,0.0,0.0
35945,9,EW_GREEN,1.0,0.0
35950,9,EW_GREEN,1.0,0.0
35955,9,EW_GREEN,2.0,0.0
35960,9,EW_GREEN,2.0,0.0
35965,9,EW_GREEN,2.0,0.0
35970,9,EW_YELLOW,3.0,0.0
35975,9,NS_GREEN,4.0,0.0
35980,9,NS_GREEN,2.5,0.0
35985,9,NS_GREEN,1.0,0.0
35990,9,NS_GREEN,0.0,1.0
35995,9,NS_GREEN,0.0,2.0
36000,10,NS_GREEN,0.0,2.0
36005,10,NS_YELLOW,0.0,2.0
36010,10,EW_GREEN,0.0,3.0
36015,10,EW_GREEN,1.0,0.5
36020,10,EW_GREEN,1.0,0.0
36025,10,EW_GREEN,1.0,0.0
36030,10,EW_GREEN,1.0,0.0
36035,10,EW_GREEN,1.0,0.0
36040,10,EW_YELLOW,1.0,0.0
36045,10,NS_GREEN,1.0,1.0
36050,10,NS_GREEN,0.0,1.0
36055,10,NS_GREEN,0.0,2.0
36060,10,NS_GREEN,0.0,2.0
36065,10,NS_GREEN,0.0,3.0
36070,10,NS_GREEN,0.0,4.0
36075,10,NS_YELLOW,0.0,4.0
36080,10,EW_GREEN,1.0,4.0
36085,10,EW_GREEN,1.0,1.5
36090,10,EW_GREEN,1.0,0.0
36095,10,EW_GREEN,1.0,0.0
36100,10,EW_GREEN,2.0,0.0
36105,10,EW_GREEN,3.0,0.0
36110,10,EW_YELLOW,4.0,0.0
36115,10,NS_GREEN,4.0,0.0
36120,10,NS_GREEN,1.5,0.0
36125,10,NS_GREEN,0.0,1.0
36130,10,NS_GREEN,0.0,1.0
36135,10,NS_GREEN,0.0,1.0
36140,10,NS_GREEN,0.0,2.0
36145,10,NS_YELLOW,0.0,2.0
36150,10,EW_GREEN,0.0,2.0
36155,10,EW_GREEN,1.0,0.5
36160,10,EW_GREEN,1.0,0.0
36165,10,EW_GREEN,2.0,0.0
36170,10,EW_GREEN,2.0,0.0
36175,10,EW_GREEN,2.0,0.0
36180,10,EW_YELLOW,3.0,0.0
36185,10,NS_GREEN,3.0,0.0
36190,10,NS_GREEN,0.5,0.0
36195,10,NS_GREEN,0.0,1.0
36200,10,NS_GREEN,0.0,1.0
36205,10,NS_GREEN,0.0,1.0
36210,10,NS_GREEN,0.0,1.0
36215,10,NS_YELLOW,0.0,1.0
36220,10,EW_GREEN,1.0,1.0
36225,10,EW_GREEN,1.0,0.0
36230,10,EW_GREEN,2.0,0.0
36235,10,EW_GREEN,2.0,0.0
36240,10,EW_GREEN,2.0,0.0
36245,10,EW_GREEN,3.0,0.0
36250,10,EW_YELLOW,3.0,0.0
36255,10,NS_GREEN,4.0,0.0
36260,10,NS_GREEN,2.5,0.0
36265,10,NS_GREEN,0.0,0.0
36270,10,NS_GREEN,0.0,0.0
36275,10,NS_GREEN,0.0,0.0
36280,10,NS_GREEN,0.0,1.0
36285,10,NS_YELLOW,0.0,2.0
36290,10,EW_GREEN,0.0,2.0
36295,10,EW_GREEN,0.0,0.0
36300,10,EW_GREEN,0.0,0.0
36305,10,EW_GREEN,0.0,0.0
36310,10,EW_GREEN,0.0,0.0
36315,10,EW_GREEN,0.0,0.0
36320,10,EW_YELLOW,0.0,0.0
36325,10,NS_GREEN,0.0,0.0
36330,10,NS_GREEN,0.0,0.0
36335,10,NS_GREEN,0.0,1.0
36340,10,NS_GREEN,0.0,2.0
36345,10,NS_GREEN,0.0,2.0
36350,10,NS_GREEN,0.0,2.0
36355,10,NS_YELLOW,0.0,2.0
36360,10,EW_GREEN,0.0,2.0
36365,10,EW_GREEN,0.0,0.0
36370,10,EW_GREEN,0.0,0.0
36375,10,EW_GREEN,1.0,0.0
36380,10,EW_GREEN,1.0,0.0
36385,10,EW_GREEN,2.0,0.0
36390,10,EW_YELLOW,2.0,0.0
36395,10,NS_GREEN,2.0,1.0
36400,10,NS_GREEN,0.0,2.0
36405,10,NS_GREEN,0.0,2.0
36410,10,NS_GREEN,0.0,3.0
36415,10,NS_GREEN,0.0,3.0
36420,10,NS_GREEN,0.0,3.0
36425,10,NS_YELLOW,0.0,3.0
36430,10,EW_GREEN,0.0,3.0
36435,10,EW_GREEN,1.0,0.5
36440,10,EW_GREEN,1.0,0.0
36445,10,EW_GREEN,2.0,0.0
36450,10,EW_GREEN,2.0,0.0
36455,10,EW_GREEN,2.0,0.0
36460,10,EW_YELLOW,2.0,0.0
36465,10,NS_GREEN,2.0,1.0
36470,10,NS_GREEN,0.0,2.0
36475,10,NS_GREEN,0.0,2.0
36480,10,NS_GREEN,0.0,2.0
36485,10,NS_GREEN,0.0,2.0
36490,10,NS_GREEN,0.0,2.0
36495,10,NS_YELLOW,0.0,2.0
36500,10,EW_GREEN,1.0,3.0
36505,10,EW_GREEN,2.0,1.5
36510,10,EW_GREEN,2.0,0.0
36515,10,EW_GREEN,2.0,0.0
36520,10,EW_GREEN,2.0,0.0
36525,10,EW_GREEN,2.0,0.0
36530,10,EW_YELLOW,2.0,0.0
36535,10,NS_GREEN,2.0,0.0
36540,10,NS_GREEN,0.5,0.0
36545,10,NS_GREEN,0.0,0.0
36550,10,NS_GREEN,0.0,0.0
36555,10,NS_GREEN,0.0,0.0
36560,10,NS_GREEN,0.0,0.0
36565,10,NS_YELLOW,0.0,0.0
36570,10,EW_GREEN,0.0,1.0
36575,10,EW_GREEN,0.0,0.0
36580,10,EW_GREEN,1.0,0.0
36585,10,EW_GREEN,1.0,0.0
36590,10,EW_GREEN,2.0,0.0
36595,10,EW_GREEN,2.0,0.0
36600,10,EW_YELLOW,2.0,0.0
36605,10,NS_GREEN,2.0,0.0
36610,10,NS_GREEN,0.0,0.0
36615,10,NS_GREEN,0.0,0.0
36620,10,NS_GREEN,0.0,0.0
36625,10,NS_GREEN,0.0,0.0
36630,10,NS_GREEN,0.0,0.0
36635,10,NS_YELLOW,0.0,0.0
36640,10,EW_GREEN,0.0,0.0
36645,10,EW_GREEN,1.0,0.0
36650,10,EW_GREEN,1.0,0.0
36655,10,EW_GREEN,2.0,0.0
36660,10,EW_GREEN,3.0,0.0
36665,10,EW_GREEN,4.0,0.0
36670,10,EW_YELLOW,4.0,0.0
36675,10,NS_GREEN,4.0,0.0
36680,10,NS_GREEN,2.5,0.0
36685,10,NS_GREEN,1.0,1.0
36690,10,NS_GREEN,0.0,1.0
36695,10,NS_GREEN,0.0,1.0
36700,10,NS_GREEN,0.0,2.0
36705,10,NS_YELLOW,0.0,3.0
36710,10,EW_GREEN,0.0,4.0
36715,10,EW_GREEN,1.0,1.5
36720,10,EW_GREEN,1.0,0.0
36725,10,EW_GREEN,1.0,0.0
36730,10,EW_GREEN,1.0,0.0
36735,10,EW_GREEN,2.0,0.0
36740,10,EW_YELLOW,3.0,0.0
36745,10,NS_GREEN,4.0,0.0
36750,10,NS_GREEN,1.5,1.0
36755,10,NS_GREEN,0.0,1.0
36760,10,NS_GREEN,0.0,1.0
36765,10,NS_GREEN,0.0,1.0
36770,10,NS_GREEN,0.0,2.0
36775,10,NS_YELLOW,0.0,3.0
36780,10,EW_GREEN,0.0,3.0
36785,10,EW_GREEN,0.0,1.5
36790,10,EW_GREEN,0.0,0.0
36795,10,EW_GREEN,1.0,0.0
36800,10,EW_GREEN,1.0,0.0
36805,10,EW_GREEN,2.0,0.0
36810,10,EW_YELLOW,2.0,0.0
36815,10,NS_GREEN,2.0,0.0
36820,10,NS_GREEN,0.0,0.0
36825,10,NS_GREEN,0.0,1.0
36830,10,NS_GREEN,0.0,1.0
36835,10,NS_GREEN,0.0,2.0
36840,10,NS_GREEN,0.0,2.0
36845,10,NS_YELLOW,0.0,2.0
36850,10,EW_GREEN,0.0,2.0
36855,10,EW_GREEN,0.0,0.0
36860,10,EW_GREEN,1.0,0.0
36865,10,EW_GREEN,1.0,0.0
36870,10,EW_GREEN,2.0,0.0
36875,10,EW_GREEN,3.0,0.0
36880,10,EW_YELLOW,3.0,0.0
36885,10,NS_GREEN,3.0,0.0
36890,10,NS_GREEN,0.5,0.0
36895,10,NS_GREEN,0.0,1.0
36900,10,NS_GREEN,0.0,1.0
36905,10,NS_GREEN,0.0,1.0
36910,10,NS_GREEN,0.0,1.0
36915,10,NS_YELLOW,0.0,1.0
36920,10,EW_GREEN,1.0,2.0
36925,10,EW_GREEN,1.0,0.0
36930,10,EW_GREEN,1.0,0.0
36935,10,EW_GREEN,1.0,0.0
36940,10,EW_GREEN,2.0,0.0
36945,10,EW_GREEN,2.0,0.0
36950,10,EW_YELLOW,2.0,0.0
36955,10,NS_GREEN,2.0,0.0
36960,10,NS_GREEN,0.0,0.0
36965,10,NS_GREEN,0.0,0.0
36970,10,NS_GREEN,0.0,0.0
36975,10,NS_GREEN,0.0,0.0
36980,10,NS_GREEN,0.0,0.0
36985,10,NS_YELLOW,0.0,0.0
36990,10,EW_GREEN,1.0,1.0
36995,10,EW_GREEN,1.0,0.0
37000,10,EW_GREEN,1.0,0.0
37005,10,EW_GREEN,1.0,0.0
37010,10,EW_GREEN,2.0,0.0
37015,10,EW_GREEN,3.0,0.0
37020,10,EW_YELLOW,3.0,0.0
37025,10,NS_GREEN,4.0,0.0
37030,10,NS_GREEN,1.5,1.0
37035,10,NS_GREEN,0.0,1.0
37040,10,NS_GREEN,0.0,1.0
37045,10,NS_GREEN,0.0,1.0
37050,10,NS_GREEN,0.0,2.0
37055,10,NS_YELLOW,0.0,2.0
37060,10,EW_GREEN,0.0,3.0
37065,10,EW_GREEN,0.0,0.5
37070,10,EW_GREEN,0.0,0.0
37075,10,EW_GREEN,0.0,0.0
37080,10,EW_GREEN,0.0,0.0
37085,10,EW_GREEN,0.0,0.0
37090,10,EW_YELLOW,0.0,0.0
37095,10,NS_GREEN,1.0,0.0
37100,10,NS_GREEN,0.0,0.0
37105,10,NS_GREEN,0.0,0.0
37110,10,NS_GREEN,0.0,0.0
37115,10,NS_GREEN,0.0,0.0
37120,10,NS_GREEN,0.0,0.0
37125,10,NS_YELLOW,0.0,0.0
37130,10,EW_GREEN,0.0,1.0
37135,10,EW_GREEN,0.0,0.0
37140,10,EW_GREEN,0.0,0.0
37145,10,EW_GREEN,0.0,0.0
37150,10,EW_GREEN,1.0,0.0
37155,10,EW_GREEN,2.0,0.0
37160,10,EW_YELLOW,2.0,0.0
37165,10,NS_GREEN,2.0,0.0
37170,10,NS_GREEN,0.5,0.0
37175,10,NS_GREEN,0.0,0.0
37180,10,NS_GREEN,0.0,0.0
37185,10,NS_GREEN,0.0,0.0
37190,10,NS_GREEN,0.0,0.0
37195,10,NS_YELLOW,0.0,1.0
37200,10,EW_GREEN,0.0,2.0
37205,10,EW_GREEN,0.0,0.0
37210,10,EW_GREEN,0.0,0.0
37215,10,EW_GREEN,0.0,0.0
37220,10,EW_GREEN,0.0,0.0
37225,10,EW_GREEN,0.0,0.0
37230,10,EW_YELLOW,1.0,0.0
37235,10,NS_GREEN,2.0,1.0
37240,10,NS_GREEN,0.0,2.0
37245,10,NS_GREEN,0.0,2.0
37250,10,NS_GREEN,0.0,3.0
37255,10,NS_GREEN,0.0,4.0
37260,10,NS_GREEN,0.0,4.0
37265,10,NS_YELLOW,0.0,4.0
37270,10,EW_GREEN,1.0,5.0
37275,10,EW_GREEN,2.0,2.5
37280,10,EW_GREEN,2.0,0.0
37285,10,EW_GREEN,2.0,0.0
37290,10,EW_GREEN,2.0,0.0
37295,10,EW_GREEN,2.0,0.0
37300,10,EW_YELLOW,2.0,0.0
37305,10,NS_GREEN,2.0,0.0
37310,10,NS_GREEN,0.0,1.0
37315,10,NS_GREEN,0.0,1.0
37320,10,NS_GREEN,0.0,1.0
37325,10,NS_GREEN,0.0,1.0
37330,10,NS_GREEN,0.0,1.0
37335,10,NS_YELLOW,0.0,1.0
37340,10,EW_GREEN,0.0,1.0
37345,10,EW_GREEN,1.0,0.0
37350,10,EW_GREEN,1.0,0.0
37355,10,EW_GREEN,2.0,0.0
37360,10,EW_GREEN,3.0,0.0
37365,10,EW_GREEN,4.0,0.0
37370,10,EW_YELLOW,4.0,0.0
37375,10,NS_GREEN,4.0,1.0
37380,10,NS_GREEN,1.5,1.0
37385,10,NS_GREEN,0.0,1.0
37390,10,NS_GREEN,0.0,1.0
37395,10,NS_GREEN,0.0,1.0
37400,10,NS_GREEN,0.0,1.0
37405,10,NS_YELLOW,0.0,2.0
37410,10,EW_GREEN,0.0,2.0
37415,10,EW_GREEN,0.0,0.0
37420,10,EW_GREEN,0.0,0.0
37425,10,EW_GREEN,0.0,0.0
37430,10,EW_GREEN,1.0,0.0
37435,10,EW_GREEN,2.0,0.0
37440,10,EW_YELLOW,2.0,0.0
37445,10,NS_GREEN,2.0,0.0
37450,10,NS_GREEN,0.5,0.0
37455,10,NS_GREEN,0.0,0.0
37460,10,NS_GREEN,0.0,0.0
37465,10,NS_GREEN,0.0,0.0
37470,10,NS_GREEN,0.0,0.0
37475,10,NS_YELLOW,0.0,0.0
37480,10,EW_GREEN,1.0,0.0
37485,10,EW_GREEN,1.0,0.0
37490,10,EW_GREEN,2.0,0.0
37495,10,EW_GREEN,2.0,0.0
37500,10,EW_GREEN,2.0,0.0
37505,10,EW_GREEN,2.0,0.0
37510,10,EW_YELLOW,3.0,0.0
37515,10,NS_GREEN,4.0,0.0
37520,10,NS_GREEN,1.5,1.0
37525,10,NS_GREEN,0.0,2.0
37530,10,NS_GREEN,0.0,2.0
37535,10,NS_GREEN,0.0,2.0
37540,10,NS_GREEN,0.0,2.0
37545,10,NS_YELLOW,0.0,2.0
37550,10,EW_GREEN,1.0,2.0
37555,10,EW_GREEN,2.0,0.0
37560,10,EW_GREEN,3.0,0.0
37565,10,EW_GREEN,4.0,0.0
37570,10,EW_GREEN,4.0,0.0
37575,10,EW_GREEN,4.0,0.0
37580,10,EW_YELLOW,5.0,0.0
37585,10,NS_GREEN,5.0,0.0
37590,10,NS_GREEN,2.5,0.0
37595,10,NS_GREEN,0.0,0.0
37600,10,NS_GREEN,0.0,1.0
37605,10,NS_GREEN,0.0,1.0
37610,10,NS_GREEN,0.0,1.0
37615,10,NS_YELLOW,0.0,1.0
37620,10,EW_GREEN,1.0,1.0
37625,10,EW_GREEN,1.0,0.0
37630,10,EW_GREEN,2.0,0.0
37635,10,EW_GREEN,2.0,0.0
37640,10,EW_GREEN,3.0,0.0
37645,10,EW_GREEN,4.0,0.0
37650,10,EW_YELLOW,5.0,0.0
37655,10,NS_GREEN,6.0,1.0
37660,10,NS_GREEN,4.5,1.0
37665,10,NS_GREEN,3.0,1.0
37670,10,NS_GREEN,1.5,1.0
37675,10,NS_GREEN,0.0,2.0
37680,10,NS_GREEN,0.0,3.0
37685,10,NS_YELLOW,0.0,3.0
37690,10,EW_GREEN,1.0,3.0
37695,10,EW_GREEN,2.0,0.5
37700,10,EW_GREEN,2.0,0.0
37705,10,EW_GREEN,2.0,0.0
37710,10,EW_GREEN,3.0,0.0
37715,10,EW_GREEN,3.0,0.0
37720,10,EW_YELLOW,3.0,0.0
37725,10,NS_GREEN,4.0,0.0
37730,10,NS_GREEN,1.5,0.0
37735,10,NS_GREEN,0.0,0.0
37740,10,NS_GREEN,0.0,0.0
37745,10,NS_GREEN,0.0,1.0
37750,10,NS_GREEN,0.0,2.0
37755,10,NS_YELLOW,0.0,2.0
37760,10,EW_GREEN,0.0,2.0
37765,10,EW_GREEN,1.0,0.0
37770,10,EW_GREEN,1.0,0.0
37775,10,EW_GREEN,1.0,0.0
37780,10,EW_GREEN,1.0,0.0
37785,10,EW_GREEN,2.0,0.0
37790,10,EW_YELLOW,2.0,0.0
37795,10,NS_GREEN,3.0,0.0
37800,10,NS_GREEN,0.5,1.0
37805,10,NS_GREEN,0.0,1.0
37810,10,NS_GREEN,0.0,1.0
37815,10,NS_GREEN,0.0,1.0
37820,10,NS_GREEN,0.0,1.0
37825,10,NS_YELLOW,0.0,1.0
37830,10,EW_GREEN,0.0,2.0
37835,10,EW_GREEN,0.0,0.5
37840,10,EW_GREEN,1.0,0.0
37845,10,EW_GREEN,2.0,0.0
37850,10,EW_GREEN,2.0,0.0
37855,10,EW_GREEN,2.0,0.0
37860,10,EW_YELLOW,2.0,0.0
37865,10,NS_GREEN,2.0,0.0
37870,10,NS_GREEN,0.0,1.0
37875,10,NS_GREEN,0.0,1.0
37880,10,NS_GREEN,0.0,2.0
37885,10,NS_GREEN,0.0,2.0
37890,10,NS_GREEN,0.0,2.0
37895,10,NS_YELLOW,0.0,2.0
37900,10,EW_GREEN,0.0,2.0
37905,10,EW_GREEN,0.0,0.0
37910,10,EW_GREEN,1.0,0.0
37915,10,EW_GREEN,2.0,0.0
37920,10,EW_GREEN,2.0,0.0
37925,10,EW_GREEN,3.0,0.0
37930,10,EW_YELLOW,3.0,0.0
37935,10,NS_GREEN,3.0,0.0
37940,10,NS_GREEN,1.5,0.0
37945,10,NS_GREEN,0.0,1.0
37950,10,NS_GREEN,0.0,2.0
37955,10,NS_GREEN,0.0,2.0
37960,10,NS_GREEN,0.0,2.0
37965,10,NS_YELLOW,0.0,2.0
37970,10,EW_GREEN,1.0,2.0
37975,10,EW_GREEN,1.0,0.5
37980,10,EW_GREEN,2.0,0.0
37985,10,EW_GREEN,3.0,0.0
37990,10,EW_GREEN,3.0,0.0
37995,10,EW_GREEN,4.0,0.0
38000,10,EW_YELLOW,4.0,0.0
38005,10,NS_GREEN,4.0,1.0
38010,10,NS_GREEN,1.5,1.0
38015,10,NS_GREEN,0.0,1.0
38020,10,NS_GREEN,0.0,2.0
38025,10,NS_GREEN,0.0,2.0
38030,10,NS_GREEN,0.0,3.0
38035,10,NS_YELLOW,0.0,3.0
38040,10,EW_GREEN,0.0,4.0
38045,10,EW_GREEN,1.0,1.5
38050,10,EW_GREEN,1.0,0.0
38055,10,EW_GREEN,1.0,0.0
38060,10,EW_GREEN,2.0,0.0
38065,10,EW_GREEN,3.0,0.0
38070,10,EW_YELLOW,3.0,0.0
38075,10,NS_GREEN,4.0,0.0
38080,10,NS_GREEN,1.5,0.0
38085,10,NS_GREEN,0.0,0.0
38090,10,NS_GREEN,0.0,0.0
38095,10,NS_GREEN,0.0,1.0
38100,10,NS_GREEN,0.0,1.0
38105,10,NS_YELLOW,0.0,1.0
38110,10,EW_GREEN,1.0,2.0
38115,10,EW_GREEN,1.0,0.5
38120,10,EW_GREEN,1.0,0.0
38125,10,EW_GREEN,2.0,0.0
38130,10,EW_GREEN,3.0,0.0
38135,10,EW_GREEN,3.0,0.0
38140,10,EW_YELLOW,3.0,0.0
38145,10,NS_GREEN,3.0,0.0
38150,10,NS_GREEN,0.5,0.0
38155,10,NS_GREEN,0.0,0.0
38160,10,NS_GREEN,0.0,0.0
38165,10,NS_GREEN,0.0,0.0
38170,10,NS_GREEN,0.0,1.0
38175,10,NS_YELLOW,0.0,1.0
38180,10,EW_GREEN,1.0,1.0
38185,10,EW_GREEN,1.0,0.0
38190,10,EW_GREEN,1.0,0.0
38195,10,EW_GREEN,2.0,0.0
38200,10,EW_GREEN,2.0,0.0
38205,10,EW_GREEN,2.0,0.0
38210,10,EW_YELLOW,2.0,0.0
38215,10,NS_GREEN,2.0,0.0
38220,10,NS_GREEN,0.0,0.0
38225,10,NS_GREEN,0.0,0.0
38230,10,NS_GREEN,0.0,0.0
38235,10,NS_GREEN,0.0,0.0
38240,10,NS_GREEN,0.0,1.0
38245,10,NS_YELLOW,0.0,1.0
38250,10,EW_GREEN,0.0,1.0
38255,10,EW_GREEN,1.0,0.0
38260,10,EW_GREEN,1.0,0.0
38265,10,EW_GREEN,1.0,0.0
38270,10,EW_GREEN,1.0,0.0
38275,10,EW_GREEN,1.0,0.0
38280,10,EW_YELLOW,2.0,0.0
38285,10,NS_GREEN,3.0,0.0
38290,10,NS_GREEN,1.5,1.0
38295,10,NS_GREEN,0.0,1.0
38300,10,NS_GREEN,0.0,1.0
38305,10,NS_GREEN,0.0,1.0
38310,10,NS_GREEN,0.0,1.0
38315,10,NS_YELLOW,0.0,2.0
38320,10,EW_GREEN,0.0,2.0
38325,10,EW_GREEN,1.0,0.0
38330,10,EW_GREEN,1.0,0.0
38335,10,EW_GREEN,1.0,0.0
38340,10,EW_GREEN,2.0,0.0
38345,10,EW_GREEN,2.0,0.0
38350,10,EW_YELLOW,2.0,0.0
38355,10,NS_GREEN,3.0,1.0
38360,10,NS_GREEN,0.5,1.0
38365,10,NS_GREEN,0.0,1.0
38370,10,NS_GREEN,0.0,1.0
38375,10,NS_GREEN,0.0,1.0
38380,10,NS_GREEN,0.0,1.0
38385,10,NS_YELLOW,0.0,1.0
38390,10,EW_GREEN,0.0,1.0
38395,10,EW_GREEN,0.0,0.0
38400,10,EW_GREEN,0.0,0.0
38405,10,EW_GREEN,1.0,0.0
38410,10,EW_GREEN,1.0,0.0
38415,10,EW_GREEN,1.0,0.0
38420,10,EW_YELLOW,2.0,0.0
38425,10,NS_GREEN,3.0,0.0
38430,10,NS_GREEN,0.5,0.0
38435,10,NS_GREEN,0.0,0.0
38440,10,NS_GREEN,0.0,0.0
38445,10,NS_GREEN,0.0,1.0
38450,10,NS_GREEN,0.0,1.0
38455,10,NS_YELLOW,0.0,1.0
38460,10,EW_GREEN,0.0,1.0
38465,10,EW_GREEN,1.0,0.0
38470,10,EW_GREEN,1.0,0.0
38475,10,EW_GREEN,2.0,0.0
38480,10,EW_GREEN,3.0,0.0
38485,10,EW_GREEN,3.0,0.0
38490,10,EW_YELLOW,4.0,0.0
38495,10,NS_GREEN,4.0,0.0
38500,10,NS_GREEN,1.5,1.0
38505,10,NS_GREEN,0.0,2.0
38510,10,NS_GREEN,0.0,3.0
38515,10,NS_GREEN,0.0,3.0
38520,10,NS_GREEN,0.0,3.0
38525,10,NS_YELLOW,0.0,3.0
38530,10,EW_GREEN,0.0,3.0
38535,10,EW_GREEN,0.0,0.5
38540,10,EW_GREEN,1.0,0.0
38545,10,EW_GREEN,1.0,0.0
38550,10,EW_GREEN,2.0,0.0
38555,10,EW_GREEN,3.0,0.0
38560,10,EW_YELLOW,3.0,0.0
38565,10,NS_GREEN,3.0,1.0
38570,10,NS_GREEN,0.5,1.0
38575,10,NS_GREEN,0.0,1.0
38580,10,NS_GREEN,0.0,1.0
38585,10,NS_GREEN,0.0,2.0
38590,10,NS_GREEN,0.0,3.0
38595,10,NS_YELLOW,0.0,4.0
38600,10,EW_GREEN,0.0,5.0
38605,10,EW_GREEN,0.0,2.5
38610,10,EW_GREEN,0.0,0.0
38615,10,EW_GREEN,0.0,0.0
38620,10,EW_GREEN,0.0,0.0
38625,10,EW_GREEN,0.0,0.0
38630,10,EW_YELLOW,0.0,0.0
38635,10,NS_GREEN,1.0,0.0
38640,10,NS_GREEN,0.0,1.0
38645,10,NS_GREEN,0.0,1.0
38650,10,NS_GREEN,0.0,1.0
38655,10,NS_GREEN,0.0,1.0
38660,10,NS_GREEN,0.0,1.0
38665,10,NS_YELLOW,0.0,1.0
38670,10,EW_GREEN,0.0,1.0
38675,10,EW_GREEN,1.0,0.0
38680,10,EW_GREEN,1.0,0.0
38685,10,EW_GREEN,1.0,0.0
38690,10,EW_GREEN,1.0,0.0
38695,10,EW_GREEN,1.0,0.0
38700,10,EW_YELLOW,1.0,0.0
38705,10,NS_GREEN,1.0,0.0
38710,10,NS_GREEN,0.0,0.0
38715,10,NS_GREEN,0.0,1.0
38720,10,NS_GREEN,0.0,1.0
38725,10,NS_GREEN,0.0,2.0
38730,10,NS_GREEN,0.0,2.0
38735,10,NS_YELLOW,0.0,2.0
38740,10,EW_GREEN,0.0,3.0
38745,10,EW_GREEN,1.0,0.5
38750,10,EW_GREEN,1.0,0.0
38755,10,EW_GREEN,2.0,0.0
38760,10,EW_GREEN,2.0,0.0
38765,10,EW_GREEN,2.0,0.0
38770,10,EW_YELLOW,2.0,0.0
38775,10,NS_GREEN,3.0,0.0
38780,10,NS_GREEN,0.5,0.0
38785,10,NS_GREEN,0.0,1.0
38790,10,NS_GREEN,0.0,1.0
38795,10,NS_GREEN,0.0,1.0
38800,10,NS_GREEN,0.0,1.0
38805,10,NS_YELLOW,0.0,1.0
38810,10,EW_GREEN,0.0,2.0
38815,10,EW_GREEN,0.0,0.0
38820,10,EW_GREEN,0.0,0.0
38825,10,EW_GREEN,1.0,0.0
38830,10,EW_GREEN,1.0,0.0
38835,10,EW_GREEN,2.0,0.0
38840,10,EW_YELLOW,3.0,0.0
38845,10,NS_GREEN,3.0,0.0
38850,10,NS_GREEN,0.5,0.0
38855,10,NS_GREEN,0.0,0.0
38860,10,NS_GREEN,0.0,0.0
38865,10,NS_GREEN,0.0,1.0
38870,10,NS_GREEN,0.0,1.0
38875,10,NS_YELLOW,0.0,1.0
38880,10,EW_GREEN,1.0,2.0
38885,10,EW_GREEN,2.0,0.0
38890,10,EW_GREEN,2.0,0.0
38895,10,EW_GREEN,2.0,0.0
38900,10,EW_GREEN,2.0,0.0
38905,10,EW_GREEN,2.0,0.0
38910,10,EW_YELLOW,3.0,0.0
38915,10,NS_GREEN,3.0,0.0
38920,10,NS_GREEN,1.5,0.0
38925,10,NS_GREEN,0.0,0.0
38930,10,NS_GREEN,0.0,1.0
38935,10,NS_GREEN,0.0,1.0
38940,10,NS_GREEN,0.0,1.0
38945,10,NS_YELLOW,0.0,1.0
38950,10,EW_GREEN,0.0,1.0
38955,10,EW_GREEN,1.0,0.0
38960,10,EW_GREEN,2.0,0.0
38965,10,EW_GREEN,3.0,0.0
38970,10,EW_GREEN,4.0,0.0
38975,10,EW_GREEN,4.0,0.0
38980,10,EW_YELLOW,4.0,0.0
38985,10,NS_GREEN,5.0,0.0
38990,10,NS_GREEN,3.5,0.0
38995,10,NS_GREEN,1.0,1.0
39000,10,NS_GREEN,0.0,1.0
39005,10,NS_GREEN,0.0,1.0
39010,10,NS_GREEN,0.0,2.0
39015,10,NS_YELLOW,0.0,2.0
39020,10,EW_GREEN,0.0,2.0
39025,10,EW_GREEN,0.0,0.0
39030,10,EW_GREEN,1.0,0.0
39035,10,EW_GREEN,1.0,0.0
39040,10,EW_GREEN,1.0,0.0
39045,10,EW_GREEN,1.0,0.0
39050,10,EW_YELLOW,1.0,0.0
39055,10,NS_GREEN,1.0,0.0
39060,10,NS_GREEN,0.0,0.0
39065,10,NS_GREEN,0.0,0.0
39070,10,NS_GREEN,0.0,1.0
39075,10,NS_GREEN,0.0,1.0
39080,10,NS_GREEN,0.0,1.0
39085,10,NS_YELLOW,0.0,2.0
39090,10,EW_GREEN,0.0,3.0
39095,10,EW_GREEN,0.0,0.5
39100,10,EW_GREEN,0.0,0.0
39105,10,EW_GREEN,0.0,0.0
39110,10,EW_GREEN,1.0,0.0
39115,10,EW_GREEN,1.0,0.0
39120,10,EW_YELLOW,2.0,0.0
39125,10,NS_GREEN,3.0,1.0
39130,10,NS_GREEN,0.5,2.0
39135,10,NS_GREEN,0.0,3.0
39140,10,NS_GREEN,0.0,3.0
39145,10,NS_GREEN,0.0,3.0
39150,10,NS_GREEN,0.0,4.0
39155,10,NS_YELLOW,0.0,4.0
39160,10,EW_GREEN,0.0,4.0
39165,10,EW_GREEN,0.0,2.5
39170,10,EW_GREEN,0.0,1.0
39175,10,EW_GREEN,0.0,0.0
39180,10,EW_GREEN,1.0,0.0
39185,10,EW_GREEN,1.0,0.0
39190,10,EW_YELLOW,2.0,0.0
39195,10,NS_GREEN,2.0,0.0
39200,10,NS_GREEN,0.0,1.0
39205,10,NS_GREEN,0.0,1.0
39210,10,NS_GREEN,0.0,1.0
39215,10,NS_GREEN,0.0,2.0
39220,10,NS_GREEN,0.0,2.0
39225,10,NS_YELLOW,0.0,2.0
39230,10,EW_GREEN,0.0,3.0
39235,10,EW_GREEN,1.0,0.5
39240,10,EW_GREEN,1.0,0.0
39245,10,EW_GREEN,1.0,0.0
39250,10,EW_GREEN,2.0,0.0
39255,10,EW_GREEN,2.0,0.0
39260,10,EW_YELLOW,3.0,0.0
39265,10,NS_GREEN,3.0,1.0
39270,10,NS_GREEN,0.5,1.0
39275,10,NS_GREEN,0.0,1.0
39280,10,NS_GREEN,0.0,1.0
39285,10,NS_GREEN,0.0,1.0
39290,10,NS_GREEN,0.0,1.0
39295,10,NS_YELLOW,0.0,1.0
39300,10,EW_GREEN,0.0,2.0
39305,10,EW_GREEN,0.0,0.5
39310,10,EW_GREEN,0.0,0.0
39315,10,EW_GREEN,0.0,0.0
39320,10,EW_GREEN,0.0,0.0
39325,10,EW_GREEN,0.0,0.0
39330,10,EW_YELLOW,0.0,0.0
39335,10,NS_GREEN,0.0,0.0
39340,10,NS_GREEN,0.0,0.0
39345,10,NS_GREEN,0.0,0.0
39350,10,NS_GREEN,0.0,0.0
39355,10,NS_GREEN,0.0,0.0
39360,10,NS_GREEN,0.0,0.0
39365,10,NS_YELLOW,0.0,1.0
39370,10,EW_GREEN,1.0,2.0
39375,10,EW_GREEN,1.0,0.0
39380,10,EW_GREEN,2.0,0.0
39385,10,EW_GREEN,2.0,0.0
39390,10,EW_GREEN,2.0,0.0
39395,10,EW_GREEN,3.0,0.0
39400,10,EW_YELLOW,4.0,0.0
39405,10,NS_GREEN,4.0,1.0
39410,10,NS_GREEN,2.5,2.0
39415,10,NS_GREEN,0.0,2.0
39420,10,NS_GREEN,0.0,3.0
39425,10,NS_GREEN,0.0,4.0
39430,10,NS_GREEN,0.0,4.0
39435,10,NS_YELLOW,0.0,4.0
39440,10,EW_GREEN,0.0,4.0
39445,10,EW_GREEN,1.0,1.5
39450,10,EW_GREEN,2.0,0.0
39455,10,EW_GREEN,3.0,0.0
39460,10,EW_GREEN,3.0,0.0
39465,10,EW_GREEN,4.0,0.0
39470,10,EW_YELLOW,5.0,0.0
39475,10,NS_GREEN,5.0,0.0
39480,10,NS_GREEN,3.5,0.0
39485,10,NS_GREEN,2.0,1.0
39490,10,NS_GREEN,0.5,1.0
39495,10,NS_GREEN,0.0,2.0
39500,10,NS_GREEN,0.0,2.0
39505,10,NS_YELLOW,0.0,2.0
39510,10,EW_GREEN,0.0,3.0
39515,10,EW_GREEN,1.0,0.5
39520,10,EW_GREEN,1.0,0.0
39525,10,EW_GREEN,2.0,0.0
39530,10,EW_GREEN,2.0,0.0
39535,10,EW_GREEN,3.0,0.0
39540,10,EW_YELLOW,3.0,0.0
39545,10,NS_GREEN,4.0,1.0
39550,10,NS_GREEN,2.5,1.0
39555,10,NS_GREEN,0.0,1.0
39560,10,NS_GREEN,0.0,1.0
39565,10,NS_GREEN,0.0,1.0
39570,10,NS_GREEN,0.0,2.0
39575,10,NS_YELLOW,0.0,2.0
39580,10,EW_GREEN,0.0,3.0
39585,10,EW_GREEN,0.0,0.5
39590,10,EW_GREEN,0.0,0.0
39595,10,EW_GREEN,0.0,0.0
39600,11,EW_GREEN,0.0,0.0
39605,11,EW_GREEN,0.0,0.0
39610,11,EW_YELLOW,1.0,0.0
39615,11,NS_GREEN,1.0,0.0
39620,11,NS_GREEN,0.0,0.0
39625,11,NS_GREEN,0.0,0.0
39630,11,NS_GREEN,0.0,0.0
39635,11,NS_GREEN,0.0,0.0
39640,11,NS_GREEN,0.0,0.0
39645,11,NS_YELLOW,0.0,0.0
39650,11,EW_GREEN,1.0,0.0
39655,11,EW_GREEN,1.0,0.0
39660,11,EW_GREEN,1.0,0.0
39665,11,EW_GREEN,1.0,0.0
39670,11,EW_GREEN,1.0,0.0
39675,11,EW_GREEN,1.0,0.0
39680,11,EW_YELLOW,1.0,0.0
39685,11,NS_GREEN,1.0,0.0
39690,11,NS_GREEN,0.0,1.0
39695,11,NS_GREEN,0.0,1.0
39700,11,NS_GREEN,0.0,1.0
39705,11,NS_GREEN,0.0,1.0
39710,11,NS_GREEN,0.0,1.0
39715,11,NS_YELLOW,0.0,1.0
39720,11,EW_GREEN,0.0,1.0
39725,11,EW_GREEN,1.0,0.0
39730,11,EW_GREEN,1.0,0.0
39735,11,EW_GREEN,1.0,0.0
39740,11,EW_GREEN,1.0,0.0
39745,11,EW_GREEN,2.0,0.0
39750,11,EW_YELLOW,2.0,0.0
39755,11,NS_GREEN,2.0,0.0
39760,11,NS_GREEN,0.5,1.0
39765,11,NS_GREEN,0.0,2.0
39770,11,NS_GREEN,0.0,2.0
39775,11,NS_GREEN,0.0,2.0
39780,11,NS_GREEN,0.0,3.0
39785,11,NS_YELLOW,0.0,3.0
39790,11,EW_GREEN,0.0,3.0
39795,11,EW_GREEN,0.0,0.5
39800,11,EW_GREEN,0.0,0.0
39805,11,EW_GREEN,0.0,0.0
39810,11,EW_GREEN,1.0,0.0
39815,11,EW_GREEN,2.0,0.0
39820,11,EW_YELLOW,2.0,0.0
39825,11,NS_GREEN,3.0,0.0
39830,11,NS_GREEN,0.5,1.0
39835,11,NS_GREEN,0.0,2.0
39840,11,NS_GREEN,0.0,2.0
39845,11,NS_GREEN,0.0,2.0
39850,11,NS_GREEN,0.0,2.0
39855,11,NS_YELLOW,0.0,3.0
39860,11,EW_GREEN,0.0,3.0
39865,11,EW_GREEN,0.0,0.5
39870,11,EW_GREEN,0.0,0.0
39875,11,EW_GREEN,0.0,0.0
39880,11,EW_GREEN,0.0,0.0
39885,11,EW_GREEN,1.0,0.0
39890,11,EW_YELLOW,1.0,0.0
39895,11,NS_GREEN,1.0,1.0
39900,11,NS_GREEN,0.0,1.0
39905,11,NS_GREEN,0.0,1.0
39910,11,NS_GREEN,0.0,1.0
39915,11,NS_GREEN,0.0,1.0
39920,11,NS_GREEN,0.0,1.0
39925,11,NS_YELLOW,0.0,2.0
39930,11,EW_GREEN,0.0,2.0
39935,11,EW_GREEN,0.0,0.0
39940,11,EW_GREEN,0.0,0.0
39945,11,EW_GREEN,1.0,0.0
39950,11,EW_GREEN,1.0,0.0
39955,11,EW_GREEN,1.0,0.0
39960,11,EW_YELLOW,1.0,0.0
39965,11,NS_GREEN,1.0,0.0
39970,11,NS_GREEN,0.0,0.0
39975,11,NS_GREEN,0.0,0.0
39980,11,NS_GREEN,0.0,0.0
39985,11,NS_GREEN,0.0,1.0
39990,11,NS_GREEN,0.0,1.0
39995,11,NS_YELLOW,0.0,1.0
40000,11,EW_GREEN,1.0,2.0
40005,11,EW_GREEN,1.0,0.5
40010,11,EW_GREEN,1.0,0.0
40015,11,EW_GREEN,1.0,0.0
40020,11,EW_GREEN,1.0,0.0
40025,11,EW_GREEN,2.0,0.0
40030,11,EW_YELLOW,2.0,0.0
40035,11,NS_GREEN,3.0,0.0
40040,11,NS_GREEN,0.5,0.0
40045,11,NS_GREEN,0.0,0.0
40050,11,NS_GREEN,0.0,0.0
40055,11,NS_GREEN,0.0,0.0
40060,11,NS_GREEN,0.0,0.0
40065,11,NS_YELLOW,0.0,0.0
40070,11,EW_GREEN,0.0,0.0
40075,11,EW_GREEN,0.0,0.0
40080,11,EW_GREEN,0.0,0.0
40085,11,EW_GREEN,0.0,0.0
40090,11,EW_GREEN,0.0,0.0
40095,11,EW_GREEN,0.0,0.0
40100,11,EW_YELLOW,1.0,0.0
40105,11,NS_GREEN,2.0,0.0
40110,11,NS_GREEN,0.0,0.0
40115,11,NS_GREEN,0.0,1.0
40120,11,NS_GREEN,0.0,1.0
40125,11,NS_GREEN,0.0,1.0
40130,11,NS_GREEN,0.0,1.0
40135,11,NS_YELLOW,0.0,1.0
40140,11,EW_GREEN,0.0,1.0
40145,11,EW_GREEN,0.0,0.0
40150,11,EW_GREEN,0.0,0.0
40155,11,EW_GREEN,1.0,0.0
40160,11,EW_GREEN,2.0,0.0
40165,11,EW_GREEN,3.0,0.0
40170,11,EW_YELLOW,4.0,0.0
40175,11,NS_GREEN,4.0,0.0
40180,11,NS_GREEN,1.5,0.0
40185,11,NS_GREEN,0.0,0.0
40190,11,NS_GREEN,0.0,1.0
40195,11,NS_GREEN,0.0,2.0
40200,11,NS_GREEN,0.0,2.0
40205,11,NS_YELLOW,0.0,2.0
40210,11,EW_GREEN,0.0,2.0
40215,11,EW_GREEN,0.0,0.0
40220,11,EW_GREEN,0.0,0.0
40225,11,EW_GREEN,0.0,0.0
40230,11,EW_GREEN,0.0,0.0
40235,11,EW_GREEN,0.0,0.0
40240,11,EW_YELLOW,0.0,0.0
40245,11,NS_GREEN,0.0,0.0
40250,11,NS_GREEN,0.0,1.0
40255,11,NS_GREEN,0.0,2.0
40260,11,NS_GREEN,0.0,2.0
40265,11,NS_GREEN,0.0,2.0
40270,11,NS_GREEN,0.0,3.0
40275,11,NS_YELLOW,0.0,3.0
40280,11,EW_GREEN,0.0,3.0
40285,11,EW_GREEN,0.0,0.5
40290,11,EW_GREEN,0.0,0.0
40295,11,EW_GREEN,0.0,0.0
40300,11,EW_GREEN,0.0,0.0
40305,11,EW_GREEN,0.0,0.0
40310,11,EW_YELLOW,0.0,0.0
40315,11,NS_GREEN,0.0,0.0
40320,11,NS_GREEN,0.0,0.0
40325,11,NS_GREEN,0.0,0.0
40330,11,NS_GREEN,0.0,1.0
40335,11,NS_GREEN,0.0,1.0
40340,11,NS_GREEN,0.0,1.0
40345,11,NS_YELLOW,0.0,2.0
40350,11,EW_GREEN,0.0,2.0
40355,11,EW_GREEN,0.0,0.0
40360,11,EW_GREEN,0.0,0.0
40365,11,EW_GREEN,0.0,0.0
40370,11,EW_GREEN,0.0,0.0
40375,11,EW_GREEN,0.0,0.0
40380,11,EW_YELLOW,0.0,0.0
40385,11,NS_GREEN,0.0,0.0
40390,11,NS_GREEN,0.0,1.0
40395,11,NS_GREEN,0.0,1.0
40400,11,NS_GREEN,0.0,1.0
40405,11,NS_GREEN,0.0,1.0
40410,11,NS_GREEN,0.0,1.0
40415,11,NS_YELLOW,0.0,1.0
40420,11,EW_GREEN,0.0,1.0
40425,11,EW_GREEN,1.0,0.0
40430,11,EW_GREEN,1.0,0.0
40435,11,EW_GREEN,1.0,0.0
40440,11,EW_GREEN,1.0,0.0
40445,11,EW_GREEN,1.0,0.0
40450,11,EW_YELLOW,1.0,0.0
40455,11,NS_GREEN,1.0,0.0
40460,11,NS_GREEN,0.0,0.0
40465,11,NS_GREEN,0.0,0.0
40470,11,NS_GREEN,0.0,0.0
40475,11,NS_GREEN,0.0,1.0
40480,11,NS_GREEN,0.0,1.0
40485,11,NS_YELLOW,0.0,1.0
40490,11,EW_GREEN,0.0,2.0
40495,11,EW_GREEN,0.0,0.0
40500,11,EW_GREEN,0.0,0.0
40505,11,EW_GREEN,0.0,0.0
40510,11,EW_GREEN,0.0,0.0
40515,11,EW_GREEN,0.0,0.0
40520,11,EW_YELLOW,0.0,0.0
40525,11,NS_GREEN,0.0,1.0
40530,11,NS_GREEN,0.0,1.0
40535,11,NS_GREEN,0.0,1.0
40540,11,NS_GREEN,0.0,1.0
40545,11,NS_GREEN,0.0,1.0
40550,11,NS_GREEN,0.0,1.0
40555,11,NS_YELLOW,0.0,1.0
40560,11,EW_GREEN,1.0,1.0
40565,11,EW_GREEN,2.0,0.0
40570,11,EW_GREEN,3.0,0.0
40575,11,EW_GREEN,4.0,0.0
40580,11,EW_GREEN,4.0,0.0
40585,11,EW_GREEN,4.0,0.0
40590,11,EW_YELLOW,5.0,0.0
40595,11,NS_GREEN,5.0,0.0
40600,11,NS_GREEN,2.5,0.0
40605,11,NS_GREEN,0.0,0.0
40610,11,NS_GREEN,0.0,0.0
40615,11,NS_GREEN,0.0,0.0
40620,11,NS_GREEN,0.0,1.0
40625,11,NS_YELLOW,0.0,1.0
40630,11,EW_GREEN,1.0,1.0
40635,11,EW_GREEN,2.0,0.0
40640,11,EW_GREEN,2.0,0.0
40645,11,EW_GREEN,3.0,0.0
40650,11,EW_GREEN,3.0,0.0
40655,11,EW_GREEN,3.0,0.0
40660,11,EW_YELLOW,4.0,0.0
40665,11,NS_GREEN,4.0,0.0
40670,11,NS_GREEN,1.5,0.0
40675,11,NS_GREEN,0.0,0.0
40680,11,NS_GREEN,0.0,0.0
40685,11,NS_GREEN,0.0,0.0
40690,11,NS_GREEN,0.0,0.0
40695,11,NS_YELLOW,0.0,0.0
40700,11,EW_GREEN,0.0,0.0
40705,11,EW_GREEN,0.0,0.0
40710,11,EW_GREEN,1.0,0.0
40715,11,EW_GREEN,1.0,0.0
40720,11,EW_GREEN,2.0,0.0
40725,11,EW_GREEN,2.0,0.0
40730,11,EW_YELLOW,2.0,0.0
40735,11,NS_GREEN,2.0,0.0
40740,11,NS_GREEN,0.0,0.0
40745,11,NS_GREEN,0.0,0.0
40750,11,NS_GREEN,0.0,0.0
40755,11,NS_GREEN,0.0,0.0
40760,11,NS_GREEN,0.0,0.0
40765,11,NS_YELLOW,0.0,1.0
40770,11,EW_GREEN,0.0,1.0
40775,11,EW_GREEN,0.0,0.0
40780,11,EW_GREEN,1.0,0.0
40785,11,EW_GREEN,2.0,0.0
40790,11,EW_GREEN,2.0,0.0
40795,11,EW_GREEN,2.0,0.0
40800,11,EW_YELLOW,2.0,0.0
40805,11,NS_GREEN,2.0,0.0
40810,11,NS_GREEN,0.0,0.0
40815,11,NS_GREEN,0.0,1.0
40820,11,NS_GREEN,0.0,1.0
40825,11,NS_GREEN,0.0,1.0
40830,11,NS_GREEN,0.0,1.0
40835,11,NS_YELLOW,0.0,1.0
40840,11,EW_GREEN,0.0,1.0
40845,11,EW_GREEN,0.0,0.0
40850,11,EW_GREEN,1.0,0.0
40855,11,EW_GREEN,1.0,0.0
40860,11,EW_GREEN,1.0,0.0
40865,11,EW_GREEN,1.0,0.0
40870,11,EW_YELLOW,1.0,0.0
40875,11,NS_GREEN,2.0,0.0
40880,11,NS_GREEN,0.5,0.0
40885,11,NS_GREEN,0.0,0.0
40890,11,NS_GREEN,0.0,0.0
40895,11,NS_GREEN,0.0,0.0
40900,11,NS_GREEN,0.0,0.0
40905,11,NS_YELLOW,0.0,0.0
40910,11,EW_GREEN,1.0,0.0
40915,11,EW_GREEN,1.0,0.0
40920,11,EW_GREEN,1.0,0.0
40925,11,EW_GREEN,1.0,0.0
40930,11,EW_GREEN,1.0,0.0
40935,11,EW_GREEN,2.0,0.0
40940,11,EW_YELLOW,3.0,0.0
40945,11,NS_GREEN,3.0,0.0
40950,11,NS_GREEN,1.5,0.0
40955,11,NS_GREEN,0.0,0.0
40960,11,NS_GREEN,0.0,0.0
40965,11,NS_GREEN,0.0,0.0
40970,11,NS_GREEN,0.0,1.0
40975,11,NS_YELLOW,0.0,1.0
40980,11,EW_GREEN,0.0,1.0
40985,11,EW_GREEN,0.0,0.0
40990,11,EW_GREEN,0.0,0.0
40995,11,EW_GREEN,1.0,0.0
41000,11,EW_GREEN,1.0,0.0
41005,11,EW_GREEN,1.0,0.0
41010,11,EW_YELLOW,1.0,0.0
41015,11,NS_GREEN,1.0,0.0
41020,11,NS_GREEN,0.0,0.0
41025,11,NS_GREEN,0.0,0.0
41030,11,NS_GREEN,0.0,0.0
41035,11,NS_GREEN,0.0,0.0
41040,11,NS_GREEN,0.0,0.0
41045,11,NS_YELLOW,0.0,0.0
41050,11,EW_GREEN,0.0,0.0
41055,11,EW_GREEN,0.0,0.0
41060,11,EW_GREEN,0.0,0.0
41065,11,EW_GREEN,0.0,0.0
41070,11,EW_GREEN,0.0,0.0
41075,11,EW_GREEN,0.0,0.0
41080,11,EW_YELLOW,0.0,0.0
41085,11,NS_GREEN,0.0,0.0
41090,11,NS_GREEN,0.0,0.0
41095,11,NS_GREEN,0.0,0.0
41100,11,NS_GREEN,0.0,0.0
41105,11,NS_GREEN,0.0,0.0
41110,11,NS_GREEN,0.0,0.0
41115,11,NS_YELLOW,0.0,0.0
41120,11,EW_GREEN,0.0,0.0
41125,11,EW_GREEN,0.0,0.0
41130,11,EW_GREEN,1.0,0.0
41135,11,EW_GREEN,2.0,0.0
41140,11,EW_GREEN,2.0,0.0
41145,11,EW_GREEN,2.0,0.0
41150,11,EW_YELLOW,3.0,0.0
41155,11,NS_GREEN,4.0,0.0
41160,11,NS_GREEN,1.5,1.0
41165,11,NS_GREEN,0.0,1.0
41170,11,NS_GREEN,0.0,1.0
41175,11,NS_GREEN,0.0,1.0
41180,11,NS_GREEN,0.0,1.0
41185,11,NS_YELLOW,0.0,1.0
41190,11,EW_GREEN,1.0,1.0
41195,11,EW_GREEN,1.0,0.0
41200,11,EW_GREEN,1.0,0.0
41205,11,EW_GREEN,2.0,0.0
41210,11,EW_GREEN,2.0,0.0
41215,11,EW_GREEN,2.0,0.0
41220,11,EW_YELLOW,2.0,0.0
41225,11,NS_GREEN,3.0,0.0
41230,11,NS_GREEN,0.5,0.0
41235,11,NS_GREEN,0.0,0.0
41240,11,NS_GREEN,0.0,1.0
41245,11,NS_GREEN,0.0,1.0
41250,11,NS_GREEN,0.0,1.0
41255,11,NS_YELLOW,0.0,1.0
41260,11,EW_GREEN,0.0,1.0
41265,11,EW_GREEN,0.0,0.0
41270,11,EW_GREEN,1.0,0.0
41275,11,EW_GREEN,1.0,0.0
41280,11,EW_GREEN,1.0,0.0
41285,11,EW_GREEN,1.0,0.0
41290,11,EW_YELLOW,1.0,0.0
41295,11,NS_GREEN,1.0,1.0
41300,11,NS_GREEN,0.0,1.0
41305,11,NS_GREEN,0.0,1.0
41310,11,NS_GREEN,0.0,1.0
41315,11,NS_GREEN,0.0,1.0
41320,11,NS_GREEN,0.0,1.0
41325,11,NS_YELLOW,0.0,1.0
41330,11,EW_GREEN,0.0,2.0
41335,11,EW_GREEN,0.0,0.0
41340,11,EW_GREEN,0.0,0.0
41345,11,EW_GREEN,0.0,0.0
41350,11,EW_GREEN,1.0,0.0
41355,11,EW_GREEN,1.0,0.0
41360,11,EW_YELLOW,1.0,0.0
41365,11,NS_GREEN,1.0,1.0
41370,11,NS_GREEN,0.0,2.0
41375,11,NS_GREEN,0.0,2.0
41380,11,NS_GREEN,0.0,2.0
41385,11,NS_GREEN,0.0,2.0
41390,11,NS_GREEN,0.0,2.0
41395,11,NS_YELLOW,0.0,2.0
41400,11,EW_GREEN,1.0,2.0
41405,11,EW_GREEN,1.0,0.0
41410,11,EW_GREEN,1.0,0.0
41415,11,EW_GREEN,1.0,0.0
41420,11,EW_GREEN,1.0,0.0
41425,11,EW_GREEN,1.0,0.0
41430,11,EW_YELLOW,1.0,0.0
41435,11,NS_GREEN,2.0,0.0
41440,11,NS_GREEN,0.0,0.0
41445,11,NS_GREEN,0.0,0.0
41450,11,NS_GREEN,0.0,0.0
41455,11,NS_GREEN,0.0,0.0
41460,11,NS_GREEN,0.0,0.0
41465,11,NS_YELLOW,0.0,0.0
41470,11,EW_GREEN,1.0,0.0
41475,11,EW_GREEN,1.0,0.0
41480,11,EW_GREEN,1.0,0.0
41485,11,EW_GREEN,1.0,0.0
41490,11,EW_GREEN,2.0,0.0
41495,11,EW_GREEN,2.0,0.0
41500,11,EW_YELLOW,2.0,0.0
41505,11,NS_GREEN,2.0,0.0
41510,11,NS_GREEN,0.5,0.0
41515,11,NS_GREEN,0.0,0.0
41520,11,NS_GREEN,0.0,0.0
41525,11,NS_GREEN,0.0,0.0
41530,11,NS_GREEN,0.0,1.0
41535,11,NS_YELLOW,0.0,1.0
41540,11,EW_GREEN,1.0,1.0
41545,11,EW_GREEN,2.0,0.0
41550,11,EW_GREEN,2.0,0.0
41555,11,EW_GREEN,2.0,0.0
41560,11,EW_GREEN,2.0,0.0
41565,11,EW_GREEN,2.0,0.0
41570,11,EW_YELLOW,2.0,0.0
41575,11,NS_GREEN,3.0,0.0
41580,11,NS_GREEN,0.5,1.0
41585,11,NS_GREEN,0.0,1.0
41590,11,NS_GREEN,0.0,2.0
41595,11,NS_GREEN,0.0,2.0
41600,11,NS_GREEN,0.0,2.0
41605,11,NS_YELLOW,0.0,2.0
41610,11,EW_GREEN,0.0,2.0
41615,11,EW_GREEN,0.0,0.0
41620,11,EW_GREEN,1.0,0.0
41625,11,EW_GREEN,2.0,0.0
41630,11,EW_GREEN,2.0,0.0
41635,11,EW_GREEN,2.0,0.0
41640,11,EW_YELLOW,2.0,0.0
41645,11,NS_GREEN,3.0,1.0
41650,11,NS_GREEN,0.5,2.0
41655,11,NS_GREEN,0.0,2.0
41660,11,NS_GREEN,0.0,3.0
41665,11,NS_GREEN,0.0,3.0
41670,11,NS_GREEN,0.0,3.0
41675,11,NS_YELLOW,0.0,3.0
41680,11,EW_GREEN,0.0,3.0
41685,11,EW_GREEN,0.0,0.5
41690,11,EW_GREEN,0.0,0.0
41695,11,EW_GREEN,1.0,0.0
41700,11,EW_GREEN,1.0,0.0
41705,11,EW_GREEN,2.0,0.0
41710,11,EW_YELLOW,2.0,0.0
41715,11,NS_GREEN,2.0,0.0
41720,11,NS_GREEN,0.0,0.0
41725,11,NS_GREEN,0.0,0.0
41730,11,NS_GREEN,0.0,0.0
41735,11,NS_GREEN,0.0,0.0
41740,11,NS_GREEN,0.0,0.0
41745,11,NS_YELLOW,0.0,1.0
41750,11,EW_GREEN,0.0,2.0
41755,11,EW_GREEN,1.0,0.0
41760,11,EW_GREEN,1.0,0.0
41765,11,EW_GREEN,1.0,0.0
41770,11,EW_GREEN,1.0,0.0
41775,11,EW_GREEN,1.0,0.0
41780,11,EW_YELLOW,1.0,0.0
41785,11,NS_GREEN,1.0,0.0
41790,11,NS_GREEN,0.0,0.0
41795,11,NS_GREEN,0.0,0.0
41800,11,NS_GREEN,0.0,0.0
41805,11,NS_GREEN,0.0,0.0
41810,11,NS_GREEN,0.0,0.0
41815,11,NS_YELLOW,0.0,1.0
41820,11,EW_GREEN,0.0,1.0
41825,11,EW_GREEN,0.0,0.0
41830,11,EW_GREEN,0.0,0.0
41835,11,EW_GREEN,0.0,0.0
41840,11,EW_GREEN,0.0,0.0
41845,11,EW_GREEN,0.0,0.0
41850,11,EW_YELLOW,0.0,0.0
41855,11,NS_GREEN,0.0,0.0
41860,11,NS_GREEN,0.0,0.0
41865,11,NS_GREEN,0.0,1.0
41870,11,NS_GREEN,0.0,1.0
41875,11,NS_GREEN,0.0,1.0
41880,11,NS_GREEN,0.0,1.0
41885,11,NS_YELLOW,0.0,1.0
41890,11,EW_GREEN,0.0,1.0
41895,11,EW_GREEN,0.0,0.0
41900,11,EW_GREEN,1.0,0.0
41905,11,EW_GREEN,2.0,0.0
41910,11,EW_GREEN,2.0,0.0
41915,11,EW_GREEN,2.0,0.0
41920,11,EW_YELLOW,2.0,0.0
41925,11,NS_GREEN,2.0,0.0
41930,11,NS_GREEN,0.0,0.0
41935,11,NS_GREEN,0.0,0.0
41940,11,NS_GREEN,0.0,0.0
41945,11,NS_GREEN,0.0,0.0
41950,11,NS_GREEN,0.0,0.0
41955,11,NS_YELLOW,0.0,0.0
41960,11,EW_GREEN,0.0,0.0
41965,11,EW_GREEN,0.0,0.0
41970,11,EW_GREEN,0.0,0.0
41975,11,EW_GREEN,0.0,0.0
41980,11,EW_GREEN,0.0,0.0
41985,11,EW_GREEN,0.0,0.0
41990,11,EW_YELLOW,1.0,0.0
41995,11,NS_GREEN,2.0,0.0
42000,11,NS_GREEN,0.0,0.0
42005,11,NS_GREEN,0.0,0.0
42010,11,NS_GREEN,0.0,0.0
42015,11,NS_GREEN,0.0,0.0
42020,11,NS_GREEN,0.0,1.0
42025,11,NS_YELLOW,0.0,1.0
42030,11,EW_GREEN,0.0,1.0
42035,11,EW_GREEN,0.0,0.0
42040,11,EW_GREEN,0.0,0.0
42045,11,EW_GREEN,0.0,0.0
42050,11,EW_GREEN,1.0,0.0
42055,11,EW_GREEN,2.0,0.0
42060,11,EW_YELLOW,2.0,0.0
42065,11,NS_GREEN,2.0,1.0
42070,11,NS_GREEN,0.5,1.0
42075,11,NS_GREEN,0.0,2.0
42080,11,NS_GREEN,0.0,2.0
42085,11,NS_GREEN,0.0,3.0
42090,11,NS_GREEN,0.0,3.0
42095,11,NS_YELLOW,0.0,3.0
42100,11,EW_GREEN,0.0,3.0
42105,11,EW_GREEN,0.0,0.5
42110,11,EW_GREEN,0.0,0.0
42115,11,EW_GREEN,0.0,0.0
42120,11,EW_GREEN,0.0,0.0
42125,11,EW_GREEN,0.0,0.0
42130,11,EW_YELLOW,0.0,0.0
42135,11,NS_GREEN,0.0,0.0
42140,11,NS_GREEN,0.0,1.0
42145,11,NS_GREEN,0.0,1.0
42150,11,NS_GREEN,0.0,1.0
42155,11,NS_GREEN,0.0,1.0
42160,11,NS_GREEN,0.0,1.0
42165,11,NS_YELLOW,0.0,1.0
42170,11,EW_GREEN,1.0,1.0
42175,11,EW_GREEN,1.0,0.0
42180,11,EW_GREEN,2.0,0.0
42185,11,EW_GREEN,2.0,0.0
42190,11,EW_GREEN,3.0,0.0
42195,11,EW_GREEN,3.0,0.0
42200,11,EW_YELLOW,3.0,0.0
42205,11,NS_GREEN,3.0,0.0
42210,11,NS_GREEN,0.5,0.0
42215,11,NS_GREEN,0.0,0.0
42220,11,NS_GREEN,0.0,0.0
42225,11,NS_GREEN,0.0,0.0
42230,11,NS_GREEN,0.0,0.0
42235,11,NS_YELLOW,0.0,0.0
42240,11,EW_GREEN,1.0,0.0
42245,11,EW_GREEN,1.0,0.0
42250,11,EW_GREEN,1.0,0.0
42255,11,EW_GREEN,1.0,0.0
42260,11,EW_GREEN,1.0,0.0
42265,11,EW_GREEN,1.0,0.0
42270,11,EW_YELLOW,1.0,0.0
42275,11,NS_GREEN,1.0,0.0
42280,11,NS_GREEN,0.0,0.0
42285,11,NS_GREEN,0.0,0.0
42290,11,NS_GREEN,0.0,0.0
42295,11,NS_GREEN,0.0,0.0
42300,11,NS_GREEN,0.0,1.0
42305,11,NS_YELLOW,0.0,1.0
42310,11,EW_GREEN,0.0,1.0
42315,11,EW_GREEN,1.0,0.0
42320,11,EW_GREEN,2.0,0.0
42325,11,EW_GREEN,2.0,0.0
42330,11,EW_GREEN,3.0,0.0
42335,11,EW_GREEN,4.0,0.0
42340,11,EW_YELLOW,4.0,0.0
42345,11,NS_GREEN,4.0,0.0
42350,11,NS_GREEN,1.5,1.0
42355,11,NS_GREEN,0.0,1.0
42360,11,NS_GREEN,0.0,2.0
42365,11,NS_GREEN,0.0,2.0
42370,11,NS_GREEN,0.0,2.0
42375,11,NS_YELLOW,0.0,3.0
42380,11,EW_GREEN,0.0,3.0
42385,11,EW_GREEN,0.0,0.5
42390,11,EW_GREEN,1.0,0.0
42395,11,EW_GREEN,1.0,0.0
42400,11,EW_GREEN,1.0,0.0
42405,11,EW_GREEN,1.0,0.0
42410,11,EW_YELLOW,1.0,0.0
42415,11,NS_GREEN,1.0,0.0
42420,11,NS_GREEN,0.0,0.0
42425,11,NS_GREEN,0.0,0.0
42430,11,NS_GREEN,0.0,0.0
42435,11,NS_GREEN,0.0,0.0
42440,11,NS_GREEN,0.0,0.0
42445,11,NS_YELLOW,0.0,0.0
42450,11,EW_GREEN,0.0,0.0
42455,11,EW_GREEN,0.0,0.0
42460,11,EW_GREEN,0.0,0.0
42465,11,EW_GREEN,0.0,0.0
42470,11,EW_GREEN,0.0,0.0
42475,11,EW_GREEN,1.0,0.0
42480,11,EW_YELLOW,1.0,0.0
42485,11,NS_GREEN,1.0,0.0
42490,11,NS_GREEN,0.0,0.0
42495,11,NS_GREEN,0.0,1.0
42500,11,NS_GREEN,0.0,1.0
42505,11,NS_GREEN,0.0,1.0
42510,11,NS_GREEN,0.0,1.0
42515,11,NS_YELLOW,0.0,1.0
42520,11,EW_GREEN,0.0,1.0
42525,11,EW_GREEN,0.0,0.0
42530,11,EW_GREEN,0.0,0.0
42535,11,EW_GREEN,0.0,0.0
42540,11,EW_GREEN,0.0,0.0
42545,11,EW_GREEN,0.0,0.0
42550,11,EW_YELLOW,0.0,0.0
42555,11,NS_GREEN,0.0,1.0
42560,11,NS_GREEN,0.0,1.0
42565,11,NS_GREEN,0.0,1.0
42570,11,NS_GREEN,0.0,1.0
42575,11,NS_GREEN,0.0,1.0
42580,11,NS_GREEN,0.0,1.0
42585,11,NS_YELLOW,0.0,1.0
42590,11,EW_GREEN,1.0,2.0
42595,11,EW_GREEN,1.0,0.0
42600,11,EW_GREEN,1.0,0.0
42605,11,EW_GREEN,2.0,0.0
42610,11,EW_GREEN,3.0,0.0
42615,11,EW_GREEN,3.0,0.0
42620,11,EW_YELLOW,3.0,0.0
42625,11,NS_GREEN,3.0,1.0
42630,11,NS_GREEN,1.5,2.0
42635,11,NS_GREEN,0.0,3.0
42640,11,NS_GREEN,0.0,3.0
42645,11,NS_GREEN,0.0,4.0
42650,11,NS_GREEN,0.0,4.0
42655,11,NS_YELLOW,0.0,5.0
42660,11,EW_GREEN,0.0,5.0
42665,11,EW_GREEN,0.0,2.5
42670,11,EW_GREEN,0.0,0.0
42675,11,EW_GREEN,0.0,0.0
42680,11,EW_GREEN,0.0,0.0
42685,11,EW_GREEN,0.0,0.0
42690,11,EW_YELLOW,1.0,0.0
42695,11,NS_GREEN,1.0,0.0
42700,11,NS_GREEN,0.0,0.0
42705,11,NS_GREEN,0.0,0.0
42710,11,NS_GREEN,0.0,0.0
42715,11,NS_GREEN,0.0,0.0
42720,11,NS_GREEN,0.0,0.0
42725,11,NS_YELLOW,0.0,0.0
42730,11,EW_GREEN,0.0,0.0
42735,11,EW_GREEN,0.0,0.0
42740,11,EW_GREEN,0.0,0.0
42745,11,EW_GREEN,0.0,0.0
42750,11,EW_GREEN,0.0,0.0
42755,11,EW_GREEN,0.0,0.0
42760,11,EW_YELLOW,1.0,0.0
42765,11,NS_GREEN,1.0,0.0
42770,11,NS_GREEN,0.0,0.0
42775,11,NS_GREEN,0.0,0.0
42780,11,NS_GREEN,0.0,0.0
42785,11,NS_GREEN,0.0,0.0
42790,11,NS_GREEN,0.0,0.0
42795,11,NS_YELLOW,0.0,0.0
42800,11,EW_GREEN,0.0,0.0
42805,11,EW_GREEN,1.0,0.0
42810,11,EW_GREEN,1.0,0.0
42815,11,EW_GREEN,2.0,0.0
42820,11,EW_GREEN,2.0,0.0
42825,11,EW_GREEN,2.0,0.0
42830,11,EW_YELLOW,2.0,0.0
42835,11,NS_GREEN,2.0,0.0
42840,11,NS_GREEN,0.0,0.0
42845,11,NS_GREEN,0.0,0.0
42850,11,NS_GREEN,0.0,0.0
42855,11,NS_GREEN,0.0,0.0
42860,11,NS_GREEN,0.0,0.0
42865,11,NS_YELLOW,0.0,0.0
42870,11,EW_GREEN,0.0,1.0
42875,11,EW_GREEN,0.0,0.0
42880,11,EW_GREEN,0.0,0.0
42885,11,EW_GREEN,0.0,0.0
42890,11,EW_GREEN,0.0,0.0
42895,11,EW_GREEN,0.0,0.0
42900,11,EW_YELLOW,0.0,0.0
42905,11,NS_GREEN,0.0,0.0
42910,11,NS_GREEN,0.0,0.0
42915,11,NS_GREEN,0.0,0.0
42920,11,NS_GREEN,0.0,0.0
42925,11,NS_GREEN,0.0,0.0
42930,11,NS_GREEN,0.0,0.0
42935,11,NS_YELLOW,0.0,0.0
42940,11,EW_GREEN,0.0,0.0
42945,11,EW_GREEN,0.0,0.0
42950,11,EW_GREEN,0.0,0.0
42955,11,EW_GREEN,0.0,0.0
42960,11,EW_GREEN,0.0,0.0
42965,11,EW_GREEN,0.0,0.0
42970,11,EW_YELLOW,1.0,0.0
42975,11,NS_GREEN,2.0,0.0
42980,11,NS_GREEN,0.0,0.0
42985,11,NS_GREEN,0.0,0.0
42990,11,NS_GREEN,0.0,0.0
42995,11,NS_GREEN,0.0,0.0
43000,11,NS_GREEN,0.0,0.0
43005,11,NS_YELLOW,0.0,0.0
43010,11,EW_GREEN,1.0,0.0
43015,11,EW_GREEN,1.0,0.0
43020,11,EW_GREEN,1.0,0.0
43025,11,EW_GREEN,1.0,0.0
43030,11,EW_GREEN,1.0,0.0
43035,11,EW_GREEN,1.0,0.0
43040,11,EW_YELLOW,2.0,0.0
43045,11,NS_GREEN,2.0,0.0
43050,11,NS_GREEN,0.5,0.0
43055,11,NS_GREEN,0.0,0.0
43060,11,NS_GREEN,0.0,1.0
43065,11,NS_GREEN,0.0,1.0
43070,11,NS_GREEN,0.0,2.0
43075,11,NS_YELLOW,0.0,2.0
43080,11,EW_GREEN,0.0,2.0
43085,11,EW_GREEN,0.0,0.0
43090,11,EW_GREEN,1.0,0.0
43095,11,EW_GREEN,1.0,0.0
43100,11,EW_GREEN,2.0,0.0
43105,11,EW_GREEN,2.0,0.0
43110,11,EW_YELLOW,2.0,0.0
43115,11,NS_GREEN,3.0,0.0
43120,11,NS_GREEN,0.5,0.0
43125,11,NS_GREEN,0.0,0.0
43130,11,NS_GREEN,0.0,0.0
43135,11,NS_GREEN,0.0,0.0
43140,11,NS_GREEN,0.0,0.0
43145,11,NS_YELLOW,0.0,0.0
43150,11,EW_GREEN,0.0,0.0
43155,11,EW_GREEN,0.0,0.0
43160,11,EW_GREEN,0.0,0.0
43165,11,EW_GREEN,0.0,0.0
43170,11,EW_GREEN,0.0,0.0
43175,11,EW_GREEN,0.0,0.0
43180,11,EW_YELLOW,0.0,0.0
43185,11,NS_GREEN,0.0,0.0
43190,11,NS_GREEN,0.0,0.0
43195,11,NS_GREEN,0.0,0.0
43200,12,NS_GREEN,0.0,0.0
43205,12,NS_GREEN,0.0,0.0
43210,12,NS_GREEN,0.0,0.0
43215,12,NS_YELLOW,0.0,0.0
43220,12,EW_GREEN,0.0,0.0
43225,12,EW_GREEN,0.0,0.0
43230,12,EW_GREEN,0.0,0.0
43235,12,EW_GREEN,0.0,0.0
43240,12,EW_GREEN,0.0,0.0
43245,12,EW_GREEN,0.0,0.0
43250,12,EW_YELLOW,0.0,0.0
43255,12,NS_GREEN,1.0,1.0
43260,12,NS_GREEN,0.0,2.0
43265,12,NS_GREEN,0.0,2.0
43270,12,NS_GREEN,0.0,2.0
43275,12,NS_GREEN,0.0,2.0
43280,12,NS_GREEN,0.0,2.0
43285,12,NS_YELLOW,0.0,2.0
43290,12,EW_GREEN,0.0,2.0
43295,12,EW_GREEN,0.0,0.0
43300,12,EW_GREEN,0.0,0.0
43305,12,EW_GREEN,0.0,0.0
43310,12,EW_GREEN,0.0,0.0
43315,12,EW_GREEN,0.0,0.0
43320,12,EW_YELLOW,0.0,0.0
43325,12,NS_GREEN,0.0,0.0
43330,12,NS_GREEN,0.0,0.0
43335,12,NS_GREEN,0.0,0.0
43340,12,NS_GREEN,0.0,0.0
43345,12,NS_GREEN,0.0,1.0
43350,12,NS_GREEN,0.0,1.0
43355,12,NS_YELLOW,0.0,1.0
43360,12,EW_GREEN,0.0,1.0
43365,12,EW_GREEN,0.0,0.0
43370,12,EW_GREEN,0.0,0.0
43375,12,EW_GREEN,0.0,0.0
43380,12,EW_GREEN,0.0,0.0
43385,12,EW_GREEN,0.0,0.0
43390,12,EW_YELLOW,0.0,0.0
43395,12,NS_GREEN,0.0,0.0
43400,12,NS_GREEN,0.0,0.0
43405,12,NS_GREEN,0.0,0.0
43410,12,NS_GREEN,0.0,0.0
43415,12,NS_GREEN,0.0,0.0
43420,12,NS_GREEN,0.0,0.0
43425,12,NS_YELLOW,0.0,0.0
43430,12,EW_GREEN,1.0,0.0
43435,12,EW_GREEN,1.0,0.0
43440,12,EW_GREEN,1.0,0.0
43445,12,EW_GREEN,1.0,0.0
43450,12,EW_GREEN,1.0,0.0
43455,12,EW_GREEN,1.0,0.0
43460,12,EW_YELLOW,1.0,0.0
43465,12,NS_GREEN,1.0,0.0
43470,12,NS_GREEN,0.0,0.0
43475,12,NS_GREEN,0.0,0.0
43480,12,NS_GREEN,0.0,0.0
43485,12,NS_GREEN,0.0,0.0
43490,12,NS_GREEN,0.0,0.0
43495,12,NS_YELLOW,0.0,0.0
43500,12,EW_GREEN,0.0,0.0
43505,12,EW_GREEN,1.0,0.0
43510,12,EW_GREEN,1.0,0.0
43515,12,EW_GREEN,1.0,0.0
43520,12,EW_GREEN,2.0,0.0
43525,12,EW_GREEN,2.0,0.0
43530,12,EW_YELLOW,3.0,0.0
43535,12,NS_GREEN,4.0,0.0
43540,12,NS_GREEN,1.5,0.0
43545,12,NS_GREEN,0.0,0.0
43550,12,NS_GREEN,0.0,0.0
43555,12,NS_GREEN,0.0,0.0
43560,12,NS_GREEN,0.0,1.0
43565,12,NS_YELLOW,0.0,2.0
43570,12,EW_GREEN,0.0,2.0
43575,12,EW_GREEN,0.0,0.0
43580,12,EW_GREEN,0.0,0.0
43585,12,EW_GREEN,1.0,0.0
43590,12,EW_GREEN,1.0,0.0
43595,12,EW_GREEN,1.0,0.0
43600,12,EW_YELLOW,1.0,0.0
43605,12,NS_GREEN,1.0,0.0
43610,12,NS_GREEN,0.0,1.0
43615,12,NS_GREEN,0.0,1.0
43620,12,NS_GREEN,0.0,1.0
43625,12,NS_GREEN,0.0,1.0
43630,12,NS_GREEN,0.0,2.0
43635,12,NS_YELLOW,0.0,2.0
43640,12,EW_GREEN,0.0,2.0
43645,12,EW_GREEN,1.0,0.0
43650,12,EW_GREEN,2.0,0.0
43655,12,EW_GREEN,2.0,0.0
43660,12,EW_GREEN,2.0,0.0
43665,12,EW_GREEN,2.0,0.0
43670,12,EW_YELLOW,2.0,0.0
43675,12,NS_GREEN,2.0,0.0
43680,12,NS_GREEN,0.0,0.0
43685,12,NS_GREEN,0.0,1.0
43690,12,NS_GREEN,0.0,1.0
43695,12,NS_GREEN,0.0,1.0
43700,12,NS_GREEN,0.0,1.0
43705,12,NS_YELLOW,0.0,1.0
43710,12,EW_GREEN,0.0,1.0
43715,12,EW_GREEN,0.0,0.0
43720,12,EW_GREEN,0.0,0.0
43725,12,EW_GREEN,0.0,0.0
43730,12,EW_GREEN,0.0,0.0
43735,12,EW_GREEN,0.0,0.0
43740,12,EW_YELLOW,0.0,0.0
43745,12,NS_GREEN,0.0,0.0
43750,12,NS_GREEN,0.0,0.0
43755,12,NS_GREEN,0.0,1.0
43760,12,NS_GREEN,0.0,1.0
43765,12,NS_GREEN,0.0,1.0
43770,12,NS_GREEN,0.0,1.0
43775,12,NS_YELLOW,0.0,1.0
43780,12,EW_GREEN,1.0,1.0
43785,12,EW_GREEN,1.0,0.0
43790,12,EW_GREEN,1.0,0.0
43795,12,EW_GREEN,1.0,0.0
43800,12,EW_GREEN,1.0,0.0
43805,12,EW_GREEN,1.0,0.0
43810,12,EW_YELLOW,1.0,0.0
43815,12,NS_GREEN,1.0,0.0
43820,12,NS_GREEN,0.0,0.0
43825,12,NS_GREEN,0.0,0.0
43830,12,NS_GREEN,0.0,0.0
43835,12,NS_GREEN,0.0,0.0
43840,12,NS_GREEN,0.0,0.0
43845,12,NS_YELLOW,0.0,0.0
43850,12,EW_GREEN,0.0,0.0
43855,12,EW_GREEN,0.0,0.0
43860,12,EW_GREEN,0.0,0.0
43865,12,EW_GREEN,0.0,0.0
43870,12,EW_GREEN,0.0,0.0
43875,12,EW_GREEN,0.0,0.0
43880,12,EW_YELLOW,0.0,0.0
43885,12,NS_GREEN,0.0,0.0
43890,12,NS_GREEN,0.0,0.0
43895,12,NS_GREEN,0.0,0.0
43900,12,NS_GREEN,0.0,0.0
43905,12,NS_GREEN,0.0,1.0
43910,12,NS_GREEN,0.0,1.0
43915,12,NS_YELLOW,0.0,1.0
43920,12,EW_GREEN,0.0,1.0
43925,12,EW_GREEN,0.0,0.0
43930,12,EW_GREEN,0.0,0.0
43935,12,EW_GREEN,0.0,0.0
43940,12,EW_GREEN,1.0,0.0
43945,12,EW_GREEN,2.0,0.0
43950,12,EW_YELLOW,2.0,0.0
43955,12,NS_GREEN,3.0,0.0
43960,12,NS_GREEN,0.5,0.0
43965,12,NS_GREEN,0.0,0.0
43970,12,NS_GREEN,0.0,0.0
43975,12,NS_GREEN,0.0,0.0
43980,12,NS_GREEN,0.0,0.0
43985,12,NS_YELLOW,0.0,0.0
43990,12,EW_GREEN,0.0,1.0
43995,12,EW_GREEN,0.0,0.0
44000,12,EW_GREEN,0.0,0.0
44005,12,EW_GREEN,1.0,0.0
44010,12,EW_GREEN,2.0,0.0
44015,12,EW_GREEN,3.0,0.0
44020,12,EW_YELLOW,3.0,0.0
44025,12,NS_GREEN,4.0,0.0
44030,12,NS_GREEN,1.5,0.0
44035,12,NS_GREEN,0.0,0.0
44040,12,NS_GREEN,0.0,0.0
44045,12,NS_GREEN,0.0,1.0
44050,12,NS_GREEN,0.0,1.0
44055,12,NS_YELLOW,0.0,1.0
44060,12,EW_GREEN,0.0,1.0
44065,12,EW_GREEN,0.0,0.0
44070,12,EW_GREEN,0.0,0.0
44075,12,EW_GREEN,0.0,0.0
44080,12,EW_GREEN,0.0,0.0
44085,12,EW_GREEN,0.0,0.0
44090,12,EW_YELLOW,1.0,0.0
44095,12,NS_GREEN,1.0,0.0
44100,12,NS_GREEN,0.0,0.0
44105,12,NS_GREEN,0.0,1.0
44110,12,NS_GREEN,0.0,1.0
44115,12,NS_GREEN,0.0,1.0
44120,12,NS_GREEN,0.0,1.0
44125,12,NS_YELLOW,0.0,1.0
44130,12,EW_GREEN,0.0,1.0
44135,12,EW_GREEN,0.0,0.0
44140,12,EW_GREEN,1.0,0.0
44145,12,EW_GREEN,2.0,0.0
44150,12,EW_GREEN,2.0,0.0
44155,12,EW_GREEN,2.0,0.0
44160,12,EW_YELLOW,2.0,0.0
44165,12,NS_GREEN,2.0,0.0
44170,12,NS_GREEN,0.0,0.0
44175,12,NS_GREEN,0.0,0.0
44180,12,NS_GREEN,0.0,1.0
44185,12,NS_GREEN,0.0,1.0
44190,12,NS_GREEN,0.0,2.0
44195,12,NS_YELLOW,0.0,2.0
44200,12,EW_GREEN,0.0,2.0
44205,12,EW_GREEN,0.0,0.5
44210,12,EW_GREEN,0.0,0.0
44215,12,EW_GREEN,1.0,0.0
44220,12,EW_GREEN,1.0,0.0
44225,12,EW_GREEN,1.0,0.0
44230,12,EW_YELLOW,1.0,0.0
44235,12,NS_GREEN,2.0,0.0
44240,12,NS_GREEN,0.5,0.0
44245,12,NS_GREEN,0.0,0.0
44250,12,NS_GREEN,0.0,1.0
44255,12,NS_GREEN,0.0,1.0
44260,12,NS_GREEN,0.0,1.0
44265,12,NS_YELLOW,0.0,2.0
44270,12,EW_GREEN,0.0,3.0
44275,12,EW_GREEN,1.0,0.5
44280,12,EW_GREEN,1.0,0.0
44285,12,EW_GREEN,1.0,0.0
44290,12,EW_GREEN,1.0,0.0
44295,12,EW_GREEN,1.0,0.0
44300,12,EW_YELLOW,1.0,0.0
44305,12,NS_GREEN,1.0,0.0
44310,12,NS_GREEN,0.0,0.0
44315,12,NS_GREEN,0.0,0.0
44320,12,NS_GREEN,0.0,0.0
44325,12,NS_GREEN,0.0,0.0
44330,12,NS_GREEN,0.0,0.0
44335,12,NS_YELLOW,0.0,0.0
44340,12,EW_GREEN,0.0,0.0
44345,12,EW_GREEN,0.0,0.0
44350,12,EW_GREEN,0.0,0.0
44355,12,EW_GREEN,0.0,0.0
44360,12,EW_GREEN,0.0,0.0
44365,12,EW_GREEN,0.0,0.0
44370,12,EW_YELLOW,1.0,0.0
44375,12,NS_GREEN,1.0,0.0
44380,12,NS_GREEN,0.0,0.0
44385,12,NS_GREEN,0.0,0.0
44390,12,NS_GREEN,0.0,0.0
44395,12,NS_GREEN,0.0,0.0
44400,12,NS_GREEN,0.0,0.0
44405,12,NS_YELLOW,0.0,0.0
44410,12,EW_GREEN,1.0,0.0
44415,12,EW_GREEN,2.0,0.0
44420,12,EW_GREEN,2.0,0.0
44425,12,EW_GREEN,2.0,0.0
44430,12,EW_GREEN,2.0,0.0
44435,12,EW_GREEN,2.0,0.0
44440,12,EW_YELLOW,2.0,0.0
44445,12,NS_GREEN,2.0,0.0
44450,12,NS_GREEN,0.5,0.0
44455,12,NS_GREEN,0.0,1.0
44460,12,NS_GREEN,0.0,1.0
44465,12,NS_GREEN,0.0,1.0
44470,12,NS_GREEN,0.0,1.0
44475,12,NS_YELLOW,0.0,1.0
44480,12,EW_GREEN,0.0,1.0
44485,12,EW_GREEN,0.0,0.0
44490,12,EW_GREEN,0.0,0.0
44495,12,EW_GREEN,0.0,0.0
44500,12,EW_GREEN,0.0,0.0
44505,12,EW_GREEN,0.0,0.0
44510,12,EW_YELLOW,0.0,0.0
44515,12,NS_GREEN,0.0,0.0
44520,12,NS_GREEN,0.0,0.0
44525,12,NS_GREEN,0.0,0.0
44530,12,NS_GREEN,0.0,0.0
44535,12,NS_GREEN,0.0,1.0
44540,12,NS_GREEN,0.0,1.0
44545,12,NS_YELLOW,0.0,1.0
44550,12,EW_GREEN,0.0,1.0
44555,12,EW_GREEN,0.0,0.0
44560,12,EW_GREEN,1.0,0.0
44565,12,EW_GREEN,1.0,0.0
44570,12,EW_GREEN,1.0,0.0
44575,12,EW_GREEN,1.0,0.0
44580,12,EW_YELLOW,2.0,0.0
44585,12,NS_GREEN,2.0,0.0
44590,12,NS_GREEN,0.5,0.0
44595,12,NS_GREEN,0.0,0.0
44600,12,NS_GREEN,0.0,1.0
44605,12,NS_GREEN,0.0,1.0
44610,12,NS_GREEN,0.0,1.0
44615,12,NS_YELLOW,0.0,1.0
44620,12,EW_GREEN,0.0,1.0
44625,12,EW_GREEN,0.0,0.0
44630,12,EW_GREEN,0.0,0.0
44635,12,EW_GREEN,1.0,0.0
44640,12,EW_GREEN,1.0,0.0
44645,12,EW_GREEN,1.0,0.0
44650,12,EW_YELLOW,1.0,0.0
44655,12,NS_GREEN,1.0,0.0
44660,12,NS_GREEN,0.0,1.0
44665,12,NS_GREEN,0.0,1.0
44670,12,NS_GREEN,0.0,1.0
44675,12,NS_GREEN,0.0,1.0
44680,12,NS_GREEN,0.0,1.0
44685,12,NS_YELLOW,0.0,1.0
44690,12,EW_GREEN,0.0,1.0
44695,12,EW_GREEN,0.0,0.0
44700,12,EW_GREEN,0.0,0.0
44705,12,EW_GREEN,0.0,0.0
44710,12,EW_GREEN,0.0,0.0
44715,12,EW_GREEN,0.0,0.0
44720,12,EW_YELLOW,0.0,0.0
44725,12,NS_GREEN,0.0,0.0
44730,12,NS_GREEN,0.0,0.0
44735,12,NS_GREEN,0.0,0.0
44740,12,NS_GREEN,0.0,0.0
44745,12,NS_GREEN,0.0,0.0
44750,12,NS_GREEN,0.0,0.0
44755,12,NS_YELLOW,0.0,1.0
44760,12,EW_GREEN,0.0,1.0
44765,12,EW_GREEN,0.0,0.0
44770,12,EW_GREEN,0.0,0.0
44775,12,EW_GREEN,1.0,0.0
44780,12,EW_GREEN,1.0,0.0
44785,12,EW_GREEN,2.0,0.0
44790,12,EW_YELLOW,2.0,0.0
44795,12,NS_GREEN,2.0,0.0
44800,12,NS_GREEN,0.5,0.0
44805,12,NS_GREEN,0.0,0.0
44810,12,NS_GREEN,0.0,0.0
44815,12,NS_GREEN,0.0,1.0
44820,12,NS_GREEN,0.0,1.0
44825,12,NS_YELLOW,0.0,1.0
44830,12,EW_GREEN,0.0,2.0
44835,12,EW_GREEN,0.0,0.0
44840,12,EW_GREEN,0.0,0.0
44845,12,EW_GREEN,0.0,0.0
44850,12,EW_GREEN,0.0,0.0
44855,12,EW_GREEN,0.0,0.0
44860,12,EW_YELLOW,0.0,0.0
44865,12,NS_GREEN,0.0,0.0
44870,12,NS_GREEN,0.0,0.0
44875,12,NS_GREEN,0.0,0.0
44880,12,NS_GREEN,0.0,0.0
44885,12,NS_GREEN,0.0,0.0
44890,12,NS_GREEN,0.0,0.0
44895,12,NS_YELLOW,0.0,0.0
44900,12,EW_GREEN,0.0,1.0
44905,12,EW_GREEN,0.0,0.0
44910,12,EW_GREEN,0.0,0.0
44915,12,EW_GREEN,0.0,0.0
44920,12,EW_GREEN,0.0,0.0
44925,12,EW_GREEN,1.0,0.0
44930,12,EW_YELLOW,2.0,0.0
44935,12,NS_GREEN,2.0,0.0
44940,12,NS_GREEN,0.0,0.0
44945,12,NS_GREEN,0.0,0.0
44950,12,NS_GREEN,0.0,0.0
44955,12,NS_GREEN,0.0,0.0
44960,12,NS_GREEN,0.0,0.0
44965,12,NS_YELLOW,0.0,0.0
44970,12,EW_GREEN,0.0,1.0
44975,12,EW_GREEN,0.0,0.0
44980,12,EW_GREEN,1.0,0.0
44985,12,EW_GREEN,1.0,0.0
44990,12,EW_GREEN,1.0,0.0
44995,12,EW_GREEN,1.0,0.0
45000,12,EW_YELLOW,1.0,0.0
45005,12,NS_GREEN,1.0,0.0
45010,12,NS_GREEN,0.0,0.0
45015,12,NS_GREEN,0.0,0.0
45020,12,NS_GREEN,0.0,0.0
45025,12,NS_GREEN,0.0,0.0
45030,12,NS_GREEN,0.0,0.0
45035,12,NS_YELLOW,0.0,0.0
45040,12,EW_GREEN,0.0,0.0
45045,12,EW_GREEN,0.0,0.0
45050,12,EW_GREEN,0.0,0.0
45055,12,EW_GREEN,0.0,0.0
45060,12,EW_GREEN,0.0,0.0
45065,12,EW_GREEN,0.0,0.0
45070,12,EW_YELLOW,0.0,0.0
45075,12,NS_GREEN,0.0,0.0
45080,12,NS_GREEN,0.0,0.0
45085,12,NS_GREEN,0.0,0.0
45090,12,NS_GREEN,0.0,0.0
45095,12,NS_GREEN,0.0,0.0
45100,12,NS_GREEN,0.0,0.0
45105,12,NS_YELLOW,0.0,1.0
45110,12,EW_GREEN,0.0,1.0
45115,12,EW_GREEN,0.0,0.0
45120,12,EW_GREEN,1.0,0.0
45125,12,EW_GREEN,2.0,0.0
45130,12,EW_GREEN,2.0,0.0
45135,12,EW_GREEN,3.0,0.0
45140,12,EW_YELLOW,3.0,0.0
45145,12,NS_GREEN,3.0,0.0
45150,12,NS_GREEN,1.5,0.0
45155,12,NS_GREEN,0.0,0.0
45160,12,NS_GREEN,0.0,0.0
45165,12,NS_GREEN,0.0,0.0
45170,12,NS_GREEN,0.0,0.0
45175,12,NS_YELLOW,0.0,0.0
45180,12,EW_GREEN,0.0,0.0
45185,12,EW_GREEN,1.0,0.0
45190,12,EW_GREEN,1.0,0.0
45195,12,EW_GREEN,2.0,0.0
45200,12,EW_GREEN,2.0,0.0
45205,12,EW_GREEN,2.0,0.0
45210,12,EW_YELLOW,2.0,0.0
45215,12,NS_GREEN,2.0,0.0
45220,12,NS_GREEN,0.0,1.0
45225,12,NS_GREEN,0.0,1.0
45230,12,NS_GREEN,0.0,1.0
45235,12,NS_GREEN,0.0,1.0
45240,12,NS_GREEN,0.0,1.0
45245,12,NS_YELLOW,0.0,2.0
45250,12,EW_GREEN,1.0,2.0
45255,12,EW_GREEN,2.0,0.5
45260,12,EW_GREEN,2.0,0.0
45265,12,EW_GREEN,3.0,0.0
45270,12,EW_GREEN,3.0,0.0
45275,12,EW_GREEN,3.0,0.0
45280,12,EW_YELLOW,4.0,0.0
45285,12,NS_GREEN,4.0,1.0
45290,12,NS_GREEN,1.5,1.0
45295,12,NS_GREEN,0.0,1.0
45300,12,NS_GREEN,0.0,1.0
45305,12,NS_GREEN,0.0,1.0
45310,12,NS_GREEN,0.0,1.0
45315,12,NS_YELLOW,0.0,1.0
45320,12,EW_GREEN,0.0,1.0
45325,12,EW_GREEN,0.0,0.0
45330,12,EW_GREEN,0.0,0.0
45335,12,EW_GREEN,0.0,0.0
45340,12,EW_GREEN,0.0,0.0
45345,12,EW_GREEN,0.0,0.0
45350,12,EW_YELLOW,0.0,0.0
45355,12,NS_GREEN,0.0,0.0
45360,12,NS_GREEN,0.0,0.0
45365,12,NS_GREEN,0.0,0.0
45370,12,NS_GREEN,0.0,0.0
45375,12,NS_GREEN,0.0,0.0
45380,12,NS_GREEN,0.0,0.0
45385,12,NS_YELLOW,0.0,0.0
45390,12,EW_GREEN,0.0,1.0
45395,12,EW_GREEN,0.0,0.0
45400,12,EW_GREEN,0.0,0.0
45405,12,EW_GREEN,0.0,0.0
45410,12,EW_GREEN,0.0,0.0
45415,12,EW_GREEN,0.0,0.0
45420,12,EW_YELLOW,0.0,0.0
45425,12,NS_GREEN,0.0,0.0
45430,12,NS_GREEN,0.0,1.0
45435,12,NS_GREEN,0.0,1.0
45440,12,NS_GREEN,0.0,1.0
45445,12,NS_GREEN,0.0,1.0
45450,12,NS_GREEN,0.0,2.0
45455,12,NS_YELLOW,0.0,2.0
45460,12,EW_GREEN,0.0,3.0
45465,12,EW_GREEN,1.0,0.5
45470,12,EW_GREEN,2.0,0.0
45475,12,EW_GREEN,2.0,0.0
45480,12,EW_GREEN,2.0,0.0
45485,12,EW_GREEN,2.0,0.0
45490,12,EW_YELLOW,2.0,0.0
45495,12,NS_GREEN,2.0,0.0
45500,12,NS_GREEN,0.0,0.0
45505,12,NS_GREEN,0.0,0.0
45510,12,NS_GREEN,0.0,0.0
45515,12,NS_GREEN,0.0,0.0
45520,12,NS_GREEN,0.0,0.0
45525,12,NS_YELLOW,0.0,0.0
45530,12,EW_GREEN,1.0,0.0
45535,12,EW_GREEN,1.0,0.0
45540,12,EW_GREEN,1.0,0.0
45545,12,EW_GREEN,2.0,0.0
45550,12,EW_GREEN,2.0,0.0
45555,12,EW_GREEN,2.0,0.0
45560,12,EW_YELLOW,2.0,0.0
45565,12,NS_GREEN,2.0,0.0
45570,12,NS_GREEN,0.0,0.0
45575,12,NS_GREEN,0.0,0.0
45580,12,NS_GREEN,0.0,0.0
45585,12,NS_GREEN,0.0,0.0
45590,12,NS_GREEN,0.0,0.0
45595,12,NS_YELLOW,0.0,0.0
45600,12,EW_GREEN,0.0,0.0
45605,12,EW_GREEN,1.0,0.0
45610,12,EW_GREEN,1.0,0.0
45615,12,EW_GREEN,2.0,0.0
45620,12,EW_GREEN,3.0,0.0
45625,12,EW_GREEN,3.0,0.0
45630,12,EW_YELLOW,3.0,0.0
45635,12,NS_GREEN,3.0,1.0
45640,12,NS_GREEN,1.5,1.0
45645,12,NS_GREEN,0.0,1.0
45650,12,NS_GREEN,0.0,1.0
45655,12,NS_GREEN,0.0,1.0
45660,12,NS_GREEN,0.0,1.0
45665,12,NS_YELLOW,0.0,1.0
45670,12,EW_GREEN,1.0,1.0
45675,12,EW_GREEN,2.0,0.0
45680,12,EW_GREEN,2.0,0.0
45685,12,EW_GREEN,2.0,0.0
45690,12,EW_GREEN,3.0,0.0
45695,12,EW_GREEN,4.0,0.0
45700,12,EW_YELLOW,4.0,0.0
45705,12,NS_GREEN,5.0,0.0
45710,12,NS_GREEN,2.5,0.0
45715,12,NS_GREEN,1.0,0.0
45720,12,NS_GREEN,0.0,1.0
45725,12,NS_GREEN,0.0,1.0
45730,12,NS_GREEN,0.0,1.0
45735,12,NS_YELLOW,0.0,1.0
45740,12,EW_GREEN,1.0,1.0
45745,12,EW_GREEN,2.0,0.0
45750,12,EW_GREEN,2.0,0.0
45755,12,EW_GREEN,3.0,0.0
45760,12,EW_GREEN,3.0,0.0
45765,12,EW_GREEN,3.0,0.0
45770,12,EW_YELLOW,3.0,0.0
45775,12,NS_GREEN,3.0,0.0
45780,12,NS_GREEN,0.5,0.0
45785,12,NS_GREEN,0.0,0.0
45790,12,NS_GREEN,0.0,0.0
45795,12,NS_GREEN,0.0,0.0
45800,12,NS_GREEN,0.0,0.0
45805,12,NS_YELLOW,0.0,0.0
45810,12,EW_GREEN,0.0,0.0
45815,12,EW_GREEN,0.0,0.0
45820,12,EW_GREEN,1.0,0.0
45825,12,EW_GREEN,1.0,0.0
45830,12,EW_GREEN,1.0,0.0
45835,12,EW_GREEN,1.0,0.0
45840,12,EW_YELLOW,1.0,0.0
45845,12,NS_GREEN,1.0,0.0
45850,12,NS_GREEN,0.0,0.0
45855,12,NS_GREEN,0.0,0.0
45860,12,NS_GREEN,0.0,0.0
45865,12,NS_GREEN,0.0,0.0
45870,12,NS_GREEN,0.0,0.0
45875,12,NS_YELLOW,0.0,0.0
45880,12,EW_GREEN,0.0,0.0
45885,12,EW_GREEN,1.0,0.0
45890,12,EW_GREEN,2.0,0.0
45895,12,EW_GREEN,3.0,0.0
45900,12,EW_GREEN,4.0,0.0
45905,12,EW_GREEN,4.0,0.0
45910,12,EW_YELLOW,4.0,0.0
45915,12,NS_GREEN,4.0,0.0
45920,12,NS_GREEN,1.5,0.0
45925,12,NS_GREEN,0.0,0.0
45930,12,NS_GREEN,0.0,0.0
45935,12,NS_GREEN,0.0,0.0
45940,12,NS_GREEN,0.0,0.0
45945,12,NS_YELLOW,0.0,0.0
45950,12,EW_GREEN,1.0,0.0
45955,12,EW_GREEN,1.0,0.0
45960,12,EW_GREEN,1.0,0.0
45965,12,EW_GREEN,1.0,0.0
45970,12,EW_GREEN,1.0,0.0
45975,12,EW_GREEN,2.0,0.0
45980,12,EW_YELLOW,2.0,0.0
45985,12,NS_GREEN,3.0,0.0
45990,12,NS_GREEN,0.5,0.0
45995,12,NS_GREEN,0.0,1.0
46000,12,NS_GREEN,0.0,1.0
46005,12,NS_GREEN,0.0,1.0
46010,12,NS_GREEN,0.0,2.0
46015,12,NS_YELLOW,0.0,2.0
46020,12,EW_GREEN,0.0,2.0
46025,12,EW_GREEN,0.0,0.0
46030,12,EW_GREEN,0.0,0.0
46035,12,EW_GREEN,0.0,0.0
46040,12,EW_GREEN,0.0,0.0
46045,12,EW_GREEN,0.0,0.0
46050,12,EW_YELLOW,0.0,0.0
46055,12,NS_GREEN,0.0,0.0
46060,12,NS_GREEN,0.0,0.0
46065,12,NS_GREEN,0.0,0.0
46070,12,NS_GREEN,0.0,1.0
46075,12,NS_GREEN,0.0,1.0
46080,12,NS_GREEN,0.0,1.0
46085,12,NS_YELLOW,0.0,2.0
46090,12,EW_GREEN,0.0,2.0
46095,12,EW_GREEN,0.0,0.0
46100,12,EW_GREEN,0.0,0.0
46105,12,EW_GREEN,0.0,0.0
46110,12,EW_GREEN,0.0,0.0
46115,12,EW_GREEN,0.0,0.0
46120,12,EW_YELLOW,0.0,0.0
46125,12,NS_GREEN,1.0,0.0
46130,12,NS_GREEN,0.0,1.0
46135,12,NS_GREEN,0.0,1.0
46140,12,NS_GREEN,0.0,1.0
46145,12,NS_GREEN,0.0,1.0
46150,12,NS_GREEN,0.0,1.0
46155,12,NS_YELLOW,0.0,2.0
46160,12,EW_GREEN,0.0,2.0
46165,12,EW_GREEN,0.0,0.5
46170,12,EW_GREEN,0.0,0.0
46175,12,EW_GREEN,0.0,0.0
46180,12,EW_GREEN,0.0,0.0
46185,12,EW_GREEN,0.0,0.0
46190,12,EW_YELLOW,0.0,0.0
46195,12,NS_GREEN,0.0,0.0
46200,12,NS_GREEN,0.0,0.0
46205,12,NS_GREEN,0.0,0.0
46210,12,NS_GREEN,0.0,0.0
46215,12,NS_GREEN,0.0,0.0
46220,12,NS_GREEN,0.0,0.0
46225,12,NS_YELLOW,0.0,0.0
46230,12,EW_GREEN,0.0,0.0
46235,12,EW_GREEN,0.0,0.0
46240,12,EW_GREEN,0.0,0.0
46245,12,EW_GREEN,1.0,0.0
46250,12,EW_GREEN,1.0,0.0
46255,12,EW_GREEN,1.0,0.0
46260,12,EW_YELLOW,1.0,0.0
46265,12,NS_GREEN,1.0,0.0
46270,12,NS_GREEN,0.0,0.0
46275,12,NS_GREEN,0.0,0.0
46280,12,NS_GREEN,0.0,0.0
46285,12,NS_GREEN,0.0,0.0
46290,12,NS_GREEN,0.0,0.0
46295,12,NS_YELLOW,0.0,0.0
46300,12,EW_GREEN,1.0,0.0
46305,12,EW_GREEN,1.0,0.0
46310,12,EW_GREEN,1.0,0.0
46315,12,EW_GREEN,1.0,0.0
46320,12,EW_GREEN,1.0,0.0
46325,12,EW_GREEN,2.0,0.0
46330,12,EW_YELLOW,2.0,0.0
46335,12,NS_GREEN,2.0,0.0
46340,12,NS_GREEN,0.5,0.0
46345,12,NS_GREEN,0.0,0.0
46350,12,NS_GREEN,0.0,0.0
46355,12,NS_GREEN,0.0,0.0
46360,12,NS_GREEN,0.0,0.0
46365,12,NS_YELLOW,0.0,0.0
46370,12,EW_GREEN,0.0,1.0
46375,12,EW_GREEN,0.0,0.0
46380,12,EW_GREEN,0.0,0.0
46385,12,EW_GREEN,0.0,0.0
46390,12,EW_GREEN,1.0,0.0
46395,12,EW_GREEN,1.0,0.0
46400,12,EW_YELLOW,1.0,0.0
46405,12,NS_GREEN,2.0,0.0
46410,12,NS_GREEN,0.5,0.0
46415,12,NS_GREEN,0.0,0.0
46420,12,NS_GREEN,0.0,0.0
46425,12,NS_GREEN,0.0,0.0
46430,12,NS_GREEN,0.0,0.0
46435,12,NS_YELLOW,0.0,0.0
46440,12,EW_GREEN,0.0,0.0
46445,12,EW_GREEN,1.0,0.0
46450,12,EW_GREEN,1.0,0.0
46455,12,EW_GREEN,2.0,0.0
46460,12,EW_GREEN,2.0,0.0
46465,12,EW_GREEN,2.0,0.0
46470,12,EW_YELLOW,2.0,0.0
46475,12,NS_GREEN,3.0,0.0
46480,12,NS_GREEN,0.5,0.0
46485,12,NS_GREEN,0.0,0.0
46490,12,NS_GREEN,0.0,1.0
46495,12,NS_GREEN,0.0,1.0
46500,12,NS_GREEN,0.0,1.0
46505,12,NS_YELLOW,0.0,1.0
46510,12,EW_GREEN,0.0,1.0
46515,12,EW_GREEN,0.0,0.0
46520,12,EW_GREEN,0.0,0.0
46525,12,EW_GREEN,0.0,0.0
46530,12,EW_GREEN,0.0,0.0
46535,12,EW_GREEN,0.0,0.0
46540,12,EW_YELLOW,0.0,0.0
46545,12,NS_GREEN,0.0,0.0
46550,12,NS_GREEN,0.0,0.0
46555,12,NS_GREEN,0.0,0.0
46560,12,NS_GREEN,0.0,0.0
46565,12,NS_GREEN,0.0,0.0
46570,12,NS_GREEN,0.0,0.0
46575,12,NS_YELLOW,0.0,0.0
46580,12,EW_GREEN,0.0,0.0
46585,12,EW_GREEN,0.0,0.0
46590,12,EW_GREEN,0.0,0.0
46595,12,EW_GREEN,0.0,0.0
46600,12,EW_GREEN,0.0,0.0
46605,12,EW_GREEN,0.0,0.0
46610,12,EW_YELLOW,0.0,0.0
46615,12,NS_GREEN,0.0,0.0
46620,12,NS_GREEN,0.0,0.0
46625,12,NS_GREEN,0.0,0.0
46630,12,NS_GREEN,0.0,0.0
46635,12,NS_GREEN,0.0,0.0
46640,12,NS_GREEN,0.0,0.0
46645,12,NS_YELLOW,0.0,0.0
46650,12,EW_GREEN,0.0,0.0
46655,12,EW_GREEN,0.0,0.0
46660,12,EW_GREEN,1.0,0.0
46665,12,EW_GREEN,1.0,0.0
46670,12,EW_GREEN,1.0,0.0
46675,12,EW_GREEN,1.0,0.0
46680,12,EW_YELLOW,1.0,0.0
46685,12,NS_GREEN,1.0,0.0
46690,12,NS_GREEN,0.0,0.0
46695,12,NS_GREEN,0.0,0.0
46700,12,NS_GREEN,0.0,0.0
46705,12,NS_GREEN,0.0,1.0
46710,12,NS_GREEN,0.0,2.0
46715,12,NS_YELLOW,0.0,2.0
46720,12,EW_GREEN,0.0,2.0
46725,12,EW_GREEN,0.0,0.0
46730,12,EW_GREEN,0.0,0.0
46735,12,EW_GREEN,0.0,0.0
46740,12,EW_GREEN,0.0,0.0
46745,12,EW_GREEN,0.0,0.0
46750,12,EW_YELLOW,0.0,0.0
46755,12,NS_GREEN,0.0,0.0
46760,12,NS_GREEN,0.0,0.0
46765,12,NS_GREEN,0.0,0.0
46770,12,NS_GREEN,0.0,0.0
46775,12,NS_GREEN,0.0,0.0
46780,12,NS_GREEN,0.0,0.0
46785,12,NS_YELLOW,0.0,0.0
46790,12,EW_GREEN,0.0,1.0
46795,12,EW_GREEN,0.0,0.0
46800,13,EW_GREEN,0.0,0.0
46805,13,EW_GREEN,0.0,0.0
46810,13,EW_GREEN,1.0,0.0
46815,13,EW_GREEN,2.0,0.0
46820,13,EW_YELLOW,2.0,0.0
46825,13,NS_GREEN,2.0,0.0
46830,13,NS_GREEN,0.0,0.0
46835,13,NS_GREEN,0.0,0.0
46840,13,NS_GREEN,0.0,0.0
46845,13,NS_GREEN,0.0,0.0
46850,13,NS_GREEN,0.0,0.0
46855,13,NS_YELLOW,0.0,0.0
46860,13,EW_GREEN,1.0,0.0
46865,13,EW_GREEN,2.0,0.0
46870,13,EW_GREEN,3.0,0.0
46875,13,EW_GREEN,4.0,0.0
46880,13,EW_GREEN,4.0,0.0
46885,13,EW_GREEN,4.0,0.0
46890,13,EW_YELLOW,4.0,0.0
46895,13,NS_GREEN,4.0,0.0
46900,13,NS_GREEN,2.5,0.0
46905,13,NS_GREEN,0.0,0.0
46910,13,NS_GREEN,0.0,0.0
46915,13,NS_GREEN,0.0,0.0
46920,13,NS_GREEN,0.0,0.0
46925,13,NS_YELLOW,0.0,0.0
46930,13,EW_GREEN,0.0,0.0
46935,13,EW_GREEN,0.0,0.0
46940,13,EW_GREEN,0.0,0.0
46945,13,EW_GREEN,0.0,0.0
46950,13,EW_GREEN,0.0,0.0
46955,13,EW_GREEN,1.0,0.0
46960,13,EW_YELLOW,1.0,0.0
46965,13,NS_GREEN,2.0,0.0
46970,13,NS_GREEN,0.0,0.0
46975,13,NS_GREEN,0.0,0.0
46980,13,NS_GREEN,0.0,0.0
46985,13,NS_GREEN,0.0,0.0
46990,13,NS_GREEN,0.0,0.0
46995,13,NS_YELLOW,0.0,0.0
47000,13,EW_GREEN,0.0,0.0
47005,13,EW_GREEN,0.0,0.0
47010,13,EW_GREEN,0.0,0.0
47015,13,EW_GREEN,0.0,0.0
47020,13,EW_GREEN,1.0,0.0
47025,13,EW_GREEN,1.0,0.0
47030,13,EW_YELLOW,1.0,0.0
47035,13,NS_GREEN,1.0,1.0
47040,13,NS_GREEN,0.0,2.0
47045,13,NS_GREEN,0.0,3.0
47050,13,NS_GREEN,0.0,3.0
47055,13,NS_GREEN,0.0,3.0
47060,13,NS_GREEN,0.0,3.0
47065,13,NS_YELLOW,0.0,3.0
47070,13,EW_GREEN,0.0,3.0
47075,13,EW_GREEN,0.0,0.5
47080,13,EW_GREEN,0.0,0.0
47085,13,EW_GREEN,0.0,0.0
47090,13,EW_GREEN,1.0,0.0
47095,13,EW_GREEN,1.0,0.0
47100,13,EW_YELLOW,1.0,0.0
47105,13,NS_GREEN,1.0,0.0
47110,13,NS_GREEN,0.0,0.0
47115,13,NS_GREEN,0.0,0.0
47120,13,NS_GREEN,0.0,0.0
47125,13,NS_GREEN,0.0,1.0
47130,13,NS_GREEN,0.0,1.0
47135,13,NS_YELLOW,0.0,1.0
47140,13,EW_GREEN,1.0,1.0
47145,13,EW_GREEN,1.0,0.0
47150,13,EW_GREEN,1.0,0.0
47155,13,EW_GREEN,2.0,0.0
47160,13,EW_GREEN,2.0,0.0
47165,13,EW_GREEN,2.0,0.0
47170,13,EW_YELLOW,3.0,0.0
47175,13,NS_GREEN,4.0,0.0
47180,13,NS_GREEN,1.5,1.0
47185,13,NS_GREEN,0.0,1.0
47190,13,NS_GREEN,0.0,1.0
47195,13,NS_GREEN,0.0,2.0
47200,13,NS_GREEN,0.0,2.0
47205,13,NS_YELLOW,0.0,2.0
47210,13,EW_GREEN,0.0,2.0
47215,13,EW_GREEN,0.0,0.0
47220,13,EW_GREEN,0.0,0.0
47225,13,EW_GREEN,0.0,0.0
47230,13,EW_GREEN,0.0,0.0
47235,13,EW_GREEN,0.0,0.0
47240,13,EW_YELLOW,0.0,0.0
47245,13,NS_GREEN,1.0,0.0
47250,13,NS_GREEN,0.0,0.0
47255,13,NS_GREEN,0.0,0.0
47260,13,NS_GREEN,0.0,0.0
47265,13,NS_GREEN,0.0,0.0
47270,13,NS_GREEN,0.0,0.0
47275,13,NS_YELLOW,0.0,0.0
47280,13,EW_GREEN,0.0,0.0
47285,13,EW_GREEN,0.0,0.0
47290,13,EW_GREEN,0.0,0.0
47295,13,EW_GREEN,0.0,0.0
47300,13,EW_GREEN,0.0,0.0
47305,13,EW_GREEN,0.0,0.0
47310,13,EW_YELLOW,0.0,0.0
47315,13,NS_GREEN,0.0,0.0
47320,13,NS_GREEN,0.0,0.0
47325,13,NS_GREEN,0.0,0.0
47330,13,NS_GREEN,0.0,0.0
47335,13,NS_GREEN,0.0,0.0
47340,13,NS_GREEN,0.0,0.0
47345,13,NS_YELLOW,0.0,0.0
47350,13,EW_GREEN,0.0,1.0
47355,13,EW_GREEN,0.0,0.0
47360,13,EW_GREEN,0.0,0.0
47365,13,EW_GREEN,1.0,0.0
47370,13,EW_GREEN,1.0,0.0
47375,13,EW_GREEN,1.0,0.0
47380,13,EW_YELLOW,1.0,0.0
47385,13,NS_GREEN,1.0,0.0
47390,13,NS_GREEN,0.0,0.0
47395,13,NS_GREEN,0.0,0.0
47400,13,NS_GREEN,0.0,1.0
47405,13,NS_GREEN,0.0,2.0
47410,13,NS_GREEN,0.0,3.0
47415,13,NS_YELLOW,0.0,3.0
47420,13,EW_GREEN,0.0,3.0
47425,13,EW_GREEN,0.0,0.5
47430,13,EW_GREEN,0.0,0.0
47435,13,EW_GREEN,0.0,0.0
47440,13,EW_GREEN,0.0,0.0
47445,13,EW_GREEN,0.0,0.0
47450,13,EW_YELLOW,0.0,0.0
47455,13,NS_GREEN,1.0,0.0
47460,13,NS_GREEN,0.0,0.0
47465,13,NS_GREEN,0.0,1.0
47470,13,NS_GREEN,0.0,2.0
47475,13,NS_GREEN,0.0,3.0
47480,13,NS_GREEN,0.0,3.0
47485,13,NS_YELLOW,0.0,4.0
47490,13,EW_GREEN,0.0,4.0
47495,13,EW_GREEN,0.0,1.5
47500,13,EW_GREEN,0.0,0.0
47505,13,EW_GREEN,1.0,0.0
47510,13,EW_GREEN,1.0,0.0
47515,13,EW_GREEN,1.0,0.0
47520,13,EW_YELLOW,2.0,0.0
47525,13,NS_GREEN,2.0,0.0
47530,13,NS_GREEN,0.0,1.0
47535,13,NS_GREEN,0.0,1.0
47540,13,NS_GREEN,0.0,1.0
47545,13,NS_GREEN,0.0,2.0
47550,13,NS_GREEN,0.0,2.0
47555,13,NS_YELLOW,0.0,2.0
47560,13,EW_GREEN,0.0,2.0
47565,13,EW_GREEN,0.0,0.0
47570,13,EW_GREEN,1.0,0.0
47575,13,EW_GREEN,1.0,0.0
47580,13,EW_GREEN,1.0,0.0
47585,13,EW_GREEN,1.0,0.0
47590,13,EW_YELLOW,1.0,0.0
47595,13,NS_GREEN,1.0,1.0
47600,13,NS_GREEN,0.0,1.0
47605,13,NS_GREEN,0.0,1.0
47610,13,NS_GREEN,0.0,2.0
47615,13,NS_GREEN,0.0,2.0
47620,13,NS_GREEN,0.0,2.0
47625,13,NS_YELLOW,0.0,3.0
47630,13,EW_GREEN,0.0,3.0
47635,13,EW_GREEN,0.0,0.5
47640,13,EW_GREEN,0.0,0.0
47645,13,EW_GREEN,1.0,0.0
47650,13,EW_GREEN,1.0,0.0
47655,13,EW_GREEN,1.0,0.0
47660,13,EW_YELLOW,2.0,0.0
47665,13,NS_GREEN,3.0,1.0
47670,13,NS_GREEN,0.5,2.0
47675,13,NS_GREEN,0.0,2.0
47680,13,NS_GREEN,0.0,2.0
47685,13,NS_GREEN,0.0,2.0
47690,13,NS_GREEN,0.0,3.0
47695,13,NS_YELLOW,0.0,3.0
47700,13,EW_GREEN,0.0,3.0
47705,13,EW_GREEN,0.0,0.5
47710,13,EW_GREEN,0.0,0.0
47715,13,EW_GREEN,1.0,0.0
47720,13,EW_GREEN,1.0,0.0
47725,13,EW_GREEN,2.0,0.0
47730,13,EW_YELLOW,3.0,0.0
47735,13,NS_GREEN,3.0,0.0
47740,13,NS_GREEN,0.5,0.0
47745,13,NS_GREEN,0.0,0.0
47750,13,NS_GREEN,0.0,1.0
47755,13,NS_GREEN,0.0,1.0
47760,13,NS_GREEN,0.0,1.0
47765,13,NS_YELLOW,0.0,2.0
47770,13,EW_GREEN,0.0,2.0
47775,13,EW_GREEN,0.0,0.0
47780,13,EW_GREEN,0.0,0.0
47785,13,EW_GREEN,0.0,0.0
47790,13,EW_GREEN,0.0,0.0
47795,13,EW_GREEN,0.0,0.0
47800,13,EW_YELLOW,1.0,0.0
47805,13,NS_GREEN,1.0,0.0
47810,13,NS_GREEN,0.0,0.0
47815,13,NS_GREEN,0.0,0.0
47820,13,NS_GREEN,0.0,0.0
47825,13,NS_GREEN,0.0,0.0
47830,13,NS_GREEN,0.0,0.0
47835,13,NS_YELLOW,0.0,0.0
47840,13,EW_GREEN,0.0,1.0
47845,13,EW_GREEN,0.0,0.0
47850,13,EW_GREEN,0.0,0.0
47855,13,EW_GREEN,0.0,0.0
47860,13,EW_GREEN,1.0,0.0
47865,13,EW_GREEN,1.0,0.0
47870,13,EW_YELLOW,2.0,0.0
47875,13,NS_GREEN,2.0,0.0
47880,13,NS_GREEN,0.5,0.0
47885,13,NS_GREEN,0.0,0.0
47890,13,NS_GREEN,0.0,0.0
47895,13,NS_GREEN,0.0,0.0
47900,13,NS_GREEN,0.0,0.0
47905,13,NS_YELLOW,0.0,1.0
47910,13,EW_GREEN,0.0,1.0
47915,13,EW_GREEN,1.0,0.0
47920,13,EW_GREEN,2.0,0.0
47925,13,EW_GREEN,2.0,0.0
47930,13,EW_GREEN,2.0,0.0
47935,13,EW_GREEN,3.0,0.0
47940,13,EW_YELLOW,3.0,0.0
47945,13,NS_GREEN,3.0,0.0
47950,13,NS_GREEN,0.5,0.0
47955,13,NS_GREEN,0.0,0.0
47960,13,NS_GREEN,0.0,0.0
47965,13,NS_GREEN,0.0,0.0
47970,13,NS_GREEN,0.0,0.0
47975,13,NS_YELLOW,0.0,0.0
47980,13,EW_GREEN,0.0,0.0
47985,13,EW_GREEN,0.0,0.0
47990,13,EW_GREEN,1.0,0.0
47995,13,EW_GREEN,1.0,0.0
48000,13,EW_GREEN,2.0,0.0
48005,13,EW_GREEN,2.0,0.0
48010,13,EW_YELLOW,2.0,0.0
48015,13,NS_GREEN,2.0,0.0
48020,13,NS_GREEN,0.0,0.0
48025,13,NS_GREEN,0.0,0.0
48030,13,NS_GREEN,0.0,0.0
48035,13,NS_GREEN,0.0,1.0
48040,13,NS_GREEN,0.0,1.0
48045,13,NS_YELLOW,0.0,2.0
48050,13,EW_GREEN,0.0,2.0
48055,13,EW_GREEN,0.0,0.0
48060,13,EW_GREEN,0.0,0.0
48065,13,EW_GREEN,0.0,0.0
48070,13,EW_GREEN,1.0,0.0
48075,13,EW_GREEN,1.0,0.0
48080,13,EW_YELLOW,1.0,0.0
48085,13,NS_GREEN,1.0,0.0
48090,13,NS_GREEN,0.0,1.0
48095,13,NS_GREEN,0.0,1.0
48100,13,NS_GREEN,0.0,2.0
48105,13,NS_GREEN,0.0,2.0
48110,13,NS_GREEN,0.0,2.0
48115,13,NS_YELLOW,0.0,3.0
48120,13,EW_GREEN,0.0,3.0
48125,13,EW_GREEN,0.0,0.5
48130,13,EW_GREEN,0.0,0.0
48135,13,EW_GREEN,1.0,0.0
48140,13,EW_GREEN,1.0,0.0
48145,13,EW_GREEN,2.0,0.0
48150,13,EW_YELLOW,2.0,0.0
48155,13,NS_GREEN,3.0,1.0
48160,13,NS_GREEN,0.5,1.0
48165,13,NS_GREEN,0.0,1.0
48170,13,NS_GREEN,0.0,1.0
48175,13,NS_GREEN,0.0,1.0
48180,13,NS_GREEN,0.0,1.0
48185,13,NS_YELLOW,0.0,1.0
48190,13,EW_GREEN,0.0,1.0
48195,13,EW_GREEN,1.0,0.0
48200,13,EW_GREEN,1.0,0.0
48205,13,EW_GREEN,1.0,0.0
48210,13,EW_GREEN,1.0,0.0
48215,13,EW_GREEN,1.0,0.0
48220,13,EW_YELLOW,1.0,0.0
48225,13,NS_GREEN,1.0,0.0
48230,13,NS_GREEN,0.0,0.0
48235,13,NS_GREEN,0.0,1.0
48240,13,NS_GREEN,0.0,1.0
48245,13,NS_GREEN,0.0,1.0
48250,13,NS_GREEN,0.0,1.0
48255,13,NS_YELLOW,0.0,1.0
48260,13,EW_GREEN,0.0,1.0
48265,13,EW_GREEN,0.0,0.0
48270,13,EW_GREEN,0.0,0.0
48275,13,EW_GREEN,0.0,0.0
48280,13,EW_GREEN,0.0,0.0
48285,13,EW_GREEN,0.0,0.0
48290,13,EW_YELLOW,1.0,0.0
48295,13,NS_GREEN,1.0,0.0
48300,13,NS_GREEN,0.0,0.0
48305,13,NS_GREEN,0.0,1.0
48310,13,NS_GREEN,0.0,1.0
48315,13,NS_GREEN,0.0,1.0
48320,13,NS_GREEN,0.0,1.0
48325,13,NS_YELLOW,0.0,1.0
48330,13,EW_GREEN,0.0,1.0
48335,13,EW_GREEN,0.0,0.0
48340,13,EW_GREEN,0.0,0.0
48345,13,EW_GREEN,0.0,0.0
48350,13,EW_GREEN,0.0,0.0
48355,13,EW_GREEN,0.0,0.0
48360,13,EW_YELLOW,1.0,0.0
48365,13,NS_GREEN,2.0,0.0
48370,13,NS_GREEN,0.0,0.0
48375,13,NS_GREEN,0.0,1.0
48380,13,NS_GREEN,0.0,1.0
48385,13,NS_GREEN,0.0,1.0
48390,13,NS_GREEN,0.0,1.0
48395,13,NS_YELLOW,0.0,2.0
48400,13,EW_GREEN,1.0,2.0
48405,13,EW_GREEN,1.0,0.0
48410,13,EW_GREEN,1.0,0.0
48415,13,EW_GREEN,1.0,0.0
48420,13,EW_GREEN,1.0,0.0
48425,13,EW_GREEN,2.0,0.0
48430,13,EW_YELLOW,2.0,0.0
48435,13,NS_GREEN,2.0,0.0
48440,13,NS_GREEN,0.0,0.0
48445,13,NS_GREEN,0.0,0.0
48450,13,NS_GREEN,0.0,1.0
48455,13,NS_GREEN,0.0,1.0
48460,13,NS_GREEN,0.0,1.0
48465,13,NS_YELLOW,0.0,1.0
48470,13,EW_GREEN,0.0,1.0
48475,13,EW_GREEN,0.0,0.0
48480,13,EW_GREEN,1.0,0.0
48485,13,EW_GREEN,1.0,0.0
48490,13,EW_GREEN,1.0,0.0
48495,13,EW_GREEN,1.0,0.0
48500,13,EW_YELLOW,1.0,0.0
48505,13,NS_GREEN,1.0,0.0
48510,13,NS_GREEN,0.0,0.0
48515,13,NS_GREEN,0.0,0.0
48520,13,NS_GREEN,0.0,0.0
48525,13,NS_GREEN,0.0,1.0
48530,13,NS_GREEN,0.0,1.0
48535,13,NS_YELLOW,0.0,1.0
48540,13,EW_GREEN,0.0,1.0
48545,13,EW_GREEN,1.0,0.0
48550,13,EW_GREEN,1.0,0.0
48555,13,EW_GREEN,1.0,0.0
48560,13,EW_GREEN,1.0,0.0
48565,13,EW_GREEN,2.0,0.0
48570,13,EW_YELLOW,2.0,0.0
48575,13,NS_GREEN,2.0,1.0
48580,13,NS_GREEN,0.0,1.0
48585,13,NS_GREEN,0.0,1.0
48590,13,NS_GREEN,0.0,2.0
48595,13,NS_GREEN,0.0,2.0
48600,13,NS_GREEN,0.0,2.0
48605,13,NS_YELLOW,0.0,2.0
48610,13,EW_GREEN,0.0,2.0
48615,13,EW_GREEN,0.0,0.0
48620,13,EW_GREEN,1.0,0.0
48625,13,EW_GREEN,1.0,0.0
48630,13,EW_GREEN,1.0,0.0
48635,13,EW_GREEN,1.0,0.0
48640,13,EW_YELLOW,2.0,0.0
48645,13,NS_GREEN,2.0,1.0
48650,13,NS_GREEN,0.0,1.0
48655,13,NS_GREEN,0.0,1.0
48660,13,NS_GREEN,0.0,1.0
48665,13,NS_GREEN,0.0,1.0
48670,13,NS_GREEN,0.0,1.0
48675,13,NS_YELLOW,0.0,1.0
48680,13,EW_GREEN,1.0,1.0
48685,13,EW_GREEN,1.0,0.0
48690,13,EW_GREEN,2.0,0.0
48695,13,EW_GREEN,2.0,0.0
48700,13,EW_GREEN,2.0,0.0
48705,13,EW_GREEN,2.0,0.0
48710,13,EW_YELLOW,2.0,0.0
48715,13,NS_GREEN,2.0,1.0
48720,13,NS_GREEN,0.0,1.0
48725,13,NS_GREEN,0.0,1.0
48730,13,NS_GREEN,0.0,1.0
48735,13,NS_GREEN,0.0,1.0
48740,13,NS_GREEN,0.0,1.0
48745,13,NS_YELLOW,0.0,1.0
48750,13,EW_GREEN,1.0,1.0
48755,13,EW_GREEN,1.0,0.0
48760,13,EW_GREEN,1.0,0.0
48765,13,EW_GREEN,1.0,0.0
48770,13,EW_GREEN,1.0,0.0
48775,13,EW_GREEN,1.0,0.0
48780,13,EW_YELLOW,1.0,0.0
48785,13,NS_GREEN,1.0,0.0
48790,13,NS_GREEN,0.0,1.0
48795,13,NS_GREEN,0.0,1.0
48800,13,NS_GREEN,0.0,1.0
48805,13,NS_GREEN,0.0,1.0
48810,13,NS_GREEN,0.0,1.0
48815,13,NS_YELLOW,0.0,1.0
48820,13,EW_GREEN,0.0,1.0
48825,13,EW_GREEN,0.0,0.0
48830,13,EW_GREEN,0.0,0.0
48835,13,EW_GREEN,1.0,0.0
48840,13,EW_GREEN,1.0,0.0
48845,13,EW_GREEN,1.0,0.0
48850,13,EW_YELLOW,1.0,0.0
48855,13,NS_GREEN,2.0,0.0
48860,13,NS_GREEN,0.0,0.0
48865,13,NS_GREEN,0.0,0.0
48870,13,NS_GREEN,0.0,0.0
48875,13,NS_GREEN,0.0,1.0
48880,13,NS_GREEN,0.0,1.0
48885,13,NS_YELLOW,0.0,1.0
48890,13,EW_GREEN,0.0,2.0
48895,13,EW_GREEN,0.0,0.0
48900,13,EW_GREEN,0.0,0.0
48905,13,EW_GREEN,1.0,0.0
48910,13,EW_GREEN,1.0,0.0
48915,13,EW_GREEN,1.0,0.0
48920,13,EW_YELLOW,2.0,0.0
48925,13,NS_GREEN,2.0,0.0
48930,13,NS_GREEN,0.0,0.0
48935,13,NS_GREEN,0.0,0.0
48940,13,NS_GREEN,0.0,1.0
48945,13,NS_GREEN,0.0,1.0
48950,13,NS_GREEN,0.0,1.0
48955,13,NS_YELLOW,0.0,1.0
48960,13,EW_GREEN,1.0,1.0
48965,13,EW_GREEN,1.0,0.0
48970,13,EW_GREEN,1.0,0.0
48975,13,EW_GREEN,1.0,0.0
48980,13,EW_GREEN,2.0,0.0
48985,13,EW_GREEN,2.0,0.0
48990,13,EW_YELLOW,2.0,0.0
48995,13,NS_GREEN,2.0,0.0
49000,13,NS_GREEN,0.0,1.0
49005,13,NS_GREEN,0.0,1.0
49010,13,NS_GREEN,0.0,1.0
49015,13,NS_GREEN,0.0,1.0
49020,13,NS_GREEN,0.0,1.0
49025,13,NS_YELLOW,0.0,2.0
49030,13,EW_GREEN,1.0,2.0
49035,13,EW_GREEN,1.0,0.5
49040,13,EW_GREEN,1.0,0.0
49045,13,EW_GREEN,1.0,0.0
49050,13,EW_GREEN,1.0,0.0
49055,13,EW_GREEN,1.0,0.0
49060,13,EW_YELLOW,2.0,0.0
49065,13,NS_GREEN,3.0,0.0
49070,13,NS_GREEN,0.5,0.0
49075,13,NS_GREEN,0.0,1.0
49080,13,NS_GREEN,0.0,1.0
49085,13,NS_GREEN,0.0,1.0
49090,13,NS_GREEN,0.0,2.0
49095,13,NS_YELLOW,0.0,2.0
49100,13,EW_GREEN,0.0,2.0
49105,13,EW_GREEN,0.0,0.0
49110,13,EW_GREEN,0.0,0.0
49115,13,EW_GREEN,1.0,0.0
49120,13,EW_GREEN,1.0,0.0
49125,13,EW_GREEN,1.0,0.0
49130,13,EW_YELLOW,1.0,0.0
49135,13,NS_GREEN,1.0,0.0
49140,13,NS_GREEN,0.0,0.0
49145,13,NS_GREEN,0.0,0.0
49150,13,NS_GREEN,0.0,1.0
49155,13,NS_GREEN,0.0,1.0
49160,13,NS_GREEN,0.0,1.0
49165,13,NS_YELLOW,0.0,2.0
49170,13,EW_GREEN,1.0,2.0
49175,13,EW_GREEN,1.0,0.0
49180,13,EW_GREEN,1.0,0.0
49185,13,EW_GREEN,2.0,0.0
49190,13,EW_GREEN,2.0,0.0
49195,13,EW_GREEN,3.0,0.0
49200,13,EW_YELLOW,3.0,0.0
49205,13,NS_GREEN,3.0,0.0
49210,13,NS_GREEN,1.5,0.0
49215,13,NS_GREEN,0.0,0.0
49220,13,NS_GREEN,0.0,0.0
49225,13,NS_GREEN,0.0,1.0
49230,13,NS_GREEN,0.0,1.0
49235,13,NS_YELLOW,0.0,1.0
49240,13,EW_GREEN,0.0,1.0
49245,13,EW_GREEN,0.0,0.0
49250,13,EW_GREEN,0.0,0.0
49255,13,EW_GREEN,0.0,0.0
49260,13,EW_GREEN,0.0,0.0
49265,13,EW_GREEN,0.0,0.0
49270,13,EW_YELLOW,1.0,0.0
49275,13,NS_GREEN,1.0,1.0
49280,13,NS_GREEN,0.0,2.0
49285,13,NS_GREEN,0.0,3.0
49290,13,NS_GREEN,0.0,3.0
49295,13,NS_GREEN,0.0,3.0
49300,13,NS_GREEN,0.0,3.0
49305,13,NS_YELLOW,0.0,3.0
49310,13,EW_GREEN,0.0,3.0
49315,13,EW_GREEN,1.0,1.5
49320,13,EW_GREEN,1.0,0.0
49325,13,EW_GREEN,1.0,0.0
49330,13,EW_GREEN,1.0,0.0
49335,13,EW_GREEN,1.0,0.0
49340,13,EW_YELLOW,1.0,0.0
49345,13,NS_GREEN,1.0,0.0
49350,13,NS_GREEN,0.0,0.0
49355,13,NS_GREEN,0.0,0.0
49360,13,NS_GREEN,0.0,0.0
49365,13,NS_GREEN,0.0,0.0
49370,13,NS_GREEN,0.0,0.0
49375,13,NS_YELLOW,0.0,1.0
49380,13,EW_GREEN,1.0,1.0
49385,13,EW_GREEN,1.0,0.0
49390,13,EW_GREEN,1.0,0.0
49395,13,EW_GREEN,1.0,0.0
49400,13,EW_GREEN,1.0,0.0
49405,13,EW_GREEN,1.0,0.0
49410,13,EW_YELLOW,1.0,0.0
49415,13,NS_GREEN,1.0,1.0
49420,13,NS_GREEN,0.0,1.0
49425,13,NS_GREEN,0.0,1.0
49430,13,NS_GREEN,0.0,1.0
49435,13,NS_GREEN,0.0,1.0
49440,13,NS_GREEN,0.0,1.0
49445,13,NS_YELLOW,0.0,1.0
49450,13,EW_GREEN,1.0,1.0
49455,13,EW_GREEN,1.0,0.0
49460,13,EW_GREEN,1.0,0.0
49465,13,EW_GREEN,1.0,0.0
49470,13,EW_GREEN,1.0,0.0
49475,13,EW_GREEN,2.0,0.0
49480,13,EW_YELLOW,2.0,0.0
49485,13,NS_GREEN,2.0,0.0
49490,13,NS_GREEN,0.0,0.0
49495,13,NS_GREEN,0.0,0.0
49500,13,NS_GREEN,0.0,1.0
49505,13,NS_GREEN,0.0,1.0
49510,13,NS_GREEN,0.0,1.0
49515,13,NS_YELLOW,0.0,2.0
49520,13,EW_GREEN,0.0,2.0
49525,13,EW_GREEN,1.0,0.0
49530,13,EW_GREEN,1.0,0.0
49535,13,EW_GREEN,1.0,0.0
49540,13,EW_GREEN,1.0,0.0
49545,13,EW_GREEN,1.0,0.0
49550,13,EW_YELLOW,1.0,0.0
49555,13,NS_GREEN,1.0,0.0
49560,13,NS_GREEN,0.0,0.0
49565,13,NS_GREEN,0.0,0.0
49570,13,NS_GREEN,0.0,0.0
49575,13,NS_GREEN,0.0,0.0
49580,13,NS_GREEN,0.0,0.0
49585,13,NS_YELLOW,0.0,1.0
49590,13,EW_GREEN,0.0,1.0
49595,13,EW_GREEN,1.0,0.0
49600,13,EW_GREEN,1.0,0.0
49605,13,EW_GREEN,1.0,0.0
49610,13,EW_GREEN,1.0,0.0
49615,13,EW_GREEN,2.0,0.0
49620,13,EW_YELLOW,3.0,0.0
49625,13,NS_GREEN,3.0,0.0
49630,13,NS_GREEN,1.5,0.0
49635,13,NS_GREEN,0.0,0.0
49640,13,NS_GREEN,0.0,0.0
49645,13,NS_GREEN,0.0,0.0
49650,13,NS_GREEN,0.0,0.0
49655,13,NS_YELLOW,0.0,0.0
49660,13,EW_GREEN,0.0,0.0
49665,13,EW_GREEN,0.0,0.0
49670,13,EW_GREEN,0.0,0.0
49675,13,EW_GREEN,0.0,0.0
49680,13,EW_GREEN,0.0,0.0
49685,13,EW_GREEN,0.0,0.0
49690,13,EW_YELLOW,1.0,0.0
49695,13,NS_GREEN,1.0,1.0
49700,13,NS_GREEN,0.0,1.0
49705,13,NS_GREEN,0.0,2.0
49710,13,NS_GREEN,0.0,2.0
49715,13,NS_GREEN,0.0,2.0
49720,13,NS_GREEN,0.0,2.0
49725,13,NS_YELLOW,0.0,3.0
49730,13,EW_GREEN,0.0,4.0
49735,13,EW_GREEN,1.0,1.5
49740,13,EW_GREEN,1.0,0.0
49745,13,EW_GREEN,1.0,0.0
49750,13,EW_GREEN,1.0,0.0
49755,13,EW_GREEN,2.0,0.0
49760,13,EW_YELLOW,3.0,0.0
49765,13,NS_GREEN,3.0,0.0
49770,13,NS_GREEN,0.5,0.0
49775,13,NS_GREEN,0.0,1.0
49780,13,NS_GREEN,0.0,1.0
49785,13,NS_GREEN,0.0,1.0
49790,13,NS_GREEN,0.0,1.0
49795,13,NS_YELLOW,0.0,1.0
49800,13,EW_GREEN,0.0,1.0
49805,13,EW_GREEN,0.0,0.0
49810,13,EW_GREEN,1.0,0.0
49815,13,EW_GREEN,1.0,0.0
49820,13,EW_GREEN,1.0,0.0
49825,13,EW_GREEN,1.0,0.0
49830,13,EW_YELLOW,1.0,0.0
49835,13,NS_GREEN,1.0,0.0
49840,13,NS_GREEN,0.0,0.0
49845,13,NS_GREEN,0.0,1.0
49850,13,NS_GREEN,0.0,1.0
49855,13,NS_GREEN,0.0,1.0
49860,13,NS_GREEN,0.0,1.0
49865,13,NS_YELLOW,0.0,2.0
49870,13,EW_GREEN,0.0,2.0
49875,13,EW_GREEN,0.0,0.0
49880,13,EW_GREEN,0.0,0.0
49885,13,EW_GREEN,1.0,0.0
49890,13,EW_GREEN,1.0,0.0
49895,13,EW_GREEN,1.0,0.0
49900,13,EW_YELLOW,1.0,0.0
49905,13,NS_GREEN,1.0,0.0
49910,13,NS_GREEN,0.0,1.0
49915,13,NS_GREEN,0.0,1.0
49920,13,NS_GREEN,0.0,1.0
49925,13,NS_GREEN,0.0,1.0
49930,13,NS_GREEN,0.0,1.0
49935,13,NS_YELLOW,0.0,1.0
49940,13,EW_GREEN,1.0,1.0
49945,13,EW_GREEN,2.0,0.0
49950,13,EW_GREEN,2.0,0.0
49955,13,EW_GREEN,2.0,0.0
49960,13,EW_GREEN,2.0,0.0
49965,13,EW_GREEN,2.0,0.0
49970,13,EW_YELLOW,2.0,0.0
49975,13,NS_GREEN,2.0,0.0
49980,13,NS_GREEN,0.5,0.0
49985,13,NS_GREEN,0.0,0.0
49990,13,NS_GREEN,0.0,0.0
49995,13,NS_GREEN,0.0,1.0
50000,13,NS_GREEN,0.0,2.0
50005,13,NS_YELLOW,0.0,2.0
50010,13,EW_GREEN,0.0,2.0
50015,13,EW_GREEN,0.0,0.5
50020,13,EW_GREEN,0.0,0.0
50025,13,EW_GREEN,0.0,0.0
50030,13,EW_GREEN,1.0,0.0
50035,13,EW_GREEN,1.0,0.0
50040,13,EW_YELLOW,1.0,0.0
50045,13,NS_GREEN,1.0,0.0
50050,13,NS_GREEN,0.0,0.0
50055,13,NS_GREEN,0.0,0.0
50060,13,NS_GREEN,0.0,0.0
50065,13,NS_GREEN,0.0,1.0
50070,13,NS_GREEN,0.0,2.0
50075,13,NS_YELLOW,0.0,3.0
50080,13,EW_GREEN,0.0,3.0
50085,13,EW_GREEN,1.0,0.5
50090,13,EW_GREEN,1.0,0.0
50095,13,EW_GREEN,1.0,0.0
50100,13,EW_GREEN,2.0,0.0
50105,13,EW_GREEN,2.0,0.0
50110,13,EW_YELLOW,3.0,0.0
50115,13,NS_GREEN,3.0,0.0
50120,13,NS_GREEN,0.5,0.0
50125,13,NS_GREEN,0.0,0.0
50130,13,NS_GREEN,0.0,0.0
50135,13,NS_GREEN,0.0,0.0
50140,13,NS_GREEN,0.0,1.0
50145,13,NS_YELLOW,0.0,1.0
50150,13,EW_GREEN,0.0,1.0
50155,13,EW_GREEN,0.0,0.0
50160,13,EW_GREEN,0.0,0.0
50165,13,EW_GREEN,0.0,0.0
50170,13,EW_GREEN,0.0,0.0
50175,13,EW_GREEN,0.0,0.0
50180,13,EW_YELLOW,0.0,0.0
50185,13,NS_GREEN,0.0,0.0
50190,13,NS_GREEN,0.0,0.0
50195,13,NS_GREEN,0.0,0.0
50200,13,NS_GREEN,0.0,0.0
50205,13,NS_GREEN,0.0,0.0
50210,13,NS_GREEN,0.0,0.0
50215,13,NS_YELLOW,0.0,1.0
50220,13,EW_GREEN,0.0,1.0
50225,13,EW_GREEN,0.0,0.0
50230,13,EW_GREEN,0.0,0.0
50235,13,EW_GREEN,0.0,0.0
50240,13,EW_GREEN,0.0,0.0
50245,13,EW_GREEN,0.0,0.0
50250,13,EW_YELLOW,0.0,0.0
50255,13,NS_GREEN,0.0,0.0
50260,13,NS_GREEN,0.0,1.0
50265,13,NS_GREEN,0.0,1.0
50270,13,NS_GREEN,0.0,1.0
50275,13,NS_GREEN,0.0,1.0
50280,13,NS_GREEN,0.0,1.0
50285,13,NS_YELLOW,0.0,1.0
50290,13,EW_GREEN,0.0,1.0
50295,13,EW_GREEN,1.0,0.0
50300,13,EW_GREEN,1.0,0.0
50305,13,EW_GREEN,1.0,0.0
50310,13,EW_GREEN,1.0,0.0
50315,13,EW_GREEN,1.0,0.0
50320,13,EW_YELLOW,1.0,0.0
50325,13,NS_GREEN,1.0,1.0
50330,13,NS_GREEN,0.0,1.0
50335,13,NS_GREEN,0.0,2.0
50340,13,NS_GREEN,0.0,3.0
50345,13,NS_GREEN,0.0,3.0
50350,13,NS_GREEN,0.0,4.0
50355,13,NS_YELLOW,0.0,4.0
50360,13,EW_GREEN,0.0,4.0
50365,13,EW_GREEN,0.0,1.5
50370,13,EW_GREEN,0.0,0.0
50375,13,EW_GREEN,1.0,0.0
50380,13,EW_GREEN,1.0,0.0
50385,13,EW_GREEN,1.0,0.0
50390,13,EW_YELLOW,1.0,0.0
50395,13,NS_GREEN,1.0,0.0
50400,14,NS_GREEN,0.0,0.0
50405,14,NS_GREEN,0.0,0.0
50410,14,NS_GREEN,0.0,1.0
50415,14,NS_GREEN,0.0,1.0
50420,14,NS_GREEN,0.0,1.0
50425,14,NS_YELLOW,0.0,2.0
50430,14,EW_GREEN,1.0,3.0
50435,14,EW_GREEN,1.0,1.5
50440,14,EW_GREEN,1.0,0.0
50445,14,EW_GREEN,1.0,0.0
50450,14,EW_GREEN,1.0,0.0
50455,14,EW_GREEN,1.0,0.0
50460,14,EW_YELLOW,1.0,0.0
50465,14,NS_GREEN,2.0,1.0
50470,14,NS_GREEN,0.0,2.0
50475,14,NS_GREEN,0.0,2.0
50480,14,NS_GREEN,0.0,2.0
50485,14,NS_GREEN,0.0,2.0
50490,14,NS_GREEN,0.0,3.0
50495,14,NS_YELLOW,0.0,3.0
50500,14,EW_GREEN,1.0,3.0
50505,14,EW_GREEN,1.0,1.5
50510,14,EW_GREEN,1.0,0.0
50515,14,EW_GREEN,1.0,0.0
50520,14,EW_GREEN,1.0,0.0
50525,14,EW_GREEN,2.0,0.0
50530,14,EW_YELLOW,3.0,0.0
50535,14,NS_GREEN,3.0,0.0
50540,14,NS_GREEN,0.5,0.0
50545,14,NS_GREEN,0.0,0.0
50550,14,NS_GREEN,0.0,0.0
50555,14,NS_GREEN,0.0,0.0
50560,14,NS_GREEN,0.0,0.0
50565,14,NS_YELLOW,0.0,1.0
50570,14,EW_GREEN,0.0,1.0
50575,14,EW_GREEN,0.0,0.0
50580,14,EW_GREEN,0.0,0.0
50585,14,EW_GREEN,1.0,0.0
50590,14,EW_GREEN,2.0,0.0
50595,14,EW_GREEN,2.0,0.0
50600,14,EW_YELLOW,3.0,0.0
50605,14,NS_GREEN,3.0,0.0
50610,14,NS_GREEN,0.5,1.0
50615,14,NS_GREEN,0.0,2.0
50620,14,NS_GREEN,0.0,2.0
50625,14,NS_GREEN,0.0,2.0
50630,14,NS_GREEN,0.0,2.0
50635,14,NS_YELLOW,0.0,2.0
50640,14,EW_GREEN,1.0,2.0
50645,14,EW_GREEN,1.0,0.0
50650,14,EW_GREEN,1.0,0.0
50655,14,EW_GREEN,1.0,0.0
50660,14,EW_GREEN,2.0,0.0
50665,14,EW_GREEN,2.0,0.0
50670,14,EW_YELLOW,2.0,0.0
50675,14,NS_GREEN,2.0,0.0
50680,14,NS_GREEN,0.0,0.0
50685,14,NS_GREEN,0.0,1.0
50690,14,NS_GREEN,0.0,1.0
50695,14,NS_GREEN,0.0,2.0
50700,14,NS_GREEN,0.0,2.0
50705,14,NS_YELLOW,0.0,3.0
50710,14,EW_GREEN,1.0,3.0
50715,14,EW_GREEN,1.0,1.5
50720,14,EW_GREEN,1.0,0.0
50725,14,EW_GREEN,1.0,0.0
50730,14,EW_GREEN,1.0,0.0
50735,14,EW_GREEN,1.0,0.0
50740,14,EW_YELLOW,1.0,0.0
50745,14,NS_GREEN,1.0,1.0
50750,14,NS_GREEN,0.0,2.0
50755,14,NS_GREEN,0.0,3.0
50760,14,NS_GREEN,0.0,3.0
50765,14,NS_GREEN,0.0,4.0
50770,14,NS_GREEN,0.0,4.0
50775,14,NS_YELLOW,0.0,5.0
50780,14,EW_GREEN,1.0,5.0
50785,14,EW_GREEN,1.0,3.5
50790,14,EW_GREEN,1.0,1.0
50795,14,EW_GREEN,2.0,0.0
50800,14,EW_GREEN,2.0,0.0
50805,14,EW_GREEN,2.0,0.0
50810,14,EW_YELLOW,3.0,0.0
50815,14,NS_GREEN,4.0,0.0
50820,14,NS_GREEN,1.5,0.0
50825,14,NS_GREEN,0.0,0.0
50830,14,NS_GREEN,0.0,0.0
50835,14,NS_GREEN,0.0,0.0
50840,14,NS_GREEN,0.0,1.0
50845,14,NS_YELLOW,0.0,1.0
50850,14,EW_GREEN,0.0,2.0
50855,14,EW_GREEN,0.0,0.5
50860,14,EW_GREEN,0.0,0.0
50865,14,EW_GREEN,0.0,0.0
50870,14,EW_GREEN,0.0,0.0
50875,14,EW_GREEN,1.0,0.0
50880,14,EW_YELLOW,2.0,0.0
50885,14,NS_GREEN,2.0,0.0
50890,14,NS_GREEN,0.0,0.0
50895,14,NS_GREEN,0.0,1.0
50900,14,NS_GREEN,0.0,2.0
50905,14,NS_GREEN,0.0,2.0
50910,14,NS_GREEN,0.0,2.0
50915,14,NS_YELLOW,0.0,2.0
50920,14,EW_GREEN,1.0,2.0
50925,14,EW_GREEN,2.0,0.0
50930,14,EW_GREEN,2.0,0.0
50935,14,EW_GREEN,2.0,0.0
50940,14,EW_GREEN,2.0,0.0
50945,14,EW_GREEN,2.0,0.0
50950,14,EW_YELLOW,2.0,0.0
50955,14,NS_GREEN,3.0,0.0
50960,14,NS_GREEN,0.5,1.0
50965,14,NS_GREEN,0.0,1.0
50970,14,NS_GREEN,0.0,2.0
50975,14,NS_GREEN,0.0,3.0
50980,14,NS_GREEN,0.0,3.0
50985,14,NS_YELLOW,0.0,3.0
50990,14,EW_GREEN,1.0,3.0
50995,14,EW_GREEN,1.0,0.5
51000,14,EW_GREEN,1.0,0.0
51005,14,EW_GREEN,1.0,0.0
51010,14,EW_GREEN,1.0,0.0
51015,14,EW_GREEN,1.0,0.0
51020,14,EW_YELLOW,1.0,0.0
51025,14,NS_GREEN,2.0,0.0
51030,14,NS_GREEN,0.0,0.0
51035,14,NS_GREEN,0.0,1.0
51040,14,NS_GREEN,0.0,1.0
51045,14,NS_GREEN,0.0,1.0
51050,14,NS_GREEN,0.0,1.0
51055,14,NS_YELLOW,0.0,1.0
51060,14,EW_GREEN,0.0,1.0
51065,14,EW_GREEN,0.0,0.0
51070,14,EW_GREEN,1.0,0.0
51075,14,EW_GREEN,1.0,0.0
51080,14,EW_GREEN,1.0,0.0
51085,14,EW_GREEN,1.0,0.0
51090,14,EW_YELLOW,1.0,0.0
51095,14,NS_GREEN,2.0,1.0
51100,14,NS_GREEN,0.5,2.0
51105,14,NS_GREEN,0.0,2.0
51110,14,NS_GREEN,0.0,2.0
51115,14,NS_GREEN,0.0,3.0
51120,14,NS_GREEN,0.0,3.0
51125,14,NS_YELLOW,0.0,3.0
51130,14,EW_GREEN,0.0,3.0
51135,14,EW_GREEN,0.0,0.5
51140,14,EW_GREEN,1.0,0.0
51145,14,EW_GREEN,1.0,0.0
51150,14,EW_GREEN,1.0,0.0
51155,14,EW_GREEN,1.0,0.0
51160,14,EW_YELLOW,1.0,0.0
51165,14,NS_GREEN,2.0,0.0
51170,14,NS_GREEN,0.0,1.0
51175,14,NS_GREEN,0.0,2.0
51180,14,NS_GREEN,0.0,3.0
51185,14,NS_GREEN,0.0,3.0
51190,14,NS_GREEN,0.0,3.0
51195,14,NS_YELLOW,0.0,3.0
51200,14,EW_GREEN,0.0,4.0
51205,14,EW_GREEN,0.0,1.5
51210,14,EW_GREEN,0.0,0.0
51215,14,EW_GREEN,0.0,0.0
51220,14,EW_GREEN,0.0,0.0
51225,14,EW_GREEN,0.0,0.0
51230,14,EW_YELLOW,1.0,0.0
51235,14,NS_GREEN,1.0,0.0
51240,14,NS_GREEN,0.0,1.0
51245,14,NS_GREEN,0.0,2.0
51250,14,NS_GREEN,0.0,2.0
51255,14,NS_GREEN,0.0,2.0
51260,14,NS_GREEN,0.0,2.0
51265,14,NS_YELLOW,0.0,3.0
51270,14,EW_GREEN,1.0,4.0
51275,14,EW_GREEN,2.0,1.5
51280,14,EW_GREEN,2.0,0.0
51285,14,EW_GREEN,2.0,0.0
51290,14,EW_GREEN,2.0,0.0
51295,14,EW_GREEN,2.0,0.0
51300,14,EW_YELLOW,3.0,0.0
51305,14,NS_GREEN,4.0,0.0
51310,14,NS_GREEN,1.5,1.0
51315,14,NS_GREEN,0.0,1.0
51320,14,NS_GREEN,0.0,1.0
51325,14,NS_GREEN,0.0,1.0
51330,14,NS_GREEN,0.0,2.0
51335,14,NS_YELLOW,0.0,2.0
51340,14,EW_GREEN,1.0,2.0
51345,14,EW_GREEN,2.0,0.0
51350,14,EW_GREEN,2.0,0.0
51355,14,EW_GREEN,2.0,0.0
51360,14,EW_GREEN,2.0,0.0
51365,14,EW_GREEN,2.0,0.0
51370,14,EW_YELLOW,2.0,0.0
51375,14,NS_GREEN,2.0,0.0
51380,14,NS_GREEN,0.5,0.0
51385,14,NS_GREEN,0.0,0.0
51390,14,NS_GREEN,0.0,0.0
51395,14,NS_GREEN,0.0,1.0
51400,14,NS_GREEN,0.0,2.0
51405,14,NS_YELLOW,0.0,2.0
51410,14,EW_GREEN,0.0,2.0
51415,14,EW_GREEN,0.0,0.0
51420,14,EW_GREEN,0.0,0.0
51425,14,EW_GREEN,0.0,0.0
51430,14,EW_GREEN,1.0,0.0
51435,14,EW_GREEN,1.0,0.0
51440,14,EW_YELLOW,1.0,0.0
51445,14,NS_GREEN,1.0,0.0
51450,14,NS_GREEN,0.0,1.0
51455,14,NS_GREEN,0.0,2.0
51460,14,NS_GREEN,0.0,2.0
51465,14,NS_GREEN,0.0,2.0
51470,14,NS_GREEN,0.0,2.0
51475,14,NS_YELLOW,0.0,2.0
51480,14,EW_GREEN,0.0,2.0
51485,14,EW_GREEN,1.0,0.5
51490,14,EW_GREEN,1.0,0.0
51495,14,EW_GREEN,1.0,0.0
51500,14,EW_GREEN,1.0,0.0
51505,14,EW_GREEN,1.0,0.0
51510,14,EW_YELLOW,1.0,0.0
51515,14,NS_GREEN,2.0,1.0
51520,14,NS_GREEN,0.0,1.0
51525,14,NS_GREEN,0.0,1.0
51530,14,NS_GREEN,0.0,1.0
51535,14,NS_GREEN,0.0,2.0
51540,14,NS_GREEN,0.0,2.0
51545,14,NS_YELLOW,0.0,2.0
51550,14,EW_GREEN,0.0,2.0
51555,14,EW_GREEN,0.0,0.0
51560,14,EW_GREEN,0.0,0.0
51565,14,EW_GREEN,0.0,0.0
51570,14,EW_GREEN,0.0,0.0
51575,14,EW_GREEN,0.0,0.0
51580,14,EW_YELLOW,0.0,0.0
51585,14,NS_GREEN,1.0,0.0
51590,14,NS_GREEN,0.0,0.0
51595,14,NS_GREEN,0.0,1.0
51600,14,NS_GREEN,0.0,1.0
51605,14,NS_GREEN,0.0,2.0
51610,14,NS_GREEN,0.0,2.0
51615,14,NS_YELLOW,0.0,3.0
51620,14,EW_GREEN,1.0,3.0
51625,14,EW_GREEN,1.0,0.5
51630,14,EW_GREEN,1.0,0.0
51635,14,EW_GREEN,1.0,0.0
51640,14,EW_GREEN,2.0,0.0
51645,14,EW_GREEN,3.0,0.0
51650,14,EW_YELLOW,3.0,0.0
51655,14,NS_GREEN,4.0,1.0
51660,14,NS_GREEN,1.5,1.0
51665,14,NS_GREEN,0.0,1.0
51670,14,NS_GREEN,0.0,1.0
51675,14,NS_GREEN,0.0,1.0
51680,14,NS_GREEN,0.0,2.0
51685,14,NS_YELLOW,0.0,3.0
51690,14,EW_GREEN,0.0,4.0
51695,14,EW_GREEN,0.0,2.5
51700,14,EW_GREEN,1.0,0.0
51705,14,EW_GREEN,1.0,0.0
51710,14,EW_GREEN,2.0,0.0
51715,14,EW_GREEN,2.0,0.0
51720,14,EW_YELLOW,2.0,0.0
51725,14,NS_GREEN,2.0,0.0
51730,14,NS_GREEN,0.0,0.0
51735,14,NS_GREEN,0.0,0.0
51740,14,NS_GREEN,0.0,0.0
51745,14,NS_GREEN,0.0,0.0
51750,14,NS_GREEN,0.0,0.0
51755,14,NS_YELLOW,0.0,0.0
51760,14,EW_GREEN,0.0,0.0
51765,14,EW_GREEN,0.0,0.0
51770,14,EW_GREEN,0.0,0.0
51775,14,EW_GREEN,0.0,0.0
51780,14,EW_GREEN,0.0,0.0
51785,14,EW_GREEN,1.0,0.0
51790,14,EW_YELLOW,2.0,0.0
51795,14,NS_GREEN,2.0,0.0
51800,14,NS_GREEN,0.0,0.0
51805,14,NS_GREEN,0.0,1.0
51810,14,NS_GREEN,0.0,1.0
51815,14,NS_GREEN,0.0,2.0
51820,14,NS_GREEN,0.0,2.0
51825,14,NS_YELLOW,0.0,2.0
51830,14,EW_GREEN,0.0,2.0
51835,14,EW_GREEN,0.0,0.0
51840,14,EW_GREEN,0.0,0.0
51845,14,EW_GREEN,1.0,0.0
51850,14,EW_GREEN,1.0,0.0
51855,14,EW_GREEN,1.0,0.0
51860,14,EW_YELLOW,1.0,0.0
51865,14,NS_GREEN,1.0,1.0
51870,14,NS_GREEN,0.0,1.0
51875,14,NS_GREEN,0.0,1.0
51880,14,NS_GREEN,0.0,1.0
51885,14,NS_GREEN,0.0,2.0
51890,14,NS_GREEN,0.0,2.0
51895,14,NS_YELLOW,0.0,2.0
51900,14,EW_GREEN,0.0,3.0
51905,14,EW_GREEN,0.0,0.5
51910,14,EW_GREEN,0.0,0.0
51915,14,EW_GREEN,0.0,0.0
51920,14,EW_GREEN,0.0,0.0
51925,14,EW_GREEN,1.0,0.0
51930,14,EW_YELLOW,1.0,0.0
51935,14,NS_GREEN,1.0,0.0
51940,14,NS_GREEN,0.0,0.0
51945,14,NS_GREEN,0.0,0.0
51950,14,NS_GREEN,0.0,1.0
51955,14,NS_GREEN,0.0,1.0
51960,14,NS_GREEN,0.0,2.0
51965,14,NS_YELLOW,0.0,2.0
51970,14,EW_GREEN,1.0,2.0
51975,14,EW_GREEN,2.0,0.0
51980,14,EW_GREEN,2.0,0.0
51985,14,EW_GREEN,2.0,0.0
51990,14,EW_GREEN,2.0,0.0
51995,14,EW_GREEN,2.0,0.0
52000,14,EW_YELLOW,2.0,0.0
52005,14,NS_GREEN,3.0,1.0
52010,14,NS_GREEN,0.5,2.0
52015,14,NS_GREEN,0.0,2.0
52020,14,NS_GREEN,0.0,2.0
52025,14,NS_GREEN,0.0,2.0
52030,14,NS_GREEN,0.0,2.0
52035,14,NS_YELLOW,0.0,2.0
52040,14,EW_GREEN,0.0,3.0
52045,14,EW_GREEN,0.0,1.5
52050,14,EW_GREEN,0.0,0.0
52055,14,EW_GREEN,0.0,0.0
52060,14,EW_GREEN,0.0,0.0
52065,14,EW_GREEN,0.0,0.0
52070,14,EW_YELLOW,0.0,0.0
52075,14,NS_GREEN,0.0,0.0
52080,14,NS_GREEN,0.0,0.0
52085,14,NS_GREEN,0.0,0.0
52090,14,NS_GREEN,0.0,0.0
52095,14,NS_GREEN,0.0,0.0
52100,14,NS_GREEN,0.0,0.0
52105,14,NS_YELLOW,0.0,0.0
52110,14,EW_GREEN,0.0,0.0
52115,14,EW_GREEN,0.0,0.0
52120,14,EW_GREEN,0.0,0.0
52125,14,EW_GREEN,1.0,0.0
52130,14,EW_GREEN,2.0,0.0
52135,14,EW_GREEN,2.0,0.0
52140,14,EW_YELLOW,2.0,0.0
52145,14,NS_GREEN,2.0,0.0
52150,14,NS_GREEN,0.5,0.0
52155,14,NS_GREEN,0.0,0.0
52160,14,NS_GREEN,0.0,1.0
52165,14,NS_GREEN,0.0,1.0
52170,14,NS_GREEN,0.0,1.0
52175,14,NS_YELLOW,0.0,1.0
52180,14,EW_GREEN,1.0,1.0
52185,14,EW_GREEN,2.0,0.0
52190,14,EW_GREEN,2.0,0.0
52195,14,EW_GREEN,2.0,0.0
52200,14,EW_GREEN,2.0,0.0
52205,14,EW_GREEN,2.0,0.0
52210,14,EW_YELLOW,2.0,0.0
52215,14,NS_GREEN,2.0,1.0
52220,14,NS_GREEN,0.0,1.0
52225,14,NS_GREEN,0.0,1.0
52230,14,NS_GREEN,0.0,1.0
52235,14,NS_GREEN,0.0,2.0
52240,14,NS_GREEN,0.0,3.0
52245,14,NS_YELLOW,0.0,3.0
52250,14,EW_GREEN,0.0,4.0
52255,14,EW_GREEN,0.0,1.5
52260,14,EW_GREEN,0.0,0.0
52265,14,EW_GREEN,0.0,0.0
52270,14,EW_GREEN,0.0,0.0
52275,14,EW_GREEN,0.0,0.0
52280,14,EW_YELLOW,0.0,0.0
52285,14,NS_GREEN,0.0,0.0
52290,14,NS_GREEN,0.0,0.0
52295,14,NS_GREEN,0.0,1.0
52300,14,NS_GREEN,0.0,1.0
52305,14,NS_GREEN,0.0,1.0
52310,14,NS_GREEN,0.0,1.0
52315,14,NS_YELLOW,0.0,2.0
52320,14,EW_GREEN,1.0,3.0
52325,14,EW_GREEN,1.0,0.5
52330,14,EW_GREEN,1.0,0.0
52335,14,EW_GREEN,2.0,0.0
52340,14,EW_GREEN,2.0,0.0
52345,14,EW_GREEN,3.0,0.0
52350,14,EW_YELLOW,3.0,0.0
52355,14,NS_GREEN,3.0,0.0
52360,14,NS_GREEN,0.5,1.0
52365,14,NS_GREEN,0.0,2.0
52370,14,NS_GREEN,0.0,3.0
52375,14,NS_GREEN,0.0,3.0
52380,14,NS_GREEN,0.0,3.0
52385,14,NS_YELLOW,0.0,3.0
52390,14,EW_GREEN,0.0,3.0
52395,14,EW_GREEN,0.0,0.5
52400,14,EW_GREEN,0.0,0.0
52405,14,EW_GREEN,0.0,0.0
52410,14,EW_GREEN,0.0,0.0
52415,14,EW_GREEN,0.0,0.0
52420,14,EW_YELLOW,0.0,0.0
52425,14,NS_GREEN,0.0,0.0
52430,14,NS_GREEN,0.0,0.0
52435,14,NS_GREEN,0.0,0.0
52440,14,NS_GREEN,0.0,0.0
52445,14,NS_GREEN,0.0,1.0
52450,14,NS_GREEN,0.0,1.0
52455,14,NS_YELLOW,0.0,1.0
52460,14,EW_GREEN,0.0,2.0
52465,14,EW_GREEN,0.0,0.0
52470,14,EW_GREEN,0.0,0.0
52475,14,EW_GREEN,0.0,0.0
52480,14,EW_GREEN,0.0,0.0
52485,14,EW_GREEN,0.0,0.0
52490,14,EW_YELLOW,0.0,0.0
52495,14,NS_GREEN,0.0,0.0
52500,14,NS_GREEN,0.0,0.0
52505,14,NS_GREEN,0.0,1.0
52510,14,NS_GREEN,0.0,1.0
52515,14,NS_GREEN,0.0,2.0
52520,14,NS_GREEN,0.0,3.0
52525,14,NS_YELLOW,0.0,3.0
52530,14,EW_GREEN,0.0,4.0
52535,14,EW_GREEN,1.0,2.5
52540,14,EW_GREEN,1.0,0.0
52545,14,EW_GREEN,2.0,0.0
52550,14,EW_GREEN,2.0,0.0
52555,14,EW_GREEN,2.0,0.0
52560,14,EW_YELLOW,2.0,0.0
52565,14,NS_GREEN,2.0,0.0
52570,14,NS_GREEN,0.5,0.0
52575,14,NS_GREEN,0.0,0.0
52580,14,NS_GREEN,0.0,1.0
52585,14,NS_GREEN,0.0,2.0
52590,14,NS_GREEN,0.0,3.0
52595,14,NS_YELLOW,0.0,4.0
52600,14,EW_GREEN,0.0,4.0
52605,14,EW_GREEN,0.0,1.5
52610,14,EW_GREEN,0.0,0.0
52615,14,EW_GREEN,0.0,0.0
52620,14,EW_GREEN,0.0,0.0
52625,14,EW_GREEN,0.0,0.0
52630,14,EW_YELLOW,0.0,0.0
52635,14,NS_GREEN,0.0,0.0
52640,14,NS_GREEN,0.0,0.0
52645,14,NS_GREEN,0.0,0.0
52650,14,NS_GREEN,0.0,0.0
52655,14,NS_GREEN,0.0,0.0
52660,14,NS_GREEN,0.0,0.0
52665,14,NS_YELLOW,0.0,0.0
52670,14,EW_GREEN,0.0,0.0
52675,14,EW_GREEN,1.0,0.0
52680,14,EW_GREEN,2.0,0.0
52685,14,EW_GREEN,3.0,0.0
52690,14,EW_GREEN,4.0,0.0
52695,14,EW_GREEN,5.0,0.0
52700,14,EW_YELLOW,5.0,0.0
52705,14,NS_GREEN,5.0,0.0
52710,14,NS_GREEN,2.5,1.0
52715,14,NS_GREEN,0.0,1.0
52720,14,NS_GREEN,0.0,1.0
52725,14,NS_GREEN,0.0,2.0
52730,14,NS_GREEN,0.0,2.0
52735,14,NS_YELLOW,0.0,3.0
52740,14,EW_GREEN,0.0,4.0
52745,14,EW_GREEN,0.0,1.5
52750,14,EW_GREEN,0.0,0.0
52755,14,EW_GREEN,0.0,0.0
52760,14,EW_GREEN,1.0,0.0
52765,14,EW_GREEN,1.0,0.0
52770,14,EW_YELLOW,2.0,0.0
52775,14,NS_GREEN,2.0,1.0
52780,14,NS_GREEN,0.0,2.0
52785,14,NS_GREEN,0.0,3.0
52790,14,NS_GREEN,0.0,3.0
52795,14,NS_GREEN,0.0,3.0
52800,14,NS_GREEN,0.0,4.0
52805,14,NS_YELLOW,0.0,4.0
52810,14,EW_GREEN,0.0,4.0
52815,14,EW_GREEN,0.0,1.5
52820,14,EW_GREEN,1.0,0.0
52825,14,EW_GREEN,1.0,0.0
52830,14,EW_GREEN,1.0,0.0
52835,14,EW_GREEN,1.0,0.0
52840,14,EW_YELLOW,1.0,0.0
52845,14,NS_GREEN,2.0,1.0
52850,14,NS_GREEN,0.0,2.0
52855,14,NS_GREEN,0.0,2.0
52860,14,NS_GREEN,0.0,2.0
52865,14,NS_GREEN,0.0,2.0
52870,14,NS_GREEN,0.0,3.0
52875,14,NS_YELLOW,0.0,3.0
52880,14,EW_GREEN,0.0,3.0
52885,14,EW_GREEN,1.0,0.5
52890,14,EW_GREEN,1.0,0.0
52895,14,EW_GREEN,1.0,0.0
52900,14,EW_GREEN,2.0,0.0
52905,14,EW_GREEN,2.0,0.0
52910,14,EW_YELLOW,2.0,0.0
52915,14,NS_GREEN,2.0,1.0
52920,14,NS_GREEN,0.0,1.0
52925,14,NS_GREEN,0.0,1.0
52930,14,NS_GREEN,0.0,2.0
52935,14,NS_GREEN,0.0,2.0
52940,14,NS_GREEN,0.0,2.0
52945,14,NS_YELLOW,0.0,3.0
52950,14,EW_GREEN,1.0,3.0
52955,14,EW_GREEN,2.0,1.5
52960,14,EW_GREEN,2.0,0.0
52965,14,EW_GREEN,2.0,0.0
52970,14,EW_GREEN,2.0,0.0
52975,14,EW_GREEN,2.0,0.0
52980,14,EW_YELLOW,2.0,0.0
52985,14,NS_GREEN,2.0,1.0
52990,14,NS_GREEN,0.0,1.0
52995,14,NS_GREEN,0.0,2.0
53000,14,NS_GREEN,0.0,2.0
53005,14,NS_GREEN,0.0,2.0
53010,14,NS_GREEN,0.0,3.0
53015,14,NS_YELLOW,0.0,3.0
53020,14,EW_GREEN,1.0,4.0
53025,14,EW_GREEN,1.0,1.5
53030,14,EW_GREEN,1.0,0.0
53035,14,EW_GREEN,1.0,0.0
53040,14,EW_GREEN,1.0,0.0
53045,14,EW_GREEN,1.0,0.0
53050,14,EW_YELLOW,1.0,0.0
53055,14,NS_GREEN,1.0,0.0
53060,14,NS_GREEN,0.0,0.0
53065,14,NS_GREEN,0.0,1.0
53070,14,NS_GREEN,0.0,1.0
53075,14,NS_GREEN,0.0,2.0
53080,14,NS_GREEN,0.0,2.0
53085,14,NS_YELLOW,0.0,3.0
53090,14,EW_GREEN,0.0,4.0
53095,14,EW_GREEN,0.0,1.5
53100,14,EW_GREEN,0.0,0.0
53105,14,EW_GREEN,1.0,0.0
53110,14,EW_GREEN,1.0,0.0
53115,14,EW_GREEN,1.0,0.0
53120,14,EW_YELLOW,2.0,0.0
53125,14,NS_GREEN,2.0,1.0
53130,14,NS_GREEN,0.5,1.0
53135,14,NS_GREEN,0.0,2.0
53140,14,NS_GREEN,0.0,3.0
53145,14,NS_GREEN,0.0,3.0
53150,14,NS_GREEN,0.0,3.0
53155,14,NS_YELLOW,0.0,3.0
53160,14,EW_GREEN,0.0,3.0
53165,14,EW_GREEN,1.0,0.5
53170,14,EW_GREEN,1.0,0.0
53175,14,EW_GREEN,1.0,0.0
53180,14,EW_GREEN,1.0,0.0
53185,14,EW_GREEN,1.0,0.0
53190,14,EW_YELLOW,1.0,0.0
53195,14,NS_GREEN,2.0,1.0
53200,14,NS_GREEN,0.5,1.0
53205,14,NS_GREEN,0.0,1.0
53210,14,NS_GREEN,0.0,1.0
53215,14,NS_GREEN,0.0,1.0
53220,14,NS_GREEN,0.0,2.0
53225,14,NS_YELLOW,0.0,3.0
53230,14,EW_GREEN,0.0,4.0
53235,14,EW_GREEN,0.0,2.5
53240,14,EW_GREEN,0.0,0.0
53245,14,EW_GREEN,0.0,0.0
53250,14,EW_GREEN,0.0,0.0
53255,14,EW_GREEN,0.0,0.0
53260,14,EW_YELLOW,1.0,0.0
53265,14,NS_GREEN,2.0,1.0
53270,14,NS_GREEN,0.0,1.0
53275,14,NS_GREEN,0.0,1.0
53280,14,NS_GREEN,0.0,1.0
53285,14,NS_GREEN,0.0,1.0
53290,14,NS_GREEN,0.0,2.0
53295,14,NS_YELLOW,0.0,2.0
53300,14,EW_GREEN,1.0,3.0
53305,14,EW_GREEN,1.0,0.5
53310,14,EW_GREEN,1.0,0.0
53315,14,EW_GREEN,1.0,0.0
53320,14,EW_GREEN,1.0,0.0
53325,14,EW_GREEN,1.0,0.0
53330,14,EW_YELLOW,2.0,0.0
53335,14,NS_GREEN,2.0,0.0
53340,14,NS_GREEN,0.0,1.0
53345,14,NS_GREEN,0.0,1.0
53350,14,NS_GREEN,0.0,1.0
53355,14,NS_GREEN,0.0,1.0
53360,14,NS_GREEN,0.0,1.0
53365,14,NS_YELLOW,0.0,1.0
53370,14,EW_GREEN,0.0,1.0
53375,14,EW_GREEN,1.0,0.0
53380,14,EW_GREEN,1.0,0.0
53385,14,EW_GREEN,2.0,0.0
53390,14,EW_GREEN,2.0,0.0
53395,14,EW_GREEN,3.0,0.0
53400,14,EW_YELLOW,3.0,0.0
53405,14,NS_GREEN,3.0,1.0
53410,14,NS_GREEN,0.5,1.0
53415,14,NS_GREEN,0.0,1.0
53420,14,NS_GREEN,0.0,2.0
53425,14,NS_GREEN,0.0,2.0
53430,14,NS_GREEN,0.0,3.0
53435,14,NS_YELLOW,0.0,3.0
53440,14,EW_GREEN,1.0,3.0
53445,14,EW_GREEN,1.0,0.5
53450,14,EW_GREEN,2.0,0.0
53455,14,EW_GREEN,3.0,0.0
53460,14,EW_GREEN,3.0,0.0
53465,14,EW_GREEN,3.0,0.0
53470,14,EW_YELLOW,3.0,0.0
53475,14,NS_GREEN,3.0,1.0
53480,14,NS_GREEN,0.5,1.0
53485,14,NS_GREEN,0.0,2.0
53490,14,NS_GREEN,0.0,3.0
53495,14,NS_GREEN,0.0,3.0
53500,14,NS_GREEN,0.0,3.0
53505,14,NS_YELLOW,0.0,3.0
53510,14,EW_GREEN,1.0,3.0
53515,14,EW_GREEN,1.0,0.5
53520,14,EW_GREEN,1.0,0.0
53525,14,EW_GREEN,1.0,0.0
53530,14,EW_GREEN,1.0,0.0
53535,14,EW_GREEN,2.0,0.0
53540,14,EW_YELLOW,3.0,0.0
53545,14,NS_GREEN,4.0,0.0
53550,14,NS_GREEN,1.5,1.0
53555,14,NS_GREEN,0.0,1.0
53560,14,NS_GREEN,0.0,1.0
53565,14,NS_GREEN,0.0,2.0
53570,14,NS_GREEN,0.0,2.0
53575,14,NS_YELLOW,0.0,2.0
53580,14,EW_GREEN,0.0,2.0
53585,14,EW_GREEN,0.0,0.5
53590,14,EW_GREEN,0.0,0.0
53595,14,EW_GREEN,0.0,0.0
53600,14,EW_GREEN,0.0,0.0
53605,14,EW_GREEN,0.0,0.0
53610,14,EW_YELLOW,0.0,0.0
53615,14,NS_GREEN,0.0,1.0
53620,14,NS_GREEN,0.0,1.0
53625,14,NS_GREEN,0.0,1.0
53630,14,NS_GREEN,0.0,1.0
53635,14,NS_GREEN,0.0,2.0
53640,14,NS_GREEN,0.0,2.0
53645,14,NS_YELLOW,0.0,2.0
53650,14,EW_GREEN,0.0,2.0
53655,14,EW_GREEN,0.0,0.0
53660,14,EW_GREEN,1.0,0.0
53665,14,EW_GREEN,2.0,0.0
53670,14,EW_GREEN,2.0,0.0
53675,14,EW_GREEN,3.0,0.0
53680,14,EW_YELLOW,3.0,0.0
53685,14,NS_GREEN,3.0,0.0
53690,14,NS_GREEN,0.5,1.0
53695,14,NS_GREEN,0.0,2.0
53700,14,NS_GREEN,0.0,3.0
53705,14,NS_GREEN,0.0,3.0
53710,14,NS_GREEN,0.0,3.0
53715,14,NS_YELLOW,0.0,4.0
53720,14,EW_GREEN,0.0,5.0
53725,14,EW_GREEN,0.0,2.5
53730,14,EW_GREEN,0.0,0.0
53735,14,EW_GREEN,0.0,0.0
53740,14,EW_GREEN,1.0,0.0
53745,14,EW_GREEN,2.0,0.0
53750,14,EW_YELLOW,2.0,0.0
53755,14,NS_GREEN,2.0,1.0
53760,14,NS_GREEN,0.0,2.0
53765,14,NS_GREEN,0.0,2.0
53770,14,NS_GREEN,0.0,2.0
53775,14,NS_GREEN,0.0,2.0
53780,14,NS_GREEN,0.0,2.0
53785,14,NS_YELLOW,0.0,2.0
53790,14,EW_GREEN,1.0,3.0
53795,14,EW_GREEN,2.0,0.5
53800,14,EW_GREEN,3.0,0.0
53805,14,EW_GREEN,4.0,0.0
53810,14,EW_GREEN,4.0,0.0
53815,14,EW_GREEN,4.0,0.0
53820,14,EW_YELLOW,5.0,0.0
53825,14,NS_GREEN,5.0,1.0
53830,14,NS_GREEN,3.5,1.0
53835,14,NS_GREEN,2.0,1.0
53840,14,NS_GREEN,0.0,2.0
53845,14,NS_GREEN,0.0,2.0
53850,14,NS_GREEN,0.0,2.0
53855,14,NS_YELLOW,0.0,3.0
53860,14,EW_GREEN,0.0,3.0
53865,14,EW_GREEN,0.0,0.5
53870,14,EW_GREEN,0.0,0.0
53875,14,EW_GREEN,0.0,0.0
53880,14,EW_GREEN,0.0,0.0
53885,14,EW_GREEN,0.0,0.0
53890,14,EW_YELLOW,1.0,0.0
53895,14,NS_GREEN,1.0,0.0
53900,14,NS_GREEN,0.0,1.0
53905,14,NS_GREEN,0.0,2.0
53910,14,NS_GREEN,0.0,2.0
53915,14,NS_GREEN,0.0,3.0
53920,14,NS_GREEN,0.0,3.0
53925,14,NS_YELLOW,0.0,4.0
53930,14,EW_GREEN,0.0,5.0
53935,14,EW_GREEN,0.0,2.5
53940,14,EW_GREEN,0.0,0.0
53945,14,EW_GREEN,0.0,0.0
53950,14,EW_GREEN,0.0,0.0
53955,14,EW_GREEN,1.0,0.0
53960,14,EW_YELLOW,2.0,0.0
53965,14,NS_GREEN,2.0,0.0
53970,14,NS_GREEN,0.0,1.0
53975,14,NS_GREEN,0.0,2.0
53980,14,NS_GREEN,0.0,2.0
53985,14,NS_GREEN,0.0,2.0
53990,14,NS_GREEN,0.0,2.0
53995,14,NS_YELLOW,0.0,2.0
54000,15,EW_GREEN,0.0,2.0
54005,15,EW_GREEN,0.0,0.5
54010,15,EW_GREEN,1.0,0.0
54015,15,EW_GREEN,1.0,0.0
54020,15,EW_GREEN,2.0,0.0
54025,15,EW_GREEN,2.0,0.0
54030,15,EW_YELLOW,3.0,0.0
54035,15,NS_GREEN,3.0,1.0
54040,15,NS_GREEN,1.5,2.0
54045,15,NS_GREEN,0.0,3.0
54050,15,NS_GREEN,0.0,4.0
54055,15,NS_GREEN,0.0,4.0
54060,15,NS_GREEN,0.0,5.0
54065,15,NS_YELLOW,0.0,5.0
54070,15,EW_GREEN,0.0,5.0
54075,15,EW_GREEN,0.0,2.5
54080,15,EW_GREEN,0.0,1.0
54085,15,EW_GREEN,1.0,0.0
54090,15,EW_GREEN,2.0,0.0
54095,15,EW_GREEN,2.0,0.0
54100,15,EW_YELLOW,2.0,0.0
54105,15,NS_GREEN,3.0,1.0
54110,15,NS_GREEN,1.5,1.0
54115,15,NS_GREEN,0.0,2.0
54120,15,NS_GREEN,0.0,2.0
54125,15,NS_GREEN,0.0,2.0
54130,15,NS_GREEN,0.0,3.0
54135,15,NS_YELLOW,0.0,4.0
54140,15,EW_GREEN,0.0,5.0
54145,15,EW_GREEN,0.0,2.5
54150,15,EW_GREEN,1.0,1.0
54155,15,EW_GREEN,2.0,0.0
54160,15,EW_GREEN,3.0,0.0
54165,15,EW_GREEN,3.0,0.0
54170,15,EW_YELLOW,4.0,0.0
54175,15,NS_GREEN,4.0,0.0
54180,15,NS_GREEN,1.5,0.0
54185,15,NS_GREEN,0.0,0.0
54190,15,NS_GREEN,0.0,1.0
54195,15,NS_GREEN,0.0,2.0
54200,15,NS_GREEN,0.0,2.0
54205,15,NS_YELLOW,0.0,3.0
54210,15,EW_GREEN,1.0,4.0
54215,15,EW_GREEN,2.0,1.5
54220,15,EW_GREEN,2.0,0.0
54225,15,EW_GREEN,2.0,0.0
54230,15,EW_GREEN,3.0,0.0
54235,15,EW_GREEN,4.0,0.0
54240,15,EW_YELLOW,4.0,0.0
54245,15,NS_GREEN,5.0,0.0
54250,15,NS_GREEN,3.5,0.0
54255,15,NS_GREEN,1.0,1.0
54260,15,NS_GREEN,0.0,1.0
54265,15,NS_GREEN,0.0,2.0
54270,15,NS_GREEN,0.0,2.0
54275,15,NS_YELLOW,0.0,3.0
54280,15,EW_GREEN,0.0,4.0
54285,15,EW_GREEN,0.0,2.5
54290,15,EW_GREEN,1.0,1.0
54295,15,EW_GREEN,1.0,0.0
54300,15,EW_GREEN,1.0,0.0
54305,15,EW_GREEN,2.0,0.0
54310,15,EW_YELLOW,3.0,0.0
54315,15,NS_GREEN,3.0,0.0
54320,15,NS_GREEN,0.5,1.0
54325,15,NS_GREEN,0.0,1.0
54330,15,NS_GREEN,0.0,1.0
54335,15,NS_GREEN,0.0,2.0
54340,15,NS_GREEN,0.0,2.0
54345,15,NS_YELLOW,0.0,3.0
54350,15,EW_GREEN,1.0,4.0
54355,15,EW_GREEN,2.0,1.5
54360,15,EW_GREEN,3.0,0.0
54365,15,EW_GREEN,4.0,0.0
54370,15,EW_GREEN,5.0,0.0
54375,15,EW_GREEN,6.0,0.0
54380,15,EW_YELLOW,6.0,0.0
54385,15,NS_GREEN,7.0,1.0
54390,15,NS_GREEN,4.5,1.0
54395,15,NS_GREEN,3.0,2.0
54400,15,NS_GREEN,0.5,3.0
54405,15,NS_GREEN,0.0,4.0
54410,15,NS_GREEN,0.0,4.0
54415,15,NS_YELLOW,0.0,4.0
54420,15,EW_GREEN,1.0,5.0
54425,15,EW_GREEN,2.0,2.5
54430,15,EW_GREEN,2.0,1.0
54435,15,EW_GREEN,3.0,0.0
54440,15,EW_GREEN,3.0,0.0
54445,15,EW_GREEN,4.0,0.0
54450,15,EW_YELLOW,5.0,0.0
54455,15,NS_GREEN,5.0,0.0
54460,15,NS_GREEN,2.5,0.0
54465,15,NS_GREEN,0.0,0.0
54470,15,NS_GREEN,0.0,1.0
54475,15,NS_GREEN,0.0,2.0
54480,15,NS_GREEN,0.0,2.0
54485,15,NS_YELLOW,0.0,2.0
54490,15,EW_GREEN,1.0,2.0
54495,15,EW_GREEN,1.0,0.5
54500,15,EW_GREEN,1.0,0.0
54505,15,EW_GREEN,1.0,0.0
54510,15,EW_GREEN,2.0,0.0
54515,15,EW_GREEN,3.0,0.0
54520,15,EW_YELLOW,4.0,0.0
54525,15,NS_GREEN,5.0,1.0
54530,15,NS_GREEN,3.5,2.0
54535,15,NS_GREEN,1.0,2.0
54540,15,NS_GREEN,0.0,2.0
54545,15,NS_GREEN,0.0,2.0
54550,15,NS_GREEN,0.0,2.0
54555,15,NS_YELLOW,0.0,3.0
54560,15,EW_GREEN,1.0,4.0
54565,15,EW_GREEN,1.0,1.5
54570,15,EW_GREEN,1.0,0.0
54575,15,EW_GREEN,2.0,0.0
54580,15,EW_GREEN,3.0,0.0
54585,15,EW_GREEN,3.0,0.0
54590,15,EW_YELLOW,3.0,0.0
54595,15,NS_GREEN,4.0,1.0
54600,15,NS_GREEN,2.5,1.0
54605,15,NS_GREEN,0.0,2.0
54610,15,NS_GREEN,0.0,2.0
54615,15,NS_GREEN,0.0,2.0
54620,15,NS_GREEN,0.0,2.0
54625,15,NS_YELLOW,0.0,3.0
54630,15,EW_GREEN,0.0,4.0
54635,15,EW_GREEN,0.0,1.5
54640,15,EW_GREEN,1.0,0.0
54645,15,EW_GREEN,1.0,0.0
54650,15,EW_GREEN,1.0,0.0
54655,15,EW_GREEN,1.0,0.0
54660,15,EW_YELLOW,1.0,0.0
54665,15,NS_GREEN,1.0,1.0
54670,15,NS_GREEN,0.0,2.0
54675,15,NS_GREEN,0.0,2.0
54680,15,NS_GREEN,0.0,3.0
54685,15,NS_GREEN,0.0,4.0
54690,15,NS_GREEN,0.0,4.0
54695,15,NS_YELLOW,0.0,5.0
54700,15,EW_GREEN,0.0,5.0
54705,15,EW_GREEN,0.0,2.5
54710,15,EW_GREEN,1.0,1.0
54715,15,EW_GREEN,1.0,0.0
54720,15,EW_GREEN,1.0,0.0
54725,15,EW_GREEN,1.0,0.0
54730,15,EW_YELLOW,1.0,0.0
54735,15,NS_GREEN,1.0,0.0
54740,15,NS_GREEN,0.0,1.0
54745,15,NS_GREEN,0.0,2.0
54750,15,NS_GREEN,0.0,3.0
54755,15,NS_GREEN,0.0,4.0
54760,15,NS_GREEN,0.0,4.0
54765,15,NS_YELLOW,0.0,5.0
54770,15,EW_GREEN,1.0,5.0
54775,15,EW_GREEN,1.0,3.5
54780,15,EW_GREEN,1.0,2.0
54785,15,EW_GREEN,1.0,0.5
54790,15,EW_GREEN,1.0,0.0
54795,15,EW_GREEN,1.0,0.0
54800,15,EW_YELLOW,2.0,0.0
54805,15,NS_GREEN,2.0,1.0
54810,15,NS_GREEN,0.0,2.0
54815,15,NS_GREEN,0.0,2.0
54820,15,NS_GREEN,0.0,3.0
54825,15,NS_GREEN,0.0,3.0
54830,15,NS_GREEN,0.0,3.0
54835,15,NS_YELLOW,0.0,4.0
54840,15,EW_GREEN,0.0,5.0
54845,15,EW_GREEN,0.0,2.5
54850,15,EW_GREEN,1.0,0.0
54855,15,EW_GREEN,1.0,0.0
54860,15,EW_GREEN,1.0,0.0
54865,15,EW_GREEN,1.0,0.0
54870,15,EW_YELLOW,1.0,0.0
54875,15,NS_GREEN,1.0,0.0
54880,15,NS_GREEN,0.0,0.0
54885,15,NS_GREEN,0.0,1.0
54890,15,NS_GREEN,0.0,1.0
54895,15,NS_GREEN,0.0,1.0
54900,15,NS_GREEN,0.0,2.0
54905,15,NS_YELLOW,0.0,2.0
54910,15,EW_GREEN,0.0,2.0
54915,15,EW_GREEN,0.0,0.0
54920,15,EW_GREEN,0.0,0.0
54925,15,EW_GREEN,1.0,0.0
54930,15,EW_GREEN,1.0,0.0
54935,15,EW_GREEN,1.0,0.0
54940,15,EW_YELLOW,2.0,0.0
54945,15,NS_GREEN,2.0,1.0
54950,15,NS_GREEN,0.5,2.0
54955,15,NS_GREEN,0.0,2.0
54960,15,NS_GREEN,0.0,2.0
54965,15,NS_GREEN,0.0,3.0
54970,15,NS_GREEN,0.0,3.0
54975,15,NS_YELLOW,0.0,4.0
54980,15,EW_GREEN,1.0,5.0
54985,15,EW_GREEN,2.0,3.5
54990,15,EW_GREEN,2.0,1.0
54995,15,EW_GREEN,2.0,0.0
55000,15,EW_GREEN,2.0,0.0
55005,15,EW_GREEN,2.0,0.0
55010,15,EW_YELLOW,2.0,0.0
55015,15,NS_GREEN,2.0,0.0
55020,15,NS_GREEN,0.0,0.0
55025,15,NS_GREEN,0.0,0.0
55030,15,NS_GREEN,0.0,1.0
55035,15,NS_GREEN,0.0,1.0
55040,15,NS_GREEN,0.0,2.0
55045,15,NS_YELLOW,0.0,3.0
55050,15,EW_GREEN,0.0,4.0
55055,15,EW_GREEN,0.0,1.5
55060,15,EW_GREEN,1.0,0.0
55065,15,EW_GREEN,1.0,0.0
55070,15,EW_GREEN,1.0,0.0
55075,15,EW_GREEN,2.0,0.0
55080,15,EW_YELLOW,2.0,0.0
55085,15,NS_GREEN,2.0,0.0
55090,15,NS_GREEN,0.0,1.0
55095,15,NS_GREEN,0.0,1.0
55100,15,NS_GREEN,0.0,1.0
55105,15,NS_GREEN,0.0,2.0
55110,15,NS_GREEN,0.0,3.0
55115,15,NS_YELLOW,0.0,4.0
55120,15,EW_GREEN,0.0,5.0
55125,15,EW_GREEN,0.0,3.5
55130,15,EW_GREEN,0.0,1.0
55135,15,EW_GREEN,0.0,0.0
55140,15,EW_GREEN,1.0,0.0
55145,15,EW_GREEN,2.0,0.0
55150,15,EW_YELLOW,2.0,0.0
55155,15,NS_GREEN,3.0,0.0
55160,15,NS_GREEN,0.5,1.0
55165,15,NS_GREEN,0.0,1.0
55170,15,NS_GREEN,0.0,2.0
55175,15,NS_GREEN,0.0,2.0
55180,15,NS_GREEN,0.0,3.0
55185,15,NS_YELLOW,0.0,4.0
55190,15,EW_GREEN,1.0,5.0
55195,15,EW_GREEN,1.0,3.5
55200,15,EW_GREEN,1.0,1.0
55205,15,EW_GREEN,1.0,0.0
55210,15,EW_GREEN,2.0,0.0
55215,15,EW_GREEN,2.0,0.0
55220,15,EW_YELLOW,2.0,0.0
55225,15,NS_GREEN,3.0,0.0
55230,15,NS_GREEN,1.5,1.0
55235,15,NS_GREEN,0.0,1.0
55240,15,NS_GREEN,0.0,1.0
55245,15,NS_GREEN,0.0,2.0
55250,15,NS_GREEN,0.0,2.0
55255,15,NS_YELLOW,0.0,2.0
55260,15,EW_GREEN,1.0,3.0
55265,15,EW_GREEN,2.0,0.5
55270,15,EW_GREEN,2.0,0.0
55275,15,EW_GREEN,3.0,0.0
55280,15,EW_GREEN,3.0,0.0
55285,15,EW_GREEN,3.0,0.0
55290,15,EW_YELLOW,3.0,0.0
55295,15,NS_GREEN,3.0,0.0
55300,15,NS_GREEN,0.5,1.0
55305,15,NS_GREEN,0.0,1.0
55310,15,NS_GREEN,0.0,2.0
55315,15,NS_GREEN,0.0,2.0
55320,15,NS_GREEN,0.0,3.0
55325,15,NS_YELLOW,0.0,4.0
55330,15,EW_GREEN,1.0,5.0
55335,15,EW_GREEN,2.0,3.5
55340,15,EW_GREEN,3.0,2.0
55345,15,EW_GREEN,3.0,0.0
55350,15,EW_GREEN,3.0,0.0
55355,15,EW_GREEN,4.0,0.0
55360,15,EW_YELLOW,4.0,0.0
55365,15,NS_GREEN,5.0,0.0
55370,15,NS_GREEN,2.5,1.0
55375,15,NS_GREEN,0.0,1.0
55380,15,NS_GREEN,0.0,2.0
55385,15,NS_GREEN,0.0,3.0
55390,15,NS_GREEN,0.0,3.0
55395,15,NS_YELLOW,0.0,3.0
55400,15,EW_GREEN,1.0,4.0
55405,15,EW_GREEN,1.0,1.5
55410,15,EW_GREEN,2.0,0.0
55415,15,EW_GREEN,3.0,0.0
55420,15,EW_GREEN,4.0,0.0
55425,15,EW_GREEN,5.0,0.0
55430,15,EW_YELLOW,6.0,0.0
55435,15,NS_GREEN,6.0,0.0
55440,15,NS_GREEN,4.5,1.0
55445,15,NS_GREEN,2.0,2.0
55450,15,NS_GREEN,0.0,3.0
55455,15,NS_GREEN,0.0,3.0
55460,15,NS_GREEN,0.0,4.0
55465,15,NS_YELLOW,0.0,5.0
55470,15,EW_GREEN,0.0,5.0
55475,15,EW_GREEN,1.0,3.5
55480,15,EW_GREEN,2.0,2.0
55485,15,EW_GREEN,3.0,0.0
55490,15,EW_GREEN,4.0,0.0
55495,15,EW_GREEN,4.0,0.0
55500,15,EW_YELLOW,5.0,0.0
55505,15,NS_GREEN,6.0,0.0
55510,15,NS_GREEN,3.5,1.0
55515,15,NS_GREEN,2.0,2.0
55520,15,NS_GREEN,0.0,2.0
55525,15,NS_GREEN,0.0,3.0
55530,15,NS_GREEN,0.0,3.0
55535,15,NS_YELLOW,0.0,3.0
55540,15,EW_GREEN,1.0,3.0
55545,15,EW_GREEN,1.0,0.5
55550,15,EW_GREEN,2.0,0.0
55555,15,EW_GREEN,3.0,0.0
55560,15,EW_GREEN,4.0,0.0
55565,15,EW_GREEN,4.0,0.0
55570,15,EW_YELLOW,4.0,0.0
55575,15,NS_GREEN,5.0,1.0
55580,15,NS_GREEN,3.5,1.0
55585,15,NS_GREEN,2.0,1.0
55590,15,NS_GREEN,0.0,1.0
55595,15,NS_GREEN,0.0,2.0
55600,15,NS_GREEN,0.0,3.0
55605,15,NS_YELLOW,0.0,3.0
55610,15,EW_GREEN,0.0,4.0
55615,15,EW_GREEN,0.0,1.5
55620,15,EW_GREEN,0.0,0.0
55625,15,EW_GREEN,0.0,0.0
55630,15,EW_GREEN,0.0,0.0
55635,15,EW_GREEN,1.0,0.0
55640,15,EW_YELLOW,1.0,0.0
55645,15,NS_GREEN,2.0,0.0
55650,15,NS_GREEN,0.0,0.0
55655,15,NS_GREEN,0.0,1.0
55660,15,NS_GREEN,0.0,1.0
55665,15,NS_GREEN,0.0,1.0
55670,15,NS_GREEN,0.0,2.0
55675,15,NS_YELLOW,0.0,2.0
55680,15,EW_GREEN,0.0,2.0
55685,15,EW_GREEN,0.0,0.0
55690,15,EW_GREEN,1.0,0.0
55695,15,EW_GREEN,1.0,0.0
55700,15,EW_GREEN,1.0,0.0
55705,15,EW_GREEN,1.0,0.0
55710,15,EW_YELLOW,1.0,0.0
55715,15,NS_GREEN,1.0,0.0
55720,15,NS_GREEN,0.0,1.0
55725,15,NS_GREEN,0.0,1.0
55730,15,NS_GREEN,0.0,2.0
55735,15,NS_GREEN,0.0,3.0
55740,15,NS_GREEN,0.0,3.0
55745,15,NS_YELLOW,0.0,3.0
55750,15,EW_GREEN,1.0,3.0
55755,15,EW_GREEN,1.0,0.5
55760,15,EW_GREEN,2.0,0.0
55765,15,EW_GREEN,2.0,0.0
55770,15,EW_GREEN,2.0,0.0
55775,15,EW_GREEN,3.0,0.0
55780,15,EW_YELLOW,4.0,0.0
55785,15,NS_GREEN,4.0,1.0
55790,15,NS_GREEN,1.5,2.0
55795,15,NS_GREEN,0.0,3.0
55800,15,NS_GREEN,0.0,3.0
55805,15,NS_GREEN,0.0,3.0
55810,15,NS_GREEN,0.0,3.0
55815,15,NS_YELLOW,0.0,4.0
55820,15,EW_GREEN,1.0,4.0
55825,15,EW_GREEN,1.0,2.5
55830,15,EW_GREEN,2.0,0.0
55835,15,EW_GREEN,2.0,0.0
55840,15,EW_GREEN,2.0,0.0
55845,15,EW_GREEN,2.0,0.0
55850,15,EW_YELLOW,3.0,0.0
55855,15,NS_GREEN,3.0,0.0
55860,15,NS_GREEN,1.5,1.0
55865,15,NS_GREEN,0.0,2.0
55870,15,NS_GREEN,0.0,2.0
55875,15,NS_GREEN,0.0,2.0
55880,15,NS_GREEN,0.0,2.0
55885,15,NS_YELLOW,0.0,3.0
55890,15,EW_GREEN,0.0,4.0
55895,15,EW_GREEN,0.0,2.5
55900,15,EW_GREEN,0.0,0.0
55905,15,EW_GREEN,0.0,0.0
55910,15,EW_GREEN,0.0,0.0
55915,15,EW_GREEN,0.0,0.0
55920,15,EW_YELLOW,0.0,0.0
55925,15,NS_GREEN,1.0,0.0
55930,15,NS_GREEN,0.0,0.0
55935,15,NS_GREEN,0.0,0.0
55940,15,NS_GREEN,0.0,1.0
55945,15,NS_GREEN,0.0,1.0
55950,15,NS_GREEN,0.0,2.0
55955,15,NS_YELLOW,0.0,2.0
55960,15,EW_GREEN,1.0,3.0
55965,15,EW_GREEN,1.0,1.5
55970,15,EW_GREEN,1.0,0.0
55975,15,EW_GREEN,2.0,0.0
55980,15,EW_GREEN,2.0,0.0
55985,15,EW_GREEN,2.0,0.0
55990,15,EW_YELLOW,2.0,0.0
55995,15,NS_GREEN,2.0,0.0
56000,15,NS_GREEN,0.5,1.0
56005,15,NS_GREEN,0.0,2.0
56010,15,NS_GREEN,0.0,3.0
56015,15,NS_GREEN,0.0,3.0
56020,15,NS_GREEN,0.0,3.0
56025,15,NS_YELLOW,0.0,4.0
56030,15,EW_GREEN,0.0,4.0
56035,15,EW_GREEN,0.0,2.5
56040,15,EW_GREEN,0.0,0.0
56045,15,EW_GREEN,0.0,0.0
56050,15,EW_GREEN,1.0,0.0
56055,15,EW_GREEN,1.0,0.0
56060,15,EW_YELLOW,2.0,0.0
56065,15,NS_GREEN,2.0,0.0
56070,15,NS_GREEN,0.0,1.0
56075,15,NS_GREEN,0.0,1.0
56080,15,NS_GREEN,0.0,2.0
56085,15,NS_GREEN,0.0,2.0
56090,15,NS_GREEN,0.0,2.0
56095,15,NS_YELLOW,0.0,2.0
56100,15,EW_GREEN,0.0,3.0
56105,15,EW_GREEN,1.0,0.5
56110,15,EW_GREEN,1.0,0.0
56115,15,EW_GREEN,2.0,0.0
56120,15,EW_GREEN,2.0,0.0
56125,15,EW_GREEN,3.0,0.0
56130,15,EW_YELLOW,4.0,0.0
56135,15,NS_GREEN,4.0,0.0
56140,15,NS_GREEN,2.5,0.0
56145,15,NS_GREEN,0.0,0.0
56150,15,NS_GREEN,0.0,0.0
56155,15,NS_GREEN,0.0,1.0
56160,15,NS_GREEN,0.0,2.0
56165,15,NS_YELLOW,0.0,2.0
56170,15,EW_GREEN,1.0,2.0
56175,15,EW_GREEN,1.0,0.0
56180,15,EW_GREEN,1.0,0.0
56185,15,EW_GREEN,1.0,0.0
56190,15,EW_GREEN,2.0,0.0
56195,15,EW_GREEN,2.0,0.0
56200,15,EW_YELLOW,2.0,0.0
56205,15,NS_GREEN,2.0,1.0
56210,15,NS_GREEN,0.0,1.0
56215,15,NS_GREEN,0.0,1.0
56220,15,NS_GREEN,0.0,1.0
56225,15,NS_GREEN,0.0,2.0
56230,15,NS_GREEN,0.0,2.0
56235,15,NS_YELLOW,0.0,2.0
56240,15,EW_GREEN,0.0,2.0
56245,15,EW_GREEN,0.0,0.5
56250,15,EW_GREEN,1.0,0.0
56255,15,EW_GREEN,2.0,0.0
56260,15,EW_GREEN,3.0,0.0
56265,15,EW_GREEN,3.0,0.0
56270,15,EW_YELLOW,4.0,0.0
56275,15,NS_GREEN,4.0,1.0
56280,15,NS_GREEN,1.5,1.0
56285,15,NS_GREEN,0.0,1.0
56290,15,NS_GREEN,0.0,1.0
56295,15,NS_GREEN,0.0,1.0
56300,15,NS_GREEN,0.0,2.0
56305,15,NS_YELLOW,0.0,3.0
56310,15,EW_GREEN,0.0,4.0
56315,15,EW_GREEN,0.0,1.5
56320,15,EW_GREEN,0.0,0.0
56325,15,EW_GREEN,1.0,0.0
56330,15,EW_GREEN,1.0,0.0
56335,15,EW_GREEN,1.0,0.0
56340,15,EW_YELLOW,2.0,0.0
56345,15,NS_GREEN,2.0,1.0
56350,15,NS_GREEN,0.0,2.0
56355,15,NS_GREEN,0.0,2.0
56360,15,NS_GREEN,0.0,2.0
56365,15,NS_GREEN,0.0,3.0
56370,15,NS_GREEN,0.0,4.0
56375,15,NS_YELLOW,0.0,5.0
56380,15,EW_GREEN,0.0,6.0
56385,15,EW_GREEN,0.0,3.5
56390,15,EW_GREEN,1.0,1.0
56395,15,EW_GREEN,2.0,0.0
56400,15,EW_GREEN,2.0,0.0
56405,15,EW_GREEN,2.0,0.0
56410,15,EW_YELLOW,2.0,0.0
56415,15,NS_GREEN,3.0,1.0
56420,15,NS_GREEN,1.5,2.0
56425,15,NS_GREEN,0.0,2.0
56430,15,NS_GREEN,0.0,2.0
56435,15,NS_GREEN,0.0,3.0
56440,15,NS_GREEN,0.0,3.0
56445,15,NS_YELLOW,0.0,3.0
56450,15,EW_GREEN,0.0,3.0
56455,15,EW_GREEN,1.0,0.5
56460,15,EW_GREEN,1.0,0.0
56465,15,EW_GREEN,2.0,0.0
56470,15,EW_GREEN,3.0,0.0
56475,15,EW_GREEN,3.0,0.0
56480,15,EW_YELLOW,3.0,0.0
56485,15,NS_GREEN,3.0,1.0
56490,15,NS_GREEN,0.5,1.0
56495,15,NS_GREEN,0.0,1.0
56500,15,NS_GREEN,0.0,1.0
56505,15,NS_GREEN,0.0,1.0
56510,15,NS_GREEN,0.0,1.0
56515,15,NS_YELLOW,0.0,1.0
56520,15,EW_GREEN,0.0,2.0
56525,15,EW_GREEN,0.0,0.0
56530,15,EW_GREEN,0.0,0.0
56535,15,EW_GREEN,0.0,0.0
56540,15,EW_GREEN,0.0,0.0
56545,15,EW_GREEN,0.0,0.0
56550,15,EW_YELLOW,1.0,0.0
56555,15,NS_GREEN,2.0,1.0
56560,15,NS_GREEN,0.5,1.0
56565,15,NS_GREEN,0.0,2.0
56570,15,NS_GREEN,0.0,3.0
56575,15,NS_GREEN,0.0,3.0
56580,15,NS_GREEN,0.0,3.0
56585,15,NS_YELLOW,0.0,4.0
56590,15,EW_GREEN,0.0,5.0
56595,15,EW_GREEN,1.0,3.5
56600,15,EW_GREEN,1.0,1.0
56605,15,EW_GREEN,2.0,0.0
56610,15,EW_GREEN,2.0,0.0
56615,15,EW_GREEN,2.0,0.0
56620,15,EW_YELLOW,2.0,0.0
56625,15,NS_GREEN,3.0,1.0
56630,15,NS_GREEN,0.5,1.0
56635,15,NS_GREEN,0.0,2.0
56640,15,NS_GREEN,0.0,3.0
56645,15,NS_GREEN,0.0,4.0
56650,15,NS_GREEN,0.0,4.0
56655,15,NS_YELLOW,0.0,4.0
56660,15,EW_GREEN,0.0,5.0
56665,15,EW_GREEN,0.0,2.5
56670,15,EW_GREEN,1.0,1.0
56675,15,EW_GREEN,1.0,0.0
56680,15,EW_GREEN,2.0,0.0
56685,15,EW_GREEN,3.0,0.0
56690,15,EW_YELLOW,4.0,0.0
56695,15,NS_GREEN,4.0,0.0
56700,15,NS_GREEN,1.5,1.0
56705,15,NS_GREEN,0.0,2.0
56710,15,NS_GREEN,0.0,2.0
56715,15,NS_GREEN,0.0,3.0
56720,15,NS_GREEN,0.0,4.0
56725,15,NS_YELLOW,0.0,4.0
56730,15,EW_GREEN,0.0,4.0
56735,15,EW_GREEN,0.0,1.5
56740,15,EW_GREEN,1.0,0.0
56745,15,EW_GREEN,2.0,0.0
56750,15,EW_GREEN,3.0,0.0
56755,15,EW_GREEN,3.0,0.0
56760,15,EW_YELLOW,3.0,0.0
56765,15,NS_GREEN,3.0,1.0
56770,15,NS_GREEN,1.5,2.0
56775,15,NS_GREEN,0.0,2.0
56780,15,NS_GREEN,0.0,2.0
56785,15,NS_GREEN,0.0,3.0
56790,15,NS_GREEN,0.0,4.0
56795,15,NS_YELLOW,0.0,5.0
56800,15,EW_GREEN,0.0,5.0
56805,15,EW_GREEN,0.0,3.5
56810,15,EW_GREEN,0.0,1.0
56815,15,EW_GREEN,1.0,0.0
56820,15,EW_GREEN,2.0,0.0
56825,15,EW_GREEN,2.0,0.0
56830,15,EW_YELLOW,2.0,0.0
56835,15,NS_GREEN,2.0,1.0
56840,15,NS_GREEN,0.0,2.0
56845,15,NS_GREEN,0.0,2.0
56850,15,NS_GREEN,0.0,3.0
56855,15,NS_GREEN,0.0,3.0
56860,15,NS_GREEN,0.0,4.0
56865,15,NS_YELLOW,0.0,5.0
56870,15,EW_GREEN,1.0,6.0
56875,15,EW_GREEN,1.0,3.5
56880,15,EW_GREEN,1.0,1.0
56885,15,EW_GREEN,1.0,0.0
56890,15,EW_GREEN,1.0,0.0
56895,15,EW_GREEN,2.0,0.0
56900,15,EW_YELLOW,2.0,0.0
56905,15,NS_GREEN,2.0,0.0
56910,15,NS_GREEN,0.0,0.0
56915,15,NS_GREEN,0.0,1.0
56920,15,NS_GREEN,0.0,2.0
56925,15,NS_GREEN,0.0,3.0
56930,15,NS_GREEN,0.0,4.0
56935,15,NS_YELLOW,0.0,4.0
56940,15,EW_GREEN,0.0,5.0
56945,15,EW_GREEN,0.0,2.5
56950,15,EW_GREEN,1.0,1.0
56955,15,EW_GREEN,2.0,0.0
56960,15,EW_GREEN,3.0,0.0
56965,15,EW_GREEN,3.0,0.0
56970,15,EW_YELLOW,3.0,0.0
56975,15,NS_GREEN,3.0,0.0
56980,15,NS_GREEN,1.5,1.0
56985,15,NS_GREEN,0.0,1.0
56990,15,NS_GREEN,0.0,2.0
56995,15,NS_GREEN,0.0,3.0
57000,15,NS_GREEN,0.0,3.0
57005,15,NS_YELLOW,0.0,3.0
57010,15,EW_GREEN,0.0,3.0
57015,15,EW_GREEN,0.0,1.5
57020,15,EW_GREEN,1.0,0.0
57025,15,EW_GREEN,1.0,0.0
57030,15,EW_GREEN,2.0,0.0
57035,15,EW_GREEN,2.0,0.0
57040,15,EW_YELLOW,2.0,0.0
57045,15,NS_GREEN,2.0,0.0
57050,15,NS_GREEN,0.5,0.0
57055,15,NS_GREEN,0.0,0.0
57060,15,NS_GREEN,0.0,0.0
57065,15,NS_GREEN,0.0,0.0
57070,15,NS_GREEN,0.0,0.0
57075,15,NS_YELLOW,0.0,1.0
57080,15,EW_GREEN,1.0,1.0
57085,15,EW_GREEN,2.0,0.0
57090,15,EW_GREEN,3.0,0.0
57095,15,EW_GREEN,3.0,0.0
57100,15,EW_GREEN,3.0,0.0
57105,15,EW_GREEN,3.0,0.0
57110,15,EW_YELLOW,3.0,0.0
57115,15,NS_GREEN,3.0,1.0
57120,15,NS_GREEN,1.5,1.0
57125,15,NS_GREEN,0.0,2.0
57130,15,NS_GREEN,0.0,2.0
57135,15,NS_GREEN,0.0,2.0
57140,15,NS_GREEN,0.0,3.0
57145,15,NS_YELLOW,0.0,3.0
57150,15,EW_GREEN,0.0,4.0
57155,15,EW_GREEN,1.0,2.5
57160,15,EW_GREEN,2.0,0.0
57165,15,EW_GREEN,2.0,0.0
57170,15,EW_GREEN,2.0,0.0
57175,15,EW_GREEN,3.0,0.0
57180,15,EW_YELLOW,3.0,0.0
57185,15,NS_GREEN,3.0,0.0
57190,15,NS_GREEN,1.5,0.0
57195,15,NS_GREEN,0.0,0.0
57200,15,NS_GREEN,0.0,0.0
57205,15,NS_GREEN,0.0,0.0
57210,15,NS_GREEN,0.0,0.0
57215,15,NS_YELLOW,0.0,1.0
57220,15,EW_GREEN,0.0,1.0
57225,15,EW_GREEN,0.0,0.0
57230,15,EW_GREEN,0.0,0.0
57235,15,EW_GREEN,0.0,0.0
57240,15,EW_GREEN,0.0,0.0
57245,15,EW_GREEN,1.0,0.0
57250,15,EW_YELLOW,2.0,0.0
57255,15,NS_GREEN,2.0,0.0
57260,15,NS_GREEN,0.5,0.0
57265,15,NS_GREEN,0.0,0.0
57270,15,NS_GREEN,0.0,1.0
57275,15,NS_GREEN,0.0,2.0
57280,15,NS_GREEN,0.0,3.0
57285,15,NS_YELLOW,0.0,3.0
57290,15,EW_GREEN,0.0,3.0
57295,15,EW_GREEN,1.0,0.5
57300,15,EW_GREEN,1.0,0.0
57305,15,EW_GREEN,2.0,0.0
57310,15,EW_GREEN,3.0,0.0
57315,15,EW_GREEN,4.0,0.0
57320,15,EW_YELLOW,4.0,0.0
57325,15,NS_GREEN,4.0,1.0
57330,15,NS_GREEN,1.5,1.0
57335,15,NS_GREEN,0.0,1.0
57340,15,NS_GREEN,0.0,1.0
57345,15,NS_GREEN,0.0,2.0
57350,15,NS_GREEN,0.0,2.0
57355,15,NS_YELLOW,0.0,2.0
57360,15,EW_GREEN,1.0,2.0
57365,15,EW_GREEN,1.0,0.5
57370,15,EW_GREEN,2.0,0.0
57375,15,EW_GREEN,3.0,0.0
57380,15,EW_GREEN,3.0,0.0
57385,15,EW_GREEN,4.0,0.0
57390,15,EW_YELLOW,5.0,0.0
57395,15,NS_GREEN,6.0,1.0
57400,15,NS_GREEN,4.5,1.0
57405,15,NS_GREEN,2.0,1.0
57410,15,NS_GREEN,0.5,2.0
57415,15,NS_GREEN,0.0,2.0
57420,15,NS_GREEN,0.0,3.0
57425,15,NS_YELLOW,0.0,3.0
57430,15,EW_GREEN,1.0,3.0
57435,15,EW_GREEN,1.0,0.5
57440,15,EW_GREEN,1.0,0.0
57445,15,EW_GREEN,1.0,0.0
57450,15,EW_GREEN,1.0,0.0
57455,15,EW_GREEN,1.0,0.0
57460,15,EW_YELLOW,2.0,0.0
57465,15,NS_GREEN,3.0,1.0
57470,15,NS_GREEN,1.5,1.0
57475,15,NS_GREEN,0.0,1.0
57480,15,NS_GREEN,0.0,2.0
57485,15,NS_GREEN,0.0,3.0
57490,15,NS_GREEN,0.0,3.0
57495,15,NS_YELLOW,0.0,4.0
57500,15,EW_GREEN,0.0,5.0
57505,15,EW_GREEN,1.0,2.5
57510,15,EW_GREEN,1.0,1.0
57515,15,EW_GREEN,2.0,0.0
57520,15,EW_GREEN,3.0,0.0
57525,15,EW_GREEN,3.0,0.0
57530,15,EW_YELLOW,4.0,0.0
57535,15,NS_GREEN,5.0,1.0
57540,15,NS_GREEN,2.5,2.0
57545,15,NS_GREEN,1.0,2.0
57550,15,NS_GREEN,0.0,3.0
57555,15,NS_GREEN,0.0,4.0
57560,15,NS_GREEN,0.0,4.0
57565,15,NS_YELLOW,0.0,4.0
57570,15,EW_GREEN,1.0,5.0
57575,15,EW_GREEN,2.0,3.5
57580,15,EW_GREEN,3.0,2.0
57585,15,EW_GREEN,4.0,0.0
57590,15,EW_GREEN,4.0,0.0
57595,15,EW_GREEN,5.0,0.0
57600,16,EW_YELLOW,5.0,0.0
57605,16,NS_GREEN,5.0,0.0
57610,16,NS_GREEN,3.5,1.0
57615,16,NS_GREEN,2.0,2.0
57620,16,NS_GREEN,0.5,2.0
57625,16,NS_GREEN,0.0,3.0
57630,16,NS_GREEN,0.0,3.0
57635,16,NS_YELLOW,0.0,4.0
57640,16,EW_GREEN,0.0,5.0
57645,16,EW_GREEN,1.0,3.5
57650,16,EW_GREEN,2.0,2.0
57655,16,EW_GREEN,3.0,0.5
57660,16,EW_GREEN,4.0,0.0
57665,16,EW_GREEN,5.0,0.0
57670,16,EW_YELLOW,5.0,0.0
57675,16,NS_GREEN,5.0,1.0
57680,16,NS_GREEN,3.5,1.0
57685,16,NS_GREEN,2.0,1.0
57690,16,NS_GREEN,0.5,2.0
57695,16,NS_GREEN,0.0,3.0
57700,16,NS_GREEN,0.0,3.0
57705,16,NS_YELLOW,0.0,4.0
57710,16,EW_GREEN,0.0,5.0
57715,16,EW_GREEN,1.0,3.5
57720,16,EW_GREEN,1.0,2.0
57725,16,EW_GREEN,1.0,0.5
57730,16,EW_GREEN,2.0,0.0
57735,16,EW_GREEN,3.0,0.0
57740,16,EW_YELLOW,4.0,0.0
57745,16,NS_GREEN,5.0,1.0
57750,16,NS_GREEN,2.5,2.0
57755,16,NS_GREEN,0.0,3.0
57760,16,NS_GREEN,0.0,4.0
57765,16,NS_GREEN,0.0,4.0
57770,16,NS_GREEN,0.0,5.0
57775,16,NS_YELLOW,0.0,6.0
57780,16,EW_GREEN,0.0,6.0
57785,16,EW_GREEN,0.0,4.5
57790,16,EW_GREEN,1.0,3.0
57795,16,EW_GREEN,1.0,1.5
57800,16,EW_GREEN,1.0,0.0
57805,16,EW_GREEN,2.0,0.0
57810,16,EW_YELLOW,3.0,0.0
57815,16,NS_GREEN,4.0,1.0
57820,16,NS_GREEN,1.5,1.0
57825,16,NS_GREEN,0.0,2.0
57830,16,NS_GREEN,0.0,3.0
57835,16,NS_GREEN,0.0,4.0
57840,16,NS_GREEN,0.0,4.0
57845,16,NS_YELLOW,0.0,4.0
57850,16,EW_GREEN,1.0,5.0
57855,16,EW_GREEN,2.0,2.5
57860,16,EW_GREEN,2.0,1.0
57865,16,EW_GREEN,3.0,0.0
57870,16,EW_GREEN,3.0,0.0
57875,16,EW_GREEN,3.0,0.0
57880,16,EW_YELLOW,4.0,0.0
57885,16,NS_GREEN,4.0,0.0
57890,16,NS_GREEN,2.5,1.0
57895,16,NS_GREEN,1.0,2.0
57900,16,NS_GREEN,0.0,3.0
57905,16,NS_GREEN,0.0,3.0
57910,16,NS_GREEN,0.0,3.0
57915,16,NS_YELLOW,0.0,3.0
57920,16,EW_GREEN,1.0,4.0
57925,16,EW_GREEN,1.0,2.5
57930,16,EW_GREEN,1.0,0.0
57935,16,EW_GREEN,1.0,0.0
57940,16,EW_GREEN,1.0,0.0
57945,16,EW_GREEN,1.0,0.0
57950,16,EW_YELLOW,1.0,0.0
57955,16,NS_GREEN,2.0,1.0
57960,16,NS_GREEN,0.5,2.0
57965,16,NS_GREEN,0.0,3.0
57970,16,NS_GREEN,0.0,4.0
57975,16,NS_GREEN,0.0,5.0
57980,16,NS_GREEN,0.0,6.0
57985,16,NS_YELLOW,0.0,7.0
57990,16,EW_GREEN,1.0,7.0
57995,16,EW_GREEN,1.0,5.5
58000,16,EW_GREEN,1.0,4.0
58005,16,EW_GREEN,1.0,2.5
58010,16,EW_GREEN,1.0,0.0
58015,16,EW_GREEN,2.0,0.0
58020,16,EW_YELLOW,3.0,0.0
58025,16,NS_GREEN,4.0,1.0
58030,16,NS_GREEN,1.5,2.0
58035,16,NS_GREEN,0.0,3.0
58040,16,NS_GREEN,0.0,4.0
58045,16,NS_GREEN,0.0,5.0
58050,16,NS_GREEN,0.0,6.0
58055,16,NS_YELLOW,0.0,7.0
58060,16,EW_GREEN,1.0,7.0
58065,16,EW_GREEN,2.0,5.5
58070,16,EW_GREEN,3.0,4.0
58075,16,EW_GREEN,3.0,2.5
58080,16,EW_GREEN,4.0,1.0
58085,16,EW_GREEN,4.0,0.0
58090,16,EW_YELLOW,5.0,0.0
58095,16,NS_GREEN,6.0,0.0
58100,16,NS_GREEN,3.5,1.0
58105,16,NS_GREEN,2.0,1.0
58110,16,NS_GREEN,0.0,1.0
58115,16,NS_GREEN,0.0,2.0
58120,16,NS_GREEN,0.0,3.0
58125,16,NS_YELLOW,0.0,4.0
58130,16,EW_GREEN,0.0,5.0
58135,16,EW_GREEN,1.0,2.5
58140,16,EW_GREEN,2.0,1.0
58145,16,EW_GREEN,3.0,0.0
58150,16,EW_GREEN,3.0,0.0
58155,16,EW_GREEN,4.0,0.0
58160,16,EW_YELLOW,4.0,0.0
58165,16,NS_GREEN,5.0,1.0
58170,16,NS_GREEN,3.5,1.0
58175,16,NS_GREEN,2.0,2.0
58180,16,NS_GREEN,0.5,2.0
58185,16,NS_GREEN,0.0,3.0
58190,16,NS_GREEN,0.0,3.0
58195,16,NS_YELLOW,0.0,4.0
58200,16,EW_GREEN,1.0,5.0
58205,16,EW_GREEN,1.0,3.5
58210,16,EW_GREEN,1.0,2.0
58215,16,EW_GREEN,2.0,0.5
58220,16,EW_GREEN,2.0,0.0
58225,16,EW_GREEN,2.0,0.0
58230,16,EW_YELLOW,3.0,0.0
58235,16,NS_GREEN,3.0,1.0
58240,16,NS_GREEN,0.5,2.0
58245,16,NS_GREEN,0.0,3.0
58250,16,NS_GREEN,0.0,4.0
58255,16,NS_GREEN,0.0,4.0
58260,16,NS_GREEN,0.0,5.0
58265,16,NS_YELLOW,0.0,6.0
58270,16,EW_GREEN,1.0,7.0
58275,16,EW_GREEN,2.0,4.5
58280,16,EW_GREEN,3.0,3.0
58285,16,EW_GREEN,4.0,0.5
58290,16,EW_GREEN,4.0,0.0
58295,16,EW_GREEN,5.0,0.0
58300,16,EW_YELLOW,5.0,0.0
58305,16,NS_GREEN,6.0,0.0
58310,16,NS_GREEN,4.5,1.0
58315,16,NS_GREEN,2.0,2.0
58320,16,NS_GREEN,0.0,3.0
58325,16,NS_GREEN,0.0,3.0
58330,16,NS_GREEN,0.0,4.0
58335,16,NS_YELLOW,0.0,4.0
58340,16,EW_GREEN,1.0,4.0
58345,16,EW_GREEN,2.0,2.5
58350,16,EW_GREEN,3.0,1.0
58355,16,EW_GREEN,3.0,0.0
58360,16,EW_GREEN,3.0,0.0
58365,16,EW_GREEN,4.0,0.0
58370,16,EW_YELLOW,5.0,0.0
58375,16,NS_GREEN,6.0,1.0
58380,16,NS_GREEN,4.5,2.0
58385,16,NS_GREEN,3.0,2.0
58390,16,NS_GREEN,1.5,3.0
58395,16,NS_GREEN,0.0,3.0
58400,16,NS_GREEN,0.0,4.0
58405,16,NS_YELLOW,0.0,4.0
58410,16,EW_GREEN,0.0,5.0
58415,16,EW_GREEN,1.0,3.5
58420,16,EW_GREEN,2.0,2.0
58425,16,EW_GREEN,3.0,0.0
58430,16,EW_GREEN,4.0,0.0
58435,16,EW_GREEN,5.0,0.0
58440,16,EW_YELLOW,6.0,0.0
58445,16,NS_GREEN,6.0,1.0
58450,16,NS_GREEN,3.5,2.0
58455,16,NS_GREEN,1.0,2.0
58460,16,NS_GREEN,0.0,3.0
58465,16,NS_GREEN,0.0,3.0
58470,16,NS_GREEN,0.0,4.0
58475,16,NS_YELLOW,0.0,5.0
58480,16,EW_GREEN,0.0,5.0
58485,16,EW_GREEN,0.0,3.5
58490,16,EW_GREEN,1.0,2.0
58495,16,EW_GREEN,2.0,0.5
58500,16,EW_GREEN,3.0,0.0
58505,16,EW_GREEN,4.0,0.0
58510,16,EW_YELLOW,5.0,0.0
58515,16,NS_GREEN,5.0,0.0
58520,16,NS_GREEN,3.5,1.0
58525,16,NS_GREEN,2.0,2.0
58530,16,NS_GREEN,0.0,2.0
58535,16,NS_GREEN,0.0,2.0
58540,16,NS_GREEN,0.0,2.0
58545,16,NS_YELLOW,0.0,3.0
58550,16,EW_GREEN,1.0,4.0
58555,16,EW_GREEN,2.0,1.5
58560,16,EW_GREEN,2.0,0.0
58565,16,EW_GREEN,3.0,0.0
58570,16,EW_GREEN,4.0,0.0
58575,16,EW_GREEN,4.0,0.0
58580,16,EW_YELLOW,4.0,0.0
58585,16,NS_GREEN,5.0,1.0
58590,16,NS_GREEN,3.5,2.0
58595,16,NS_GREEN,2.0,3.0
58600,16,NS_GREEN,0.0,3.0
58605,16,NS_GREEN,0.0,3.0
58610,16,NS_GREEN,0.0,4.0
58615,16,NS_YELLOW,0.0,5.0
58620,16,EW_GREEN,0.0,6.0
58625,16,EW_GREEN,1.0,3.5
58630,16,EW_GREEN,2.0,1.0
58635,16,EW_GREEN,2.0,0.0
58640,16,EW_GREEN,2.0,0.0
58645,16,EW_GREEN,3.0,0.0
58650,16,EW_YELLOW,3.0,0.0
58655,16,NS_GREEN,4.0,1.0
58660,16,NS_GREEN,2.5,2.0
58665,16,NS_GREEN,0.0,3.0
58670,16,NS_GREEN,0.0,4.0
58675,16,NS_GREEN,0.0,5.0
58680,16,NS_GREEN,0.0,6.0
58685,16,NS_YELLOW,0.0,6.0
58690,16,EW_GREEN,1.0,7.0
58695,16,EW_GREEN,2.0,4.5
58700,16,EW_GREEN,3.0,3.0
58705,16,EW_GREEN,3.0,0.5
58710,16,EW_GREEN,4.0,0.0
58715,16,EW_GREEN,5.0,0.0
58720,16,EW_YELLOW,5.0,0.0
58725,16,NS_GREEN,5.0,0.0
58730,16,NS_GREEN,2.5,1.0
58735,16,NS_GREEN,0.0,2.0
58740,16,NS_GREEN,0.0,3.0
58745,16,NS_GREEN,0.0,4.0
58750,16,NS_GREEN,0.0,4.0
58755,16,NS_YELLOW,0.0,4.0
58760,16,EW_GREEN,1.0,5.0
58765,16,EW_GREEN,1.0,2.5
58770,16,EW_GREEN,2.0,1.0
58775,16,EW_GREEN,3.0,0.0
58780,16,EW_GREEN,4.0,0.0
58785,16,EW_GREEN,5.0,0.0
58790,16,EW_YELLOW,5.0,0.0
58795,16,NS_GREEN,5.0,0.0
58800,16,NS_GREEN,3.5,0.0
58805,16,NS_GREEN,1.0,1.0
58810,16,NS_GREEN,0.0,2.0
58815,16,NS_GREEN,0.0,3.0
58820,16,NS_GREEN,0.0,4.0
58825,16,NS_YELLOW,0.0,4.0
58830,16,EW_GREEN,1.0,4.0
58835,16,EW_GREEN,2.0,2.5
58840,16,EW_GREEN,3.0,0.0
58845,16,EW_GREEN,4.0,0.0
58850,16,EW_GREEN,4.0,0.0
58855,16,EW_GREEN,5.0,0.0
58860,16,EW_YELLOW,5.0,0.0
58865,16,NS_GREEN,6.0,0.0
58870,16,NS_GREEN,3.5,1.0
58875,16,NS_GREEN,1.0,2.0
58880,16,NS_GREEN,0.0,3.0
58885,16,NS_GREEN,0.0,4.0
58890,16,NS_GREEN,0.0,5.0
58895,16,NS_YELLOW,0.0,6.0
58900,16,EW_GREEN,0.0,6.0
58905,16,EW_GREEN,1.0,3.5
58910,16,EW_GREEN,2.0,2.0
58915,16,EW_GREEN,2.0,0.5
58920,16,EW_GREEN,2.0,0.0
58925,16,EW_GREEN,3.0,0.0
58930,16,EW_YELLOW,3.0,0.0
58935,16,NS_GREEN,3.0,0.0
58940,16,NS_GREEN,1.5,1.0
58945,16,NS_GREEN,0.0,2.0
58950,16,NS_GREEN,0.0,2.0
58955,16,NS_GREEN,0.0,3.0
58960,16,NS_GREEN,0.0,4.0
58965,16,NS_YELLOW,0.0,4.0
58970,16,EW_GREEN,0.0,5.0
58975,16,EW_GREEN,1.0,2.5
58980,16,EW_GREEN,2.0,1.0
58985,16,EW_GREEN,3.0,0.0
58990,16,EW_GREEN,4.0,0.0
58995,16,EW_GREEN,5.0,0.0
59000,16,EW_YELLOW,6.0,0.0
59005,16,NS_GREEN,7.0,0.0
59010,16,NS_GREEN,5.5,1.0
59015,16,NS_GREEN,3.0,2.0
59020,16,NS_GREEN,0.5,3.0
59025,16,NS_GREEN,0.0,4.0
59030,16,NS_GREEN,0.0,5.0
59035,16,NS_YELLOW,0.0,5.0
59040,16,EW_GREEN,1.0,6.0
59045,16,EW_GREEN,2.0,3.5
59050,16,EW_GREEN,2.0,1.0
59055,16,EW_GREEN,3.0,0.0
59060,16,EW_GREEN,4.0,0.0
59065,16,EW_GREEN,4.0,0.0
59070,16,EW_YELLOW,5.0,0.0
59075,16,NS_GREEN,6.0,1.0
59080,16,NS_GREEN,4.5,2.0
59085,16,NS_GREEN,2.0,3.0
59090,16,NS_GREEN,0.0,4.0
59095,16,NS_GREEN,0.0,5.0
59100,16,NS_GREEN,0.0,6.0
59105,16,NS_YELLOW,0.0,7.0
59110,16,EW_GREEN,0.0,8.0
59115,16,EW_GREEN,0.0,6.5
59120,16,EW_GREEN,1.0,5.0
59125,16,EW_GREEN,1.0,3.5
59130,16,EW_GREEN,2.0,2.0
59135,16,EW_GREEN,3.0,0.0
59140,16,EW_YELLOW,4.0,0.0
59145,16,NS_GREEN,4.0,1.0
59150,16,NS_GREEN,2.5,2.0
59155,16,NS_GREEN,0.0,2.0
59160,16,NS_GREEN,0.0,2.0
59165,16,NS_GREEN,0.0,3.0
59170,16,NS_GREEN,0.0,4.0
59175,16,NS_YELLOW,0.0,4.0
59180,16,EW_GREEN,0.0,4.0
59185,16,EW_GREEN,1.0,2.5
59190,16,EW_GREEN,2.0,1.0
59195,16,EW_GREEN,2.0,0.0
59200,16,EW_GREEN,2.0,0.0
59205,16,EW_GREEN,2.0,0.0
59210,16,EW_YELLOW,3.0,0.0
59215,16,NS_GREEN,4.0,1.0
59220,16,NS_GREEN,2.5,1.0
59225,16,NS_GREEN,1.0,2.0
59230,16,NS_GREEN,0.0,2.0
59235,16,NS_GREEN,0.0,3.0
59240,16,NS_GREEN,0.0,3.0
59245,16,NS_YELLOW,0.0,4.0
59250,16,EW_GREEN,0.0,5.0
59255,16,EW_GREEN,0.0,3.5
59260,16,EW_GREEN,0.0,1.0
59265,16,EW_GREEN,1.0,0.0
59270,16,EW_GREEN,2.0,0.0
59275,16,EW_GREEN,3.0,0.0
59280,16,EW_YELLOW,4.0,0.0
59285,16,NS_GREEN,4.0,0.0
59290,16,NS_GREEN,1.5,1.0
59295,16,NS_GREEN,0.0,2.0
59300,16,NS_GREEN,0.0,3.0
59305,16,NS_GREEN,0.0,3.0
59310,16,NS_GREEN,0.0,4.0
59315,16,NS_YELLOW,0.0,5.0
59320,16,EW_GREEN,1.0,6.0
59325,16,EW_GREEN,1.0,4.5
59330,16,EW_GREEN,2.0,2.0
59335,16,EW_GREEN,2.0,0.0
59340,16,EW_GREEN,2.0,0.0
59345,16,EW_GREEN,3.0,0.0
59350,16,EW_YELLOW,4.0,0.0
59355,16,NS_GREEN,5.0,1.0
59360,16,NS_GREEN,3.5,2.0
59365,16,NS_GREEN,2.0,2.0
59370,16,NS_GREEN,0.0,3.0
59375,16,NS_GREEN,0.0,4.0
59380,16,NS_GREEN,0.0,5.0
59385,16,NS_YELLOW,0.0,6.0
59390,16,EW_GREEN,1.0,7.0
59395,16,EW_GREEN,2.0,5.5
59400,16,EW_GREEN,3.0,4.0
59405,16,EW_GREEN,3.0,2.5
59410,16,EW_GREEN,4.0,1.0
59415,16,EW_GREEN,4.0,0.0
59420,16,EW_YELLOW,4.0,0.0
59425,16,NS_GREEN,5.0,1.0
59430,16,NS_GREEN,2.5,2.0
59435,16,NS_GREEN,0.0,3.0
59440,16,NS_GREEN,0.0,4.0
59445,16,NS_GREEN,0.0,5.0
59450,16,NS_GREEN,0.0,6.0
59455,16,NS_YELLOW,0.0,6.0
59460,16,EW_GREEN,1.0,6.0
59465,16,EW_GREEN,1.0,4.5
59470,16,EW_GREEN,2.0,3.0
59475,16,EW_GREEN,3.0,1.5
59480,16,EW_GREEN,4.0,0.0
59485,16,EW_GREEN,5.0,0.0
59490,16,EW_YELLOW,6.0,0.0
59495,16,NS_GREEN,6.0,1.0
59500,16,NS_GREEN,4.5,2.0
59505,16,NS_GREEN,3.0,3.0
59510,16,NS_GREEN,1.5,3.0
59515,16,NS_GREEN,0.0,4.0
59520,16,NS_GREEN,0.0,5.0
59525,16,NS_YELLOW,0.0,6.0
59530,16,EW_GREEN,1.0,6.0
59535,16,EW_GREEN,2.0,3.5
59540,16,EW_GREEN,3.0,2.0
59545,16,EW_GREEN,3.0,0.0
59550,16,EW_GREEN,4.0,0.0
59555,16,EW_GREEN,4.0,0.0
59560,16,EW_YELLOW,5.0,0.0
59565,16,NS_GREEN,5.0,1.0
59570,16,NS_GREEN,2.5,1.0
59575,16,NS_GREEN,1.0,2.0
59580,16,NS_GREEN,0.0,3.0
59585,16,NS_GREEN,0.0,4.0
59590,16,NS_GREEN,0.0,5.0
59595,16,NS_YELLOW,0.0,6.0
59600,16,EW_GREEN,0.0,7.0
59605,16,EW_GREEN,0.0,4.5
59610,16,EW_GREEN,1.0,3.0
59615,16,EW_GREEN,2.0,0.5
59620,16,EW_GREEN,2.0,0.0
59625,16,EW_GREEN,2.0,0.0
59630,16,EW_YELLOW,3.0,0.0
59635,16,NS_GREEN,4.0,0.0
59640,16,NS_GREEN,1.5,0.0
59645,16,NS_GREEN,0.0,1.0
59650,16,NS_GREEN,0.0,1.0
59655,16,NS_GREEN,0.0,2.0
59660,16,NS_GREEN,0.0,3.0
59665,16,NS_YELLOW,0.0,4.0
59670,16,EW_GREEN,1.0,5.0
59675,16,EW_GREEN,2.0,2.5
59680,16,EW_GREEN,2.0,1.0
59685,16,EW_GREEN,2.0,0.0
59690,16,EW_GREEN,3.0,0.0
59695,16,EW_GREEN,3.0,0.0
59700,16,EW_YELLOW,3.0,0.0
59705,16,NS_GREEN,4.0,0.0
59710,16,NS_GREEN,2.5,0.0
59715,16,NS_GREEN,1.0,1.0
59720,16,NS_GREEN,0.0,2.0
59725,16,NS_GREEN,0.0,3.0
59730,16,NS_GREEN,0.0,4.0
59735,16,NS_YELLOW,0.0,5.0
59740,16,EW_GREEN,0.0,6.0
59745,16,EW_GREEN,0.0,3.5
59750,16,EW_GREEN,0.0,1.0
59755,16,EW_GREEN,1.0,0.0
59760,16,EW_GREEN,2.0,0.0
59765,16,EW_GREEN,3.0,0.0
59770,16,EW_YELLOW,3.0,0.0
59775,16,NS_GREEN,3.0,0.0
59780,16,NS_GREEN,1.5,1.0
59785,16,NS_GREEN,0.0,2.0
59790,16,NS_GREEN,0.0,3.0
59795,16,NS_GREEN,0.0,3.0
59800,16,NS_GREEN,0.0,4.0
59805,16,NS_YELLOW,0.0,4.0
59810,16,EW_GREEN,1.0,5.0
59815,16,EW_GREEN,2.0,3.5
59820,16,EW_GREEN,3.0,1.0
59825,16,EW_GREEN,4.0,0.0
59830,16,EW_GREEN,5.0,0.0
59835,16,EW_GREEN,6.0,0.0
59840,16,EW_YELLOW,7.0,0.0
59845,16,NS_GREEN,8.0,1.0
59850,16,NS_GREEN,5.5,1.0
59855,16,NS_GREEN,4.0,2.0
59860,16,NS_GREEN,2.5,2.0
59865,16,NS_GREEN,1.0,2.0
59870,16,NS_GREEN,0.0,2.0
59875,16,NS_YELLOW,0.0,2.0
59880,16,EW_GREEN,1.0,3.0
59885,16,EW_GREEN,2.0,1.5
59890,16,EW_GREEN,2.0,0.0
59895,16,EW_GREEN,2.0,0.0
59900,16,EW_GREEN,2.0,0.0
59905,16,EW_GREEN,3.0,0.0
59910,16,EW_YELLOW,3.0,0.0
59915,16,NS_GREEN,4.0,1.0
59920,16,NS_GREEN,1.5,2.0
59925,16,NS_GREEN,0.0,3.0
59930,16,NS_GREEN,0.0,4.0
59935,16,NS_GREEN,0.0,4.0
59940,16,NS_GREEN,0.0,4.0
59945,16,NS_YELLOW,0.0,4.0
59950,16,EW_GREEN,1.0,5.0
59955,16,EW_GREEN,1.0,3.5
59960,16,EW_GREEN,2.0,2.0
59965,16,EW_GREEN,3.0,0.5
59970,16,EW_GREEN,4.0,0.0
59975,16,EW_GREEN,5.0,0.0
59980,16,EW_YELLOW,6.0,0.0
59985,16,NS_GREEN,7.0,0.0
59990,16,NS_GREEN,5.5,1.0
59995,16,NS_GREEN,4.0,2.0
60000,16,NS_GREEN,1.5,3.0
60005,16,NS_GREEN,0.0,3.0
60010,16,NS_GREEN,0.0,4.0
60015,16,NS_YELLOW,0.0,5.0
60020,16,EW_GREEN,1.0,6.0
60025,16,EW_GREEN,2.0,3.5
60030,16,EW_GREEN,3.0,2.0
60035,16,EW_GREEN,3.0,0.5
60040,16,EW_GREEN,4.0,0.0
60045,16,EW_GREEN,5.0,0.0
60050,16,EW_YELLOW,6.0,0.0
60055,16,NS_GREEN,6.0,1.0
60060,16,NS_GREEN,4.5,2.0
60065,16,NS_GREEN,2.0,3.0
60070,16,NS_GREEN,0.5,3.0
60075,16,NS_GREEN,0.0,4.0
60080,16,NS_GREEN,0.0,5.0
60085,16,NS_YELLOW,0.0,6.0
60090,16,EW_GREEN,1.0,7.0
60095,16,EW_GREEN,2.0,4.5
60100,16,EW_GREEN,3.0,3.0
60105,16,EW_GREEN,3.0,1.5
60110,16,EW_GREEN,4.0,0.0
60115,16,EW_GREEN,5.0,0.0
60120,16,EW_YELLOW,6.0,0.0
60125,16,NS_GREEN,7.0,1.0
60130,16,NS_GREEN,5.5,2.0
60135,16,NS_GREEN,4.0,2.0
60140,16,NS_GREEN,2.5,3.0
60145,16,NS_GREEN,0.0,4.0
60150,16,NS_GREEN,0.0,4.0
60155,16,NS_YELLOW,0.0,4.0
60160,16,EW_GREEN,1.0,4.0
60165,16,EW_GREEN,2.0,2.5
60170,16,EW_GREEN,2.0,1.0
60175,16,EW_GREEN,2.0,0.0
60180,16,EW_GREEN,3.0,0.0
60185,16,EW_GREEN,3.0,0.0
60190,16,EW_YELLOW,4.0,0.0
60195,16,NS_GREEN,4.0,1.0
60200,16,NS_GREEN,1.5,2.0
60205,16,NS_GREEN,0.0,3.0
60210,16,NS_GREEN,0.0,4.0
60215,16,NS_GREEN,0.0,4.0
60220,16,NS_GREEN,0.0,4.0
60225,16,NS_YELLOW,0.0,5.0
60230,16,EW_GREEN,1.0,6.0
60235,16,EW_GREEN,1.0,3.5
60240,16,EW_GREEN,2.0,1.0
60245,16,EW_GREEN,3.0,0.0
60250,16,EW_GREEN,3.0,0.0
60255,16,EW_GREEN,4.0,0.0
60260,16,EW_YELLOW,5.0,0.0
60265,16,NS_GREEN,5.0,1.0
60270,16,NS_GREEN,3.5,2.0
60275,16,NS_GREEN,1.0,3.0
60280,16,NS_GREEN,0.0,3.0
60285,16,NS_GREEN,0.0,4.0
60290,16,NS_GREEN,0.0,5.0
60295,16,NS_YELLOW,0.0,6.0
60300,16,EW_GREEN,1.0,7.0
60305,16,EW_GREEN,1.0,5.5
60310,16,EW_GREEN,2.0,4.0
60315,16,EW_GREEN,3.0,2.5
60320,16,EW_GREEN,4.0,0.0
60325,16,EW_GREEN,5.0,0.0
60330,16,EW_YELLOW,6.0,0.0
60335,16,NS_GREEN,7.0,1.0
60340,16,NS_GREEN,5.5,2.0
60345,16,NS_GREEN,3.0,3.0
60350,16,NS_GREEN,0.5,3.0
60355,16,NS_GREEN,0.0,4.0
60360,16,NS_GREEN,0.0,5.0
60365,16,NS_YELLOW,0.0,6.0
60370,16,EW_GREEN,1.0,7.0
60375,16,EW_GREEN,1.0,5.5
60380,16,EW_GREEN,2.0,4.0
60385,16,EW_GREEN,2.0,2.5
60390,16,EW_GREEN,2.0,1.0
60395,16,EW_GREEN,2.0,0.0
60400,16,EW_YELLOW,2.0,0.0
60405,16,NS_GREEN,2.0,1.0
60410,16,NS_GREEN,0.5,2.0
60415,16,NS_GREEN,0.0,2.0
60420,16,NS_GREEN,0.0,3.0
60425,16,NS_GREEN,0.0,4.0
60430,16,NS_GREEN,0.0,5.0
60435,16,NS_YELLOW,0.0,5.0
60440,16,EW_GREEN,0.0,5.0
60445,16,EW_GREEN,0.0,3.5
60450,16,EW_GREEN,1.0,2.0
60455,16,EW_GREEN,2.0,0.5
60460,16,EW_GREEN,3.0,0.0
60465,16,EW_GREEN,4.0,0.0
60470,16,EW_YELLOW,4.0,0.0
60475,16,NS_GREEN,5.0,0.0
60480,16,NS_GREEN,3.5,1.0
60485,16,NS_GREEN,1.0,2.0
60490,16,NS_GREEN,0.0,3.0
60495,16,NS_GREEN,0.0,3.0
60500,16,NS_GREEN,0.0,4.0
60505,16,NS_YELLOW,0.0,4.0
60510,16,EW_GREEN,1.0,5.0
60515,16,EW_GREEN,2.0,3.5
60520,16,EW_GREEN,3.0,2.0
60525,16,EW_GREEN,4.0,0.0
60530,16,EW_GREEN,4.0,0.0
60535,16,EW_GREEN,4.0,0.0
60540,16,EW_YELLOW,4.0,0.0
60545,16,NS_GREEN,4.0,0.0
60550,16,NS_GREEN,1.5,0.0
60555,16,NS_GREEN,0.0,0.0
60560,16,NS_GREEN,0.0,1.0
60565,16,NS_GREEN,0.0,2.0
60570,16,NS_GREEN,0.0,3.0
60575,16,NS_YELLOW,0.0,4.0
60580,16,EW_GREEN,1.0,5.0
60585,16,EW_GREEN,2.0,2.5
60590,16,EW_GREEN,2.0,1.0
60595,16,EW_GREEN,2.0,0.0
60600,16,EW_GREEN,3.0,0.0
60605,16,EW_GREEN,4.0,0.0
60610,16,EW_YELLOW,5.0,0.0
60615,16,NS_GREEN,6.0,0.0
60620,16,NS_GREEN,4.5,0.0
60625,16,NS_GREEN,2.0,0.0
60630,16,NS_GREEN,0.5,0.0
60635,16,NS_GREEN,0.0,1.0
60640,16,NS_GREEN,0.0,2.0
60645,16,NS_YELLOW,0.0,3.0
60650,16,EW_GREEN,1.0,4.0
60655,16,EW_GREEN,2.0,2.5
60660,16,EW_GREEN,2.0,1.0
60665,16,EW_GREEN,2.0,0.0
60670,16,EW_GREEN,3.0,0.0
60675,16,EW_GREEN,3.0,0.0
60680,16,EW_YELLOW,4.0,0.0
60685,16,NS_GREEN,5.0,0.0
60690,16,NS_GREEN,3.5,1.0
60695,16,NS_GREEN,2.0,2.0
60700,16,NS_GREEN,0.5,3.0
60705,16,NS_GREEN,0.0,4.0
60710,16,NS_GREEN,0.0,5.0
60715,16,NS_YELLOW,0.0,6.0
60720,16,EW_GREEN,1.0,7.0
60725,16,EW_GREEN,1.0,5.5
60730,16,EW_GREEN,1.0,4.0
60735,16,EW_GREEN,2.0,1.5
60740,16,EW_GREEN,3.0,0.0
60745,16,EW_GREEN,3.0,0.0
60750,16,EW_YELLOW,3.0,0.0
60755,16,NS_GREEN,3.0,1.0
60760,16,NS_GREEN,1.5,2.0
60765,16,NS_GREEN,0.0,3.0
60770,16,NS_GREEN,0.0,4.0
60775,16,NS_GREEN,0.0,5.0
60780,16,NS_GREEN,0.0,6.0
60785,16,NS_YELLOW,0.0,7.0
60790,16,EW_GREEN,0.0,8.0
60795,16,EW_GREEN,1.0,6.5
60800,16,EW_GREEN,2.0,5.0
60805,16,EW_GREEN,3.0,3.5
60810,16,EW_GREEN,3.0,1.0
60815,16,EW_GREEN,3.0,0.0
60820,16,EW_YELLOW,3.0,0.0
60825,16,NS_GREEN,4.0,1.0
60830,16,NS_GREEN,1.5,2.0
60835,16,NS_GREEN,0.0,3.0
60840,16,NS_GREEN,0.0,4.0
60845,16,NS_GREEN,0.0,5.0
60850,16,NS_GREEN,0.0,6.0
60855,16,NS_YELLOW,0.0,7.0
60860,16,EW_GREEN,0.0,8.0
60865,16,EW_GREEN,0.0,6.5
60870,16,EW_GREEN,0.0,5.0
60875,16,EW_GREEN,1.0,3.5
60880,16,EW_GREEN,1.0,2.0
60885,16,EW_GREEN,2.0,0.0
60890,16,EW_YELLOW,2.0,0.0
60895,16,NS_GREEN,2.0,1.0
60900,16,NS_GREEN,0.0,1.0
60905,16,NS_GREEN,0.0,2.0
60910,16,NS_GREEN,0.0,3.0
60915,16,NS_GREEN,0.0,3.0
60920,16,NS_GREEN,0.0,4.0
60925,16,NS_YELLOW,0.0,5.0
60930,16,EW_GREEN,1.0,5.0
60935,16,EW_GREEN,1.0,2.5
60940,16,EW_GREEN,1.0,1.0
60945,16,EW_GREEN,2.0,0.0
60950,16,EW_GREEN,3.0,0.0
60955,16,EW_GREEN,4.0,0.0
60960,16,EW_YELLOW,4.0,0.0
60965,16,NS_GREEN,4.0,0.0
60970,16,NS_GREEN,1.5,0.0
60975,16,NS_GREEN,0.0,0.0
60980,16,NS_GREEN,0.0,1.0
60985,16,NS_GREEN,0.0,2.0
60990,16,NS_GREEN,0.0,3.0
60995,16,NS_YELLOW,0.0,3.0
61000,16,EW_GREEN,0.0,4.0
61005,16,EW_GREEN,1.0,1.5
61010,16,EW_GREEN,1.0,0.0
61015,16,EW_GREEN,1.0,0.0
61020,16,EW_GREEN,2.0,0.0
61025,16,EW_GREEN,2.0,0.0
61030,16,EW_YELLOW,2.0,0.0
61035,16,NS_GREEN,2.0,1.0
61040,16,NS_GREEN,0.5,2.0
61045,16,NS_GREEN,0.0,3.0
61050,16,NS_GREEN,0.0,3.0
61055,16,NS_GREEN,0.0,3.0
61060,16,NS_GREEN,0.0,4.0
61065,16,NS_YELLOW,0.0,4.0
61070,16,EW_GREEN,0.0,5.0
61075,16,EW_GREEN,0.0,3.5
61080,16,EW_GREEN,1.0,2.0
61085,16,EW_GREEN,2.0,0.5
61090,16,EW_GREEN,3.0,0.0
61095,16,EW_GREEN,4.0,0.0
61100,16,EW_YELLOW,5.0,0.0
61105,16,NS_GREEN,6.0,1.0
61110,16,NS_GREEN,4.5,1.0
61115,16,NS_GREEN,3.0,2.0
61120,16,NS_GREEN,1.5,3.0
61125,16,NS_GREEN,0.0,4.0
61130,16,NS_GREEN,0.0,5.0
61135,16,NS_YELLOW,0.0,6.0
61140,16,EW_GREEN,0.0,7.0
61145,16,EW_GREEN,1.0,5.5
61150,16,EW_GREEN,1.0,4.0
61155,16,EW_GREEN,2.0,2.5
61160,16,EW_GREEN,3.0,0.0
61165,16,EW_GREEN,3.0,0.0
61170,16,EW_YELLOW,3.0,0.0
61175,16,NS_GREEN,4.0,0.0
61180,16,NS_GREEN,1.5,1.0
61185,16,NS_GREEN,0.0,2.0
61190,16,NS_GREEN,0.0,2.0
61195,16,NS_GREEN,0.0,3.0
61200,17,NS_GREEN,0.0,4.0
61205,17,NS_YELLOW,0.0,5.0
61210,17,EW_GREEN,0.0,5.0
61215,17,EW_GREEN,1.0,2.5
61220,17,EW_GREEN,2.0,0.0
61225,17,EW_GREEN,3.0,0.0
61230,17,EW_GREEN,4.0,0.0
61235,17,EW_GREEN,5.0,0.0
61240,17,EW_YELLOW,6.0,0.0
61245,17,NS_GREEN,6.0,1.0
61250,17,NS_GREEN,4.5,1.0
61255,17,NS_GREEN,2.0,1.0
61260,17,NS_GREEN,0.0,2.0
61265,17,NS_GREEN,0.0,2.0
61270,17,NS_GREEN,0.0,3.0
61275,17,NS_YELLOW,0.0,4.0
61280,17,EW_GREEN,1.0,5.0
61285,17,EW_GREEN,2.0,3.5
61290,17,EW_GREEN,3.0,1.0
61295,17,EW_GREEN,3.0,0.0
61300,17,EW_GREEN,3.0,0.0
61305,17,EW_GREEN,3.0,0.0
61310,17,EW_YELLOW,3.0,0.0
61315,17,NS_GREEN,4.0,1.0
61320,17,NS_GREEN,2.5,1.0
61325,17,NS_GREEN,1.0,1.0
61330,17,NS_GREEN,0.0,2.0
61335,17,NS_GREEN,0.0,3.0
61340,17,NS_GREEN,0.0,4.0
61345,17,NS_YELLOW,0.0,5.0
61350,17,EW_GREEN,1.0,5.0
61355,17,EW_GREEN,2.0,3.5
61360,17,EW_GREEN,3.0,1.0
61365,17,EW_GREEN,4.0,0.0
61370,17,EW_GREEN,4.0,0.0
61375,17,EW_GREEN,5.0,0.0
61380,17,EW_YELLOW,5.0,0.0
61385,17,NS_GREEN,6.0,1.0
61390,17,NS_GREEN,4.5,2.0
61395,17,NS_GREEN,2.0,3.0
61400,17,NS_GREEN,0.5,3.0
61405,17,NS_GREEN,0.0,4.0
61410,17,NS_GREEN,0.0,5.0
61415,17,NS_YELLOW,0.0,5.0
61420,17,EW_GREEN,0.0,6.0
61425,17,EW_GREEN,1.0,4.5
61430,17,EW_GREEN,2.0,3.0
61435,17,EW_GREEN,3.0,0.5
61440,17,EW_GREEN,4.0,0.0
61445,17,EW_GREEN,5.0,0.0
61450,17,EW_YELLOW,6.0,0.0
61455,17,NS_GREEN,7.0,0.0
61460,17,NS_GREEN,5.5,1.0
61465,17,NS_GREEN,4.0,2.0
61470,17,NS_GREEN,2.5,2.0
61475,17,NS_GREEN,1.0,3.0
61480,17,NS_GREEN,0.0,3.0
61485,17,NS_YELLOW,0.0,4.0
61490,17,EW_GREEN,1.0,5.0
61495,17,EW_GREEN,2.0,3.5
61500,17,EW_GREEN,3.0,2.0
61505,17,EW_GREEN,4.0,0.0
61510,17,EW_GREEN,4.0,0.0
61515,17,EW_GREEN,5.0,0.0
61520,17,EW_YELLOW,6.0,0.0
61525,17,NS_GREEN,6.0,1.0
61530,17,NS_GREEN,4.5,2.0
61535,17,NS_GREEN,2.0,3.0
61540,17,NS_GREEN,0.5,4.0
61545,17,NS_GREEN,0.0,5.0
61550,17,NS_GREEN,0.0,5.0
61555,17,NS_YELLOW,0.0,5.0
61560,17,EW_GREEN,1.0,6.0
61565,17,EW_GREEN,2.0,4.5
61570,17,EW_GREEN,2.0,3.0
61575,17,EW_GREEN,3.0,0.5
61580,17,EW_GREEN,4.0,0.0
61585,17,EW_GREEN,5.0,0.0
61590,17,EW_YELLOW,6.0,0.0
61595,17,NS_GREEN,6.0,0.0
61600,17,NS_GREEN,4.5,1.0
61605,17,NS_GREEN,3.0,2.0
61610,17,NS_GREEN,1.5,2.0
61615,17,NS_GREEN,0.0,3.0
61620,17,NS_GREEN,0.0,4.0
61625,17,NS_YELLOW,0.0,5.0
61630,17,EW_GREEN,1.0,6.0
61635,17,EW_GREEN,2.0,4.5
61640,17,EW_GREEN,2.0,3.0
61645,17,EW_GREEN,3.0,1.5
61650,17,EW_GREEN,4.0,0.0
61655,17,EW_GREEN,5.0,0.0
61660,17,EW_YELLOW,6.0,0.0
61665,17,NS_GREEN,7.0,1.0
61670,17,NS_GREEN,5.5,1.0
61675,17,NS_GREEN,4.0,2.0
61680,17,NS_GREEN,2.5,3.0
61685,17,NS_GREEN,1.0,4.0
61690,17,NS_GREEN,0.0,5.0
61695,17,NS_YELLOW,0.0,6.0
61700,17,EW_GREEN,1.0,6.0
61705,17,EW_GREEN,1.0,4.5
61710,17,EW_GREEN,2.0,3.0
61715,17,EW_GREEN,3.0,0.5
61720,17,EW_GREEN,3.0,0.0
61725,17,EW_GREEN,4.0,0.0
61730,17,EW_YELLOW,5.0,0.0
61735,17,NS_GREEN,5.0,1.0
61740,17,NS_GREEN,2.5,2.0
61745,17,NS_GREEN,0.0,3.0
61750,17,NS_GREEN,0.0,3.0
61755,17,NS_GREEN,0.0,4.0
61760,17,NS_GREEN,0.0,5.0
61765,17,NS_YELLOW,0.0,6.0
61770,17,EW_GREEN,1.0,6.0
61775,17,EW_GREEN,2.0,4.5
61780,17,EW_GREEN,3.0,3.0
61785,17,EW_GREEN,4.0,1.5
61790,17,EW_GREEN,5.0,0.0
61795,17,EW_GREEN,6.0,0.0
61800,17,EW_YELLOW,7.0,0.0
61805,17,NS_GREEN,8.0,1.0
61810,17,NS_GREEN,5.5,2.0
61815,17,NS_GREEN,3.0,2.0
61820,17,NS_GREEN,0.5,3.0
61825,17,NS_GREEN,0.0,4.0
61830,17,NS_GREEN,0.0,5.0
61835,17,NS_YELLOW,0.0,6.0
61840,17,EW_GREEN,1.0,7.0
61845,17,EW_GREEN,1.0,5.5
61850,17,EW_GREEN,2.0,4.0
61855,17,EW_GREEN,3.0,2.5
61860,17,EW_GREEN,3.0,1.0
61865,17,EW_GREEN,4.0,0.0
61870,17,EW_YELLOW,4.0,0.0
61875,17,NS_GREEN,5.0,1.0
61880,17,NS_GREEN,3.5,2.0
61885,17,NS_GREEN,1.0,3.0
61890,17,NS_GREEN,0.0,4.0
61895,17,NS_GREEN,0.0,4.0
61900,17,NS_GREEN,0.0,5.0
61905,17,NS_YELLOW,0.0,6.0
61910,17,EW_GREEN,0.0,6.0
61915,17,EW_GREEN,1.0,4.5
61920,17,EW_GREEN,2.0,2.0
61925,17,EW_GREEN,3.0,0.5
61930,17,EW_GREEN,4.0,0.0
61935,17,EW_GREEN,5.0,0.0
61940,17,EW_YELLOW,5.0,0.0
61945,17,NS_GREEN,5.0,1.0
61950,17,NS_GREEN,3.5,2.0
61955,17,NS_GREEN,1.0,3.0
61960,17,NS_GREEN,0.0,4.0
61965,17,NS_GREEN,0.0,4.0
61970,17,NS_GREEN,0.0,5.0
61975,17,NS_YELLOW,0.0,6.0
61980,17,EW_GREEN,0.0,7.0
61985,17,EW_GREEN,0.0,5.5
61990,17,EW_GREEN,0.0,3.0
61995,17,EW_GREEN,0.0,0.5
62000,17,EW_GREEN,1.0,0.0
62005,17,EW_GREEN,1.0,0.0
62010,17,EW_YELLOW,2.0,0.0
62015,17,NS_GREEN,3.0,1.0
62020,17,NS_GREEN,1.5,1.0
62025,17,NS_GREEN,0.0,2.0
62030,17,NS_GREEN,0.0,3.0
62035,17,NS_GREEN,0.0,3.0
62040,17,NS_GREEN,0.0,4.0
62045,17,NS_YELLOW,0.0,5.0
62050,17,EW_GREEN,1.0,6.0
62055,17,EW_GREEN,2.0,4.5
62060,17,EW_GREEN,2.0,3.0
62065,17,EW_GREEN,3.0,1.5
62070,17,EW_GREEN,3.0,0.0
62075,17,EW_GREEN,4.0,0.0
62080,17,EW_YELLOW,4.0,0.0
62085,17,NS_GREEN,4.0,1.0
62090,17,NS_GREEN,1.5,2.0
62095,17,NS_GREEN,0.0,2.0
62100,17,NS_GREEN,0.0,3.0
62105,17,NS_GREEN,0.0,4.0
62110,17,NS_GREEN,0.0,5.0
62115,17,NS_YELLOW,0.0,6.0
62120,17,EW_GREEN,1.0,7.0
62125,17,EW_GREEN,1.0,4.5
62130,17,EW_GREEN,2.0,3.0
62135,17,EW_GREEN,3.0,1.5
62140,17,EW_GREEN,3.0,0.0
62145,17,EW_GREEN,4.0,0.0
62150,17,EW_YELLOW,5.0,0.0
62155,17,NS_GREEN,6.0,1.0
62160,17,NS_GREEN,4.5,2.0
62165,17,NS_GREEN,3.0,2.0
62170,17,NS_GREEN,1.5,2.0
62175,17,NS_GREEN,0.0,2.0
62180,17,NS_GREEN,0.0,3.0
62185,17,NS_YELLOW,0.0,4.0
62190,17,EW_GREEN,0.0,5.0
62195,17,EW_GREEN,1.0,3.5
62200,17,EW_GREEN,1.0,2.0
62205,17,EW_GREEN,2.0,0.5
62210,17,EW_GREEN,2.0,0.0
62215,17,EW_GREEN,3.0,0.0
62220,17,EW_YELLOW,3.0,0.0
62225,17,NS_GREEN,3.0,1.0
62230,17,NS_GREEN,1.5,2.0
62235,17,NS_GREEN,0.0,3.0
62240,17,NS_GREEN,0.0,4.0
62245,17,NS_GREEN,0.0,5.0
62250,17,NS_GREEN,0.0,6.0
62255,17,NS_YELLOW,0.0,7.0
62260,17,EW_GREEN,0.0,7.0
62265,17,EW_GREEN,0.0,5.5
62270,17,EW_GREEN,1.0,4.0
62275,17,EW_GREEN,2.0,2.5
62280,17,EW_GREEN,3.0,1.0
62285,17,EW_GREEN,3.0,0.0
62290,17,EW_YELLOW,4.0,0.0
62295,17,NS_GREEN,4.0,1.0
62300,17,NS_GREEN,1.5,2.0
62305,17,NS_GREEN,0.0,2.0
62310,17,NS_GREEN,0.0,3.0
62315,17,NS_GREEN,0.0,4.0
62320,17,NS_GREEN,0.0,5.0
62325,17,NS_YELLOW,0.0,6.0
62330,17,EW_GREEN,1.0,7.0
62335,17,EW_GREEN,2.0,4.5
62340,17,EW_GREEN,2.0,2.0
62345,17,EW_GREEN,3.0,0.5
62350,17,EW_GREEN,4.0,0.0
62355,17,EW_GREEN,5.0,0.0
62360,17,EW_YELLOW,6.0,0.0
62365,17,NS_GREEN,7.0,0.0
62370,17,NS_GREEN,5.5,0.0
62375,17,NS_GREEN,4.0,0.0
62380,17,NS_GREEN,2.5,1.0
62385,17,NS_GREEN,1.0,2.0
62390,17,NS_GREEN,0.0,2.0
62395,17,NS_YELLOW,0.0,3.0
62400,17,EW_GREEN,1.0,4.0
62405,17,EW_GREEN,2.0,1.5
62410,17,EW_GREEN,3.0,0.0
62415,17,EW_GREEN,4.0,0.0
62420,17,EW_GREEN,5.0,0.0
62425,17,EW_GREEN,6.0,0.0
62430,17,EW_YELLOW,6.0,0.0
62435,17,NS_GREEN,6.0,1.0
62440,17,NS_GREEN,4.5,2.0
62445,17,NS_GREEN,3.0,3.0
62450,17,NS_GREEN,1.5,4.0
62455,17,NS_GREEN,0.0,5.0
62460,17,NS_GREEN,0.0,5.0
62465,17,NS_YELLOW,0.0,6.0
62470,17,EW_GREEN,0.0,6.0
62475,17,EW_GREEN,1.0,4.5
62480,17,EW_GREEN,1.0,3.0
62485,17,EW_GREEN,2.0,1.5
62490,17,EW_GREEN,2.0,0.0
62495,17,EW_GREEN,2.0,0.0
62500,17,EW_YELLOW,3.0,0.0
62505,17,NS_GREEN,4.0,0.0
62510,17,NS_GREEN,2.5,1.0
62515,17,NS_GREEN,1.0,2.0
62520,17,NS_GREEN,0.0,3.0
62525,17,NS_GREEN,0.0,4.0
62530,17,NS_GREEN,0.0,5.0
62535,17,NS_YELLOW,0.0,6.0
62540,17,EW_GREEN,0.0,7.0
62545,17,EW_GREEN,0.0,4.5
62550,17,EW_GREEN,1.0,3.0
62555,17,EW_GREEN,1.0,1.5
62560,17,EW_GREEN,2.0,0.0
62565,17,EW_GREEN,3.0,0.0
62570,17,EW_YELLOW,4.0,0.0
62575,17,NS_GREEN,5.0,1.0
62580,17,NS_GREEN,3.5,1.0
62585,17,NS_GREEN,1.0,2.0
62590,17,NS_GREEN,0.0,3.0
62595,17,NS_GREEN,0.0,3.0
62600,17,NS_GREEN,0.0,4.0
62605,17,NS_YELLOW,0.0,5.0
62610,17,EW_GREEN,1.0,6.0
62615,17,EW_GREEN,2.0,4.5
62620,17,EW_GREEN,3.0,3.0
62625,17,EW_GREEN,4.0,1.5
62630,17,EW_GREEN,5.0,0.0
62635,17,EW_GREEN,5.0,0.0
62640,17,EW_YELLOW,5.0,0.0
62645,17,NS_GREEN,6.0,1.0
62650,17,NS_GREEN,4.5,2.0
62655,17,NS_GREEN,2.0,3.0
62660,17,NS_GREEN,0.5,4.0
62665,17,NS_GREEN,0.0,4.0
62670,17,NS_GREEN,0.0,5.0
62675,17,NS_YELLOW,0.0,6.0
62680,17,EW_GREEN,0.0,7.0
62685,17,EW_GREEN,0.0,5.5
62690,17,EW_GREEN,0.0,4.0
62695,17,EW_GREEN,1.0,2.5
62700,17,EW_GREEN,1.0,0.0
62705,17,EW_GREEN,1.0,0.0
62710,17,EW_YELLOW,2.0,0.0
62715,17,NS_GREEN,2.0,1.0
62720,17,NS_GREEN,0.5,2.0
62725,17,NS_GREEN,0.0,2.0
62730,17,NS_GREEN,0.0,3.0
62735,17,NS_GREEN,0.0,4.0
62740,17,NS_GREEN,0.0,4.0
62745,17,NS_YELLOW,0.0,4.0
62750,17,EW_GREEN,1.0,4.0
62755,17,EW_GREEN,2.0,2.5
62760,17,EW_GREEN,3.0,0.0
62765,17,EW_GREEN,4.0,0.0
62770,17,EW_GREEN,4.0,0.0
62775,17,EW_GREEN,5.0,0.0
62780,17,EW_YELLOW,6.0,0.0
62785,17,NS_GREEN,7.0,1.0
62790,17,NS_GREEN,5.5,2.0
62795,17,NS_GREEN,4.0,3.0
62800,17,NS_GREEN,2.5,3.0
62805,17,NS_GREEN,0.0,3.0
62810,17,NS_GREEN,0.0,3.0
62815,17,NS_YELLOW,0.0,4.0
62820,17,EW_GREEN,1.0,5.0
62825,17,EW_GREEN,2.0,2.5
62830,17,EW_GREEN,3.0,1.0
62835,17,EW_GREEN,4.0,0.0
62840,17,EW_GREEN,5.0,0.0
62845,17,EW_GREEN,6.0,0.0
62850,17,EW_YELLOW,7.0,0.0
62855,17,NS_GREEN,8.0,0.0
62860,17,NS_GREEN,6.5,1.0
62865,17,NS_GREEN,5.0,1.0
62870,17,NS_GREEN,3.5,2.0
62875,17,NS_GREEN,2.0,3.0
62880,17,NS_GREEN,0.0,3.0
62885,17,NS_YELLOW,0.0,3.0
62890,17,EW_GREEN,0.0,4.0
62895,17,EW_GREEN,0.0,2.5
62900,17,EW_GREEN,1.0,1.0
62905,17,EW_GREEN,2.0,0.0
62910,17,EW_GREEN,2.0,0.0
62915,17,EW_GREEN,2.0,0.0
62920,17,EW_YELLOW,2.0,0.0
62925,17,NS_GREEN,3.0,1.0
62930,17,NS_GREEN,1.5,2.0
62935,17,NS_GREEN,0.0,2.0
62940,17,NS_GREEN,0.0,2.0
62945,17,NS_GREEN,0.0,3.0
62950,17,NS_GREEN,0.0,4.0
62955,17,NS_YELLOW,0.0,5.0
62960,17,EW_GREEN,1.0,6.0
62965,17,EW_GREEN,1.0,4.5
62970,17,EW_GREEN,2.0,3.0
62975,17,EW_GREEN,2.0,0.5
62980,17,EW_GREEN,3.0,0.0
62985,17,EW_GREEN,3.0,0.0
62990,17,EW_YELLOW,4.0,0.0
62995,17,NS_GREEN,4.0,0.0
63000,17,NS_GREEN,2.5,1.0
63005,17,NS_GREEN,1.0,2.0
63010,17,NS_GREEN,0.0,3.0
63015,17,NS_GREEN,0.0,4.0
63020,17,NS_GREEN,0.0,5.0
63025,17,NS_YELLOW,0.0,6.0
63030,17,EW_GREEN,1.0,7.0
63035,17,EW_GREEN,2.0,5.5
63040,17,EW_GREEN,2.0,4.0
63045,17,EW_GREEN,3.0,2.5
63050,17,EW_GREEN,3.0,0.0
63055,17,EW_GREEN,4.0,0.0
63060,17,EW_YELLOW,5.0,0.0
63065,17,NS_GREEN,6.0,0.0
63070,17,NS_GREEN,3.5,1.0
63075,17,NS_GREEN,1.0,2.0
63080,17,NS_GREEN,0.0,3.0
63085,17,NS_GREEN,0.0,4.0
63090,17,NS_GREEN,0.0,5.0
63095,17,NS_YELLOW,0.0,6.0
63100,17,EW_GREEN,0.0,6.0
63105,17,EW_GREEN,1.0,4.5
63110,17,EW_GREEN,2.0,3.0
63115,17,EW_GREEN,3.0,1.5
63120,17,EW_GREEN,4.0,0.0
63125,17,EW_GREEN,4.0,0.0
63130,17,EW_YELLOW,5.0,0.0
63135,17,NS_GREEN,6.0,0.0
63140,17,NS_GREEN,3.5,0.0
63145,17,NS_GREEN,2.0,1.0
63150,17,NS_GREEN,0.5,2.0
63155,17,NS_GREEN,0.0,3.0
63160,17,NS_GREEN,0.0,4.0
63165,17,NS_YELLOW,0.0,5.0
63170,17,EW_GREEN,1.0,6.0
63175,17,EW_GREEN,2.0,4.5
63180,17,EW_GREEN,3.0,3.0
63185,17,EW_GREEN,4.0,0.5
63190,17,EW_GREEN,5.0,0.0
63195,17,EW_GREEN,6.0,0.0
63200,17,EW_YELLOW,7.0,0.0
63205,17,NS_GREEN,8.0,1.0
63210,17,NS_GREEN,6.5,2.0
63215,17,NS_GREEN,4.0,2.0
63220,17,NS_GREEN,2.5,3.0
63225,17,NS_GREEN,1.0,4.0
63230,17,NS_GREEN,0.0,5.0
63235,17,NS_YELLOW,0.0,6.0
63240,17,EW_GREEN,0.0,7.0
63245,17,EW_GREEN,1.0,5.5
63250,17,EW_GREEN,2.0,4.0
63255,17,EW_GREEN,2.0,2.5
63260,17,EW_GREEN,2.0,1.0
63265,17,EW_GREEN,3.0,0.0
63270,17,EW_YELLOW,4.0,0.0
63275,17,NS_GREEN,4.0,1.0
63280,17,NS_GREEN,1.5,1.0
63285,17,NS_GREEN,0.0,2.0
63290,17,NS_GREEN,0.0,3.0
63295,17,NS_GREEN,0.0,4.0
63300,17,NS_GREEN,0.0,5.0
63305,17,NS_YELLOW,0.0,6.0
63310,17,EW_GREEN,1.0,7.0
63315,17,EW_GREEN,2.0,5.5
63320,17,EW_GREEN,3.0,4.0
63325,17,EW_GREEN,4.0,2.5
63330,17,EW_GREEN,5.0,0.0
63335,17,EW_GREEN,6.0,0.0
63340,17,EW_YELLOW,6.0,0.0
63345,17,NS_GREEN,7.0,0.0
63350,17,NS_GREEN,5.5,0.0
63355,17,NS_GREEN,4.0,0.0
63360,17,NS_GREEN,2.5,1.0
63365,17,NS_GREEN,0.0,2.0
63370,17,NS_GREEN,0.0,3.0
63375,17,NS_YELLOW,0.0,3.0
63380,17,EW_GREEN,0.0,3.0
63385,17,EW_GREEN,1.0,1.5
63390,17,EW_GREEN,2.0,0.0
63395,17,EW_GREEN,3.0,0.0
63400,17,EW_GREEN,4.0,0.0
63405,17,EW_GREEN,5.0,0.0
63410,17,EW_YELLOW,5.0,0.0
63415,17,NS_GREEN,5.0,1.0
63420,17,NS_GREEN,2.5,1.0
63425,17,NS_GREEN,1.0,1.0
63430,17,NS_GREEN,0.0,2.0
63435,17,NS_GREEN,0.0,2.0
63440,17,NS_GREEN,0.0,2.0
63445,17,NS_YELLOW,0.0,3.0
63450,17,EW_GREEN,1.0,3.0
63455,17,EW_GREEN,2.0,1.5
63460,17,EW_GREEN,3.0,0.0
63465,17,EW_GREEN,3.0,0.0
63470,17,EW_GREEN,3.0,0.0
63475,17,EW_GREEN,4.0,0.0
63480,17,EW_YELLOW,5.0,0.0
63485,17,NS_GREEN,6.0,1.0
63490,17,NS_GREEN,3.5,2.0
63495,17,NS_GREEN,1.0,2.0
63500,17,NS_GREEN,0.0,3.0
63505,17,NS_GREEN,0.0,4.0
63510,17,NS_GREEN,0.0,5.0
63515,17,NS_YELLOW,0.0,5.0
63520,17,EW_GREEN,1.0,6.0
63525,17,EW_GREEN,2.0,4.5
63530,17,EW_GREEN,2.0,3.0
63535,17,EW_GREEN,3.0,1.5
63540,17,EW_GREEN,4.0,0.0
63545,17,EW_GREEN,5.0,0.0
63550,17,EW_YELLOW,5.0,0.0
63555,17,NS_GREEN,5.0,1.0
63560,17,NS_GREEN,2.5,2.0
63565,17,NS_GREEN,1.0,3.0
63570,17,NS_GREEN,0.0,4.0
63575,17,NS_GREEN,0.0,5.0
63580,17,NS_GREEN,0.0,6.0
63585,17,NS_YELLOW,0.0,7.0
63590,17,EW_GREEN,1.0,8.0
63595,17,EW_GREEN,2.0,6.5
63600,17,EW_GREEN,3.0,5.0
63605,17,EW_GREEN,4.0,3.5
63610,17,EW_GREEN,4.0,2.0
63615,17,EW_GREEN,4.0,0.5
63620,17,EW_YELLOW,5.0,0.0
63625,17,NS_GREEN,5.0,1.0
63630,17,NS_GREEN,3.5,2.0
63635,17,NS_GREEN,2.0,3.0
63640,17,NS_GREEN,0.0,3.0
63645,17,NS_GREEN,0.0,3.0
63650,17,NS_GREEN,0.0,4.0
63655,17,NS_YELLOW,0.0,5.0
63660,17,EW_GREEN,0.0,5.0
63665,17,EW_GREEN,1.0,3.5
63670,17,EW_GREEN,1.0,1.0
63675,17,EW_GREEN,2.0,0.0
63680,17,EW_GREEN,2.0,0.0
63685,17,EW_GREEN,3.0,0.0
63690,17,EW_YELLOW,4.0,0.0
63695,17,NS_GREEN,5.0,1.0
63700,17,NS_GREEN,3.5,2.0
63705,17,NS_GREEN,2.0,3.0
63710,17,NS_GREEN,0.5,3.0
63715,17,NS_GREEN,0.0,4.0
63720,17,NS_GREEN,0.0,5.0
63725,17,NS_YELLOW,0.0,6.0
63730,17,EW_GREEN,0.0,7.0
63735,17,EW_GREEN,1.0,5.5
63740,17,EW_GREEN,1.0,4.0
63745,17,EW_GREEN,1.0,2.5
63750,17,EW_GREEN,1.0,1.0
63755,17,EW_GREEN,1.0,0.0
63760,17,EW_YELLOW,2.0,0.0
63765,17,NS_GREEN,2.0,1.0
63770,17,NS_GREEN,0.5,1.0
63775,17,NS_GREEN,0.0,2.0
63780,17,NS_GREEN,0.0,3.0
63785,17,NS_GREEN,0.0,4.0
63790,17,NS_GREEN,0.0,5.0
63795,17,NS_YELLOW,0.0,5.0
63800,17,EW_GREEN,1.0,6.0
63805,17,EW_GREEN,2.0,4.5
63810,17,EW_GREEN,2.0,3.0
63815,17,EW_GREEN,3.0,0.5
63820,17,EW_GREEN,4.0,0.0
63825,17,EW_GREEN,5.0,0.0
63830,17,EW_YELLOW,6.0,0.0
63835,17,NS_GREEN,7.0,1.0
63840,17,NS_GREEN,4.5,2.0
63845,17,NS_GREEN,3.0,3.0
63850,17,NS_GREEN,0.5,4.0
63855,17,NS_GREEN,0.0,5.0
63860,17,NS_GREEN,0.0,6.0
63865,17,NS_YELLOW,0.0,6.0
63870,17,EW_GREEN,0.0,7.0
63875,17,EW_GREEN,1.0,5.5
63880,17,EW_GREEN,1.0,3.0
63885,17,EW_GREEN,2.0,0.5
63890,17,EW_GREEN,3.0,0.0
63895,17,EW_GREEN,3.0,0.0
63900,17,EW_YELLOW,3.0,0.0
63905,17,NS_GREEN,4.0,1.0
63910,17,NS_GREEN,2.5,2.0
63915,17,NS_GREEN,1.0,3.0
63920,17,NS_GREEN,0.0,4.0
63925,17,NS_GREEN,0.0,5.0
63930,17,NS_GREEN,0.0,6.0
63935,17,NS_YELLOW,0.0,7.0
63940,17,EW_GREEN,1.0,8.0
63945,17,EW_GREEN,2.0,5.5
63950,17,EW_GREEN,3.0,3.0
63955,17,EW_GREEN,4.0,1.5
63960,17,EW_GREEN,4.0,0.0
63965,17,EW_GREEN,5.0,0.0
63970,17,EW_YELLOW,6.0,0.0
63975,17,NS_GREEN,6.0,0.0
63980,17,NS_GREEN,3.5,1.0
63985,17,NS_GREEN,1.0,2.0
63990,17,NS_GREEN,0.0,2.0
63995,17,NS_GREEN,0.0,3.0
64000,17,NS_GREEN,0.0,4.0
64005,17,NS_YELLOW,0.0,5.0
64010,17,EW_GREEN,0.0,5.0
64015,17,EW_GREEN,0.0,3.5
64020,17,EW_GREEN,0.0,2.0
64025,17,EW_GREEN,1.0,0.5
64030,17,EW_GREEN,2.0,0.0
64035,17,EW_GREEN,3.0,0.0
64040,17,EW_YELLOW,4.0,0.0
64045,17,NS_GREEN,5.0,1.0
64050,17,NS_GREEN,2.5,2.0
64055,17,NS_GREEN,1.0,3.0
64060,17,NS_GREEN,0.0,4.0
64065,17,NS_GREEN,0.0,5.0
64070,17,NS_GREEN,0.0,6.0
64075,17,NS_YELLOW,0.0,7.0
64080,17,EW_GREEN,1.0,8.0
64085,17,EW_GREEN,2.0,5.5
64090,17,EW_GREEN,2.0,3.0
64095,17,EW_GREEN,3.0,1.5
64100,17,EW_GREEN,4.0,0.0
64105,17,EW_GREEN,5.0,0.0
64110,17,EW_YELLOW,6.0,0.0
64115,17,NS_GREEN,6.0,1.0
64120,17,NS_GREEN,3.5,2.0
64125,17,NS_GREEN,2.0,2.0
64130,17,NS_GREEN,0.5,2.0
64135,17,NS_GREEN,0.0,2.0
64140,17,NS_GREEN,0.0,3.0
64145,17,NS_YELLOW,0.0,4.0
64150,17,EW_GREEN,1.0,5.0
64155,17,EW_GREEN,1.0,3.5
64160,17,EW_GREEN,1.0,2.0
64165,17,EW_GREEN,2.0,0.5
64170,17,EW_GREEN,3.0,0.0
64175,17,EW_GREEN,4.0,0.0
64180,17,EW_YELLOW,4.0,0.0
64185,17,NS_GREEN,4.0,0.0
64190,17,NS_GREEN,2.5,1.0
64195,17,NS_GREEN,0.0,1.0
64200,17,NS_GREEN,0.0,2.0
64205,17,NS_GREEN,0.0,3.0
64210,17,NS_GREEN,0.0,4.0
64215,17,NS_YELLOW,0.0,5.0
64220,17,EW_GREEN,1.0,6.0
64225,17,EW_GREEN,1.0,4.5
64230,17,EW_GREEN,1.0,3.0
64235,17,EW_GREEN,2.0,1.5
64240,17,EW_GREEN,2.0,0.0
64245,17,EW_GREEN,3.0,0.0
64250,17,EW_YELLOW,3.0,0.0
64255,17,NS_GREEN,3.0,1.0
64260,17,NS_GREEN,1.5,2.0
64265,17,NS_GREEN,0.0,3.0
64270,17,NS_GREEN,0.0,4.0
64275,17,NS_GREEN,0.0,5.0
64280,17,NS_GREEN,0.0,6.0
64285,17,NS_YELLOW,0.0,6.0
64290,17,EW_GREEN,1.0,7.0
64295,17,EW_GREEN,2.0,4.5
64300,17,EW_GREEN,3.0,3.0
64305,17,EW_GREEN,4.0,0.5
64310,17,EW_GREEN,5.0,0.0
64315,17,EW_GREEN,6.0,0.0
64320,17,EW_YELLOW,7.0,0.0
64325,17,NS_GREEN,8.0,1.0
64330,17,NS_GREEN,6.5,2.0
64335,17,NS_GREEN,5.0,3.0
64340,17,NS_GREEN,2.5,4.0
64345,17,NS_GREEN,1.0,4.0
64350,17,NS_GREEN,0.0,4.0
64355,17,NS_YELLOW,0.0,5.0
64360,17,EW_GREEN,1.0,6.0
64365,17,EW_GREEN,2.0,3.5
64370,17,EW_GREEN,2.0,2.0
64375,17,EW_GREEN,2.0,0.5
64380,17,EW_GREEN,2.0,0.0
64385,17,EW_GREEN,2.0,0.0
64390,17,EW_YELLOW,2.0,0.0
64395,17,NS_GREEN,3.0,1.0
64400,17,NS_GREEN,0.5,2.0
64405,17,NS_GREEN,0.0,3.0
64410,17,NS_GREEN,0.0,4.0
64415,17,NS_GREEN,0.0,4.0
64420,17,NS_GREEN,0.0,5.0
64425,17,NS_YELLOW,0.0,5.0
64430,17,EW_GREEN,1.0,6.0
64435,17,EW_GREEN,1.0,4.5
64440,17,EW_GREEN,1.0,3.0
64445,17,EW_GREEN,1.0,1.5
64450,17,EW_GREEN,1.0,0.0
64455,17,EW_GREEN,2.0,0.0
64460,17,EW_YELLOW,3.0,0.0
64465,17,NS_GREEN,4.0,1.0
64470,17,NS_GREEN,1.5,2.0
64475,17,NS_GREEN,0.0,3.0
64480,17,NS_GREEN,0.0,4.0
64485,17,NS_GREEN,0.0,5.0
64490,17,NS_GREEN,0.0,6.0
64495,17,NS_YELLOW,0.0,6.0
64500,17,EW_GREEN,0.0,7.0
64505,17,EW_GREEN,1.0,5.5
64510,17,EW_GREEN,2.0,4.0
64515,17,EW_GREEN,2.0,2.5
64520,17,EW_GREEN,3.0,0.0
64525,17,EW_GREEN,3.0,0.0
64530,17,EW_YELLOW,4.0,0.0
64535,17,NS_GREEN,4.0,1.0
64540,17,NS_GREEN,1.5,2.0
64545,17,NS_GREEN,0.0,3.0
64550,17,NS_GREEN,0.0,4.0
64555,17,NS_GREEN,0.0,5.0
64560,17,NS_GREEN,0.0,6.0
64565,17,NS_YELLOW,0.0,7.0
64570,17,EW_GREEN,1.0,8.0
64575,17,EW_GREEN,2.0,6.5
64580,17,EW_GREEN,2.0,5.0
64585,17,EW_GREEN,3.0,3.5
64590,17,EW_GREEN,3.0,2.0
64595,17,EW_GREEN,3.0,0.5
64600,17,EW_YELLOW,3.0,0.0
64605,17,NS_GREEN,3.0,1.0
64610,17,NS_GREEN,1.5,2.0
64615,17,NS_GREEN,0.0,3.0
64620,17,NS_GREEN,0.0,4.0
64625,17,NS_GREEN,0.0,5.0
64630,17,NS_GREEN,0.0,6.0
64635,17,NS_YELLOW,0.0,7.0
64640,17,EW_GREEN,1.0,8.0
64645,17,EW_GREEN,1.0,5.5
64650,17,EW_GREEN,2.0,4.0
64655,17,EW_GREEN,2.0,2.5
64660,17,EW_GREEN,3.0,1.0
64665,17,EW_GREEN,4.0,0.0
64670,17,EW_YELLOW,5.0,0.0
64675,17,NS_GREEN,6.0,1.0
64680,17,NS_GREEN,3.5,1.0
64685,17,NS_GREEN,1.0,2.0
64690,17,NS_GREEN,0.0,3.0
64695,17,NS_GREEN,0.0,4.0
64700,17,NS_GREEN,0.0,5.0
64705,17,NS_YELLOW,0.0,6.0
64710,17,EW_GREEN,1.0,7.0
64715,17,EW_GREEN,2.0,5.5
64720,17,EW_GREEN,3.0,4.0
64725,17,EW_GREEN,3.0,2.5
64730,17,EW_GREEN,4.0,1.0
64735,17,EW_GREEN,5.0,0.0
64740,17,EW_YELLOW,6.0,0.0
64745,17,NS_GREEN,7.0,1.0
64750,17,NS_GREEN,5.5,2.0
64755,17,NS_GREEN,3.0,3.0
64760,17,NS_GREEN,0.5,4.0
64765,17,NS_GREEN,0.0,4.0
64770,17,NS_GREEN,0.0,5.0
64775,17,NS_YELLOW,0.0,6.0
64780,17,EW_GREEN,1.0,7.0
64785,17,EW_GREEN,1.0,4.5
64790,17,EW_GREEN,2.0,3.0
64795,17,EW_GREEN,2.0,1.5
64800,18,EW_GREEN,3.0,0.0
64805,18,EW_GREEN,4.0,0.0
64810,18,EW_YELLOW,4.0,0.0
64815,18,NS_GREEN,5.0,1.0
64820,18,NS_GREEN,3.5,1.0
64825,18,NS_GREEN,2.0,2.0
64830,18,NS_GREEN,0.5,3.0
64835,18,NS_GREEN,0.0,4.0
64840,18,NS_GREEN,0.0,5.0
64845,18,NS_YELLOW,0.0,6.0
64850,18,EW_GREEN,1.0,7.0
64855,18,EW_GREEN,1.0,4.5
64860,18,EW_GREEN,1.0,2.0
64865,18,EW_GREEN,1.0,0.0
64870,18,EW_GREEN,2.0,0.0
64875,18,EW_GREEN,2.0,0.0
64880,18,EW_YELLOW,3.0,0.0
64885,18,NS_GREEN,4.0,1.0
64890,18,NS_GREEN,2.5,2.0
64895,18,NS_GREEN,0.0,2.0
64900,18,NS_GREEN,0.0,2.0
64905,18,NS_GREEN,0.0,3.0
64910,18,NS_GREEN,0.0,3.0
64915,18,NS_YELLOW,0.0,3.0
64920,18,EW_GREEN,1.0,3.0
64925,18,EW_GREEN,2.0,0.5
64930,18,EW_GREEN,3.0,0.0
64935,18,EW_GREEN,3.0,0.0
64940,18,EW_GREEN,4.0,0.0
64945,18,EW_GREEN,4.0,0.0
64950,18,EW_YELLOW,5.0,0.0
64955,18,NS_GREEN,6.0,0.0
64960,18,NS_GREEN,3.5,0.0
64965,18,NS_GREEN,2.0,1.0
64970,18,NS_GREEN,0.0,2.0
64975,18,NS_GREEN,0.0,3.0
64980,18,NS_GREEN,0.0,3.0
64985,18,NS_YELLOW,0.0,4.0
64990,18,EW_GREEN,0.0,4.0
64995,18,EW_GREEN,0.0,1.5
65000,18,EW_GREEN,1.0,0.0
65005,18,EW_GREEN,2.0,0.0
65010,18,EW_GREEN,3.0,0.0
65015,18,EW_GREEN,4.0,0.0
65020,18,EW_YELLOW,5.0,0.0
65025,18,NS_GREEN,6.0,0.0
65030,18,NS_GREEN,4.5,1.0
65035,18,NS_GREEN,2.0,2.0
65040,18,NS_GREEN,0.5,2.0
65045,18,NS_GREEN,0.0,3.0
65050,18,NS_GREEN,0.0,4.0
65055,18,NS_YELLOW,0.0,5.0
65060,18,EW_GREEN,1.0,6.0
65065,18,EW_GREEN,2.0,4.5
65070,18,EW_GREEN,3.0,2.0
65075,18,EW_GREEN,3.0,0.0
65080,18,EW_GREEN,4.0,0.0
65085,18,EW_GREEN,5.0,0.0
65090,18,EW_YELLOW,6.0,0.0
65095,18,NS_GREEN,7.0,1.0
65100,18,NS_GREEN,5.5,2.0
65105,18,NS_GREEN,4.0,3.0
65110,18,NS_GREEN,2.5,4.0
65115,18,NS_GREEN,1.0,5.0
65120,18,NS_GREEN,0.0,6.0
65125,18,NS_YELLOW,0.0,7.0
65130,18,EW_GREEN,1.0,8.0
65135,18,EW_GREEN,2.0,6.5
65140,18,EW_GREEN,3.0,5.0
65145,18,EW_GREEN,3.0,3.5
65150,18,EW_GREEN,4.0,2.0
65155,18,EW_GREEN,4.0,0.0
65160,18,EW_YELLOW,4.0,0.0
65165,18,NS_GREEN,4.0,1.0
65170,18,NS_GREEN,1.5,1.0
65175,18,NS_GREEN,0.0,1.0
65180,18,NS_GREEN,0.0,2.0
65185,18,NS_GREEN,0.0,3.0
65190,18,NS_GREEN,0.0,4.0
65195,18,NS_YELLOW,0.0,4.0
65200,18,EW_GREEN,1.0,5.0
65205,18,EW_GREEN,2.0,2.5
65210,18,EW_GREEN,2.0,1.0
65215,18,EW_GREEN,3.0,0.0
65220,18,EW_GREEN,3.0,0.0
65225,18,EW_GREEN,4.0,0.0
65230,18,EW_YELLOW,5.0,0.0
65235,18,NS_GREEN,6.0,1.0
65240,18,NS_GREEN,4.5,1.0
65245,18,NS_GREEN,3.0,2.0
65250,18,NS_GREEN,1.5,2.0
65255,18,NS_GREEN,0.0,3.0
65260,18,NS_GREEN,0.0,4.0
65265,18,NS_YELLOW,0.0,5.0
65270,18,EW_GREEN,0.0,5.0
65275,18,EW_GREEN,0.0,2.5
65280,18,EW_GREEN,1.0,0.0
65285,18,EW_GREEN,2.0,0.0
65290,18,EW_GREEN,3.0,0.0
65295,18,EW_GREEN,4.0,0.0
65300,18,EW_YELLOW,4.0,0.0
65305,18,NS_GREEN,5.0,1.0
65310,18,NS_GREEN,3.5,2.0
65315,18,NS_GREEN,2.0,3.0
65320,18,NS_GREEN,0.0,3.0
65325,18,NS_GREEN,0.0,4.0
65330,18,NS_GREEN,0.0,5.0
65335,18,NS_YELLOW,0.0,6.0
65340,18,EW_GREEN,0.0,7.0
65345,18,EW_GREEN,0.0,5.5
65350,18,EW_GREEN,1.0,4.0
65355,18,EW_GREEN,1.0,1.5
65360,18,EW_GREEN,2.0,0.0
65365,18,EW_GREEN,3.0,0.0
65370,18,EW_YELLOW,4.0,0.0
65375,18,NS_GREEN,4.0,1.0
65380,18,NS_GREEN,2.5,2.0
65385,18,NS_GREEN,1.0,3.0
65390,18,NS_GREEN,0.0,4.0
65395,18,NS_GREEN,0.0,5.0
65400,18,NS_GREEN,0.0,6.0
65405,18,NS_YELLOW,0.0,7.0
65410,18,EW_GREEN,1.0,8.0
65415,18,EW_GREEN,1.0,6.5
65420,18,EW_GREEN,2.0,5.0
65425,18,EW_GREEN,3.0,3.5
65430,18,EW_GREEN,4.0,1.0
65435,18,EW_GREEN,5.0,0.0
65440,18,EW_YELLOW,5.0,0.0
65445,18,NS_GREEN,6.0,0.0
65450,18,NS_GREEN,3.5,1.0
65455,18,NS_GREEN,1.0,2.0
65460,18,NS_GREEN,0.0,3.0
65465,18,NS_GREEN,0.0,4.0
65470,18,NS_GREEN,0.0,5.0
65475,18,NS_YELLOW,0.0,5.0
65480,18,EW_GREEN,0.0,5.0
65485,18,EW_GREEN,1.0,2.5
65490,18,EW_GREEN,1.0,1.0
65495,18,EW_GREEN,1.0,0.0
65500,18,EW_GREEN,2.0,0.0
65505,18,EW_GREEN,2.0,0.0
65510,18,EW_YELLOW,2.0,0.0
65515,18,NS_GREEN,2.0,0.0
65520,18,NS_GREEN,0.5,0.0
65525,18,NS_GREEN,0.0,1.0
65530,18,NS_GREEN,0.0,2.0
65535,18,NS_GREEN,0.0,3.0
65540,18,NS_GREEN,0.0,4.0
65545,18,NS_YELLOW,0.0,4.0
65550,18,EW_GREEN,0.0,5.0
65555,18,EW_GREEN,0.0,2.5
65560,18,EW_GREEN,1.0,1.0
65565,18,EW_GREEN,1.0,0.0
65570,18,EW_GREEN,1.0,0.0
65575,18,EW_GREEN,1.0,0.0
65580,18,EW_YELLOW,1.0,0.0
65585,18,NS_GREEN,1.0,0.0
65590,18,NS_GREEN,0.0,0.0
65595,18,NS_GREEN,0.0,0.0
65600,18,NS_GREEN,0.0,1.0
65605,18,NS_GREEN,0.0,1.0
65610,18,NS_GREEN,0.0,2.0
65615,18,NS_YELLOW,0.0,2.0
65620,18,EW_GREEN,1.0,3.0
65625,18,EW_GREEN,2.0,1.5
65630,18,EW_GREEN,2.0,0.0
65635,18,EW_GREEN,3.0,0.0
65640,18,EW_GREEN,3.0,0.0
65645,18,EW_GREEN,4.0,0.0
65650,18,EW_YELLOW,4.0,0.0
65655,18,NS_GREEN,5.0,1.0
65660,18,NS_GREEN,3.5,2.0
65665,18,NS_GREEN,2.0,3.0
65670,18,NS_GREEN,0.5,3.0
65675,18,NS_GREEN,0.0,4.0
65680,18,NS_GREEN,0.0,5.0
65685,18,NS_YELLOW,0.0,6.0
65690,18,EW_GREEN,0.0,6.0
65695,18,EW_GREEN,0.0,4.5
65700,18,EW_GREEN,0.0,3.0
65705,18,EW_GREEN,1.0,1.5
65710,18,EW_GREEN,2.0,0.0
65715,18,EW_GREEN,3.0,0.0
65720,18,EW_YELLOW,4.0,0.0
65725,18,NS_GREEN,4.0,1.0
65730,18,NS_GREEN,1.5,1.0
65735,18,NS_GREEN,0.0,2.0
65740,18,NS_GREEN,0.0,3.0
65745,18,NS_GREEN,0.0,4.0
65750,18,NS_GREEN,0.0,4.0
65755,18,NS_YELLOW,0.0,5.0
65760,18,EW_GREEN,1.0,6.0
65765,18,EW_GREEN,2.0,3.5
65770,18,EW_GREEN,3.0,2.0
65775,18,EW_GREEN,4.0,0.5
65780,18,EW_GREEN,4.0,0.0
65785,18,EW_GREEN,4.0,0.0
65790,18,EW_YELLOW,4.0,0.0
65795,18,NS_GREEN,4.0,0.0
65800,18,NS_GREEN,2.5,1.0
65805,18,NS_GREEN,1.0,2.0
65810,18,NS_GREEN,0.0,3.0
65815,18,NS_GREEN,0.0,4.0
65820,18,NS_GREEN,0.0,5.0
65825,18,NS_YELLOW,0.0,6.0
65830,18,EW_GREEN,1.0,7.0
65835,18,EW_GREEN,2.0,4.5
65840,18,EW_GREEN,2.0,3.0
65845,18,EW_GREEN,2.0,0.5
65850,18,EW_GREEN,3.0,0.0
65855,18,EW_GREEN,3.0,0.0
65860,18,EW_YELLOW,4.0,0.0
65865,18,NS_GREEN,5.0,0.0
65870,18,NS_GREEN,2.5,1.0
65875,18,NS_GREEN,0.0,2.0
65880,18,NS_GREEN,0.0,3.0
65885,18,NS_GREEN,0.0,4.0
65890,18,NS_GREEN,0.0,5.0
65895,18,NS_YELLOW,0.0,6.0
65900,18,EW_GREEN,1.0,7.0
65905,18,EW_GREEN,1.0,5.5
65910,18,EW_GREEN,2.0,3.0
65915,18,EW_GREEN,2.0,1.5
65920,18,EW_GREEN,3.0,0.0
65925,18,EW_GREEN,4.0,0.0
65930,18,EW_YELLOW,5.0,0.0
65935,18,NS_GREEN,6.0,1.0
65940,18,NS_GREEN,3.5,1.0
65945,18,NS_GREEN,1.0,2.0
65950,18,NS_GREEN,0.0,2.0
65955,18,NS_GREEN,0.0,3.0
65960,18,NS_GREEN,0.0,4.0
65965,18,NS_YELLOW,0.0,5.0
65970,18,EW_GREEN,0.0,6.0
65975,18,EW_GREEN,0.0,3.5
65980,18,EW_GREEN,1.0,1.0
65985,18,EW_GREEN,1.0,0.0
65990,18,EW_GREEN,2.0,0.0
65995,18,EW_GREEN,2.0,0.0
66000,18,EW_YELLOW,3.0,0.0
66005,18,NS_GREEN,4.0,1.0
66010,18,NS_GREEN,2.5,1.0
66015,18,NS_GREEN,0.0,1.0
66020,18,NS_GREEN,0.0,2.0
66025,18,NS_GREEN,0.0,3.0
66030,18,NS_GREEN,0.0,4.0
66035,18,NS_YELLOW,0.0,5.0
66040,18,EW_GREEN,1.0,5.0
66045,18,EW_GREEN,2.0,2.5
66050,18,EW_GREEN,3.0,1.0
66055,18,EW_GREEN,4.0,0.0
66060,18,EW_GREEN,4.0,0.0
66065,18,EW_GREEN,5.0,0.0
66070,18,EW_YELLOW,6.0,0.0
66075,18,NS_GREEN,7.0,1.0
66080,18,NS_GREEN,5.5,2.0
66085,18,NS_GREEN,3.0,3.0
66090,18,NS_GREEN,0.5,4.0
66095,18,NS_GREEN,0.0,4.0
66100,18,NS_GREEN,0.0,5.0
66105,18,NS_YELLOW,0.0,5.0
66110,18,EW_GREEN,0.0,5.0
66115,18,EW_GREEN,0.0,3.5
66120,18,EW_GREEN,1.0,1.0
66125,18,EW_GREEN,2.0,0.0
66130,18,EW_GREEN,2.0,0.0
66135,18,EW_GREEN,2.0,0.0
66140,18,EW_YELLOW,3.0,0.0
66145,18,NS_GREEN,4.0,1.0
66150,18,NS_GREEN,2.5,2.0
66155,18,NS_GREEN,0.0,3.0
66160,18,NS_GREEN,0.0,4.0
66165,18,NS_GREEN,0.0,4.0
66170,18,NS_GREEN,0.0,5.0
66175,18,NS_YELLOW,0.0,6.0
66180,18,EW_GREEN,1.0,6.0
66185,18,EW_GREEN,1.0,4.5
66190,18,EW_GREEN,1.0,2.0
66195,18,EW_GREEN,2.0,0.0
66200,18,EW_GREEN,2.0,0.0
66205,18,EW_GREEN,3.0,0.0
66210,18,EW_YELLOW,3.0,0.0
66215,18,NS_GREEN,3.0,1.0
66220,18,NS_GREEN,1.5,1.0
66225,18,NS_GREEN,0.0,2.0
66230,18,NS_GREEN,0.0,3.0
66235,18,NS_GREEN,0.0,4.0
66240,18,NS_GREEN,0.0,5.0
66245,18,NS_YELLOW,0.0,5.0
66250,18,EW_GREEN,1.0,5.0
66255,18,EW_GREEN,2.0,3.5
66260,18,EW_GREEN,2.0,2.0
66265,18,EW_GREEN,3.0,0.5
66270,18,EW_GREEN,4.0,0.0
66275,18,EW_GREEN,5.0,0.0
66280,18,EW_YELLOW,6.0,0.0
66285,18,NS_GREEN,7.0,0.0
66290,18,NS_GREEN,4.5,0.0
66295,18,NS_GREEN,2.0,1.0
66300,18,NS_GREEN,0.5,2.0
66305,18,NS_GREEN,0.0,3.0
66310,18,NS_GREEN,0.0,4.0
66315,18,NS_YELLOW,0.0,4.0
66320,18,EW_GREEN,1.0,5.0
66325,18,EW_GREEN,2.0,3.5
66330,18,EW_GREEN,2.0,1.0
66335,18,EW_GREEN,3.0,0.0
66340,18,EW_GREEN,4.0,0.0
66345,18,EW_GREEN,5.0,0.0
66350,18,EW_YELLOW,5.0,0.0
66355,18,NS_GREEN,5.0,1.0
66360,18,NS_GREEN,3.5,2.0
66365,18,NS_GREEN,1.0,2.0
66370,18,NS_GREEN,0.0,3.0
66375,18,NS_GREEN,0.0,4.0
66380,18,NS_GREEN,0.0,5.0
66385,18,NS_YELLOW,0.0,6.0
66390,18,EW_GREEN,0.0,6.0
66395,18,EW_GREEN,1.0,4.5
66400,18,EW_GREEN,2.0,3.0
66405,18,EW_GREEN,2.0,0.5
66410,18,EW_GREEN,3.0,0.0
66415,18,EW_GREEN,3.0,0.0
66420,18,EW_YELLOW,4.0,0.0
66425,18,NS_GREEN,5.0,0.0
66430,18,NS_GREEN,2.5,1.0
66435,18,NS_GREEN,0.0,2.0
66440,18,NS_GREEN,0.0,3.0
66445,18,NS_GREEN,0.0,4.0
66450,18,NS_GREEN,0.0,5.0
66455,18,NS_YELLOW,0.0,6.0
66460,18,EW_GREEN,0.0,7.0
66465,18,EW_GREEN,0.0,4.5
66470,18,EW_GREEN,0.0,3.0
66475,18,EW_GREEN,0.0,1.5
66480,18,EW_GREEN,0.0,0.0
66485,18,EW_GREEN,1.0,0.0
66490,18,EW_YELLOW,2.0,0.0
66495,18,NS_GREEN,2.0,1.0
66500,18,NS_GREEN,0.0,2.0
66505,18,NS_GREEN,0.0,2.0
66510,18,NS_GREEN,0.0,3.0
66515,18,NS_GREEN,0.0,4.0
66520,18,NS_GREEN,0.0,5.0
66525,18,NS_YELLOW,0.0,6.0
66530,18,EW_GREEN,1.0,7.0
66535,18,EW_GREEN,2.0,5.5
66540,18,EW_GREEN,2.0,4.0
66545,18,EW_GREEN,2.0,2.5
66550,18,EW_GREEN,2.0,1.0
66555,18,EW_GREEN,2.0,0.0
66560,18,EW_YELLOW,3.0,0.0
66565,18,NS_GREEN,3.0,0.0
66570,18,NS_GREEN,1.5,1.0
66575,18,NS_GREEN,0.0,2.0
66580,18,NS_GREEN,0.0,3.0
66585,18,NS_GREEN,0.0,3.0
66590,18,NS_GREEN,0.0,4.0
66595,18,NS_YELLOW,0.0,5.0
66600,18,EW_GREEN,1.0,6.0
66605,18,EW_GREEN,1.0,3.5
66610,18,EW_GREEN,2.0,2.0
66615,18,EW_GREEN,2.0,0.0
66620,18,EW_GREEN,3.0,0.0
66625,18,EW_GREEN,3.0,0.0
66630,18,EW_YELLOW,4.0,0.0
66635,18,NS_GREEN,4.0,1.0
66640,18,NS_GREEN,1.5,1.0
66645,18,NS_GREEN,0.0,2.0
66650,18,NS_GREEN,0.0,3.0
66655,18,NS_GREEN,0.0,4.0
66660,18,NS_GREEN,0.0,5.0
66665,18,NS_YELLOW,0.0,6.0
66670,18,EW_GREEN,1.0,7.0
66675,18,EW_GREEN,2.0,5.5
66680,18,EW_GREEN,2.0,3.0
66685,18,EW_GREEN,2.0,1.5
66690,18,EW_GREEN,2.0,0.0
66695,18,EW_GREEN,2.0,0.0
66700,18,EW_YELLOW,3.0,0.0
66705,18,NS_GREEN,4.0,1.0
66710,18,NS_GREEN,1.5,1.0
66715,18,NS_GREEN,0.0,2.0
66720,18,NS_GREEN,0.0,2.0
66725,18,NS_GREEN,0.0,3.0
66730,18,NS_GREEN,0.0,4.0
66735,18,NS_YELLOW,0.0,5.0
66740,18,EW_GREEN,1.0,6.0
66745,18,EW_GREEN,2.0,4.5
66750,18,EW_GREEN,3.0,3.0
66755,18,EW_GREEN,3.0,1.5
66760,18,EW_GREEN,4.0,0.0
66765,18,EW_GREEN,5.0,0.0
66770,18,EW_YELLOW,6.0,0.0
66775,18,NS_GREEN,6.0,0.0
66780,18,NS_GREEN,4.5,1.0
66785,18,NS_GREEN,3.0,1.0
66790,18,NS_GREEN,1.5,2.0
66795,18,NS_GREEN,0.0,3.0
66800,18,NS_GREEN,0.0,3.0
66805,18,NS_YELLOW,0.0,4.0
66810,18,EW_GREEN,0.0,5.0
66815,18,EW_GREEN,1.0,2.5
66820,18,EW_GREEN,1.0,0.0
66825,18,EW_GREEN,1.0,0.0
66830,18,EW_GREEN,2.0,0.0
66835,18,EW_GREEN,2.0,0.0
66840,18,EW_YELLOW,2.0,0.0
66845,18,NS_GREEN,3.0,0.0
66850,18,NS_GREEN,0.5,1.0
66855,18,NS_GREEN,0.0,1.0
66860,18,NS_GREEN,0.0,1.0
66865,18,NS_GREEN,0.0,1.0
66870,18,NS_GREEN,0.0,2.0
66875,18,NS_YELLOW,0.0,3.0
66880,18,EW_GREEN,1.0,4.0
66885,18,EW_GREEN,1.0,2.5
66890,18,EW_GREEN,1.0,0.0
66895,18,EW_GREEN,1.0,0.0
66900,18,EW_GREEN,2.0,0.0
66905,18,EW_GREEN,2.0,0.0
66910,18,EW_YELLOW,3.0,0.0
66915,18,NS_GREEN,4.0,1.0
66920,18,NS_GREEN,2.5,2.0
66925,18,NS_GREEN,1.0,3.0
66930,18,NS_GREEN,0.0,4.0
66935,18,NS_GREEN,0.0,5.0
66940,18,NS_GREEN,0.0,5.0
66945,18,NS_YELLOW,0.0,6.0
66950,18,EW_GREEN,0.0,7.0
66955,18,EW_GREEN,0.0,5.5
66960,18,EW_GREEN,1.0,4.0
66965,18,EW_GREEN,2.0,2.5
66970,18,EW_GREEN,3.0,1.0
66975,18,EW_GREEN,3.0,0.0
66980,18,EW_YELLOW,4.0,0.0
66985,18,NS_GREEN,5.0,1.0
66990,18,NS_GREEN,3.5,2.0
66995,18,NS_GREEN,1.0,3.0
67000,18,NS_GREEN,0.0,3.0
67005,18,NS_GREEN,0.0,4.0
67010,18,NS_GREEN,0.0,4.0
67015,18,NS_YELLOW,0.0,5.0
67020,18,EW_GREEN,1.0,6.0
67025,18,EW_GREEN,1.0,4.5
67030,18,EW_GREEN,1.0,3.0
67035,18,EW_GREEN,1.0,1.5
67040,18,EW_GREEN,1.0,0.0
67045,18,EW_GREEN,2.0,0.0
67050,18,EW_YELLOW,3.0,0.0
67055,18,NS_GREEN,3.0,1.0
67060,18,NS_GREEN,0.5,2.0
67065,18,NS_GREEN,0.0,3.0
67070,18,NS_GREEN,0.0,4.0
67075,18,NS_GREEN,0.0,4.0
67080,18,NS_GREEN,0.0,5.0
67085,18,NS_YELLOW,0.0,6.0
67090,18,EW_GREEN,1.0,7.0
67095,18,EW_GREEN,1.0,4.5
67100,18,EW_GREEN,2.0,3.0
67105,18,EW_GREEN,2.0,1.5
67110,18,EW_GREEN,2.0,0.0
67115,18,EW_GREEN,2.0,0.0
67120,18,EW_YELLOW,3.0,0.0
67125,18,NS_GREEN,4.0,1.0
67130,18,NS_GREEN,2.5,2.0
67135,18,NS_GREEN,1.0,3.0
67140,18,NS_GREEN,0.0,4.0
67145,18,NS_GREEN,0.0,5.0
67150,18,NS_GREEN,0.0,6.0
67155,18,NS_YELLOW,0.0,7.0
67160,18,EW_GREEN,0.0,7.0
67165,18,EW_GREEN,0.0,5.5
67170,18,EW_GREEN,0.0,3.0
67175,18,EW_GREEN,1.0,1.5
67180,18,EW_GREEN,1.0,0.0
67185,18,EW_GREEN,2.0,0.0
67190,18,EW_YELLOW,2.0,0.0
67195,18,NS_GREEN,2.0,1.0
67200,18,NS_GREEN,0.5,2.0
67205,18,NS_GREEN,0.0,3.0
67210,18,NS_GREEN,0.0,4.0
67215,18,NS_GREEN,0.0,5.0
67220,18,NS_GREEN,0.0,6.0
67225,18,NS_YELLOW,0.0,6.0
67230,18,EW_GREEN,1.0,7.0
67235,18,EW_GREEN,2.0,5.5
67240,18,EW_GREEN,3.0,3.0
67245,18,EW_GREEN,4.0,1.5
67250,18,EW_GREEN,4.0,0.0
67255,18,EW_GREEN,5.0,0.0
67260,18,EW_YELLOW,6.0,0.0
67265,18,NS_GREEN,7.0,1.0
67270,18,NS_GREEN,4.5,1.0
67275,18,NS_GREEN,2.0,1.0
67280,18,NS_GREEN,0.5,2.0
67285,18,NS_GREEN,0.0,2.0
67290,18,NS_GREEN,0.0,3.0
67295,18,NS_YELLOW,0.0,3.0
67300,18,EW_GREEN,0.0,4.0
67305,18,EW_GREEN,1.0,2.5
67310,18,EW_GREEN,2.0,1.0
67315,18,EW_GREEN,3.0,0.0
67320,18,EW_GREEN,4.0,0.0
67325,18,EW_GREEN,4.0,0.0
67330,18,EW_YELLOW,5.0,0.0
67335,18,NS_GREEN,6.0,0.0
67340,18,NS_GREEN,3.5,0.0
67345,18,NS_GREEN,2.0,0.0
67350,18,NS_GREEN,0.5,1.0
67355,18,NS_GREEN,0.0,1.0
67360,18,NS_GREEN,0.0,2.0
67365,18,NS_YELLOW,0.0,3.0
67370,18,EW_GREEN,1.0,4.0
67375,18,EW_GREEN,2.0,1.5
67380,18,EW_GREEN,3.0,0.0
67385,18,EW_GREEN,4.0,0.0
67390,18,EW_GREEN,5.0,0.0
67395,18,EW_GREEN,6.0,0.0
67400,18,EW_YELLOW,6.0,0.0
67405,18,NS_GREEN,7.0,1.0
67410,18,NS_GREEN,5.5,2.0
67415,18,NS_GREEN,3.0,2.0
67420,18,NS_GREEN,1.5,3.0
67425,18,NS_GREEN,0.0,4.0
67430,18,NS_GREEN,0.0,4.0
67435,18,NS_YELLOW,0.0,4.0
67440,18,EW_GREEN,0.0,4.0
67445,18,EW_GREEN,1.0,1.5
67450,18,EW_GREEN,2.0,0.0
67455,18,EW_GREEN,3.0,0.0
67460,18,EW_GREEN,4.0,0.0
67465,18,EW_GREEN,4.0,0.0
67470,18,EW_YELLOW,4.0,0.0
67475,18,NS_GREEN,4.0,1.0
67480,18,NS_GREEN,1.5,1.0
67485,18,NS_GREEN,0.0,2.0
67490,18,NS_GREEN,0.0,2.0
67495,18,NS_GREEN,0.0,3.0
67500,18,NS_GREEN,0.0,4.0
67505,18,NS_YELLOW,0.0,5.0
67510,18,EW_GREEN,1.0,6.0
67515,18,EW_GREEN,1.0,3.5
67520,18,EW_GREEN,1.0,2.0
67525,18,EW_GREEN,2.0,0.5
67530,18,EW_GREEN,3.0,0.0
67535,18,EW_GREEN,3.0,0.0
67540,18,EW_YELLOW,3.0,0.0
67545,18,NS_GREEN,4.0,0.0
67550,18,NS_GREEN,2.5,0.0
67555,18,NS_GREEN,1.0,1.0
67560,18,NS_GREEN,0.0,1.0
67565,18,NS_GREEN,0.0,2.0
67570,18,NS_GREEN,0.0,3.0
67575,18,NS_YELLOW,0.0,4.0
67580,18,EW_GREEN,1.0,5.0
67585,18,EW_GREEN,2.0,3.5
67590,18,EW_GREEN,3.0,2.0
67595,18,EW_GREEN,4.0,0.0
67600,18,EW_GREEN,5.0,0.0
67605,18,EW_GREEN,6.0,0.0
67610,18,EW_YELLOW,6.0,0.0
67615,18,NS_GREEN,7.0,1.0
67620,18,NS_GREEN,4.5,1.0
67625,18,NS_GREEN,2.0,2.0
67630,18,NS_GREEN,0.5,3.0
67635,18,NS_GREEN,0.0,4.0
67640,18,NS_GREEN,0.0,5.0
67645,18,NS_YELLOW,0.0,6.0
67650,18,EW_GREEN,1.0,6.0
67655,18,EW_GREEN,2.0,4.5
67660,18,EW_GREEN,3.0,3.0
67665,18,EW_GREEN,3.0,1.5
67670,18,EW_GREEN,3.0,0.0
67675,18,EW_GREEN,3.0,0.0
67680,18,EW_YELLOW,4.0,0.0
67685,18,NS_GREEN,5.0,1.0
67690,18,NS_GREEN,2.5,2.0
67695,18,NS_GREEN,1.0,3.0
67700,18,NS_GREEN,0.0,3.0
67705,18,NS_GREEN,0.0,4.0
67710,18,NS_GREEN,0.0,5.0
67715,18,NS_YELLOW,0.0,6.0
67720,18,EW_GREEN,1.0,6.0
67725,18,EW_GREEN,1.0,3.5
67730,18,EW_GREEN,1.0,1.0
67735,18,EW_GREEN,2.0,0.0
67740,18,EW_GREEN,3.0,0.0
67745,18,EW_GREEN,3.0,0.0
67750,18,EW_YELLOW,4.0,0.0
67755,18,NS_GREEN,5.0,0.0
67760,18,NS_GREEN,2.5,1.0
67765,18,NS_GREEN,1.0,2.0
67770,18,NS_GREEN,0.0,3.0
67775,18,NS_GREEN,0.0,3.0
67780,18,NS_GREEN,0.0,4.0
67785,18,NS_YELLOW,0.0,5.0
67790,18,EW_GREEN,0.0,5.0
67795,18,EW_GREEN,0.0,2.5
67800,18,EW_GREEN,1.0,1.0
67805,18,EW_GREEN,2.0,0.0
67810,18,EW_GREEN,3.0,0.0
67815,18,EW_GREEN,4.0,0.0
67820,18,EW_YELLOW,4.0,0.0
67825,18,NS_GREEN,4.0,1.0
67830,18,NS_GREEN,1.5,2.0
67835,18,NS_GREEN,0.0,2.0
67840,18,NS_GREEN,0.0,3.0
67845,18,NS_GREEN,0.0,4.0
67850,18,NS_GREEN,0.0,5.0
67855,18,NS_YELLOW,0.0,6.0
67860,18,EW_GREEN,1.0,7.0
67865,18,EW_GREEN,1.0,5.5
67870,18,EW_GREEN,1.0,4.0
67875,18,EW_GREEN,1.0,2.5
67880,18,EW_GREEN,2.0,1.0
67885,18,EW_GREEN,3.0,0.0
67890,18,EW_YELLOW,4.0,0.0
67895,18,NS_GREEN,4.0,1.0
67900,18,NS_GREEN,2.5,2.0
67905,18,NS_GREEN,1.0,3.0
67910,18,NS_GREEN,0.0,3.0
67915,18,NS_GREEN,0.0,4.0
67920,18,NS_GREEN,0.0,5.0
67925,18,NS_YELLOW,0.0,6.0
67930,18,EW_GREEN,1.0,6.0
67935,18,EW_GREEN,1.0,4.5
67940,18,EW_GREEN,1.0,3.0
67945,18,EW_GREEN,2.0,0.5
67950,18,EW_GREEN,2.0,0.0
67955,18,EW_GREEN,3.0,0.0
67960,18,EW_YELLOW,4.0,0.0
67965,18,NS_GREEN,5.0,0.0
67970,18,NS_GREEN,3.5,0.0
67975,18,NS_GREEN,2.0,1.0
67980,18,NS_GREEN,0.0,2.0
67985,18,NS_GREEN,0.0,3.0
67990,18,NS_GREEN,0.0,4.0
67995,18,NS_YELLOW,0.0,4.0
68000,18,EW_GREEN,1.0,5.0
68005,18,EW_GREEN,1.0,3.5
68010,18,EW_GREEN,2.0,2.0
68015,18,EW_GREEN,2.0,0.5
68020,18,EW_GREEN,2.0,0.0
68025,18,EW_GREEN,3.0,0.0
68030,18,EW_YELLOW,4.0,0.0
68035,18,NS_GREEN,5.0,0.0
68040,18,NS_GREEN,2.5,1.0
68045,18,NS_GREEN,1.0,1.0
68050,18,NS_GREEN,0.0,2.0
68055,18,NS_GREEN,0.0,3.0
68060,18,NS_GREEN,0.0,4.0
68065,18,NS_YELLOW,0.0,5.0
68070,18,EW_GREEN,0.0,5.0
68075,18,EW_GREEN,1.0,3.5
68080,18,EW_GREEN,2.0,2.0
68085,18,EW_GREEN,3.0,0.5
68090,18,EW_GREEN,3.0,0.0
68095,18,EW_GREEN,4.0,0.0
68100,18,EW_YELLOW,5.0,0.0
68105,18,NS_GREEN,6.0,0.0
68110,18,NS_GREEN,4.5,1.0
68115,18,NS_GREEN,2.0,2.0
68120,18,NS_GREEN,0.5,2.0
68125,18,NS_GREEN,0.0,2.0
68130,18,NS_GREEN,0.0,3.0
68135,18,NS_YELLOW,0.0,3.0
68140,18,EW_GREEN,1.0,4.0
68145,18,EW_GREEN,1.0,2.5
68150,18,EW_GREEN,2.0,1.0
68155,18,EW_GREEN,2.0,0.0
68160,18,EW_GREEN,3.0,0.0
68165,18,EW_GREEN,3.0,0.0
68170,18,EW_YELLOW,4.0,0.0
68175,18,NS_GREEN,5.0,1.0
68180,18,NS_GREEN,2.5,2.0
68185,18,NS_GREEN,1.0,3.0
68190,18,NS_GREEN,0.0,4.0
68195,18,NS_GREEN,0.0,5.0
68200,18,NS_GREEN,0.0,6.0
68205,18,NS_YELLOW,0.0,7.0
68210,18,EW_GREEN,1.0,7.0
68215,18,EW_GREEN,2.0,5.5
68220,18,EW_GREEN,2.0,4.0
68225,18,EW_GREEN,3.0,1.5
68230,18,EW_GREEN,3.0,0.0
68235,18,EW_GREEN,4.0,0.0
68240,18,EW_YELLOW,4.0,0.0
68245,18,NS_GREEN,4.0,1.0
68250,18,NS_GREEN,2.5,2.0
68255,18,NS_GREEN,0.0,3.0
68260,18,NS_GREEN,0.0,3.0
68265,18,NS_GREEN,0.0,3.0
68270,18,NS_GREEN,0.0,3.0
68275,18,NS_YELLOW,0.0,4.0
68280,18,EW_GREEN,1.0,5.0
68285,18,EW_GREEN,2.0,3.5
68290,18,EW_GREEN,2.0,2.0
68295,18,EW_GREEN,3.0,0.0
68300,18,EW_GREEN,4.0,0.0
68305,18,EW_GREEN,4.0,0.0
68310,18,EW_YELLOW,4.0,0.0
68315,18,NS_GREEN,5.0,0.0
68320,18,NS_GREEN,3.5,0.0
68325,18,NS_GREEN,2.0,1.0
68330,18,NS_GREEN,0.0,1.0
68335,18,NS_GREEN,0.0,2.0
68340,18,NS_GREEN,0.0,3.0
68345,18,NS_YELLOW,0.0,3.0
68350,18,EW_GREEN,1.0,4.0
68355,18,EW_GREEN,2.0,1.5
68360,18,EW_GREEN,2.0,0.0
68365,18,EW_GREEN,3.0,0.0
68370,18,EW_GREEN,4.0,0.0
68375,18,EW_GREEN,5.0,0.0
68380,18,EW_YELLOW,5.0,0.0
68385,18,NS_GREEN,6.0,0.0
68390,18,NS_GREEN,3.5,1.0
68395,18,NS_GREEN,2.0,2.0
68400,19,NS_GREEN,0.5,3.0
68405,19,NS_GREEN,0.0,4.0
68410,19,NS_GREEN,0.0,4.0
68415,19,NS_YELLOW,0.0,4.0
68420,19,EW_GREEN,0.0,4.0
68425,19,EW_GREEN,1.0,1.5
68430,19,EW_GREEN,2.0,0.0
68435,19,EW_GREEN,3.0,0.0
68440,19,EW_GREEN,4.0,0.0
68445,19,EW_GREEN,4.0,0.0
68450,19,EW_YELLOW,4.0,0.0
68455,19,NS_GREEN,4.0,1.0
68460,19,NS_GREEN,1.5,2.0
68465,19,NS_GREEN,0.0,2.0
68470,19,NS_GREEN,0.0,3.0
68475,19,NS_GREEN,0.0,3.0
68480,19,NS_GREEN,0.0,3.0
68485,19,NS_YELLOW,0.0,4.0
68490,19,EW_GREEN,1.0,4.0
68495,19,EW_GREEN,2.0,2.5
68500,19,EW_GREEN,2.0,0.0
68505,19,EW_GREEN,2.0,0.0
68510,19,EW_GREEN,2.0,0.0
68515,19,EW_GREEN,2.0,0.0
68520,19,EW_YELLOW,3.0,0.0
68525,19,NS_GREEN,3.0,1.0
68530,19,NS_GREEN,0.5,1.0
68535,19,NS_GREEN,0.0,2.0
68540,19,NS_GREEN,0.0,2.0
68545,19,NS_GREEN,0.0,2.0
68550,19,NS_GREEN,0.0,2.0
68555,19,NS_YELLOW,0.0,2.0
68560,19,EW_GREEN,0.0,3.0
68565,19,EW_GREEN,0.0,0.5
68570,19,EW_GREEN,0.0,0.0
68575,19,EW_GREEN,1.0,0.0
68580,19,EW_GREEN,2.0,0.0
68585,19,EW_GREEN,3.0,0.0
68590,19,EW_YELLOW,3.0,0.0
68595,19,NS_GREEN,3.0,0.0
68600,19,NS_GREEN,0.5,0.0
68605,19,NS_GREEN,0.0,0.0
68610,19,NS_GREEN,0.0,1.0
68615,19,NS_GREEN,0.0,2.0
68620,19,NS_GREEN,0.0,3.0
68625,19,NS_YELLOW,0.0,4.0
68630,19,EW_GREEN,0.0,4.0
68635,19,EW_GREEN,1.0,1.5
68640,19,EW_GREEN,1.0,0.0
68645,19,EW_GREEN,2.0,0.0
68650,19,EW_GREEN,3.0,0.0
68655,19,EW_GREEN,4.0,0.0
68660,19,EW_YELLOW,4.0,0.0
68665,19,NS_GREEN,5.0,0.0
68670,19,NS_GREEN,2.5,1.0
68675,19,NS_GREEN,0.0,1.0
68680,19,NS_GREEN,0.0,1.0
68685,19,NS_GREEN,0.0,1.0
68690,19,NS_GREEN,0.0,2.0
68695,19,NS_YELLOW,0.0,2.0
68700,19,EW_GREEN,1.0,3.0
68705,19,EW_GREEN,2.0,0.5
68710,19,EW_GREEN,2.0,0.0
68715,19,EW_GREEN,2.0,0.0
68720,19,EW_GREEN,2.0,0.0
68725,19,EW_GREEN,2.0,0.0
68730,19,EW_YELLOW,3.0,0.0
68735,19,NS_GREEN,4.0,0.0
68740,19,NS_GREEN,2.5,1.0
68745,19,NS_GREEN,0.0,1.0
68750,19,NS_GREEN,0.0,2.0
68755,19,NS_GREEN,0.0,3.0
68760,19,NS_GREEN,0.0,4.0
68765,19,NS_YELLOW,0.0,5.0
68770,19,EW_GREEN,0.0,5.0
68775,19,EW_GREEN,1.0,3.5
68780,19,EW_GREEN,2.0,1.0
68785,19,EW_GREEN,3.0,0.0
68790,19,EW_GREEN,4.0,0.0
68795,19,EW_GREEN,5.0,0.0
68800,19,EW_YELLOW,6.0,0.0
68805,19,NS_GREEN,7.0,0.0
68810,19,NS_GREEN,5.5,0.0
68815,19,NS_GREEN,3.0,0.0
68820,19,NS_GREEN,1.5,1.0
68825,19,NS_GREEN,0.0,1.0
68830,19,NS_GREEN,0.0,2.0
68835,19,NS_YELLOW,0.0,3.0
68840,19,EW_GREEN,0.0,4.0
68845,19,EW_GREEN,1.0,2.5
68850,19,EW_GREEN,1.0,0.0
68855,19,EW_GREEN,1.0,0.0
68860,19,EW_GREEN,2.0,0.0
68865,19,EW_GREEN,3.0,0.0
68870,19,EW_YELLOW,3.0,0.0
68875,19,NS_GREEN,3.0,1.0
68880,19,NS_GREEN,0.5,2.0
68885,19,NS_GREEN,0.0,3.0
68890,19,NS_GREEN,0.0,3.0
68895,19,NS_GREEN,0.0,3.0
68900,19,NS_GREEN,0.0,4.0
68905,19,NS_YELLOW,0.0,4.0
68910,19,EW_GREEN,1.0,5.0
68915,19,EW_GREEN,1.0,2.5
68920,19,EW_GREEN,2.0,0.0
68925,19,EW_GREEN,2.0,0.0
68930,19,EW_GREEN,3.0,0.0
68935,19,EW_GREEN,3.0,0.0
68940,19,EW_YELLOW,3.0,0.0
68945,19,NS_GREEN,3.0,1.0
68950,19,NS_GREEN,0.5,1.0
68955,19,NS_GREEN,0.0,1.0
68960,19,NS_GREEN,0.0,1.0
68965,19,NS_GREEN,0.0,1.0
68970,19,NS_GREEN,0.0,1.0
68975,19,NS_YELLOW,0.0,2.0
68980,19,EW_GREEN,1.0,2.0
68985,19,EW_GREEN,1.0,0.0
68990,19,EW_GREEN,2.0,0.0
68995,19,EW_GREEN,2.0,0.0
69000,19,EW_GREEN,3.0,0.0
69005,19,EW_GREEN,4.0,0.0
69010,19,EW_YELLOW,4.0,0.0
69015,19,NS_GREEN,4.0,0.0
69020,19,NS_GREEN,2.5,0.0
69025,19,NS_GREEN,0.0,0.0
69030,19,NS_GREEN,0.0,0.0
69035,19,NS_GREEN,0.0,1.0
69040,19,NS_GREEN,0.0,2.0
69045,19,NS_YELLOW,0.0,3.0
69050,19,EW_GREEN,0.0,3.0
69055,19,EW_GREEN,1.0,1.5
69060,19,EW_GREEN,1.0,0.0
69065,19,EW_GREEN,2.0,0.0
69070,19,EW_GREEN,3.0,0.0
69075,19,EW_GREEN,4.0,0.0
69080,19,EW_YELLOW,4.0,0.0
69085,19,NS_GREEN,4.0,0.0
69090,19,NS_GREEN,2.5,1.0
69095,19,NS_GREEN,0.0,1.0
69100,19,NS_GREEN,0.0,2.0
69105,19,NS_GREEN,0.0,3.0
69110,19,NS_GREEN,0.0,4.0
69115,19,NS_YELLOW,0.0,5.0
69120,19,EW_GREEN,0.0,5.0
69125,19,EW_GREEN,0.0,3.5
69130,19,EW_GREEN,0.0,1.0
69135,19,EW_GREEN,1.0,0.0
69140,19,EW_GREEN,2.0,0.0
69145,19,EW_GREEN,2.0,0.0
69150,19,EW_YELLOW,3.0,0.0
69155,19,NS_GREEN,4.0,1.0
69160,19,NS_GREEN,2.5,1.0
69165,19,NS_GREEN,1.0,2.0
69170,19,NS_GREEN,0.0,3.0
69175,19,NS_GREEN,0.0,3.0
69180,19,NS_GREEN,0.0,3.0
69185,19,NS_YELLOW,0.0,4.0
69190,19,EW_GREEN,1.0,5.0
69195,19,EW_GREEN,2.0,3.5
69200,19,EW_GREEN,3.0,2.0
69205,19,EW_GREEN,3.0,0.0
69210,19,EW_GREEN,4.0,0.0
69215,19,EW_GREEN,4.0,0.0
69220,19,EW_YELLOW,5.0,0.0
69225,19,NS_GREEN,5.0,0.0
69230,19,NS_GREEN,2.5,1.0
69235,19,NS_GREEN,1.0,2.0
69240,19,NS_GREEN,0.0,2.0
69245,19,NS_GREEN,0.0,2.0
69250,19,NS_GREEN,0.0,2.0
69255,19,NS_YELLOW,0.0,3.0
69260,19,EW_GREEN,0.0,4.0
69265,19,EW_GREEN,1.0,1.5
69270,19,EW_GREEN,1.0,0.0
69275,19,EW_GREEN,1.0,0.0
69280,19,EW_GREEN,2.0,0.0
69285,19,EW_GREEN,2.0,0.0
69290,19,EW_YELLOW,2.0,0.0
69295,19,NS_GREEN,3.0,1.0
69300,19,NS_GREEN,0.5,1.0
69305,19,NS_GREEN,0.0,2.0
69310,19,NS_GREEN,0.0,3.0
69315,19,NS_GREEN,0.0,4.0
69320,19,NS_GREEN,0.0,5.0
69325,19,NS_YELLOW,0.0,6.0
69330,19,EW_GREEN,0.0,7.0
69335,19,EW_GREEN,0.0,4.5
69340,19,EW_GREEN,1.0,2.0
69345,19,EW_GREEN,1.0,0.5
69350,19,EW_GREEN,1.0,0.0
69355,19,EW_GREEN,1.0,0.0
69360,19,EW_YELLOW,2.0,0.0
69365,19,NS_GREEN,3.0,0.0
69370,19,NS_GREEN,0.5,0.0
69375,19,NS_GREEN,0.0,1.0
69380,19,NS_GREEN,0.0,1.0
69385,19,NS_GREEN,0.0,2.0
69390,19,NS_GREEN,0.0,3.0
69395,19,NS_YELLOW,0.0,4.0
69400,19,EW_GREEN,0.0,5.0
69405,19,EW_GREEN,1.0,3.5
69410,19,EW_GREEN,1.0,1.0
69415,19,EW_GREEN,2.0,0.0
69420,19,EW_GREEN,3.0,0.0
69425,19,EW_GREEN,3.0,0.0
69430,19,EW_YELLOW,4.0,0.0
69435,19,NS_GREEN,4.0,1.0
69440,19,NS_GREEN,2.5,1.0
69445,19,NS_GREEN,0.0,2.0
69450,19,NS_GREEN,0.0,3.0
69455,19,NS_GREEN,0.0,3.0
69460,19,NS_GREEN,0.0,3.0
69465,19,NS_YELLOW,0.0,3.0
69470,19,EW_GREEN,0.0,4.0
69475,19,EW_GREEN,0.0,1.5
69480,19,EW_GREEN,1.0,0.0
69485,19,EW_GREEN,1.0,0.0
69490,19,EW_GREEN,1.0,0.0
69495,19,EW_GREEN,1.0,0.0
69500,19,EW_YELLOW,2.0,0.0
69505,19,NS_GREEN,3.0,1.0
69510,19,NS_GREEN,1.5,2.0
69515,19,NS_GREEN,0.0,3.0
69520,19,NS_GREEN,0.0,4.0
69525,19,NS_GREEN,0.0,4.0
69530,19,NS_GREEN,0.0,4.0
69535,19,NS_YELLOW,0.0,4.0
69540,19,EW_GREEN,1.0,5.0
69545,19,EW_GREEN,1.0,2.5
69550,19,EW_GREEN,1.0,0.0
69555,19,EW_GREEN,2.0,0.0
69560,19,EW_GREEN,2.0,0.0
69565,19,EW_GREEN,2.0,0.0
69570,19,EW_YELLOW,3.0,0.0
69575,19,NS_GREEN,4.0,1.0
69580,19,NS_GREEN,1.5,1.0
69585,19,NS_GREEN,0.0,1.0
69590,19,NS_GREEN,0.0,2.0
69595,19,NS_GREEN,0.0,3.0
69600,19,NS_GREEN,0.0,3.0
69605,19,NS_YELLOW,0.0,3.0
69610,19,EW_GREEN,1.0,3.0
69615,19,EW_GREEN,2.0,1.5
69620,19,EW_GREEN,2.0,0.0
69625,19,EW_GREEN,2.0,0.0
69630,19,EW_GREEN,2.0,0.0
69635,19,EW_GREEN,2.0,0.0
69640,19,EW_YELLOW,2.0,0.0
69645,19,NS_GREEN,2.0,1.0
69650,19,NS_GREEN,0.5,1.0
69655,19,NS_GREEN,0.0,1.0
69660,19,NS_GREEN,0.0,2.0
69665,19,NS_GREEN,0.0,3.0
69670,19,NS_GREEN,0.0,3.0
69675,19,NS_YELLOW,0.0,3.0
69680,19,EW_GREEN,1.0,3.0
69685,19,EW_GREEN,1.0,1.5
69690,19,EW_GREEN,1.0,0.0
69695,19,EW_GREEN,2.0,0.0
69700,19,EW_GREEN,3.0,0.0
69705,19,EW_GREEN,3.0,0.0
69710,19,EW_YELLOW,4.0,0.0
69715,19,NS_GREEN,5.0,1.0
69720,19,NS_GREEN,3.5,2.0
69725,19,NS_GREEN,1.0,2.0
69730,19,NS_GREEN,0.0,3.0
69735,19,NS_GREEN,0.0,4.0
69740,19,NS_GREEN,0.0,5.0
69745,19,NS_YELLOW,0.0,5.0
69750,19,EW_GREEN,0.0,5.0
69755,19,EW_GREEN,1.0,2.5
69760,19,EW_GREEN,2.0,1.0
69765,19,EW_GREEN,3.0,0.0
69770,19,EW_GREEN,3.0,0.0
69775,19,EW_GREEN,3.0,0.0
69780,19,EW_YELLOW,3.0,0.0
69785,19,NS_GREEN,3.0,0.0
69790,19,NS_GREEN,0.5,0.0
69795,19,NS_GREEN,0.0,1.0
69800,19,NS_GREEN,0.0,1.0
69805,19,NS_GREEN,0.0,2.0
69810,19,NS_GREEN,0.0,3.0
69815,19,NS_YELLOW,0.0,4.0
69820,19,EW_GREEN,0.0,5.0
69825,19,EW_GREEN,0.0,3.5
69830,19,EW_GREEN,0.0,1.0
69835,19,EW_GREEN,1.0,0.0
69840,19,EW_GREEN,1.0,0.0
69845,19,EW_GREEN,1.0,0.0
69850,19,EW_YELLOW,2.0,0.0
69855,19,NS_GREEN,2.0,1.0
69860,19,NS_GREEN,0.5,1.0
69865,19,NS_GREEN,0.0,2.0
69870,19,NS_GREEN,0.0,3.0
69875,19,NS_GREEN,0.0,3.0
69880,19,NS_GREEN,0.0,4.0
69885,19,NS_YELLOW,0.0,5.0
69890,19,EW_GREEN,0.0,6.0
69895,19,EW_GREEN,1.0,4.5
69900,19,EW_GREEN,1.0,3.0
69905,19,EW_GREEN,2.0,1.5
69910,19,EW_GREEN,2.0,0.0
69915,19,EW_GREEN,2.0,0.0
69920,19,EW_YELLOW,2.0,0.0
69925,19,NS_GREEN,2.0,0.0
69930,19,NS_GREEN,0.0,0.0
69935,19,NS_GREEN,0.0,0.0
69940,19,NS_GREEN,0.0,1.0
69945,19,NS_GREEN,0.0,1.0
69950,19,NS_GREEN,0.0,2.0
69955,19,NS_YELLOW,0.0,3.0
69960,19,EW_GREEN,1.0,3.0
69965,19,EW_GREEN,1.0,0.5
69970,19,EW_GREEN,1.0,0.0
69975,19,EW_GREEN,2.0,0.0
69980,19,EW_GREEN,3.0,0.0
69985,19,EW_GREEN,3.0,0.0
69990,19,EW_YELLOW,3.0,0.0
69995,19,NS_GREEN,4.0,1.0
70000,19,NS_GREEN,1.5,2.0
70005,19,NS_GREEN,0.0,2.0
70010,19,NS_GREEN,0.0,3.0
70015,19,NS_GREEN,0.0,3.0
70020,19,NS_GREEN,0.0,4.0
70025,19,NS_YELLOW,0.0,4.0
70030,19,EW_GREEN,0.0,4.0
70035,19,EW_GREEN,0.0,2.5
70040,19,EW_GREEN,0.0,0.0
70045,19,EW_GREEN,0.0,0.0
70050,19,EW_GREEN,0.0,0.0
70055,19,EW_GREEN,1.0,0.0
70060,19,EW_YELLOW,1.0,0.0
70065,19,NS_GREEN,2.0,1.0
70070,19,NS_GREEN,0.5,1.0
70075,19,NS_GREEN,0.0,1.0
70080,19,NS_GREEN,0.0,2.0
70085,19,NS_GREEN,0.0,3.0
70090,19,NS_GREEN,0.0,3.0
70095,19,NS_YELLOW,0.0,3.0
70100,19,EW_GREEN,1.0,3.0
70105,19,EW_GREEN,2.0,0.5
70110,19,EW_GREEN,2.0,0.0
70115,19,EW_GREEN,3.0,0.0
70120,19,EW_GREEN,4.0,0.0
70125,19,EW_GREEN,5.0,0.0
70130,19,EW_YELLOW,6.0,0.0
70135,19,NS_GREEN,6.0,1.0
70140,19,NS_GREEN,3.5,1.0
70145,19,NS_GREEN,2.0,1.0
70150,19,NS_GREEN,0.5,2.0
70155,19,NS_GREEN,0.0,3.0
70160,19,NS_GREEN,0.0,4.0
70165,19,NS_YELLOW,0.0,4.0
70170,19,EW_GREEN,0.0,4.0
70175,19,EW_GREEN,1.0,1.5
70180,19,EW_GREEN,1.0,0.0
70185,19,EW_GREEN,1.0,0.0
70190,19,EW_GREEN,2.0,0.0
70195,19,EW_GREEN,3.0,0.0
70200,19,EW_YELLOW,4.0,0.0
70205,19,NS_GREEN,5.0,0.0
70210,19,NS_GREEN,3.5,0.0
70215,19,NS_GREEN,2.0,0.0
70220,19,NS_GREEN,0.0,0.0
70225,19,NS_GREEN,0.0,1.0
70230,19,NS_GREEN,0.0,2.0
70235,19,NS_YELLOW,0.0,2.0
70240,19,EW_GREEN,1.0,3.0
70245,19,EW_GREEN,1.0,1.5
70250,19,EW_GREEN,2.0,0.0
70255,19,EW_GREEN,3.0,0.0
70260,19,EW_GREEN,4.0,0.0
70265,19,EW_GREEN,5.0,0.0
70270,19,EW_YELLOW,6.0,0.0
70275,19,NS_GREEN,6.0,1.0
70280,19,NS_GREEN,3.5,1.0
70285,19,NS_GREEN,1.0,2.0
70290,19,NS_GREEN,0.0,2.0
70295,19,NS_GREEN,0.0,2.0
70300,19,NS_GREEN,0.0,2.0
70305,19,NS_YELLOW,0.0,3.0
70310,19,EW_GREEN,0.0,4.0
70315,19,EW_GREEN,1.0,1.5
70320,19,EW_GREEN,2.0,0.0
70325,19,EW_GREEN,3.0,0.0
70330,19,EW_GREEN,3.0,0.0
70335,19,EW_GREEN,4.0,0.0
70340,19,EW_YELLOW,4.0,0.0
70345,19,NS_GREEN,5.0,1.0
70350,19,NS_GREEN,3.5,2.0
70355,19,NS_GREEN,2.0,3.0
70360,19,NS_GREEN,0.0,4.0
70365,19,NS_GREEN,0.0,4.0
70370,19,NS_GREEN,0.0,4.0
70375,19,NS_YELLOW,0.0,5.0
70380,19,EW_GREEN,1.0,5.0
70385,19,EW_GREEN,1.0,3.5
70390,19,EW_GREEN,2.0,1.0
70395,19,EW_GREEN,3.0,0.0
70400,19,EW_GREEN,3.0,0.0
70405,19,EW_GREEN,4.0,0.0
70410,19,EW_YELLOW,4.0,0.0
70415,19,NS_GREEN,4.0,0.0
70420,19,NS_GREEN,1.5,1.0
70425,19,NS_GREEN,0.0,2.0
70430,19,NS_GREEN,0.0,2.0
70435,19,NS_GREEN,0.0,2.0
70440,19,NS_GREEN,0.0,3.0
70445,19,NS_YELLOW,0.0,4.0
70450,19,EW_GREEN,1.0,4.0
70455,19,EW_GREEN,1.0,2.5
70460,19,EW_GREEN,2.0,1.0
70465,19,EW_GREEN,2.0,0.0
70470,19,EW_GREEN,2.0,0.0
70475,19,EW_GREEN,3.0,0.0
70480,19,EW_YELLOW,3.0,0.0
70485,19,NS_GREEN,3.0,1.0
70490,19,NS_GREEN,0.5,1.0
70495,19,NS_GREEN,0.0,1.0
70500,19,NS_GREEN,0.0,1.0
70505,19,NS_GREEN,0.0,1.0
70510,19,NS_GREEN,0.0,1.0
70515,19,NS_YELLOW,0.0,2.0
70520,19,EW_GREEN,1.0,2.0
70525,19,EW_GREEN,2.0,0.5
70530,19,EW_GREEN,3.0,0.0
70535,19,EW_GREEN,4.0,0.0
70540,19,EW_GREEN,5.0,0.0
70545,19,EW_GREEN,6.0,0.0
70550,19,EW_YELLOW,6.0,0.0
70555,19,NS_GREEN,7.0,1.0
70560,19,NS_GREEN,5.5,1.0
70565,19,NS_GREEN,3.0,1.0
70570,19,NS_GREEN,1.5,2.0
70575,19,NS_GREEN,0.0,2.0
70580,19,NS_GREEN,0.0,3.0
70585,19,NS_YELLOW,0.0,4.0
70590,19,EW_GREEN,0.0,5.0
70595,19,EW_GREEN,0.0,3.5
70600,19,EW_GREEN,0.0,2.0
70605,19,EW_GREEN,1.0,0.5
70610,19,EW_GREEN,1.0,0.0
70615,19,EW_GREEN,2.0,0.0
70620,19,EW_YELLOW,2.0,0.0
70625,19,NS_GREEN,3.0,0.0
70630,19,NS_GREEN,0.5,1.0
70635,19,NS_GREEN,0.0,2.0
70640,19,NS_GREEN,0.0,3.0
70645,19,NS_GREEN,0.0,4.0
70650,19,NS_GREEN,0.0,5.0
70655,19,NS_YELLOW,0.0,6.0
70660,19,EW_GREEN,0.0,7.0
70665,19,EW_GREEN,0.0,5.5
70670,19,EW_GREEN,0.0,3.0
70675,19,EW_GREEN,1.0,1.5
70680,19,EW_GREEN,1.0,0.0
70685,19,EW_GREEN,1.0,0.0
70690,19,EW_YELLOW,1.0,0.0
70695,19,NS_GREEN,2.0,0.0
70700,19,NS_GREEN,0.0,1.0
70705,19,NS_GREEN,0.0,2.0
70710,19,NS_GREEN,0.0,2.0
70715,19,NS_GREEN,0.0,3.0
70720,19,NS_GREEN,0.0,4.0
70725,19,NS_YELLOW,0.0,5.0
70730,19,EW_GREEN,0.0,5.0
70735,19,EW_GREEN,0.0,3.5
70740,19,EW_GREEN,1.0,2.0
70745,19,EW_GREEN,2.0,0.5
70750,19,EW_GREEN,2.0,0.0
70755,19,EW_GREEN,3.0,0.0
70760,19,EW_YELLOW,3.0,0.0
70765,19,NS_GREEN,4.0,1.0
70770,19,NS_GREEN,1.5,1.0
70775,19,NS_GREEN,0.0,1.0
70780,19,NS_GREEN,0.0,2.0
70785,19,NS_GREEN,0.0,3.0
70790,19,NS_GREEN,0.0,3.0
70795,19,NS_YELLOW,0.0,3.0
70800,19,EW_GREEN,0.0,3.0
70805,19,EW_GREEN,1.0,1.5
70810,19,EW_GREEN,1.0,0.0
70815,19,EW_GREEN,1.0,0.0
70820,19,EW_GREEN,2.0,0.0
70825,19,EW_GREEN,2.0,0.0
70830,19,EW_YELLOW,2.0,0.0
70835,19,NS_GREEN,3.0,0.0
70840,19,NS_GREEN,0.5,0.0
70845,19,NS_GREEN,0.0,1.0
70850,19,NS_GREEN,0.0,1.0
70855,19,NS_GREEN,0.0,1.0
70860,19,NS_GREEN,0.0,2.0
70865,19,NS_YELLOW,0.0,2.0
70870,19,EW_GREEN,1.0,3.0
70875,19,EW_GREEN,1.0,0.5
70880,19,EW_GREEN,1.0,0.0
70885,19,EW_GREEN,1.0,0.0
70890,19,EW_GREEN,2.0,0.0
70895,19,EW_GREEN,3.0,0.0
70900,19,EW_YELLOW,3.0,0.0
70905,19,NS_GREEN,3.0,1.0
70910,19,NS_GREEN,1.5,1.0
70915,19,NS_GREEN,0.0,2.0
70920,19,NS_GREEN,0.0,3.0
70925,19,NS_GREEN,0.0,4.0
70930,19,NS_GREEN,0.0,5.0
70935,19,NS_YELLOW,0.0,6.0
70940,19,EW_GREEN,0.0,6.0
70945,19,EW_GREEN,0.0,3.5
70950,19,EW_GREEN,0.0,2.0
70955,19,EW_GREEN,0.0,0.0
70960,19,EW_GREEN,0.0,0.0
70965,19,EW_GREEN,0.0,0.0
70970,19,EW_YELLOW,1.0,0.0
70975,19,NS_GREEN,2.0,1.0
70980,19,NS_GREEN,0.0,2.0
70985,19,NS_GREEN,0.0,3.0
70990,19,NS_GREEN,0.0,3.0
70995,19,NS_GREEN,0.0,4.0
71000,19,NS_GREEN,0.0,4.0
71005,19,NS_YELLOW,0.0,5.0
71010,19,EW_GREEN,1.0,6.0
71015,19,EW_GREEN,1.0,4.5
71020,19,EW_GREEN,2.0,2.0
71025,19,EW_GREEN,2.0,0.5
71030,19,EW_GREEN,2.0,0.0
71035,19,EW_GREEN,3.0,0.0
71040,19,EW_YELLOW,4.0,0.0
71045,19,NS_GREEN,5.0,0.0
71050,19,NS_GREEN,2.5,1.0
71055,19,NS_GREEN,1.0,2.0
71060,19,NS_GREEN,0.0,2.0
71065,19,NS_GREEN,0.0,2.0
71070,19,NS_GREEN,0.0,2.0
71075,19,NS_YELLOW,0.0,3.0
71080,19,EW_GREEN,1.0,3.0
71085,19,EW_GREEN,1.0,0.5
71090,19,EW_GREEN,2.0,0.0
71095,19,EW_GREEN,3.0,0.0
71100,19,EW_GREEN,3.0,0.0
71105,19,EW_GREEN,3.0,0.0
71110,19,EW_YELLOW,3.0,0.0
71115,19,NS_GREEN,3.0,0.0
71120,19,NS_GREEN,0.5,0.0
71125,19,NS_GREEN,0.0,1.0
71130,19,NS_GREEN,0.0,2.0
71135,19,NS_GREEN,0.0,2.0
71140,19,NS_GREEN,0.0,3.0
71145,19,NS_YELLOW,0.0,4.0
71150,19,EW_GREEN,1.0,5.0
71155,19,EW_GREEN,2.0,3.5
71160,19,EW_GREEN,2.0,2.0
71165,19,EW_GREEN,3.0,0.0
71170,19,EW_GREEN,3.0,0.0
71175,19,EW_GREEN,3.0,0.0
71180,19,EW_YELLOW,3.0,0.0
71185,19,NS_GREEN,3.0,1.0
71190,19,NS_GREEN,0.5,1.0
71195,19,NS_GREEN,0.0,2.0
71200,19,NS_GREEN,0.0,2.0
71205,19,NS_GREEN,0.0,3.0
71210,19,NS_GREEN,0.0,4.0
71215,19,NS_YELLOW,0.0,5.0
71220,19,EW_GREEN,0.0,6.0
71225,19,EW_GREEN,0.0,4.5
71230,19,EW_GREEN,0.0,3.0
71235,19,EW_GREEN,1.0,0.5
71240,19,EW_GREEN,2.0,0.0
71245,19,EW_GREEN,3.0,0.0
71250,19,EW_YELLOW,3.0,0.0
71255,19,NS_GREEN,4.0,0.0
71260,19,NS_GREEN,2.5,1.0
71265,19,NS_GREEN,1.0,2.0
71270,19,NS_GREEN,0.0,2.0
71275,19,NS_GREEN,0.0,3.0
71280,19,NS_GREEN,0.0,4.0
71285,19,NS_YELLOW,0.0,5.0
71290,19,EW_GREEN,1.0,6.0
71295,19,EW_GREEN,2.0,3.5
71300,19,EW_GREEN,2.0,1.0
71305,19,EW_GREEN,2.0,0.0
71310,19,EW_GREEN,3.0,0.0
71315,19,EW_GREEN,4.0,0.0
71320,19,EW_YELLOW,4.0,0.0
71325,19,NS_GREEN,4.0,1.0
71330,19,NS_GREEN,1.5,1.0
71335,19,NS_GREEN,0.0,1.0
71340,19,NS_GREEN,0.0,1.0
71345,19,NS_GREEN,0.0,2.0
71350,19,NS_GREEN,0.0,3.0
71355,19,NS_YELLOW,0.0,4.0
71360,19,EW_GREEN,1.0,5.0
71365,19,EW_GREEN,1.0,2.5
71370,19,EW_GREEN,1.0,0.0
71375,19,EW_GREEN,1.0,0.0
71380,19,EW_GREEN,2.0,0.0
71385,19,EW_GREEN,2.0,0.0
71390,19,EW_YELLOW,2.0,0.0
71395,19,NS_GREEN,2.0,1.0
71400,19,NS_GREEN,0.5,1.0
71405,19,NS_GREEN,0.0,1.0
71410,19,NS_GREEN,0.0,1.0
71415,19,NS_GREEN,0.0,2.0
71420,19,NS_GREEN,0.0,3.0
71425,19,NS_YELLOW,0.0,3.0
71430,19,EW_GREEN,0.0,4.0
71435,19,EW_GREEN,1.0,1.5
71440,19,EW_GREEN,2.0,0.0
71445,19,EW_GREEN,2.0,0.0
71450,19,EW_GREEN,3.0,0.0
71455,19,EW_GREEN,3.0,0.0
71460,19,EW_YELLOW,3.0,0.0
71465,19,NS_GREEN,3.0,1.0
71470,19,NS_GREEN,0.5,2.0
71475,19,NS_GREEN,0.0,2.0
71480,19,NS_GREEN,0.0,2.0
71485,19,NS_GREEN,0.0,3.0
71490,19,NS_GREEN,0.0,3.0
71495,19,NS_YELLOW,0.0,3.0
71500,19,EW_GREEN,0.0,4.0
71505,19,EW_GREEN,1.0,2.5
71510,19,EW_GREEN,1.0,0.0
71515,19,EW_GREEN,2.0,0.0
71520,19,EW_GREEN,2.0,0.0
71525,19,EW_GREEN,2.0,0.0
71530,19,EW_YELLOW,3.0,0.0
71535,19,NS_GREEN,4.0,1.0
71540,19,NS_GREEN,2.5,1.0
71545,19,NS_GREEN,1.0,1.0
71550,19,NS_GREEN,0.0,2.0
71555,19,NS_GREEN,0.0,3.0
71560,19,NS_GREEN,0.0,4.0
71565,19,NS_YELLOW,0.0,4.0
71570,19,EW_GREEN,0.0,5.0
71575,19,EW_GREEN,0.0,3.5
71580,19,EW_GREEN,1.0,2.0
71585,19,EW_GREEN,2.0,0.0
71590,19,EW_GREEN,2.0,0.0
71595,19,EW_GREEN,2.0,0.0
71600,19,EW_YELLOW,2.0,0.0
71605,19,NS_GREEN,2.0,1.0
71610,19,NS_GREEN,0.0,2.0
71615,19,NS_GREEN,0.0,2.0
71620,19,NS_GREEN,0.0,3.0
71625,19,NS_GREEN,0.0,3.0
71630,19,NS_GREEN,0.0,3.0
71635,19,NS_YELLOW,0.0,3.0
71640,19,EW_GREEN,1.0,3.0
71645,19,EW_GREEN,2.0,0.5
71650,19,EW_GREEN,2.0,0.0
71655,19,EW_GREEN,2.0,0.0
71660,19,EW_GREEN,2.0,0.0
71665,19,EW_GREEN,3.0,0.0
71670,19,EW_YELLOW,4.0,0.0
71675,19,NS_GREEN,5.0,1.0
71680,19,NS_GREEN,2.5,2.0
71685,19,NS_GREEN,0.0,3.0
71690,19,NS_GREEN,0.0,4.0
71695,19,NS_GREEN,0.0,5.0
71700,19,NS_GREEN,0.0,6.0
71705,19,NS_YELLOW,0.0,6.0
71710,19,EW_GREEN,0.0,7.0
71715,19,EW_GREEN,0.0,4.5
71720,19,EW_GREEN,0.0,3.0
71725,19,EW_GREEN,1.0,1.5
71730,19,EW_GREEN,2.0,0.0
71735,19,EW_GREEN,2.0,0.0
71740,19,EW_YELLOW,2.0,0.0
71745,19,NS_GREEN,2.0,0.0
71750,19,NS_GREEN,0.5,1.0
71755,19,NS_GREEN,0.0,2.0
71760,19,NS_GREEN,0.0,2.0
71765,19,NS_GREEN,0.0,2.0
71770,19,NS_GREEN,0.0,2.0
71775,19,NS_YELLOW,0.0,3.0
71780,19,EW_GREEN,0.0,4.0
71785,19,EW_GREEN,0.0,2.5
71790,19,EW_GREEN,0.0,0.0
71795,19,EW_GREEN,1.0,0.0
71800,19,EW_GREEN,2.0,0.0
71805,19,EW_GREEN,3.0,0.0
71810,19,EW_YELLOW,3.0,0.0
71815,19,NS_GREEN,3.0,1.0
71820,19,NS_GREEN,1.5,1.0
71825,19,NS_GREEN,0.0,2.0
71830,19,NS_GREEN,0.0,3.0
71835,19,NS_GREEN,0.0,4.0
71840,19,NS_GREEN,0.0,4.0
71845,19,NS_YELLOW,0.0,4.0
71850,19,EW_GREEN,1.0,4.0
71855,19,EW_GREEN,1.0,1.5
71860,19,EW_GREEN,2.0,0.0
71865,19,EW_GREEN,2.0,0.0
71870,19,EW_GREEN,3.0,0.0
71875,19,EW_GREEN,3.0,0.0
71880,19,EW_YELLOW,3.0,0.0
71885,19,NS_GREEN,4.0,0.0
71890,19,NS_GREEN,2.5,1.0
71895,19,NS_GREEN,0.0,2.0
71900,19,NS_GREEN,0.0,3.0
71905,19,NS_GREEN,0.0,3.0
71910,19,NS_GREEN,0.0,4.0
71915,19,NS_YELLOW,0.0,5.0
71920,19,EW_GREEN,0.0,6.0
71925,19,EW_GREEN,0.0,4.5
71930,19,EW_GREEN,1.0,3.0
71935,19,EW_GREEN,2.0,0.5
71940,19,EW_GREEN,2.0,0.0
71945,19,EW_GREEN,2.0,0.0
71950,19,EW_YELLOW,2.0,0.0
71955,19,NS_GREEN,2.0,1.0
71960,19,NS_GREEN,0.5,2.0
71965,19,NS_GREEN,0.0,2.0
71970,19,NS_GREEN,0.0,2.0
71975,19,NS_GREEN,0.0,2.0
71980,19,NS_GREEN,0.0,2.0
71985,19,NS_YELLOW,0.0,3.0
71990,19,EW_GREEN,1.0,3.0
71995,19,EW_GREEN,2.0,1.5
72000,20,EW_GREEN,2.0,0.0
72005,20,EW_GREEN,2.0,0.0
72010,20,EW_GREEN,2.0,0.0
72015,20,EW_GREEN,2.0,0.0
72020,20,EW_YELLOW,2.0,0.0
72025,20,NS_GREEN,2.0,1.0
72030,20,NS_GREEN,0.5,1.0
72035,20,NS_GREEN,0.0,1.0
72040,20,NS_GREEN,0.0,1.0
72045,20,NS_GREEN,0.0,1.0
72050,20,NS_GREEN,0.0,1.0
72055,20,NS_YELLOW,0.0,1.0
72060,20,EW_GREEN,0.0,1.0
72065,20,EW_GREEN,0.0,0.0
72070,20,EW_GREEN,1.0,0.0
72075,20,EW_GREEN,1.0,0.0
72080,20,EW_GREEN,2.0,0.0
72085,20,EW_GREEN,2.0,0.0
72090,20,EW_YELLOW,3.0,0.0
72095,20,NS_GREEN,3.0,1.0
72100,20,NS_GREEN,1.5,1.0
72105,20,NS_GREEN,0.0,1.0
72110,20,NS_GREEN,0.0,1.0
72115,20,NS_GREEN,0.0,1.0
72120,20,NS_GREEN,0.0,1.0
72125,20,NS_YELLOW,0.0,1.0
72130,20,EW_GREEN,0.0,1.0
72135,20,EW_GREEN,1.0,0.0
72140,20,EW_GREEN,1.0,0.0
72145,20,EW_GREEN,1.0,0.0
72150,20,EW_GREEN,2.0,0.0
72155,20,EW_GREEN,3.0,0.0
72160,20,EW_YELLOW,3.0,0.0
72165,20,NS_GREEN,3.0,0.0
72170,20,NS_GREEN,0.5,0.0
72175,20,NS_GREEN,0.0,0.0
72180,20,NS_GREEN,0.0,1.0
72185,20,NS_GREEN,0.0,1.0
72190,20,NS_GREEN,0.0,1.0
72195,20,NS_YELLOW,0.0,1.0
72200,20,EW_GREEN,0.0,1.0
72205,20,EW_GREEN,0.0,0.0
72210,20,EW_GREEN,0.0,0.0
72215,20,EW_GREEN,0.0,0.0
72220,20,EW_GREEN,0.0,0.0
72225,20,EW_GREEN,0.0,0.0
72230,20,EW_YELLOW,0.0,0.0
72235,20,NS_GREEN,0.0,0.0
72240,20,NS_GREEN,0.0,0.0
72245,20,NS_GREEN,0.0,0.0
72250,20,NS_GREEN,0.0,0.0
72255,20,NS_GREEN,0.0,1.0
72260,20,NS_GREEN,0.0,1.0
72265,20,NS_YELLOW,0.0,1.0
72270,20,EW_GREEN,0.0,1.0
72275,20,EW_GREEN,0.0,0.0
72280,20,EW_GREEN,0.0,0.0
72285,20,EW_GREEN,0.0,0.0
72290,20,EW_GREEN,1.0,0.0
72295,20,EW_GREEN,2.0,0.0
72300,20,EW_YELLOW,2.0,0.0
72305,20,NS_GREEN,2.0,0.0
72310,20,NS_GREEN,0.0,0.0
72315,20,NS_GREEN,0.0,0.0
72320,20,NS_GREEN,0.0,1.0
72325,20,NS_GREEN,0.0,1.0
72330,20,NS_GREEN,0.0,2.0
72335,20,NS_YELLOW,0.0,2.0
72340,20,EW_GREEN,0.0,2.0
72345,20,EW_GREEN,0.0,0.5
72350,20,EW_GREEN,1.0,0.0
72355,20,EW_GREEN,1.0,0.0
72360,20,EW_GREEN,1.0,0.0
72365,20,EW_GREEN,1.0,0.0
72370,20,EW_YELLOW,2.0,0.0
72375,20,NS_GREEN,2.0,0.0
72380,20,NS_GREEN,0.0,0.0
72385,20,NS_GREEN,0.0,1.0
72390,20,NS_GREEN,0.0,2.0
72395,20,NS_GREEN,0.0,3.0
72400,20,NS_GREEN,0.0,3.0
72405,20,NS_YELLOW,0.0,3.0
72410,20,EW_GREEN,0.0,3.0
72415,20,EW_GREEN,0.0,0.5
72420,20,EW_GREEN,0.0,0.0
72425,20,EW_GREEN,1.0,0.0
72430,20,EW_GREEN,1.0,0.0
72435,20,EW_GREEN,2.0,0.0
72440,20,EW_YELLOW,3.0,0.0
72445,20,NS_GREEN,3.0,0.0
72450,20,NS_GREEN,0.5,1.0
72455,20,NS_GREEN,0.0,2.0
72460,20,NS_GREEN,0.0,2.0
72465,20,NS_GREEN,0.0,2.0
72470,20,NS_GREEN,0.0,3.0
72475,20,NS_YELLOW,0.0,3.0
72480,20,EW_GREEN,1.0,4.0
72485,20,EW_GREEN,1.0,1.5
72490,20,EW_GREEN,2.0,0.0
72495,20,EW_GREEN,3.0,0.0
72500,20,EW_GREEN,4.0,0.0
72505,20,EW_GREEN,4.0,0.0
72510,20,EW_YELLOW,4.0,0.0
72515,20,NS_GREEN,4.0,0.0
72520,20,NS_GREEN,1.5,1.0
72525,20,NS_GREEN,0.0,1.0
72530,20,NS_GREEN,0.0,1.0
72535,20,NS_GREEN,0.0,2.0
72540,20,NS_GREEN,0.0,2.0
72545,20,NS_YELLOW,0.0,3.0
72550,20,EW_GREEN,0.0,3.0
72555,20,EW_GREEN,1.0,0.5
72560,20,EW_GREEN,1.0,0.0
72565,20,EW_GREEN,1.0,0.0
72570,20,EW_GREEN,1.0,0.0
72575,20,EW_GREEN,1.0,0.0
72580,20,EW_YELLOW,1.0,0.0
72585,20,NS_GREEN,1.0,0.0
72590,20,NS_GREEN,0.0,1.0
72595,20,NS_GREEN,0.0,1.0
72600,20,NS_GREEN,0.0,1.0
72605,20,NS_GREEN,0.0,1.0
72610,20,NS_GREEN,0.0,2.0
72615,20,NS_YELLOW,0.0,3.0
72620,20,EW_GREEN,0.0,4.0
72625,20,EW_GREEN,1.0,2.5
72630,20,EW_GREEN,1.0,0.0
72635,20,EW_GREEN,1.0,0.0
72640,20,EW_GREEN,1.0,0.0
72645,20,EW_GREEN,1.0,0.0
72650,20,EW_YELLOW,1.0,0.0
72655,20,NS_GREEN,1.0,1.0
72660,20,NS_GREEN,0.0,1.0
72665,20,NS_GREEN,0.0,1.0
72670,20,NS_GREEN,0.0,1.0
72675,20,NS_GREEN,0.0,1.0
72680,20,NS_GREEN,0.0,2.0
72685,20,NS_YELLOW,0.0,2.0
72690,20,EW_GREEN,1.0,2.0
72695,20,EW_GREEN,1.0,0.0
72700,20,EW_GREEN,1.0,0.0
72705,20,EW_GREEN,1.0,0.0
72710,20,EW_GREEN,2.0,0.0
72715,20,EW_GREEN,2.0,0.0
72720,20,EW_YELLOW,2.0,0.0
72725,20,NS_GREEN,2.0,0.0
72730,20,NS_GREEN,0.0,0.0
72735,20,NS_GREEN,0.0,1.0
72740,20,NS_GREEN,0.0,1.0
72745,20,NS_GREEN,0.0,1.0
72750,20,NS_GREEN,0.0,1.0
72755,20,NS_YELLOW,0.0,1.0
72760,20,EW_GREEN,0.0,1.0
72765,20,EW_GREEN,0.0,0.0
72770,20,EW_GREEN,0.0,0.0
72775,20,EW_GREEN,0.0,0.0
72780,20,EW_GREEN,1.0,0.0
72785,20,EW_GREEN,2.0,0.0
72790,20,EW_YELLOW,2.0,0.0
72795,20,NS_GREEN,3.0,0.0
72800,20,NS_GREEN,0.5,1.0
72805,20,NS_GREEN,0.0,1.0
72810,20,NS_GREEN,0.0,1.0
72815,20,NS_GREEN,0.0,2.0
72820,20,NS_GREEN,0.0,3.0
72825,20,NS_YELLOW,0.0,3.0
72830,20,EW_GREEN,0.0,3.0
72835,20,EW_GREEN,0.0,0.5
72840,20,EW_GREEN,0.0,0.0
72845,20,EW_GREEN,0.0,0.0
72850,20,EW_GREEN,0.0,0.0
72855,20,EW_GREEN,0.0,0.0
72860,20,EW_YELLOW,0.0,0.0
72865,20,NS_GREEN,1.0,0.0
72870,20,NS_GREEN,0.0,0.0
72875,20,NS_GREEN,0.0,0.0
72880,20,NS_GREEN,0.0,0.0
72885,20,NS_GREEN,0.0,0.0
72890,20,NS_GREEN,0.0,0.0
72895,20,NS_YELLOW,0.0,0.0
72900,20,EW_GREEN,0.0,0.0
72905,20,EW_GREEN,0.0,0.0
72910,20,EW_GREEN,1.0,0.0
72915,20,EW_GREEN,2.0,0.0
72920,20,EW_GREEN,2.0,0.0
72925,20,EW_GREEN,2.0,0.0
72930,20,EW_YELLOW,2.0,0.0
72935,20,NS_GREEN,3.0,0.0
72940,20,NS_GREEN,1.5,1.0
72945,20,NS_GREEN,0.0,2.0
72950,20,NS_GREEN,0.0,2.0
72955,20,NS_GREEN,0.0,3.0
72960,20,NS_GREEN,0.0,4.0
72965,20,NS_YELLOW,0.0,4.0
72970,20,EW_GREEN,0.0,5.0
72975,20,EW_GREEN,0.0,2.5
72980,20,EW_GREEN,0.0,0.0
72985,20,EW_GREEN,0.0,0.0
72990,20,EW_GREEN,0.0,0.0
72995,20,EW_GREEN,1.0,0.0
73000,20,EW_YELLOW,1.0,0.0
73005,20,NS_GREEN,2.0,0.0
73010,20,NS_GREEN,0.5,0.0
73015,20,NS_GREEN,0.0,0.0
73020,20,NS_GREEN,0.0,1.0
73025,20,NS_GREEN,0.0,1.0
73030,20,NS_GREEN,0.0,1.0
73035,20,NS_YELLOW,0.0,2.0
73040,20,EW_GREEN,0.0,2.0
73045,20,EW_GREEN,1.0,0.5
73050,20,EW_GREEN,2.0,0.0
73055,20,EW_GREEN,3.0,0.0
73060,20,EW_GREEN,3.0,0.0
73065,20,EW_GREEN,3.0,0.0
73070,20,EW_YELLOW,4.0,0.0
73075,20,NS_GREEN,5.0,0.0
73080,20,NS_GREEN,2.5,0.0
73085,20,NS_GREEN,0.0,1.0
73090,20,NS_GREEN,0.0,1.0
73095,20,NS_GREEN,0.0,2.0
73100,20,NS_GREEN,0.0,3.0
73105,20,NS_YELLOW,0.0,3.0
73110,20,EW_GREEN,1.0,3.0
73115,20,EW_GREEN,1.0,1.5
73120,20,EW_GREEN,2.0,0.0
73125,20,EW_GREEN,2.0,0.0
73130,20,EW_GREEN,3.0,0.0
73135,20,EW_GREEN,3.0,0.0
73140,20,EW_YELLOW,4.0,0.0
73145,20,NS_GREEN,5.0,0.0
73150,20,NS_GREEN,2.5,1.0
73155,20,NS_GREEN,1.0,2.0
73160,20,NS_GREEN,0.0,3.0
73165,20,NS_GREEN,0.0,4.0
73170,20,NS_GREEN,0.0,4.0
73175,20,NS_YELLOW,0.0,4.0
73180,20,EW_GREEN,1.0,4.0
73185,20,EW_GREEN,2.0,1.5
73190,20,EW_GREEN,3.0,0.0
73195,20,EW_GREEN,3.0,0.0
73200,20,EW_GREEN,4.0,0.0
73205,20,EW_GREEN,4.0,0.0
73210,20,EW_YELLOW,5.0,0.0
73215,20,NS_GREEN,5.0,0.0
73220,20,NS_GREEN,2.5,0.0
73225,20,NS_GREEN,1.0,0.0
73230,20,NS_GREEN,0.0,0.0
73235,20,NS_GREEN,0.0,0.0
73240,20,NS_GREEN,0.0,1.0
73245,20,NS_YELLOW,0.0,2.0
73250,20,EW_GREEN,0.0,3.0
73255,20,EW_GREEN,0.0,0.5
73260,20,EW_GREEN,0.0,0.0
73265,20,EW_GREEN,1.0,0.0
73270,20,EW_GREEN,1.0,0.0
73275,20,EW_GREEN,1.0,0.0
73280,20,EW_YELLOW,1.0,0.0
73285,20,NS_GREEN,1.0,1.0
73290,20,NS_GREEN,0.0,1.0
73295,20,NS_GREEN,0.0,1.0
73300,20,NS_GREEN,0.0,1.0
73305,20,NS_GREEN,0.0,1.0
73310,20,NS_GREEN,0.0,1.0
73315,20,NS_YELLOW,0.0,1.0
73320,20,EW_GREEN,0.0,1.0
73325,20,EW_GREEN,0.0,0.0
73330,20,EW_GREEN,0.0,0.0
73335,20,EW_GREEN,0.0,0.0
73340,20,EW_GREEN,1.0,0.0
73345,20,EW_GREEN,1.0,0.0
73350,20,EW_YELLOW,1.0,0.0
73355,20,NS_GREEN,2.0,1.0
73360,20,NS_GREEN,0.5,2.0
73365,20,NS_GREEN,0.0,2.0
73370,20,NS_GREEN,0.0,2.0
73375,20,NS_GREEN,0.0,2.0
73380,20,NS_GREEN,0.0,2.0
73385,20,NS_YELLOW,0.0,2.0
73390,20,EW_GREEN,1.0,3.0
73395,20,EW_GREEN,1.0,0.5
73400,20,EW_GREEN,2.0,0.0
73405,20,EW_GREEN,3.0,0.0
73410,20,EW_GREEN,4.0,0.0
73415,20,EW_GREEN,5.0,0.0
73420,20,EW_YELLOW,6.0,0.0
73425,20,NS_GREEN,6.0,1.0
73430,20,NS_GREEN,3.5,2.0
73435,20,NS_GREEN,1.0,3.0
73440,20,NS_GREEN,0.0,3.0
73445,20,NS_GREEN,0.0,3.0
73450,20,NS_GREEN,0.0,3.0
73455,20,NS_YELLOW,0.0,3.0
73460,20,EW_GREEN,0.0,3.0
73465,20,EW_GREEN,0.0,0.5
73470,20,EW_GREEN,0.0,0.0
73475,20,EW_GREEN,1.0,0.0
73480,20,EW_GREEN,1.0,0.0
73485,20,EW_GREEN,2.0,0.0
73490,20,EW_YELLOW,2.0,0.0
73495,20,NS_GREEN,2.0,0.0
73500,20,NS_GREEN,0.5,0.0
73505,20,NS_GREEN,0.0,0.0
73510,20,NS_GREEN,0.0,0.0
73515,20,NS_GREEN,0.0,0.0
73520,20,NS_GREEN,0.0,0.0
73525,20,NS_YELLOW,0.0,0.0
73530,20,EW_GREEN,1.0,0.0
73535,20,EW_GREEN,1.0,0.0
73540,20,EW_GREEN,2.0,0.0
73545,20,EW_GREEN,3.0,0.0
73550,20,EW_GREEN,3.0,0.0
73555,20,EW_GREEN,4.0,0.0
73560,20,EW_YELLOW,4.0,0.0
73565,20,NS_GREEN,5.0,0.0
73570,20,NS_GREEN,3.5,1.0
73575,20,NS_GREEN,2.0,1.0
73580,20,NS_GREEN,0.5,1.0
73585,20,NS_GREEN,0.0,1.0
73590,20,NS_GREEN,0.0,2.0
73595,20,NS_YELLOW,0.0,2.0
73600,20,EW_GREEN,0.0,2.0
73605,20,EW_GREEN,0.0,0.0
73610,20,EW_GREEN,0.0,0.0
73615,20,EW_GREEN,0.0,0.0
73620,20,EW_GREEN,1.0,0.0
73625,20,EW_GREEN,1.0,0.0
73630,20,EW_YELLOW,2.0,0.0
73635,20,NS_GREEN,2.0,0.0
73640,20,NS_GREEN,0.5,0.0
73645,20,NS_GREEN,0.0,0.0
73650,20,NS_GREEN,0.0,1.0
73655,20,NS_GREEN,0.0,2.0
73660,20,NS_GREEN,0.0,2.0
73665,20,NS_YELLOW,0.0,2.0
73670,20,EW_GREEN,0.0,3.0
73675,20,EW_GREEN,1.0,0.5
73680,20,EW_GREEN,2.0,0.0
73685,20,EW_GREEN,2.0,0.0
73690,20,EW_GREEN,2.0,0.0
73695,20,EW_GREEN,3.0,0.0
73700,20,EW_YELLOW,4.0,0.0
73705,20,NS_GREEN,4.0,0.0
73710,20,NS_GREEN,2.5,1.0
73715,20,NS_GREEN,0.0,1.0
73720,20,NS_GREEN,0.0,1.0
73725,20,NS_GREEN,0.0,1.0
73730,20,NS_GREEN,0.0,1.0
73735,20,NS_YELLOW,0.0,1.0
73740,20,EW_GREEN,1.0,1.0
73745,20,EW_GREEN,1.0,0.0
73750,20,EW_GREEN,1.0,0.0
73755,20,EW_GREEN,1.0,0.0
73760,20,EW_GREEN,1.0,0.0
73765,20,EW_GREEN,1.0,0.0
73770,20,EW_YELLOW,1.0,0.0
73775,20,NS_GREEN,1.0,1.0
73780,20,NS_GREEN,0.0,1.0
73785,20,NS_GREEN,0.0,1.0
73790,20,NS_GREEN,0.0,2.0
73795,20,NS_GREEN,0.0,2.0
73800,20,NS_GREEN,0.0,2.0
73805,20,NS_YELLOW,0.0,2.0
73810,20,EW_GREEN,1.0,2.0
73815,20,EW_GREEN,1.0,0.0
73820,20,EW_GREEN,1.0,0.0
73825,20,EW_GREEN,1.0,0.0
73830,20,EW_GREEN,1.0,0.0
73835,20,EW_GREEN,1.0,0.0
73840,20,EW_YELLOW,1.0,0.0
73845,20,NS_GREEN,1.0,0.0
73850,20,NS_GREEN,0.0,0.0
73855,20,NS_GREEN,0.0,0.0
73860,20,NS_GREEN,0.0,0.0
73865,20,NS_GREEN,0.0,0.0
73870,20,NS_GREEN,0.0,0.0
73875,20,NS_YELLOW,0.0,0.0
73880,20,EW_GREEN,1.0,0.0
73885,20,EW_GREEN,1.0,0.0
73890,20,EW_GREEN,1.0,0.0
73895,20,EW_GREEN,1.0,0.0
73900,20,EW_GREEN,1.0,0.0
73905,20,EW_GREEN,1.0,0.0
73910,20,EW_YELLOW,1.0,0.0
73915,20,NS_GREEN,1.0,0.0
73920,20,NS_GREEN,0.0,1.0
73925,20,NS_GREEN,0.0,1.0
73930,20,NS_GREEN,0.0,1.0
73935,20,NS_GREEN,0.0,1.0
73940,20,NS_GREEN,0.0,1.0
73945,20,NS_YELLOW,0.0,1.0
73950,20,EW_GREEN,0.0,1.0
73955,20,EW_GREEN,0.0,0.0
73960,20,EW_GREEN,1.0,0.0
73965,20,EW_GREEN,1.0,0.0
73970,20,EW_GREEN,1.0,0.0
73975,20,EW_GREEN,2.0,0.0
73980,20,EW_YELLOW,2.0,0.0
73985,20,NS_GREEN,2.0,0.0
73990,20,NS_GREEN,0.5,1.0
73995,20,NS_GREEN,0.0,2.0
74000,20,NS_GREEN,0.0,3.0
74005,20,NS_GREEN,0.0,4.0
74010,20,NS_GREEN,0.0,4.0
74015,20,NS_YELLOW,0.0,4.0
74020,20,EW_GREEN,0.0,4.0
74025,20,EW_GREEN,0.0,1.5
74030,20,EW_GREEN,0.0,0.0
74035,20,EW_GREEN,0.0,0.0
74040,20,EW_GREEN,1.0,0.0
74045,20,EW_GREEN,1.0,0.0
74050,20,EW_YELLOW,1.0,0.0
74055,20,NS_GREEN,2.0,0.0
74060,20,NS_GREEN,0.0,0.0
74065,20,NS_GREEN,0.0,0.0
74070,20,NS_GREEN,0.0,0.0
74075,20,NS_GREEN,0.0,0.0
74080,20,NS_GREEN,0.0,0.0
74085,20,NS_YELLOW,0.0,0.0
74090,20,EW_GREEN,1.0,1.0
74095,20,EW_GREEN,2.0,0.0
74100,20,EW_GREEN,3.0,0.0
74105,20,EW_GREEN,3.0,0.0
74110,20,EW_GREEN,4.0,0.0
74115,20,EW_GREEN,5.0,0.0
74120,20,EW_YELLOW,5.0,0.0
74125,20,NS_GREEN,5.0,0.0
74130,20,NS_GREEN,2.5,1.0
74135,20,NS_GREEN,0.0,2.0
74140,20,NS_GREEN,0.0,2.0
74145,20,NS_GREEN,0.0,2.0
74150,20,NS_GREEN,0.0,2.0
74155,20,NS_YELLOW,0.0,2.0
74160,20,EW_GREEN,1.0,3.0
74165,20,EW_GREEN,1.0,0.5
74170,20,EW_GREEN,1.0,0.0
74175,20,EW_GREEN,1.0,0.0
74180,20,EW_GREEN,2.0,0.0
74185,20,EW_GREEN,3.0,0.0
74190,20,EW_YELLOW,4.0,0.0
74195,20,NS_GREEN,4.0,0.0
74200,20,NS_GREEN,2.5,1.0
74205,20,NS_GREEN,0.0,1.0
74210,20,NS_GREEN,0.0,2.0
74215,20,NS_GREEN,0.0,2.0
74220,20,NS_GREEN,0.0,2.0
74225,20,NS_YELLOW,0.0,2.0
74230,20,EW_GREEN,0.0,2.0
74235,20,EW_GREEN,1.0,0.0
74240,20,EW_GREEN,1.0,0.0
74245,20,EW_GREEN,1.0,0.0
74250,20,EW_GREEN,1.0,0.0
74255,20,EW_GREEN,1.0,0.0
74260,20,EW_YELLOW,1.0,0.0
74265,20,NS_GREEN,1.0,0.0
74270,20,NS_GREEN,0.0,1.0
74275,20,NS_GREEN,0.0,2.0
74280,20,NS_GREEN,0.0,2.0
74285,20,NS_GREEN,0.0,2.0
74290,20,NS_GREEN,0.0,3.0
74295,20,NS_YELLOW,0.0,3.0
74300,20,EW_GREEN,1.0,4.0
74305,20,EW_GREEN,1.0,2.5
74310,20,EW_GREEN,1.0,0.0
74315,20,EW_GREEN,1.0,0.0
74320,20,EW_GREEN,2.0,0.0
74325,20,EW_GREEN,2.0,0.0
74330,20,EW_YELLOW,2.0,0.0
74335,20,NS_GREEN,2.0,0.0
74340,20,NS_GREEN,0.5,0.0
74345,20,NS_GREEN,0.0,0.0
74350,20,NS_GREEN,0.0,0.0
74355,20,NS_GREEN,0.0,0.0
74360,20,NS_GREEN,0.0,0.0
74365,20,NS_YELLOW,0.0,1.0
74370,20,EW_GREEN,0.0,2.0
74375,20,EW_GREEN,0.0,0.5
74380,20,EW_GREEN,0.0,0.0
74385,20,EW_GREEN,0.0,0.0
74390,20,EW_GREEN,0.0,0.0
74395,20,EW_GREEN,1.0,0.0
74400,20,EW_YELLOW,1.0,0.0
74405,20,NS_GREEN,1.0,0.0
74410,20,NS_GREEN,0.0,0.0
74415,20,NS_GREEN,0.0,0.0
74420,20,NS_GREEN,0.0,1.0
74425,20,NS_GREEN,0.0,2.0
74430,20,NS_GREEN,0.0,2.0
74435,20,NS_YELLOW,0.0,2.0
74440,20,EW_GREEN,0.0,2.0
74445,20,EW_GREEN,0.0,0.5
74450,20,EW_GREEN,0.0,0.0
74455,20,EW_GREEN,1.0,0.0
74460,20,EW_GREEN,2.0,0.0
74465,20,EW_GREEN,2.0,0.0
74470,20,EW_YELLOW,2.0,0.0
74475,20,NS_GREEN,2.0,1.0
74480,20,NS_GREEN,0.0,1.0
74485,20,NS_GREEN,0.0,1.0
74490,20,NS_GREEN,0.0,2.0
74495,20,NS_GREEN,0.0,2.0
74500,20,NS_GREEN,0.0,2.0
74505,20,NS_YELLOW,0.0,3.0
74510,20,EW_GREEN,0.0,3.0
74515,20,EW_GREEN,0.0,1.5
74520,20,EW_GREEN,0.0,0.0
74525,20,EW_GREEN,0.0,0.0
74530,20,EW_GREEN,0.0,0.0
74535,20,EW_GREEN,0.0,0.0
74540,20,EW_YELLOW,1.0,0.0
74545,20,NS_GREEN,1.0,1.0
74550,20,NS_GREEN,0.0,1.0
74555,20,NS_GREEN,0.0,2.0
74560,20,NS_GREEN,0.0,2.0
74565,20,NS_GREEN,0.0,3.0
74570,20,NS_GREEN,0.0,3.0
74575,20,NS_YELLOW,0.0,3.0
74580,20,EW_GREEN,1.0,3.0
74585,20,EW_GREEN,1.0,1.5
74590,20,EW_GREEN,2.0,0.0
74595,20,EW_GREEN,2.0,0.0
74600,20,EW_GREEN,2.0,0.0
74605,20,EW_GREEN,2.0,0.0
74610,20,EW_YELLOW,3.0,0.0
74615,20,NS_GREEN,3.0,1.0
74620,20,NS_GREEN,1.5,2.0
74625,20,NS_GREEN,0.0,2.0
74630,20,NS_GREEN,0.0,3.0
74635,20,NS_GREEN,0.0,4.0
74640,20,NS_GREEN,0.0,5.0
74645,20,NS_YELLOW,0.0,5.0
74650,20,EW_GREEN,0.0,6.0
74655,20,EW_GREEN,1.0,4.5
74660,20,EW_GREEN,1.0,2.0
74665,20,EW_GREEN,2.0,0.0
74670,20,EW_GREEN,3.0,0.0
74675,20,EW_GREEN,3.0,0.0
74680,20,EW_YELLOW,3.0,0.0
74685,20,NS_GREEN,3.0,0.0
74690,20,NS_GREEN,0.5,0.0
74695,20,NS_GREEN,0.0,1.0
74700,20,NS_GREEN,0.0,1.0
74705,20,NS_GREEN,0.0,1.0
74710,20,NS_GREEN,0.0,2.0
74715,20,NS_YELLOW,0.0,2.0
74720,20,EW_GREEN,0.0,2.0
74725,20,EW_GREEN,0.0,0.0
74730,20,EW_GREEN,0.0,0.0
74735,20,EW_GREEN,1.0,0.0
74740,20,EW_GREEN,2.0,0.0
74745,20,EW_GREEN,2.0,0.0
74750,20,EW_YELLOW,2.0,0.0
74755,20,NS_GREEN,2.0,1.0
74760,20,NS_GREEN,0.0,1.0
74765,20,NS_GREEN,0.0,1.0
74770,20,NS_GREEN,0.0,2.0
74775,20,NS_GREEN,0.0,3.0
74780,20,NS_GREEN,0.0,3.0
74785,20,NS_YELLOW,0.0,3.0
74790,20,EW_GREEN,0.0,4.0
74795,20,EW_GREEN,0.0,2.5
74800,20,EW_GREEN,0.0,0.0
74805,20,EW_GREEN,0.0,0.0
74810,20,EW_GREEN,0.0,0.0
74815,20,EW_GREEN,1.0,0.0
74820,20,EW_YELLOW,1.0,0.0
74825,20,NS_GREEN,1.0,0.0
74830,20,NS_GREEN,0.0,0.0
74835,20,NS_GREEN,0.0,0.0
74840,20,NS_GREEN,0.0,0.0
74845,20,NS_GREEN,0.0,0.0
74850,20,NS_GREEN,0.0,0.0
74855,20,NS_YELLOW,0.0,0.0
74860,20,EW_GREEN,0.0,1.0
74865,20,EW_GREEN,1.0,0.0
74870,20,EW_GREEN,1.0,0.0
74875,20,EW_GREEN,2.0,0.0
74880,20,EW_GREEN,2.0,0.0
74885,20,EW_GREEN,2.0,0.0
74890,20,EW_YELLOW,3.0,0.0
74895,20,NS_GREEN,4.0,0.0
74900,20,NS_GREEN,2.5,1.0
74905,20,NS_GREEN,1.0,1.0
74910,20,NS_GREEN,0.0,2.0
74915,20,NS_GREEN,0.0,2.0
74920,20,NS_GREEN,0.0,3.0
74925,20,NS_YELLOW,0.0,3.0
74930,20,EW_GREEN,1.0,3.0
74935,20,EW_GREEN,1.0,0.5
74940,20,EW_GREEN,2.0,0.0
74945,20,EW_GREEN,3.0,0.0
74950,20,EW_GREEN,4.0,0.0
74955,20,EW_GREEN,4.0,0.0
74960,20,EW_YELLOW,5.0,0.0
74965,20,NS_GREEN,5.0,1.0
74970,20,NS_GREEN,2.5,2.0
74975,20,NS_GREEN,0.0,2.0
74980,20,NS_GREEN,0.0,3.0
74985,20,NS_GREEN,0.0,3.0
74990,20,NS_GREEN,0.0,4.0
74995,20,NS_YELLOW,0.0,5.0
75000,20,EW_GREEN,0.0,5.0
75005,20,EW_GREEN,0.0,3.5
75010,20,EW_GREEN,0.0,1.0
75015,20,EW_GREEN,0.0,0.0
75020,20,EW_GREEN,0.0,0.0
75025,20,EW_GREEN,0.0,0.0
75030,20,EW_YELLOW,0.0,0.0
75035,20,NS_GREEN,0.0,0.0
75040,20,NS_GREEN,0.0,1.0
75045,20,NS_GREEN,0.0,2.0
75050,20,NS_GREEN,0.0,2.0
75055,20,NS_GREEN,0.0,2.0
75060,20,NS_GREEN,0.0,2.0
75065,20,NS_YELLOW,0.0,2.0
75070,20,EW_GREEN,0.0,3.0
75075,20,EW_GREEN,0.0,1.5
75080,20,EW_GREEN,0.0,0.0
75085,20,EW_GREEN,0.0,0.0
75090,20,EW_GREEN,0.0,0.0
75095,20,EW_GREEN,1.0,0.0
75100,20,EW_YELLOW,1.0,0.0
75105,20,NS_GREEN,1.0,0.0
75110,20,NS_GREEN,0.0,0.0
75115,20,NS_GREEN,0.0,0.0
75120,20,NS_GREEN,0.0,0.0
75125,20,NS_GREEN,0.0,0.0
75130,20,NS_GREEN,0.0,0.0
75135,20,NS_YELLOW,0.0,0.0
75140,20,EW_GREEN,0.0,1.0
75145,20,EW_GREEN,0.0,0.0
75150,20,EW_GREEN,0.0,0.0
75155,20,EW_GREEN,0.0,0.0
75160,20,EW_GREEN,0.0,0.0
75165,20,EW_GREEN,1.0,0.0
75170,20,EW_YELLOW,1.0,0.0
75175,20,NS_GREEN,2.0,1.0
75180,20,NS_GREEN,0.0,1.0
75185,20,NS_GREEN,0.0,1.0
75190,20,NS_GREEN,0.0,2.0
75195,20,NS_GREEN,0.0,2.0
75200,20,NS_GREEN,0.0,2.0
75205,20,NS_YELLOW,0.0,2.0
75210,20,EW_GREEN,0.0,3.0
75215,20,EW_GREEN,0.0,0.5
75220,20,EW_GREEN,0.0,0.0
75225,20,EW_GREEN,0.0,0.0
75230,20,EW_GREEN,1.0,0.0
75235,20,EW_GREEN,1.0,0.0
75240,20,EW_YELLOW,1.0,0.0
75245,20,NS_GREEN,1.0,0.0
75250,20,NS_GREEN,0.0,1.0
75255,20,NS_GREEN,0.0,2.0
75260,20,NS_GREEN,0.0,3.0
75265,20,NS_GREEN,0.0,3.0
75270,20,NS_GREEN,0.0,4.0
75275,20,NS_YELLOW,0.0,5.0
75280,20,EW_GREEN,0.0,6.0
75285,20,EW_GREEN,0.0,4.5
75290,20,EW_GREEN,1.0,2.0
75295,20,EW_GREEN,2.0,0.5
75300,20,EW_GREEN,2.0,0.0
75305,20,EW_GREEN,2.0,0.0
75310,20,EW_YELLOW,2.0,0.0
75315,20,NS_GREEN,2.0,1.0
75320,20,NS_GREEN,0.0,2.0
75325,20,NS_GREEN,0.0,3.0
75330,20,NS_GREEN,0.0,4.0
75335,20,NS_GREEN,0.0,5.0
75340,20,NS_GREEN,0.0,5.0
75345,20,NS_YELLOW,0.0,5.0
75350,20,EW_GREEN,0.0,5.0
75355,20,EW_GREEN,0.0,2.5
75360,20,EW_GREEN,0.0,1.0
75365,20,EW_GREEN,0.0,0.0
75370,20,EW_GREEN,0.0,0.0
75375,20,EW_GREEN,1.0,0.0
75380,20,EW_YELLOW,1.0,0.0
75385,20,NS_GREEN,1.0,0.0
75390,20,NS_GREEN,0.0,1.0
75395,20,NS_GREEN,0.0,1.0
75400,20,NS_GREEN,0.0,1.0
75405,20,NS_GREEN,0.0,2.0
75410,20,NS_GREEN,0.0,2.0
75415,20,NS_YELLOW,0.0,2.0
75420,20,EW_GREEN,0.0,3.0
75425,20,EW_GREEN,0.0,0.5
75430,20,EW_GREEN,0.0,0.0
75435,20,EW_GREEN,0.0,0.0
75440,20,EW_GREEN,1.0,0.0
75445,20,EW_GREEN,1.0,0.0
75450,20,EW_YELLOW,2.0,0.0
75455,20,NS_GREEN,3.0,1.0
75460,20,NS_GREEN,0.5,1.0
75465,20,NS_GREEN,0.0,1.0
75470,20,NS_GREEN,0.0,1.0
75475,20,NS_GREEN,0.0,2.0
75480,20,NS_GREEN,0.0,2.0
75485,20,NS_YELLOW,0.0,2.0
75490,20,EW_GREEN,0.0,2.0
75495,20,EW_GREEN,0.0,0.0
75500,20,EW_GREEN,0.0,0.0
75505,20,EW_GREEN,0.0,0.0
75510,20,EW_GREEN,0.0,0.0
75515,20,EW_GREEN,0.0,0.0
75520,20,EW_YELLOW,1.0,0.0
75525,20,NS_GREEN,1.0,1.0
75530,20,NS_GREEN,0.0,1.0
75535,20,NS_GREEN,0.0,2.0
75540,20,NS_GREEN,0.0,3.0
75545,20,NS_GREEN,0.0,4.0
75550,20,NS_GREEN,0.0,4.0
75555,20,NS_YELLOW,0.0,5.0
75560,20,EW_GREEN,0.0,5.0
75565,20,EW_GREEN,0.0,2.5
75570,20,EW_GREEN,0.0,1.0
75575,20,EW_GREEN,0.0,0.0
75580,20,EW_GREEN,0.0,0.0
75585,20,EW_GREEN,0.0,0.0
75590,20,EW_YELLOW,0.0,0.0
75595,20,NS_GREEN,1.0,1.0
75600,21,NS_GREEN,0.0,1.0
75605,21,NS_GREEN,0.0,1.0
75610,21,NS_GREEN,0.0,1.0
75615,21,NS_GREEN,0.0,1.0
75620,21,NS_GREEN,0.0,1.0
75625,21,NS_YELLOW,0.0,2.0
75630,21,EW_GREEN,0.0,2.0
75635,21,EW_GREEN,0.0,0.0
75640,21,EW_GREEN,0.0,0.0
75645,21,EW_GREEN,0.0,0.0
75650,21,EW_GREEN,1.0,0.0
75655,21,EW_GREEN,1.0,0.0
75660,21,EW_YELLOW,1.0,0.0
75665,21,NS_GREEN,1.0,0.0
75670,21,NS_GREEN,0.0,0.0
75675,21,NS_GREEN,0.0,0.0
75680,21,NS_GREEN,0.0,0.0
75685,21,NS_GREEN,0.0,0.0
75690,21,NS_GREEN,0.0,0.0
75695,21,NS_YELLOW,0.0,1.0
75700,21,EW_GREEN,1.0,1.0
75705,21,EW_GREEN,1.0,0.0
75710,21,EW_GREEN,1.0,0.0
75715,21,EW_GREEN,1.0,0.0
75720,21,EW_GREEN,1.0,0.0
75725,21,EW_GREEN,1.0,0.0
75730,21,EW_YELLOW,2.0,0.0
75735,21,NS_GREEN,2.0,0.0
75740,21,NS_GREEN,0.0,0.0
75745,21,NS_GREEN,0.0,0.0
75750,21,NS_GREEN,0.0,1.0
75755,21,NS_GREEN,0.0,1.0
75760,21,NS_GREEN,0.0,1.0
75765,21,NS_YELLOW,0.0,1.0
75770,21,EW_GREEN,0.0,1.0
75775,21,EW_GREEN,0.0,0.0
75780,21,EW_GREEN,1.0,0.0
75785,21,EW_GREEN,2.0,0.0
75790,21,EW_GREEN,2.0,0.0
75795,21,EW_GREEN,2.0,0.0
75800,21,EW_YELLOW,2.0,0.0
75805,21,NS_GREEN,2.0,1.0
75810,21,NS_GREEN,0.0,1.0
75815,21,NS_GREEN,0.0,1.0
75820,21,NS_GREEN,0.0,1.0
75825,21,NS_GREEN,0.0,1.0
75830,21,NS_GREEN,0.0,1.0
75835,21,NS_YELLOW,0.0,1.0
75840,21,EW_GREEN,1.0,1.0
75845,21,EW_GREEN,1.0,0.0
75850,21,EW_GREEN,1.0,0.0
75855,21,EW_GREEN,1.0,0.0
75860,21,EW_GREEN,1.0,0.0
75865,21,EW_GREEN,1.0,0.0
75870,21,EW_YELLOW,1.0,0.0
75875,21,NS_GREEN,1.0,0.0
75880,21,NS_GREEN,0.0,0.0
75885,21,NS_GREEN,0.0,0.0
75890,21,NS_GREEN,0.0,1.0
75895,21,NS_GREEN,0.0,1.0
75900,21,NS_GREEN,0.0,2.0
75905,21,NS_YELLOW,0.0,3.0
75910,21,EW_GREEN,0.0,4.0
75915,21,EW_GREEN,1.0,1.5
75920,21,EW_GREEN,1.0,0.0
75925,21,EW_GREEN,1.0,0.0
75930,21,EW_GREEN,1.0,0.0
75935,21,EW_GREEN,1.0,0.0
75940,21,EW_YELLOW,1.0,0.0
75945,21,NS_GREEN,1.0,1.0
75950,21,NS_GREEN,0.0,2.0
75955,21,NS_GREEN,0.0,2.0
75960,21,NS_GREEN,0.0,2.0
75965,21,NS_GREEN,0.0,2.0
75970,21,NS_GREEN,0.0,2.0
75975,21,NS_YELLOW,0.0,2.0
75980,21,EW_GREEN,0.0,2.0
75985,21,EW_GREEN,0.0,0.0
75990,21,EW_GREEN,0.0,0.0
75995,21,EW_GREEN,0.0,0.0
76000,21,EW_GREEN,0.0,0.0
76005,21,EW_GREEN,1.0,0.0
76010,21,EW_YELLOW,1.0,0.0
76015,21,NS_GREEN,1.0,0.0
76020,21,NS_GREEN,0.0,0.0
76025,21,NS_GREEN,0.0,0.0
76030,21,NS_GREEN,0.0,0.0
76035,21,NS_GREEN,0.0,1.0
76040,21,NS_GREEN,0.0,1.0
76045,21,NS_YELLOW,0.0,1.0
76050,21,EW_GREEN,0.0,1.0
76055,21,EW_GREEN,1.0,0.0
76060,21,EW_GREEN,1.0,0.0
76065,21,EW_GREEN,1.0,0.0
76070,21,EW_GREEN,1.0,0.0
76075,21,EW_GREEN,2.0,0.0
76080,21,EW_YELLOW,3.0,0.0
76085,21,NS_GREEN,3.0,0.0
76090,21,NS_GREEN,0.5,0.0
76095,21,NS_GREEN,0.0,0.0
76100,21,NS_GREEN,0.0,0.0
76105,21,NS_GREEN,0.0,0.0
76110,21,NS_GREEN,0.0,0.0
76115,21,NS_YELLOW,0.0,0.0
76120,21,EW_GREEN,1.0,0.0
76125,21,EW_GREEN,1.0,0.0
76130,21,EW_GREEN,1.0,0.0
76135,21,EW_GREEN,1.0,0.0
76140,21,EW_GREEN,1.0,0.0
76145,21,EW_GREEN,1.0,0.0
76150,21,EW_YELLOW,1.0,0.0
76155,21,NS_GREEN,2.0,0.0
76160,21,NS_GREEN,0.0,0.0
76165,21,NS_GREEN,0.0,1.0
76170,21,NS_GREEN,0.0,1.0
76175,21,NS_GREEN,0.0,1.0
76180,21,NS_GREEN,0.0,2.0
76185,21,NS_YELLOW,0.0,2.0
76190,21,EW_GREEN,0.0,2.0
76195,21,EW_GREEN,1.0,0.0
76200,21,EW_GREEN,1.0,0.0
76205,21,EW_GREEN,1.0,0.0
76210,21,EW_GREEN,1.0,0.0
76215,21,EW_GREEN,1.0,0.0
76220,21,EW_YELLOW,2.0,0.0
76225,21,NS_GREEN,3.0,0.0
76230,21,NS_GREEN,0.5,0.0
76235,21,NS_GREEN,0.0,0.0
76240,21,NS_GREEN,0.0,0.0
76245,21,NS_GREEN,0.0,0.0
76250,21,NS_GREEN,0.0,0.0
76255,21,NS_YELLOW,0.0,0.0
76260,21,EW_GREEN,0.0,1.0
76265,21,EW_GREEN,1.0,0.0
76270,21,EW_GREEN,1.0,0.0
76275,21,EW_GREEN,1.0,0.0
76280,21,EW_GREEN,1.0,0.0
76285,21,EW_GREEN,1.0,0.0
76290,21,EW_YELLOW,1.0,0.0
76295,21,NS_GREEN,2.0,1.0
76300,21,NS_GREEN,0.5,1.0
76305,21,NS_GREEN,0.0,1.0
76310,21,NS_GREEN,0.0,1.0
76315,21,NS_GREEN,0.0,1.0
76320,21,NS_GREEN,0.0,2.0
76325,21,NS_YELLOW,0.0,2.0
76330,21,EW_GREEN,0.0,2.0
76335,21,EW_GREEN,0.0,0.5
76340,21,EW_GREEN,1.0,0.0
76345,21,EW_GREEN,1.0,0.0
76350,21,EW_GREEN,1.0,0.0
76355,21,EW_GREEN,1.0,0.0
76360,21,EW_YELLOW,1.0,0.0
76365,21,NS_GREEN,1.0,0.0
76370,21,NS_GREEN,0.0,0.0
76375,21,NS_GREEN,0.0,0.0
76380,21,NS_GREEN,0.0,0.0
76385,21,NS_GREEN,0.0,0.0
76390,21,NS_GREEN,0.0,0.0
76395,21,NS_YELLOW,0.0,0.0
76400,21,EW_GREEN,0.0,1.0
76405,21,EW_GREEN,0.0,0.0
76410,21,EW_GREEN,0.0,0.0
76415,21,EW_GREEN,0.0,0.0
76420,21,EW_GREEN,0.0,0.0
76425,21,EW_GREEN,0.0,0.0
76430,21,EW_YELLOW,0.0,0.0
76435,21,NS_GREEN,0.0,0.0
76440,21,NS_GREEN,0.0,1.0
76445,21,NS_GREEN,0.0,1.0
76450,21,NS_GREEN,0.0,1.0
76455,21,NS_GREEN,0.0,1.0
76460,21,NS_GREEN,0.0,1.0
76465,21,NS_YELLOW,0.0,1.0
76470,21,EW_GREEN,0.0,1.0
76475,21,EW_GREEN,1.0,0.0
76480,21,EW_GREEN,1.0,0.0
76485,21,EW_GREEN,1.0,0.0
76490,21,EW_GREEN,1.0,0.0
76495,21,EW_GREEN,1.0,0.0
76500,21,EW_YELLOW,1.0,0.0
76505,21,NS_GREEN,1.0,0.0
76510,21,NS_GREEN,0.0,0.0
76515,21,NS_GREEN,0.0,0.0
76520,21,NS_GREEN,0.0,1.0
76525,21,NS_GREEN,0.0,1.0
76530,21,NS_GREEN,0.0,1.0
76535,21,NS_YELLOW,0.0,1.0
76540,21,EW_GREEN,0.0,1.0
76545,21,EW_GREEN,1.0,0.0
76550,21,EW_GREEN,1.0,0.0
76555,21,EW_GREEN,1.0,0.0
76560,21,EW_GREEN,1.0,0.0
76565,21,EW_GREEN,1.0,0.0
76570,21,EW_YELLOW,1.0,0.0
76575,21,NS_GREEN,1.0,0.0
76580,21,NS_GREEN,0.0,0.0
76585,21,NS_GREEN,0.0,0.0
76590,21,NS_GREEN,0.0,1.0
76595,21,NS_GREEN,0.0,1.0
76600,21,NS_GREEN,0.0,2.0
76605,21,NS_YELLOW,0.0,2.0
76610,21,EW_GREEN,0.0,2.0
76615,21,EW_GREEN,0.0,0.0
76620,21,EW_GREEN,1.0,0.0
76625,21,EW_GREEN,2.0,0.0
76630,21,EW_GREEN,2.0,0.0
76635,21,EW_GREEN,2.0,0.0
76640,21,EW_YELLOW,2.0,0.0
76645,21,NS_GREEN,2.0,1.0
76650,21,NS_GREEN,0.0,2.0
76655,21,NS_GREEN,0.0,2.0
76660,21,NS_GREEN,0.0,2.0
76665,21,NS_GREEN,0.0,3.0
76670,21,NS_GREEN,0.0,3.0
76675,21,NS_YELLOW,0.0,3.0
76680,21,EW_GREEN,1.0,3.0
76685,21,EW_GREEN,1.0,0.5
76690,21,EW_GREEN,1.0,0.0
76695,21,EW_GREEN,1.0,0.0
76700,21,EW_GREEN,1.0,0.0
76705,21,EW_GREEN,1.0,0.0
76710,21,EW_YELLOW,1.0,0.0
76715,21,NS_GREEN,1.0,0.0
76720,21,NS_GREEN,0.0,0.0
76725,21,NS_GREEN,0.0,0.0
76730,21,NS_GREEN,0.0,0.0
76735,21,NS_GREEN,0.0,0.0
76740,21,NS_GREEN,0.0,0.0
76745,21,NS_YELLOW,0.0,0.0
76750,21,EW_GREEN,0.0,0.0
76755,21,EW_GREEN,0.0,0.0
76760,21,EW_GREEN,0.0,0.0
76765,21,EW_GREEN,1.0,0.0
76770,21,EW_GREEN,1.0,0.0
76775,21,EW_GREEN,1.0,0.0
76780,21,EW_YELLOW,1.0,0.0
76785,21,NS_GREEN,1.0,0.0
76790,21,NS_GREEN,0.0,0.0
76795,21,NS_GREEN,0.0,0.0
76800,21,NS_GREEN,0.0,0.0
76805,21,NS_GREEN,0.0,0.0
76810,21,NS_GREEN,0.0,0.0
76815,21,NS_YELLOW,0.0,1.0
76820,21,EW_GREEN,1.0,1.0
76825,21,EW_GREEN,1.0,0.0
76830,21,EW_GREEN,1.0,0.0
76835,21,EW_GREEN,1.0,0.0
76840,21,EW_GREEN,1.0,0.0
76845,21,EW_GREEN,1.0,0.0
76850,21,EW_YELLOW,2.0,0.0
76855,21,NS_GREEN,2.0,0.0
76860,21,NS_GREEN,0.0,0.0
76865,21,NS_GREEN,0.0,1.0
76870,21,NS_GREEN,0.0,2.0
76875,21,NS_GREEN,0.0,2.0
76880,21,NS_GREEN,0.0,2.0
76885,21,NS_YELLOW,0.0,2.0
76890,21,EW_GREEN,0.0,2.0
76895,21,EW_GREEN,0.0,0.5
76900,21,EW_GREEN,0.0,0.0
76905,21,EW_GREEN,0.0,0.0
76910,21,EW_GREEN,0.0,0.0
76915,21,EW_GREEN,0.0,0.0
76920,21,EW_YELLOW,0.0,0.0
76925,21,NS_GREEN,1.0,0.0
76930,21,NS_GREEN,0.0,0.0
76935,21,NS_GREEN,0.0,0.0
76940,21,NS_GREEN,0.0,0.0
76945,21,NS_GREEN,0.0,0.0
76950,21,NS_GREEN,0.0,0.0
76955,21,NS_YELLOW,0.0,1.0
76960,21,EW_GREEN,0.0,1.0
76965,21,EW_GREEN,1.0,0.0
76970,21,EW_GREEN,1.0,0.0
76975,21,EW_GREEN,2.0,0.0
76980,21,EW_GREEN,2.0,0.0
76985,21,EW_GREEN,2.0,0.0
76990,21,EW_YELLOW,3.0,0.0
76995,21,NS_GREEN,3.0,0.0
77000,21,NS_GREEN,0.5,1.0
77005,21,NS_GREEN,0.0,1.0
77010,21,NS_GREEN,0.0,1.0
77015,21,NS_GREEN,0.0,2.0
77020,21,NS_GREEN,0.0,2.0
77025,21,NS_YELLOW,0.0,2.0
77030,21,EW_GREEN,1.0,2.0
77035,21,EW_GREEN,1.0,0.5
77040,21,EW_GREEN,1.0,0.0
77045,21,EW_GREEN,1.0,0.0
77050,21,EW_GREEN,1.0,0.0
77055,21,EW_GREEN,2.0,0.0
77060,21,EW_YELLOW,2.0,0.0
77065,21,NS_GREEN,2.0,0.0
77070,21,NS_GREEN,0.0,0.0
77075,21,NS_GREEN,0.0,0.0
77080,21,NS_GREEN,0.0,1.0
77085,21,NS_GREEN,0.0,1.0
77090,21,NS_GREEN,0.0,1.0
77095,21,NS_YELLOW,0.0,1.0
77100,21,EW_GREEN,0.0,2.0
77105,21,EW_GREEN,0.0,0.5
77110,21,EW_GREEN,0.0,0.0
77115,21,EW_GREEN,0.0,0.0
77120,21,EW_GREEN,0.0,0.0
77125,21,EW_GREEN,0.0,0.0
77130,21,EW_YELLOW,0.0,0.0
77135,21,NS_GREEN,0.0,0.0
77140,21,NS_GREEN,0.0,0.0
77145,21,NS_GREEN,0.0,0.0
77150,21,NS_GREEN,0.0,0.0
77155,21,NS_GREEN,0.0,1.0
77160,21,NS_GREEN,0.0,1.0
77165,21,NS_YELLOW,0.0,1.0
77170,21,EW_GREEN,0.0,2.0
77175,21,EW_GREEN,0.0,0.0
77180,21,EW_GREEN,0.0,0.0
77185,21,EW_GREEN,0.0,0.0
77190,21,EW_GREEN,0.0,0.0
77195,21,EW_GREEN,0.0,0.0
77200,21,EW_YELLOW,0.0,0.0
77205,21,NS_GREEN,0.0,0.0
77210,21,NS_GREEN,0.0,0.0
77215,21,NS_GREEN,0.0,0.0
77220,21,NS_GREEN,0.0,0.0
77225,21,NS_GREEN,0.0,0.0
77230,21,NS_GREEN,0.0,0.0
77235,21,NS_YELLOW,0.0,0.0
77240,21,EW_GREEN,0.0,1.0
77245,21,EW_GREEN,1.0,0.0
77250,21,EW_GREEN,1.0,0.0
77255,21,EW_GREEN,1.0,0.0
77260,21,EW_GREEN,1.0,0.0
77265,21,EW_GREEN,1.0,0.0
77270,21,EW_YELLOW,2.0,0.0
77275,21,NS_GREEN,3.0,0.0
77280,21,NS_GREEN,0.5,0.0
77285,21,NS_GREEN,0.0,1.0
77290,21,NS_GREEN,0.0,1.0
77295,21,NS_GREEN,0.0,1.0
77300,21,NS_GREEN,0.0,1.0
77305,21,NS_YELLOW,0.0,1.0
77310,21,EW_GREEN,0.0,1.0
77315,21,EW_GREEN,0.0,0.0
77320,21,EW_GREEN,0.0,0.0
77325,21,EW_GREEN,0.0,0.0
77330,21,EW_GREEN,0.0,0.0
77335,21,EW_GREEN,0.0,0.0
77340,21,EW_YELLOW,1.0,0.0
77345,21,NS_GREEN,1.0,0.0
77350,21,NS_GREEN,0.0,0.0
77355,21,NS_GREEN,0.0,0.0
77360,21,NS_GREEN,0.0,0.0
77365,21,NS_GREEN,0.0,1.0
77370,21,NS_GREEN,0.0,2.0
77375,21,NS_YELLOW,0.0,2.0
77380,21,EW_GREEN,0.0,2.0
77385,21,EW_GREEN,0.0,0.0
77390,21,EW_GREEN,1.0,0.0
77395,21,EW_GREEN,1.0,0.0
77400,21,EW_GREEN,1.0,0.0
77405,21,EW_GREEN,1.0,0.0
77410,21,EW_YELLOW,2.0,0.0
77415,21,NS_GREEN,2.0,0.0
77420,21,NS_GREEN,0.5,0.0
77425,21,NS_GREEN,0.0,0.0
77430,21,NS_GREEN,0.0,1.0
77435,21,NS_GREEN,0.0,1.0
77440,21,NS_GREEN,0.0,1.0
77445,21,NS_YELLOW,0.0,1.0
77450,21,EW_GREEN,0.0,1.0
77455,21,EW_GREEN,0.0,0.0
77460,21,EW_GREEN,0.0,0.0
77465,21,EW_GREEN,1.0,0.0
77470,21,EW_GREEN,1.0,0.0
77475,21,EW_GREEN,2.0,0.0
77480,21,EW_YELLOW,2.0,0.0
77485,21,NS_GREEN,2.0,0.0
77490,21,NS_GREEN,0.0,0.0
77495,21,NS_GREEN,0.0,0.0
77500,21,NS_GREEN,0.0,1.0
77505,21,NS_GREEN,0.0,1.0
77510,21,NS_GREEN,0.0,2.0
77515,21,NS_YELLOW,0.0,2.0
77520,21,EW_GREEN,0.0,3.0
77525,21,EW_GREEN,0.0,1.5
77530,21,EW_GREEN,1.0,0.0
77535,21,EW_GREEN,1.0,0.0
77540,21,EW_GREEN,2.0,0.0
77545,21,EW_GREEN,2.0,0.0
77550,21,EW_YELLOW,3.0,0.0
77555,21,NS_GREEN,3.0,0.0
77560,21,NS_GREEN,0.5,0.0
77565,21,NS_GREEN,0.0,0.0
77570,21,NS_GREEN,0.0,0.0
77575,21,NS_GREEN,0.0,0.0
77580,21,NS_GREEN,0.0,0.0
77585,21,NS_YELLOW,0.0,0.0
77590,21,EW_GREEN,0.0,0.0
77595,21,EW_GREEN,0.0,0.0
77600,21,EW_GREEN,0.0,0.0
77605,21,EW_GREEN,0.0,0.0
77610,21,EW_GREEN,1.0,0.0
77615,21,EW_GREEN,2.0,0.0
77620,21,EW_YELLOW,2.0,0.0
77625,21,NS_GREEN,3.0,0.0
77630,21,NS_GREEN,0.5,0.0
77635,21,NS_GREEN,0.0,0.0
77640,21,NS_GREEN,0.0,0.0
77645,21,NS_GREEN,0.0,0.0
77650,21,NS_GREEN,0.0,0.0
77655,21,NS_YELLOW,0.0,0.0
77660,21,EW_GREEN,0.0,0.0
77665,21,EW_GREEN,1.0,0.0
77670,21,EW_GREEN,1.0,0.0
77675,21,EW_GREEN,1.0,0.0
77680,21,EW_GREEN,2.0,0.0
77685,21,EW_GREEN,2.0,0.0
77690,21,EW_YELLOW,2.0,0.0
77695,21,NS_GREEN,2.0,0.0
77700,21,NS_GREEN,0.0,0.0
77705,21,NS_GREEN,0.0,0.0
77710,21,NS_GREEN,0.0,0.0
77715,21,NS_GREEN,0.0,0.0
77720,21,NS_GREEN,0.0,0.0
77725,21,NS_YELLOW,0.0,0.0
77730,21,EW_GREEN,0.0,1.0
77735,21,EW_GREEN,0.0,0.0
77740,21,EW_GREEN,0.0,0.0
77745,21,EW_GREEN,0.0,0.0
77750,21,EW_GREEN,0.0,0.0
77755,21,EW_GREEN,0.0,0.0
77760,21,EW_YELLOW,0.0,0.0
77765,21,NS_GREEN,0.0,0.0
77770,21,NS_GREEN,0.0,0.0
77775,21,NS_GREEN,0.0,0.0
77780,21,NS_GREEN,0.0,0.0
77785,21,NS_GREEN,0.0,0.0
77790,21,NS_GREEN,0.0,0.0
77795,21,NS_YELLOW,0.0,0.0
77800,21,EW_GREEN,0.0,0.0
77805,21,EW_GREEN,0.0,0.0
77810,21,EW_GREEN,0.0,0.0
77815,21,EW_GREEN,0.0,0.0
77820,21,EW_GREEN,0.0,0.0
77825,21,EW_GREEN,0.0,0.0
77830,21,EW_YELLOW,0.0,0.0
77835,21,NS_GREEN,0.0,0.0
77840,21,NS_GREEN,0.0,0.0
77845,21,NS_GREEN,0.0,0.0
77850,21,NS_GREEN,0.0,0.0
77855,21,NS_GREEN,0.0,1.0
77860,21,NS_GREEN,0.0,2.0
77865,21,NS_YELLOW,0.0,2.0
77870,21,EW_GREEN,0.0,3.0
77875,21,EW_GREEN,0.0,1.5
77880,21,EW_GREEN,0.0,0.0
77885,21,EW_GREEN,0.0,0.0
77890,21,EW_GREEN,1.0,0.0
77895,21,EW_GREEN,1.0,0.0
77900,21,EW_YELLOW,1.0,0.0
77905,21,NS_GREEN,1.0,0.0
77910,21,NS_GREEN,0.0,0.0
77915,21,NS_GREEN,0.0,0.0
77920,21,NS_GREEN,0.0,0.0
77925,21,NS_GREEN,0.0,0.0
77930,21,NS_GREEN,0.0,0.0
77935,21,NS_YELLOW,0.0,1.0
77940,21,EW_GREEN,0.0,1.0
77945,21,EW_GREEN,0.0,0.0
77950,21,EW_GREEN,0.0,0.0
77955,21,EW_GREEN,1.0,0.0
77960,21,EW_GREEN,1.0,0.0
77965,21,EW_GREEN,1.0,0.0
77970,21,EW_YELLOW,1.0,0.0
77975,21,NS_GREEN,1.0,1.0
77980,21,NS_GREEN,0.0,1.0
77985,21,NS_GREEN,0.0,1.0
77990,21,NS_GREEN,0.0,1.0
77995,21,NS_GREEN,0.0,1.0
78000,21,NS_GREEN,0.0,1.0
78005,21,NS_YELLOW,0.0,1.0
78010,21,EW_GREEN,0.0,1.0
78015,21,EW_GREEN,0.0,0.0
78020,21,EW_GREEN,1.0,0.0
78025,21,EW_GREEN,1.0,0.0
78030,21,EW_GREEN,1.0,0.0
78035,21,EW_GREEN,2.0,0.0
78040,21,EW_YELLOW,2.0,0.0
78045,21,NS_GREEN,2.0,0.0
78050,21,NS_GREEN,0.5,0.0
78055,21,NS_GREEN,0.0,0.0
78060,21,NS_GREEN,0.0,1.0
78065,21,NS_GREEN,0.0,1.0
78070,21,NS_GREEN,0.0,1.0
78075,21,NS_YELLOW,0.0,1.0
78080,21,EW_GREEN,1.0,1.0
78085,21,EW_GREEN,1.0,0.0
78090,21,EW_GREEN,1.0,0.0
78095,21,EW_GREEN,2.0,0.0
78100,21,EW_GREEN,2.0,0.0
78105,21,EW_GREEN,3.0,0.0
78110,21,EW_YELLOW,4.0,0.0
78115,21,NS_GREEN,4.0,1.0
78120,21,NS_GREEN,2.5,2.0
78125,21,NS_GREEN,0.0,3.0
78130,21,NS_GREEN,0.0,3.0
78135,21,NS_GREEN,0.0,4.0
78140,21,NS_GREEN,0.0,5.0
78145,21,NS_YELLOW,0.0,6.0
78150,21,EW_GREEN,1.0,6.0
78155,21,EW_GREEN,1.0,3.5
78160,21,EW_GREEN,1.0,1.0
78165,21,EW_GREEN,1.0,0.0
78170,21,EW_GREEN,1.0,0.0
78175,21,EW_GREEN,1.0,0.0
78180,21,EW_YELLOW,1.0,0.0
78185,21,NS_GREEN,1.0,0.0
78190,21,NS_GREEN,0.0,0.0
78195,21,NS_GREEN,0.0,0.0
78200,21,NS_GREEN,0.0,0.0
78205,21,NS_GREEN,0.0,0.0
78210,21,NS_GREEN,0.0,0.0
78215,21,NS_YELLOW,0.0,0.0
78220,21,EW_GREEN,0.0,0.0
78225,21,EW_GREEN,0.0,0.0
78230,21,EW_GREEN,0.0,0.0
78235,21,EW_GREEN,1.0,0.0
78240,21,EW_GREEN,2.0,0.0
78245,21,EW_GREEN,2.0,0.0
78250,21,EW_YELLOW,3.0,0.0
78255,21,NS_GREEN,3.0,0.0
78260,21,NS_GREEN,0.5,0.0
78265,21,NS_GREEN,0.0,0.0
78270,21,NS_GREEN,0.0,0.0
78275,21,NS_GREEN,0.0,0.0
78280,21,NS_GREEN,0.0,0.0
78285,21,NS_YELLOW,0.0,0.0
78290,21,EW_GREEN,0.0,0.0
78295,21,EW_GREEN,1.0,0.0
78300,21,EW_GREEN,2.0,0.0
78305,21,EW_GREEN,2.0,0.0
78310,21,EW_GREEN,2.0,0.0
78315,21,EW_GREEN,2.0,0.0
78320,21,EW_YELLOW,2.0,0.0
78325,21,NS_GREEN,2.0,0.0
78330,21,NS_GREEN,0.0,1.0
78335,21,NS_GREEN,0.0,1.0
78340,21,NS_GREEN,0.0,1.0
78345,21,NS_GREEN,0.0,1.0
78350,21,NS_GREEN,0.0,2.0
78355,21,NS_YELLOW,0.0,2.0
78360,21,EW_GREEN,1.0,2.0
78365,21,EW_GREEN,2.0,0.0
78370,21,EW_GREEN,2.0,0.0
78375,21,EW_GREEN,2.0,0.0
78380,21,EW_GREEN,2.0,0.0
78385,21,EW_GREEN,2.0,0.0
78390,21,EW_YELLOW,2.0,0.0
78395,21,NS_GREEN,2.0,0.0
78400,21,NS_GREEN,0.0,0.0
78405,21,NS_GREEN,0.0,0.0
78410,21,NS_GREEN,0.0,0.0
78415,21,NS_GREEN,0.0,0.0
78420,21,NS_GREEN,0.0,0.0
78425,21,NS_YELLOW,0.0,0.0
78430,21,EW_GREEN,1.0,1.0
78435,21,EW_GREEN,2.0,0.0
78440,21,EW_GREEN,2.0,0.0
78445,21,EW_GREEN,2.0,0.0
78450,21,EW_GREEN,2.0,0.0
78455,21,EW_GREEN,2.0,0.0
78460,21,EW_YELLOW,2.0,0.0
78465,21,NS_GREEN,2.0,0.0
78470,21,NS_GREEN,0.0,0.0
78475,21,NS_GREEN,0.0,1.0
78480,21,NS_GREEN,0.0,1.0
78485,21,NS_GREEN,0.0,1.0
78490,21,NS_GREEN,0.0,2.0
78495,21,NS_YELLOW,0.0,2.0
78500,21,EW_GREEN,0.0,3.0
78505,21,EW_GREEN,0.0,0.5
78510,21,EW_GREEN,0.0,0.0
78515,21,EW_GREEN,1.0,0.0
78520,21,EW_GREEN,1.0,0.0
78525,21,EW_GREEN,1.0,0.0
78530,21,EW_YELLOW,1.0,0.0
78535,21,NS_GREEN,1.0,0.0
78540,21,NS_GREEN,0.0,0.0
78545,21,NS_GREEN,0.0,1.0
78550,21,NS_GREEN,0.0,1.0
78555,21,NS_GREEN,0.0,1.0
78560,21,NS_GREEN,0.0,1.0
78565,21,NS_YELLOW,0.0,1.0
78570,21,EW_GREEN,0.0,1.0
78575,21,EW_GREEN,1.0,0.0
78580,21,EW_GREEN,2.0,0.0
78585,21,EW_GREEN,2.0,0.0
78590,21,EW_GREEN,3.0,0.0
78595,21,EW_GREEN,3.0,0.0
78600,21,EW_YELLOW,4.0,0.0
78605,21,NS_GREEN,4.0,0.0
78610,21,NS_GREEN,1.5,1.0
78615,21,NS_GREEN,0.0,1.0
78620,21,NS_GREEN,0.0,1.0
78625,21,NS_GREEN,0.0,1.0
78630,21,NS_GREEN,0.0,1.0
78635,21,NS_YELLOW,0.0,1.0
78640,21,EW_GREEN,1.0,1.0
78645,21,EW_GREEN,1.0,0.0
78650,21,EW_GREEN,2.0,0.0
78655,21,EW_GREEN,2.0,0.0
78660,21,EW_GREEN,2.0,0.0
78665,21,EW_GREEN,2.0,0.0
78670,21,EW_YELLOW,2.0,0.0
78675,21,NS_GREEN,2.0,0.0
78680,21,NS_GREEN,0.0,0.0
78685,21,NS_GREEN,0.0,0.0
78690,21,NS_GREEN,0.0,0.0
78695,21,NS_GREEN,0.0,0.0
78700,21,NS_GREEN,0.0,0.0
78705,21,NS_YELLOW,0.0,0.0
78710,21,EW_GREEN,0.0,1.0
78715,21,EW_GREEN,0.0,0.0
78720,21,EW_GREEN,0.0,0.0
78725,21,EW_GREEN,0.0,0.0
78730,21,EW_GREEN,0.0,0.0
78735,21,EW_GREEN,1.0,0.0
78740,21,EW_YELLOW,1.0,0.0
78745,21,NS_GREEN,1.0,0.0
78750,21,NS_GREEN,0.0,0.0
78755,21,NS_GREEN,0.0,1.0
78760,21,NS_GREEN,0.0,1.0
78765,21,NS_GREEN,0.0,1.0
78770,21,NS_GREEN,0.0,1.0
78775,21,NS_YELLOW,0.0,1.0
78780,21,EW_GREEN,0.0,1.0
78785,21,EW_GREEN,0.0,0.0
78790,21,EW_GREEN,0.0,0.0
78795,21,EW_GREEN,0.0,0.0
78800,21,EW_GREEN,0.0,0.0
78805,21,EW_GREEN,0.0,0.0
78810,21,EW_YELLOW,0.0,0.0
78815,21,NS_GREEN,0.0,0.0
78820,21,NS_GREEN,0.0,1.0
78825,21,NS_GREEN,0.0,1.0
78830,21,NS_GREEN,0.0,1.0
78835,21,NS_GREEN,0.0,2.0
78840,21,NS_GREEN,0.0,2.0
78845,21,NS_YELLOW,0.0,2.0
78850,21,EW_GREEN,0.0,2.0
78855,21,EW_GREEN,0.0,0.0
78860,21,EW_GREEN,0.0,0.0
78865,21,EW_GREEN,0.0,0.0
78870,21,EW_GREEN,0.0,0.0
78875,21,EW_GREEN,0.0,0.0
78880,21,EW_YELLOW,1.0,0.0
78885,21,NS_GREEN,1.0,0.0
78890,21,NS_GREEN,0.0,1.0
78895,21,NS_GREEN,0.0,1.0
78900,21,NS_GREEN,0.0,2.0
78905,21,NS_GREEN,0.0,2.0
78910,21,NS_GREEN,0.0,3.0
78915,21,NS_YELLOW,0.0,3.0
78920,21,EW_GREEN,0.0,3.0
78925,21,EW_GREEN,0.0,0.5
78930,21,EW_GREEN,0.0,0.0
78935,21,EW_GREEN,0.0,0.0
78940,21,EW_GREEN,0.0,0.0
78945,21,EW_GREEN,0.0,0.0
78950,21,EW_YELLOW,0.0,0.0
78955,21,NS_GREEN,0.0,0.0
78960,21,NS_GREEN,0.0,1.0
78965,21,NS_GREEN,0.0,1.0
78970,21,NS_GREEN,0.0,1.0
78975,21,NS_GREEN,0.0,1.0
78980,21,NS_GREEN,0.0,1.0
78985,21,NS_YELLOW,0.0,1.0
78990,21,EW_GREEN,1.0,1.0
78995,21,EW_GREEN,1.0,0.0
79000,21,EW_GREEN,1.0,0.0
79005,21,EW_GREEN,1.0,0.0
79010,21,EW_GREEN,1.0,0.0
79015,21,EW_GREEN,1.0,0.0
79020,21,EW_YELLOW,1.0,0.0
79025,21,NS_GREEN,1.0,0.0
79030,21,NS_GREEN,0.0,0.0
79035,21,NS_GREEN,0.0,1.0
79040,21,NS_GREEN,0.0,1.0
79045,21,NS_GREEN,0.0,1.0
79050,21,NS_GREEN,0.0,1.0
79055,21,NS_YELLOW,0.0,1.0
79060,21,EW_GREEN,0.0,1.0
79065,21,EW_GREEN,1.0,0.0
79070,21,EW_GREEN,1.0,0.0
79075,21,EW_GREEN,2.0,0.0
79080,21,EW_GREEN,3.0,0.0
79085,21,EW_GREEN,3.0,0.0
79090,21,EW_YELLOW,3.0,0.0
79095,21,NS_GREEN,3.0,0.0
79100,21,NS_GREEN,0.5,0.0
79105,21,NS_GREEN,0.0,0.0
79110,21,NS_GREEN,0.0,0.0
79115,21,NS_GREEN,0.0,0.0
79120,21,NS_GREEN,0.0,0.0
79125,21,NS_YELLOW,0.0,1.0
79130,21,EW_GREEN,0.0,1.0
79135,21,EW_GREEN,0.0,0.0
79140,21,EW_GREEN,1.0,0.0
79145,21,EW_GREEN,2.0,0.0
79150,21,EW_GREEN,3.0,0.0
79155,21,EW_GREEN,4.0,0.0
79160,21,EW_YELLOW,4.0,0.0
79165,21,NS_GREEN,4.0,0.0
79170,21,NS_GREEN,1.5,0.0
79175,21,NS_GREEN,0.0,0.0
79180,21,NS_GREEN,0.0,1.0
79185,21,NS_GREEN,0.0,1.0
79190,21,NS_GREEN,0.0,1.0
79195,21,NS_YELLOW,0.0,1.0
79200,22,EW_GREEN,0.0,1.0
79205,22,EW_GREEN,0.0,0.0
79210,22,EW_GREEN,1.0,0.0
79215,22,EW_GREEN,1.0,0.0
79220,22,EW_GREEN,1.0,0.0
79225,22,EW_GREEN,1.0,0.0
79230,22,EW_YELLOW,1.0,0.0
79235,22,NS_GREEN,2.0,0.0
79240,22,NS_GREEN,0.0,0.0
79245,22,NS_GREEN,0.0,0.0
79250,22,NS_GREEN,0.0,1.0
79255,22,NS_GREEN,0.0,2.0
79260,22,NS_GREEN,0.0,2.0
79265,22,NS_YELLOW,0.0,2.0
79270,22,EW_GREEN,0.0,2.0
79275,22,EW_GREEN,0.0,0.0
79280,22,EW_GREEN,1.0,0.0
79285,22,EW_GREEN,1.0,0.0
79290,22,EW_GREEN,1.0,0.0
79295,22,EW_GREEN,2.0,0.0
79300,22,EW_YELLOW,2.0,0.0
79305,22,NS_GREEN,3.0,0.0
79310,22,NS_GREEN,0.5,0.0
79315,22,NS_GREEN,0.0,0.0
79320,22,NS_GREEN,0.0,0.0
79325,22,NS_GREEN,0.0,0.0
79330,22,NS_GREEN,0.0,0.0
79335,22,NS_YELLOW,0.0,0.0
79340,22,EW_GREEN,0.0,0.0
79345,22,EW_GREEN,1.0,0.0
79350,22,EW_GREEN,1.0,0.0
79355,22,EW_GREEN,1.0,0.0
79360,22,EW_GREEN,1.0,0.0
79365,22,EW_GREEN,1.0,0.0
79370,22,EW_YELLOW,1.0,0.0
79375,22,NS_GREEN,1.0,0.0
79380,22,NS_GREEN,0.0,0.0
79385,22,NS_GREEN,0.0,0.0
79390,22,NS_GREEN,0.0,0.0
79395,22,NS_GREEN,0.0,0.0
79400,22,NS_GREEN,0.0,0.0
79405,22,NS_YELLOW,0.0,0.0
79410,22,EW_GREEN,0.0,0.0
79415,22,EW_GREEN,0.0,0.0
79420,22,EW_GREEN,0.0,0.0
79425,22,EW_GREEN,0.0,0.0
79430,22,EW_GREEN,0.0,0.0
79435,22,EW_GREEN,0.0,0.0
79440,22,EW_YELLOW,1.0,0.0
79445,22,NS_GREEN,1.0,0.0
79450,22,NS_GREEN,0.0,0.0
79455,22,NS_GREEN,0.0,0.0
79460,22,NS_GREEN,0.0,0.0
79465,22,NS_GREEN,0.0,1.0
79470,22,NS_GREEN,0.0,1.0
79475,22,NS_YELLOW,0.0,1.0
79480,22,EW_GREEN,0.0,1.0
79485,22,EW_GREEN,0.0,0.0
79490,22,EW_GREEN,0.0,0.0
79495,22,EW_GREEN,1.0,0.0
79500,22,EW_GREEN,1.0,0.0
79505,22,EW_GREEN,1.0,0.0
79510,22,EW_YELLOW,1.0,0.0
79515,22,NS_GREEN,1.0,0.0
79520,22,NS_GREEN,0.0,0.0
79525,22,NS_GREEN,0.0,0.0
79530,22,NS_GREEN,0.0,0.0
79535,22,NS_GREEN,0.0,0.0
79540,22,NS_GREEN,0.0,0.0
79545,22,NS_YELLOW,0.0,0.0
79550,22,EW_GREEN,0.0,0.0
79555,22,EW_GREEN,0.0,0.0
79560,22,EW_GREEN,0.0,0.0
79565,22,EW_GREEN,0.0,0.0
79570,22,EW_GREEN,0.0,0.0
79575,22,EW_GREEN,0.0,0.0
79580,22,EW_YELLOW,0.0,0.0
79585,22,NS_GREEN,0.0,0.0
79590,22,NS_GREEN,0.0,0.0
79595,22,NS_GREEN,0.0,0.0
79600,22,NS_GREEN,0.0,0.0
79605,22,NS_GREEN,0.0,0.0
79610,22,NS_GREEN,0.0,1.0
79615,22,NS_YELLOW,0.0,1.0
79620,22,EW_GREEN,1.0,1.0
79625,22,EW_GREEN,1.0,0.0
79630,22,EW_GREEN,1.0,0.0
79635,22,EW_GREEN,1.0,0.0
79640,22,EW_GREEN,1.0,0.0
79645,22,EW_GREEN,1.0,0.0
79650,22,EW_YELLOW,1.0,0.0
79655,22,NS_GREEN,1.0,0.0
79660,22,NS_GREEN,0.0,0.0
79665,22,NS_GREEN,0.0,0.0
79670,22,NS_GREEN,0.0,0.0
79675,22,NS_GREEN,0.0,0.0
79680,22,NS_GREEN,0.0,0.0
79685,22,NS_YELLOW,0.0,0.0
79690,22,EW_GREEN,0.0,1.0
79695,22,EW_GREEN,0.0,0.0
79700,22,EW_GREEN,1.0,0.0
79705,22,EW_GREEN,2.0,0.0
79710,22,EW_GREEN,2.0,0.0
79715,22,EW_GREEN,3.0,0.0
79720,22,EW_YELLOW,3.0,0.0
79725,22,NS_GREEN,3.0,0.0
79730,22,NS_GREEN,0.5,0.0
79735,22,NS_GREEN,0.0,0.0
79740,22,NS_GREEN,0.0,0.0
79745,22,NS_GREEN,0.0,0.0
79750,22,NS_GREEN,0.0,0.0
79755,22,NS_YELLOW,0.0,0.0
79760,22,EW_GREEN,0.0,0.0
79765,22,EW_GREEN,0.0,0.0
79770,22,EW_GREEN,0.0,0.0
79775,22,EW_GREEN,0.0,0.0
79780,22,EW_GREEN,0.0,0.0
79785,22,EW_GREEN,0.0,0.0
79790,22,EW_YELLOW,1.0,0.0
79795,22,NS_GREEN,2.0,0.0
79800,22,NS_GREEN,0.5,0.0
79805,22,NS_GREEN,0.0,0.0
79810,22,NS_GREEN,0.0,0.0
79815,22,NS_GREEN,0.0,0.0
79820,22,NS_GREEN,0.0,1.0
79825,22,NS_YELLOW,0.0,1.0
79830,22,EW_GREEN,0.0,1.0
79835,22,EW_GREEN,0.0,0.0
79840,22,EW_GREEN,0.0,0.0
79845,22,EW_GREEN,0.0,0.0
79850,22,EW_GREEN,0.0,0.0
79855,22,EW_GREEN,0.0,0.0
79860,22,EW_YELLOW,0.0,0.0
79865,22,NS_GREEN,0.0,0.0
79870,22,NS_GREEN,0.0,0.0
79875,22,NS_GREEN,0.0,1.0
79880,22,NS_GREEN,0.0,1.0
79885,22,NS_GREEN,0.0,1.0
79890,22,NS_GREEN,0.0,1.0
79895,22,NS_YELLOW,0.0,2.0
79900,22,EW_GREEN,0.0,2.0
79905,22,EW_GREEN,0.0,0.0
79910,22,EW_GREEN,0.0,0.0
79915,22,EW_GREEN,0.0,0.0
79920,22,EW_GREEN,0.0,0.0
79925,22,EW_GREEN,0.0,0.0
79930,22,EW_YELLOW,1.0,0.0
79935,22,NS_GREEN,1.0,0.0
79940,22,NS_GREEN,0.0,1.0
79945,22,NS_GREEN,0.0,1.0
79950,22,NS_GREEN,0.0,1.0
79955,22,NS_GREEN,0.0,1.0
79960,22,NS_GREEN,0.0,1.0
79965,22,NS_YELLOW,0.0,1.0
79970,22,EW_GREEN,0.0,1.0
79975,22,EW_GREEN,0.0,0.0
79980,22,EW_GREEN,0.0,0.0
79985,22,EW_GREEN,0.0,0.0
79990,22,EW_GREEN,0.0,0.0
79995,22,EW_GREEN,1.0,0.0
80000,22,EW_YELLOW,2.0,0.0
80005,22,NS_GREEN,2.0,0.0
80010,22,NS_GREEN,0.0,0.0
80015,22,NS_GREEN,0.0,0.0
80020,22,NS_GREEN,0.0,0.0
80025,22,NS_GREEN,0.0,0.0
80030,22,NS_GREEN,0.0,0.0
80035,22,NS_YELLOW,0.0,0.0
80040,22,EW_GREEN,0.0,0.0
80045,22,EW_GREEN,0.0,0.0
80050,22,EW_GREEN,1.0,0.0
80055,22,EW_GREEN,2.0,0.0
80060,22,EW_GREEN,3.0,0.0
80065,22,EW_GREEN,4.0,0.0
80070,22,EW_YELLOW,4.0,0.0
80075,22,NS_GREEN,4.0,0.0
80080,22,NS_GREEN,1.5,0.0
80085,22,NS_GREEN,0.0,0.0
80090,22,NS_GREEN,0.0,0.0
80095,22,NS_GREEN,0.0,0.0
80100,22,NS_GREEN,0.0,0.0
80105,22,NS_YELLOW,0.0,0.0
80110,22,EW_GREEN,0.0,0.0
80115,22,EW_GREEN,0.0,0.0
80120,22,EW_GREEN,0.0,0.0
80125,22,EW_GREEN,0.0,0.0
80130,22,EW_GREEN,0.0,0.0
80135,22,EW_GREEN,0.0,0.0
80140,22,EW_YELLOW,1.0,0.0
80145,22,NS_GREEN,1.0,1.0
80150,22,NS_GREEN,0.0,1.0
80155,22,NS_GREEN,0.0,1.0
80160,22,NS_GREEN,0.0,1.0
80165,22,NS_GREEN,0.0,2.0
80170,22,NS_GREEN,0.0,2.0
80175,22,NS_YELLOW,0.0,2.0
80180,22,EW_GREEN,0.0,2.0
80185,22,EW_GREEN,0.0,0.0
80190,22,EW_GREEN,0.0,0.0
80195,22,EW_GREEN,1.0,0.0
80200,22,EW_GREEN,1.0,0.0
80205,22,EW_GREEN,1.0,0.0
80210,22,EW_YELLOW,1.0,0.0
80215,22,NS_GREEN,1.0,0.0
80220,22,NS_GREEN,0.0,0.0
80225,22,NS_GREEN,0.0,0.0
80230,22,NS_GREEN,0.0,0.0
80235,22,NS_GREEN,0.0,0.0
80240,22,NS_GREEN,0.0,1.0
80245,22,NS_YELLOW,0.0,1.0
80250,22,EW_GREEN,0.0,1.0
80255,22,EW_GREEN,0.0,0.0
80260,22,EW_GREEN,1.0,0.0
80265,22,EW_GREEN,2.0,0.0
80270,22,EW_GREEN,2.0,0.0
80275,22,EW_GREEN,3.0,0.0
80280,22,EW_YELLOW,3.0,0.0
80285,22,NS_GREEN,3.0,0.0
80290,22,NS_GREEN,0.5,0.0
80295,22,NS_GREEN,0.0,0.0
80300,22,NS_GREEN,0.0,1.0
80305,22,NS_GREEN,0.0,1.0
80310,22,NS_GREEN,0.0,1.0
80315,22,NS_YELLOW,0.0,2.0
80320,22,EW_GREEN,0.0,2.0
80325,22,EW_GREEN,1.0,0.0
80330,22,EW_GREEN,1.0,0.0
80335,22,EW_GREEN,1.0,0.0
80340,22,EW_GREEN,1.0,0.0
80345,22,EW_GREEN,1.0,0.0
80350,22,EW_YELLOW,1.0,0.0
80355,22,NS_GREEN,1.0,0.0
80360,22,NS_GREEN,0.0,0.0
80365,22,NS_GREEN,0.0,1.0
80370,22,NS_GREEN,0.0,1.0
80375,22,NS_GREEN,0.0,1.0
80380,22,NS_GREEN,0.0,1.0
80385,22,NS_YELLOW,0.0,1.0
80390,22,EW_GREEN,0.0,1.0
80395,22,EW_GREEN,0.0,0.0
80400,22,EW_GREEN,0.0,0.0
80405,22,EW_GREEN,0.0,0.0
80410,22,EW_GREEN,0.0,0.0
80415,22,EW_GREEN,0.0,0.0
80420,22,EW_YELLOW,0.0,0.0
80425,22,NS_GREEN,1.0,0.0
80430,22,NS_GREEN,0.0,1.0
80435,22,NS_GREEN,0.0,1.0
80440,22,NS_GREEN,0.0,1.0
80445,22,NS_GREEN,0.0,1.0
80450,22,NS_GREEN,0.0,1.0
80455,22,NS_YELLOW,0.0,1.0
80460,22,EW_GREEN,0.0,1.0
80465,22,EW_GREEN,0.0,0.0
80470,22,EW_GREEN,0.0,0.0
80475,22,EW_GREEN,0.0,0.0
80480,22,EW_GREEN,0.0,0.0
80485,22,EW_GREEN,0.0,0.0
80490,22,EW_YELLOW,0.0,0.0
80495,22,NS_GREEN,0.0,0.0
80500,22,NS_GREEN,0.0,0.0
80505,22,NS_GREEN,0.0,0.0
80510,22,NS_GREEN,0.0,0.0
80515,22,NS_GREEN,0.0,0.0
80520,22,NS_GREEN,0.0,1.0
80525,22,NS_YELLOW,0.0,1.0
80530,22,EW_GREEN,0.0,1.0
80535,22,EW_GREEN,0.0,0.0
80540,22,EW_GREEN,1.0,0.0
80545,22,EW_GREEN,1.0,0.0
80550,22,EW_GREEN,1.0,0.0
80555,22,EW_GREEN,2.0,0.0
80560,22,EW_YELLOW,2.0,0.0
80565,22,NS_GREEN,2.0,0.0
80570,22,NS_GREEN,0.0,0.0
80575,22,NS_GREEN,0.0,0.0
80580,22,NS_GREEN,0.0,1.0
80585,22,NS_GREEN,0.0,1.0
80590,22,NS_GREEN,0.0,1.0
80595,22,NS_YELLOW,0.0,1.0
80600,22,EW_GREEN,0.0,1.0
80605,22,EW_GREEN,1.0,0.0
80610,22,EW_GREEN,1.0,0.0
80615,22,EW_GREEN,1.0,0.0
80620,22,EW_GREEN,1.0,0.0
80625,22,EW_GREEN,2.0,0.0
80630,22,EW_YELLOW,2.0,0.0
80635,22,NS_GREEN,3.0,0.0
80640,22,NS_GREEN,0.5,0.0
80645,22,NS_GREEN,0.0,0.0
80650,22,NS_GREEN,0.0,1.0
80655,22,NS_GREEN,0.0,1.0
80660,22,NS_GREEN,0.0,1.0
80665,22,NS_YELLOW,0.0,1.0
80670,22,EW_GREEN,0.0,1.0
80675,22,EW_GREEN,0.0,0.0
80680,22,EW_GREEN,0.0,0.0
80685,22,EW_GREEN,0.0,0.0
80690,22,EW_GREEN,0.0,0.0
80695,22,EW_GREEN,1.0,0.0
80700,22,EW_YELLOW,1.0,0.0
80705,22,NS_GREEN,1.0,0.0
80710,22,NS_GREEN,0.0,0.0
80715,22,NS_GREEN,0.0,0.0
80720,22,NS_GREEN,0.0,0.0
80725,22,NS_GREEN,0.0,0.0
80730,22,NS_GREEN,0.0,0.0
80735,22,NS_YELLOW,0.0,0.0
80740,22,EW_GREEN,0.0,0.0
80745,22,EW_GREEN,0.0,0.0
80750,22,EW_GREEN,0.0,0.0
80755,22,EW_GREEN,0.0,0.0
80760,22,EW_GREEN,0.0,0.0
80765,22,EW_GREEN,0.0,0.0
80770,22,EW_YELLOW,0.0,0.0
80775,22,NS_GREEN,0.0,0.0
80780,22,NS_GREEN,0.0,0.0
80785,22,NS_GREEN,0.0,0.0
80790,22,NS_GREEN,0.0,0.0
80795,22,NS_GREEN,0.0,0.0
80800,22,NS_GREEN,0.0,0.0
80805,22,NS_YELLOW,0.0,0.0
80810,22,EW_GREEN,0.0,0.0
80815,22,EW_GREEN,0.0,0.0
80820,22,EW_GREEN,0.0,0.0
80825,22,EW_GREEN,0.0,0.0
80830,22,EW_GREEN,0.0,0.0
80835,22,EW_GREEN,0.0,0.0
80840,22,EW_YELLOW,0.0,0.0
80845,22,NS_GREEN,0.0,0.0
80850,22,NS_GREEN,0.0,0.0
80855,22,NS_GREEN,0.0,0.0
80860,22,NS_GREEN,0.0,0.0
80865,22,NS_GREEN,0.0,0.0
80870,22,NS_GREEN,0.0,0.0
80875,22,NS_YELLOW,0.0,0.0
80880,22,EW_GREEN,0.0,0.0
80885,22,EW_GREEN,1.0,0.0
80890,22,EW_GREEN,1.0,0.0
80895,22,EW_GREEN,1.0,0.0
80900,22,EW_GREEN,1.0,0.0
80905,22,EW_GREEN,2.0,0.0
80910,22,EW_YELLOW,2.0,0.0
80915,22,NS_GREEN,2.0,0.0
80920,22,NS_GREEN,0.5,0.0
80925,22,NS_GREEN,0.0,0.0
80930,22,NS_GREEN,0.0,0.0
80935,22,NS_GREEN,0.0,0.0
80940,22,NS_GREEN,0.0,0.0
80945,22,NS_YELLOW,0.0,0.0
80950,22,EW_GREEN,0.0,1.0
80955,22,EW_GREEN,0.0,0.0
80960,22,EW_GREEN,0.0,0.0
80965,22,EW_GREEN,0.0,0.0
80970,22,EW_GREEN,0.0,0.0
80975,22,EW_GREEN,0.0,0.0
80980,22,EW_YELLOW,0.0,0.0
80985,22,NS_GREEN,0.0,1.0
80990,22,NS_GREEN,0.0,1.0
80995,22,NS_GREEN,0.0,1.0
81000,22,NS_GREEN,0.0,1.0
81005,22,NS_GREEN,0.0,2.0
81010,22,NS_GREEN,0.0,2.0
81015,22,NS_YELLOW,0.0,2.0
81020,22,EW_GREEN,0.0,2.0
81025,22,EW_GREEN,0.0,0.0
81030,22,EW_GREEN,0.0,0.0
81035,22,EW_GREEN,0.0,0.0
81040,22,EW_GREEN,0.0,0.0
81045,22,EW_GREEN,0.0,0.0
81050,22,EW_YELLOW,0.0,0.0
81055,22,NS_GREEN,0.0,0.0
81060,22,NS_GREEN,0.0,0.0
81065,22,NS_GREEN,0.0,0.0
81070,22,NS_GREEN,0.0,0.0
81075,22,NS_GREEN,0.0,0.0
81080,22,NS_GREEN,0.0,0.0
81085,22,NS_YELLOW,0.0,0.0
81090,22,EW_GREEN,0.0,0.0
81095,22,EW_GREEN,0.0,0.0
81100,22,EW_GREEN,0.0,0.0
81105,22,EW_GREEN,0.0,0.0
81110,22,EW_GREEN,0.0,0.0
81115,22,EW_GREEN,0.0,0.0
81120,22,EW_YELLOW,0.0,0.0
81125,22,NS_GREEN,0.0,0.0
81130,22,NS_GREEN,0.0,0.0
81135,22,NS_GREEN,0.0,1.0
81140,22,NS_GREEN,0.0,1.0
81145,22,NS_GREEN,0.0,2.0
81150,22,NS_GREEN,0.0,3.0
81155,22,NS_YELLOW,0.0,3.0
81160,22,EW_GREEN,0.0,3.0
81165,22,EW_GREEN,0.0,0.5
81170,22,EW_GREEN,0.0,0.0
81175,22,EW_GREEN,1.0,0.0
81180,22,EW_GREEN,1.0,0.0
81185,22,EW_GREEN,1.0,0.0
81190,22,EW_YELLOW,1.0,0.0
81195,22,NS_GREEN,1.0,0.0
81200,22,NS_GREEN,0.0,0.0
81205,22,NS_GREEN,0.0,0.0
81210,22,NS_GREEN,0.0,0.0
81215,22,NS_GREEN,0.0,0.0
81220,22,NS_GREEN,0.0,0.0
81225,22,NS_YELLOW,0.0,0.0
81230,22,EW_GREEN,0.0,0.0
81235,22,EW_GREEN,1.0,0.0
81240,22,EW_GREEN,1.0,0.0
81245,22,EW_GREEN,1.0,0.0
81250,22,EW_GREEN,2.0,0.0
81255,22,EW_GREEN,2.0,0.0
81260,22,EW_YELLOW,2.0,0.0
81265,22,NS_GREEN,3.0,0.0
81270,22,NS_GREEN,0.5,0.0
81275,22,NS_GREEN,0.0,1.0
81280,22,NS_GREEN,0.0,1.0
81285,22,NS_GREEN,0.0,1.0
81290,22,NS_GREEN,0.0,1.0
81295,22,NS_YELLOW,0.0,1.0
81300,22,EW_GREEN,0.0,2.0
81305,22,EW_GREEN,0.0,0.0
81310,22,EW_GREEN,0.0,0.0
81315,22,EW_GREEN,0.0,0.0
81320,22,EW_GREEN,1.0,0.0
81325,22,EW_GREEN,1.0,0.0
81330,22,EW_YELLOW,1.0,0.0
81335,22,NS_GREEN,1.0,0.0
81340,22,NS_GREEN,0.0,1.0
81345,22,NS_GREEN,0.0,1.0
81350,22,NS_GREEN,0.0,2.0
81355,22,NS_GREEN,0.0,2.0
81360,22,NS_GREEN,0.0,2.0
81365,22,NS_YELLOW,0.0,2.0
81370,22,EW_GREEN,1.0,2.0
81375,22,EW_GREEN,1.0,0.0
81380,22,EW_GREEN,1.0,0.0
81385,22,EW_GREEN,2.0,0.0
81390,22,EW_GREEN,2.0,0.0
81395,22,EW_GREEN,3.0,0.0
81400,22,EW_YELLOW,3.0,0.0
81405,22,NS_GREEN,3.0,0.0
81410,22,NS_GREEN,0.5,1.0
81415,22,NS_GREEN,0.0,1.0
81420,22,NS_GREEN,0.0,1.0
81425,22,NS_GREEN,0.0,1.0
81430,22,NS_GREEN,0.0,1.0
81435,22,NS_YELLOW,0.0,2.0
81440,22,EW_GREEN,0.0,2.0
81445,22,EW_GREEN,0.0,0.0
81450,22,EW_GREEN,0.0,0.0
81455,22,EW_GREEN,0.0,0.0
81460,22,EW_GREEN,0.0,0.0
81465,22,EW_GREEN,0.0,0.0
81470,22,EW_YELLOW,0.0,0.0
81475,22,NS_GREEN,0.0,1.0
81480,22,NS_GREEN,0.0,1.0
81485,22,NS_GREEN,0.0,1.0
81490,22,NS_GREEN,0.0,1.0
81495,22,NS_GREEN,0.0,1.0
81500,22,NS_GREEN,0.0,1.0
81505,22,NS_YELLOW,0.0,1.0
81510,22,EW_GREEN,0.0,1.0
81515,22,EW_GREEN,0.0,0.0
81520,22,EW_GREEN,0.0,0.0
81525,22,EW_GREEN,0.0,0.0
81530,22,EW_GREEN,0.0,0.0
81535,22,EW_GREEN,0.0,0.0
81540,22,EW_YELLOW,0.0,0.0
81545,22,NS_GREEN,0.0,0.0
81550,22,NS_GREEN,0.0,0.0
81555,22,NS_GREEN,0.0,0.0
81560,22,NS_GREEN,0.0,1.0
81565,22,NS_GREEN,0.0,1.0
81570,22,NS_GREEN,0.0,1.0
81575,22,NS_YELLOW,0.0,1.0
81580,22,EW_GREEN,0.0,1.0
81585,22,EW_GREEN,1.0,0.0
81590,22,EW_GREEN,1.0,0.0
81595,22,EW_GREEN,1.0,0.0
81600,22,EW_GREEN,1.0,0.0
81605,22,EW_GREEN,1.0,0.0
81610,22,EW_YELLOW,1.0,0.0
81615,22,NS_GREEN,1.0,0.0
81620,22,NS_GREEN,0.0,0.0
81625,22,NS_GREEN,0.0,0.0
81630,22,NS_GREEN,0.0,0.0
81635,22,NS_GREEN,0.0,0.0
81640,22,NS_GREEN,0.0,0.0
81645,22,NS_YELLOW,0.0,1.0
81650,22,EW_GREEN,0.0,1.0
81655,22,EW_GREEN,0.0,0.0
81660,22,EW_GREEN,0.0,0.0
81665,22,EW_GREEN,0.0,0.0
81670,22,EW_GREEN,0.0,0.0
81675,22,EW_GREEN,1.0,0.0
81680,22,EW_YELLOW,1.0,0.0
81685,22,NS_GREEN,1.0,0.0
81690,22,NS_GREEN,0.0,0.0
81695,22,NS_GREEN,0.0,0.0
81700,22,NS_GREEN,0.0,0.0
81705,22,NS_GREEN,0.0,0.0
81710,22,NS_GREEN,0.0,0.0
81715,22,NS_YELLOW,0.0,0.0
81720,22,EW_GREEN,0.0,0.0
81725,22,EW_GREEN,0.0,0.0
81730,22,EW_GREEN,0.0,0.0
81735,22,EW_GREEN,0.0,0.0
81740,22,EW_GREEN,1.0,0.0
81745,22,EW_GREEN,1.0,0.0
81750,22,EW_YELLOW,1.0,0.0
81755,22,NS_GREEN,1.0,0.0
81760,22,NS_GREEN,0.0,0.0
81765,22,NS_GREEN,0.0,0.0
81770,22,NS_GREEN,0.0,0.0
81775,22,NS_GREEN,0.0,1.0
81780,22,NS_GREEN,0.0,1.0
81785,22,NS_YELLOW,0.0,1.0
81790,22,EW_GREEN,1.0,1.0
81795,22,EW_GREEN,2.0,0.0
81800,22,EW_GREEN,2.0,0.0
81805,22,EW_GREEN,3.0,0.0
81810,22,EW_GREEN,3.0,0.0
81815,22,EW_GREEN,3.0,0.0
81820,22,EW_YELLOW,4.0,0.0
81825,22,NS_GREEN,4.0,0.0
81830,22,NS_GREEN,1.5,0.0
81835,22,NS_GREEN,0.0,0.0
81840,22,NS_GREEN,0.0,0.0
81845,22,NS_GREEN,0.0,0.0
81850,22,NS_GREEN,0.0,0.0
81855,22,NS_YELLOW,0.0,0.0
81860,22,EW_GREEN,0.0,0.0
81865,22,EW_GREEN,0.0,0.0
81870,22,EW_GREEN,0.0,0.0
81875,22,EW_GREEN,0.0,0.0
81880,22,EW_GREEN,0.0,0.0
81885,22,EW_GREEN,0.0,0.0
81890,22,EW_YELLOW,0.0,0.0
81895,22,NS_GREEN,0.0,0.0
81900,22,NS_GREEN,0.0,0.0
81905,22,NS_GREEN,0.0,0.0
81910,22,NS_GREEN,0.0,0.0
81915,22,NS_GREEN,0.0,0.0
81920,22,NS_GREEN,0.0,0.0
81925,22,NS_YELLOW,0.0,0.0
81930,22,EW_GREEN,1.0,0.0
81935,22,EW_GREEN,1.0,0.0
81940,22,EW_GREEN,1.0,0.0
81945,22,EW_GREEN,1.0,0.0
81950,22,EW_GREEN,1.0,0.0
81955,22,EW_GREEN,1.0,0.0
81960,22,EW_YELLOW,1.0,0.0
81965,22,NS_GREEN,1.0,0.0
81970,22,NS_GREEN,0.0,0.0
81975,22,NS_GREEN,0.0,0.0
81980,22,NS_GREEN,0.0,0.0
81985,22,NS_GREEN,0.0,0.0
81990,22,NS_GREEN,0.0,0.0
81995,22,NS_YELLOW,0.0,0.0
82000,22,EW_GREEN,0.0,0.0
82005,22,EW_GREEN,0.0,0.0
82010,22,EW_GREEN,1.0,0.0
82015,22,EW_GREEN,1.0,0.0
82020,22,EW_GREEN,1.0,0.0
82025,22,EW_GREEN,2.0,0.0
82030,22,EW_YELLOW,2.0,0.0
82035,22,NS_GREEN,2.0,0.0
82040,22,NS_GREEN,0.5,0.0
82045,22,NS_GREEN,0.0,0.0
82050,22,NS_GREEN,0.0,0.0
82055,22,NS_GREEN,0.0,0.0
82060,22,NS_GREEN,0.0,0.0
82065,22,NS_YELLOW,0.0,0.0
82070,22,EW_GREEN,0.0,0.0
82075,22,EW_GREEN,0.0,0.0
82080,22,EW_GREEN,0.0,0.0
82085,22,EW_GREEN,1.0,0.0
82090,22,EW_GREEN,1.0,0.0
82095,22,EW_GREEN,2.0,0.0
82100,22,EW_YELLOW,3.0,0.0
82105,22,NS_GREEN,3.0,0.0
82110,22,NS_GREEN,0.5,0.0
82115,22,NS_GREEN,0.0,0.0
82120,22,NS_GREEN,0.0,1.0
82125,22,NS_GREEN,0.0,1.0
82130,22,NS_GREEN,0.0,1.0
82135,22,NS_YELLOW,0.0,1.0
82140,22,EW_GREEN,0.0,1.0
82145,22,EW_GREEN,0.0,0.0
82150,22,EW_GREEN,0.0,0.0
82155,22,EW_GREEN,0.0,0.0
82160,22,EW_GREEN,0.0,0.0
82165,22,EW_GREEN,0.0,0.0
82170,22,EW_YELLOW,1.0,0.0
82175,22,NS_GREEN,2.0,0.0
82180,22,NS_GREEN,0.0,0.0
82185,22,NS_GREEN,0.0,0.0
82190,22,NS_GREEN,0.0,0.0
82195,22,NS_GREEN,0.0,0.0
82200,22,NS_GREEN,0.0,1.0
82205,22,NS_YELLOW,0.0,1.0
82210,22,EW_GREEN,0.0,1.0
82215,22,EW_GREEN,0.0,0.0
82220,22,EW_GREEN,0.0,0.0
82225,22,EW_GREEN,0.0,0.0
82230,22,EW_GREEN,0.0,0.0
82235,22,EW_GREEN,1.0,0.0
82240,22,EW_YELLOW,1.0,0.0
82245,22,NS_GREEN,1.0,0.0
82250,22,NS_GREEN,0.0,0.0
82255,22,NS_GREEN,0.0,0.0
82260,22,NS_GREEN,0.0,0.0
82265,22,NS_GREEN,0.0,0.0
82270,22,NS_GREEN,0.0,0.0
82275,22,NS_YELLOW,0.0,0.0
82280,22,EW_GREEN,0.0,1.0
82285,22,EW_GREEN,0.0,0.0
82290,22,EW_GREEN,1.0,0.0
82295,22,EW_GREEN,1.0,0.0
82300,22,EW_GREEN,1.0,0.0
82305,22,EW_GREEN,1.0,0.0
82310,22,EW_YELLOW,2.0,0.0
82315,22,NS_GREEN,2.0,0.0
82320,22,NS_GREEN,0.0,0.0
82325,22,NS_GREEN,0.0,0.0
82330,22,NS_GREEN,0.0,0.0
82335,22,NS_GREEN,0.0,0.0
82340,22,NS_GREEN,0.0,0.0
82345,22,NS_YELLOW,0.0,0.0
82350,22,EW_GREEN,0.0,0.0
82355,22,EW_GREEN,0.0,0.0
82360,22,EW_GREEN,1.0,0.0
82365,22,EW_GREEN,1.0,0.0
82370,22,EW_GREEN,1.0,0.0
82375,22,EW_GREEN,1.0,0.0
82380,22,EW_YELLOW,1.0,0.0
82385,22,NS_GREEN,1.0,0.0
82390,22,NS_GREEN,0.0,0.0
82395,22,NS_GREEN,0.0,0.0
82400,22,NS_GREEN,0.0,0.0
82405,22,NS_GREEN,0.0,0.0
82410,22,NS_GREEN,0.0,0.0
82415,22,NS_YELLOW,0.0,0.0
82420,22,EW_GREEN,0.0,0.0
82425,22,EW_GREEN,0.0,0.0
82430,22,EW_GREEN,0.0,0.0
82435,22,EW_GREEN,0.0,0.0
82440,22,EW_GREEN,0.0,0.0
82445,22,EW_GREEN,0.0,0.0
82450,22,EW_YELLOW,0.0,0.0
82455,22,NS_GREEN,0.0,0.0
82460,22,NS_GREEN,0.0,0.0
82465,22,NS_GREEN,0.0,0.0
82470,22,NS_GREEN,0.0,0.0
82475,22,NS_GREEN,0.0,0.0
82480,22,NS_GREEN,0.0,0.0
82485,22,NS_YELLOW,0.0,0.0
82490,22,EW_GREEN,0.0,1.0
82495,22,EW_GREEN,0.0,0.0
82500,22,EW_GREEN,0.0,0.0
82505,22,EW_GREEN,0.0,0.0
82510,22,EW_GREEN,0.0,0.0
82515,22,EW_GREEN,0.0,0.0
82520,22,EW_YELLOW,0.0,0.0
82525,22,NS_GREEN,0.0,0.0
82530,22,NS_GREEN,0.0,0.0
82535,22,NS_GREEN,0.0,0.0
82540,22,NS_GREEN,0.0,0.0
82545,22,NS_GREEN,0.0,0.0
82550,22,NS_GREEN,0.0,0.0
82555,22,NS_YELLOW,0.0,0.0
82560,22,EW_GREEN,0.0,0.0
82565,22,EW_GREEN,0.0,0.0
82570,22,EW_GREEN,0.0,0.0
82575,22,EW_GREEN,1.0,0.0
82580,22,EW_GREEN,1.0,0.0
82585,22,EW_GREEN,1.0,0.0
82590,22,EW_YELLOW,1.0,0.0
82595,22,NS_GREEN,1.0,1.0
82600,22,NS_GREEN,0.0,2.0
82605,22,NS_GREEN,0.0,2.0
82610,22,NS_GREEN,0.0,2.0
82615,22,NS_GREEN,0.0,2.0
82620,22,NS_GREEN,0.0,2.0
82625,22,NS_YELLOW,0.0,2.0
82630,22,EW_GREEN,0.0,2.0
82635,22,EW_GREEN,0.0,0.0
82640,22,EW_GREEN,0.0,0.0
82645,22,EW_GREEN,0.0,0.0
82650,22,EW_GREEN,0.0,0.0
82655,22,EW_GREEN,0.0,0.0
82660,22,EW_YELLOW,0.0,0.0
82665,22,NS_GREEN,0.0,0.0
82670,22,NS_GREEN,0.0,0.0
82675,22,NS_GREEN,0.0,0.0
82680,22,NS_GREEN,0.0,0.0
82685,22,NS_GREEN,0.0,0.0
82690,22,NS_GREEN,0.0,0.0
82695,22,NS_YELLOW,0.0,0.0
82700,22,EW_GREEN,0.0,0.0
82705,22,EW_GREEN,1.0,0.0
82710,22,EW_GREEN,2.0,0.0
82715,22,EW_GREEN,2.0,0.0
82720,22,EW_GREEN,2.0,0.0
82725,22,EW_GREEN,2.0,0.0
82730,22,EW_YELLOW,3.0,0.0
82735,22,NS_GREEN,4.0,0.0
82740,22,NS_GREEN,1.5,0.0
82745,22,NS_GREEN,0.0,0.0
82750,22,NS_GREEN,0.0,0.0
82755,22,NS_GREEN,0.0,0.0
82760,22,NS_GREEN,0.0,0.0
82765,22,NS_YELLOW,0.0,0.0
82770,22,EW_GREEN,1.0,0.0
82775,22,EW_GREEN,1.0,0.0
82780,22,EW_GREEN,1.0,0.0
82785,22,EW_GREEN,1.0,0.0
82790,22,EW_GREEN,2.0,0.0
82795,22,EW_GREEN,3.0,0.0
82800,23,EW_YELLOW,3.0,0.0
82805,23,NS_GREEN,4.0,0.0
82810,23,NS_GREEN,2.5,0.0
82815,23,NS_GREEN,0.0,0.0
82820,23,NS_GREEN,0.0,0.0
82825,23,NS_GREEN,0.0,0.0
82830,23,NS_GREEN,0.0,0.0
82835,23,NS_YELLOW,0.0,0.0
82840,23,EW_GREEN,0.0,0.0
82845,23,EW_GREEN,0.0,0.0
82850,23,EW_GREEN,0.0,0.0
82855,23,EW_GREEN,0.0,0.0
82860,23,EW_GREEN,0.0,0.0
82865,23,EW_GREEN,0.0,0.0
82870,23,EW_YELLOW,0.0,0.0
82875,23,NS_GREEN,0.0,0.0
82880,23,NS_GREEN,0.0,0.0
82885,23,NS_GREEN,0.0,0.0
82890,23,NS_GREEN,0.0,0.0
82895,23,NS_GREEN,0.0,0.0
82900,23,NS_GREEN,0.0,0.0
82905,23,NS_YELLOW,0.0,0.0
82910,23,EW_GREEN,0.0,0.0
82915,23,EW_GREEN,1.0,0.0
82920,23,EW_GREEN,1.0,0.0
82925,23,EW_GREEN,1.0,0.0
82930,23,EW_GREEN,1.0,0.0
82935,23,EW_GREEN,1.0,0.0
82940,23,EW_YELLOW,1.0,0.0
82945,23,NS_GREEN,1.0,1.0
82950,23,NS_GREEN,0.0,1.0
82955,23,NS_GREEN,0.0,1.0
82960,23,NS_GREEN,0.0,1.0
82965,23,NS_GREEN,0.0,1.0
82970,23,NS_GREEN,0.0,1.0
82975,23,NS_YELLOW,0.0,1.0
82980,23,EW_GREEN,0.0,1.0
82985,23,EW_GREEN,0.0,0.0
82990,23,EW_GREEN,0.0,0.0
82995,23,EW_GREEN,0.0,0.0
83000,23,EW_GREEN,0.0,0.0
83005,23,EW_GREEN,0.0,0.0
83010,23,EW_YELLOW,1.0,0.0
83015,23,NS_GREEN,1.0,0.0
83020,23,NS_GREEN,0.0,0.0
83025,23,NS_GREEN,0.0,0.0
83030,23,NS_GREEN,0.0,0.0
83035,23,NS_GREEN,0.0,0.0
83040,23,NS_GREEN,0.0,1.0
83045,23,NS_YELLOW,0.0,1.0
83050,23,EW_GREEN,0.0,1.0
83055,23,EW_GREEN,0.0,0.0
83060,23,EW_GREEN,0.0,0.0
83065,23,EW_GREEN,0.0,0.0
83070,23,EW_GREEN,0.0,0.0
83075,23,EW_GREEN,1.0,0.0
83080,23,EW_YELLOW,1.0,0.0
83085,23,NS_GREEN,1.0,0.0
83090,23,NS_GREEN,0.0,0.0
83095,23,NS_GREEN,0.0,0.0
83100,23,NS_GREEN,0.0,0.0
83105,23,NS_GREEN,0.0,1.0
83110,23,NS_GREEN,0.0,1.0
83115,23,NS_YELLOW,0.0,1.0
83120,23,EW_GREEN,0.0,1.0
83125,23,EW_GREEN,0.0,0.0
83130,23,EW_GREEN,0.0,0.0
83135,23,EW_GREEN,0.0,0.0
83140,23,EW_GREEN,0.0,0.0
83145,23,EW_GREEN,0.0,0.0
83150,23,EW_YELLOW,0.0,0.0
83155,23,NS_GREEN,0.0,0.0
83160,23,NS_GREEN,0.0,0.0
83165,23,NS_GREEN,0.0,0.0
83170,23,NS_GREEN,0.0,1.0
83175,23,NS_GREEN,0.0,2.0
83180,23,NS_GREEN,0.0,2.0
83185,23,NS_YELLOW,0.0,2.0
83190,23,EW_GREEN,0.0,2.0
83195,23,EW_GREEN,0.0,0.0
83200,23,EW_GREEN,0.0,0.0
83205,23,EW_GREEN,0.0,0.0
83210,23,EW_GREEN,1.0,0.0
83215,23,EW_GREEN,1.0,0.0
83220,23,EW_YELLOW,2.0,0.0
83225,23,NS_GREEN,2.0,0.0
83230,23,NS_GREEN,0.0,0.0
83235,23,NS_GREEN,0.0,0.0
83240,23,NS_GREEN,0.0,0.0
83245,23,NS_GREEN,0.0,0.0
83250,23,NS_GREEN,0.0,1.0
83255,23,NS_YELLOW,0.0,1.0
83260,23,EW_GREEN,0.0,1.0
83265,23,EW_GREEN,0.0,0.0
83270,23,EW_GREEN,0.0,0.0
83275,23,EW_GREEN,0.0,0.0
83280,23,EW_GREEN,0.0,0.0
83285,23,EW_GREEN,0.0,0.0
83290,23,EW_YELLOW,0.0,0.0
83295,23,NS_GREEN,0.0,0.0
83300,23,NS_GREEN,0.0,0.0
83305,23,NS_GREEN,0.0,0.0
83310,23,NS_GREEN,0.0,0.0
83315,23,NS_GREEN,0.0,0.0
83320,23,NS_GREEN,0.0,0.0
83325,23,NS_YELLOW,0.0,0.0
83330,23,EW_GREEN,0.0,1.0
83335,23,EW_GREEN,0.0,0.0
83340,23,EW_GREEN,0.0,0.0
83345,23,EW_GREEN,0.0,0.0
83350,23,EW_GREEN,0.0,0.0
83355,23,EW_GREEN,1.0,0.0
83360,23,EW_YELLOW,1.0,0.0
83365,23,NS_GREEN,2.0,0.0
83370,23,NS_GREEN,0.0,0.0
83375,23,NS_GREEN,0.0,0.0
83380,23,NS_GREEN,0.0,1.0
83385,23,NS_GREEN,0.0,1.0
83390,23,NS_GREEN,0.0,1.0
83395,23,NS_YELLOW,0.0,2.0
83400,23,EW_GREEN,0.0,2.0
83405,23,EW_GREEN,0.0,0.0
83410,23,EW_GREEN,0.0,0.0
83415,23,EW_GREEN,1.0,0.0
83420,23,EW_GREEN,1.0,0.0
83425,23,EW_GREEN,1.0,0.0
83430,23,EW_YELLOW,1.0,0.0
83435,23,NS_GREEN,1.0,0.0
83440,23,NS_GREEN,0.0,0.0
83445,23,NS_GREEN,0.0,0.0
83450,23,NS_GREEN,0.0,0.0
83455,23,NS_GREEN,0.0,0.0
83460,23,NS_GREEN,0.0,0.0
83465,23,NS_YELLOW,0.0,0.0
83470,23,EW_GREEN,1.0,0.0
83475,23,EW_GREEN,1.0,0.0
83480,23,EW_GREEN,1.0,0.0
83485,23,EW_GREEN,1.0,0.0
83490,23,EW_GREEN,1.0,0.0
83495,23,EW_GREEN,2.0,0.0
83500,23,EW_YELLOW,2.0,0.0
83505,23,NS_GREEN,2.0,0.0
83510,23,NS_GREEN,0.0,0.0
83515,23,NS_GREEN,0.0,0.0
83520,23,NS_GREEN,0.0,0.0
83525,23,NS_GREEN,0.0,0.0
83530,23,NS_GREEN,0.0,1.0
83535,23,NS_YELLOW,0.0,1.0
83540,23,EW_GREEN,0.0,1.0
83545,23,EW_GREEN,0.0,0.0
83550,23,EW_GREEN,0.0,0.0
83555,23,EW_GREEN,0.0,0.0
83560,23,EW_GREEN,0.0,0.0
83565,23,EW_GREEN,0.0,0.0
83570,23,EW_YELLOW,0.0,0.0
83575,23,NS_GREEN,0.0,0.0
83580,23,NS_GREEN,0.0,0.0
83585,23,NS_GREEN,0.0,0.0
83590,23,NS_GREEN,0.0,0.0
83595,23,NS_GREEN,0.0,0.0
83600,23,NS_GREEN,0.0,0.0
83605,23,NS_YELLOW,0.0,0.0
83610,23,EW_GREEN,0.0,0.0
83615,23,EW_GREEN,0.0,0.0
83620,23,EW_GREEN,0.0,0.0
83625,23,EW_GREEN,0.0,0.0
83630,23,EW_GREEN,0.0,0.0
83635,23,EW_GREEN,0.0,0.0
83640,23,EW_YELLOW,1.0,0.0
83645,23,NS_GREEN,2.0,0.0
83650,23,NS_GREEN,0.0,0.0
83655,23,NS_GREEN,0.0,0.0
83660,23,NS_GREEN,0.0,0.0
83665,23,NS_GREEN,0.0,0.0
83670,23,NS_GREEN,0.0,0.0
83675,23,NS_YELLOW,0.0,0.0
83680,23,EW_GREEN,0.0,0.0
83685,23,EW_GREEN,1.0,0.0
83690,23,EW_GREEN,1.0,0.0
83695,23,EW_GREEN,1.0,0.0
83700,23,EW_GREEN,1.0,0.0
83705,23,EW_GREEN,2.0,0.0
83710,23,EW_YELLOW,2.0,0.0
83715,23,NS_GREEN,2.0,0.0
83720,23,NS_GREEN,0.0,0.0
83725,23,NS_GREEN,0.0,0.0
83730,23,NS_GREEN,0.0,0.0
83735,23,NS_GREEN,0.0,0.0
83740,23,NS_GREEN,0.0,1.0
83745,23,NS_YELLOW,0.0,2.0
83750,23,EW_GREEN,0.0,2.0
83755,23,EW_GREEN,0.0,0.0
83760,23,EW_GREEN,0.0,0.0
83765,23,EW_GREEN,0.0,0.0
83770,23,EW_GREEN,0.0,0.0
83775,23,EW_GREEN,0.0,0.0
83780,23,EW_YELLOW,0.0,0.0
83785,23,NS_GREEN,1.0,0.0
83790,23,NS_GREEN,0.0,0.0
83795,23,NS_GREEN,0.0,0.0
83800,23,NS_GREEN,0.0,1.0
83805,23,NS_GREEN,0.0,1.0
83810,23,NS_GREEN,0.0,1.0
83815,23,NS_YELLOW,0.0,1.0
83820,23,EW_GREEN,0.0,1.0
83825,23,EW_GREEN,0.0,0.0
83830,23,EW_GREEN,0.0,0.0
83835,23,EW_GREEN,0.0,0.0
83840,23,EW_GREEN,1.0,0.0
83845,23,EW_GREEN,1.0,0.0
83850,23,EW_YELLOW,1.0,0.0
83855,23,NS_GREEN,2.0,0.0
83860,23,NS_GREEN,0.0,0.0
83865,23,NS_GREEN,0.0,0.0
83870,23,NS_GREEN,0.0,0.0
83875,23,NS_GREEN,0.0,0.0
83880,23,NS_GREEN,0.0,0.0
83885,23,NS_YELLOW,0.0,0.0
83890,23,EW_GREEN,0.0,0.0
83895,23,EW_GREEN,0.0,0.0
83900,23,EW_GREEN,0.0,0.0
83905,23,EW_GREEN,0.0,0.0
83910,23,EW_GREEN,0.0,0.0
83915,23,EW_GREEN,0.0,0.0
83920,23,EW_YELLOW,0.0,0.0
83925,23,NS_GREEN,0.0,1.0
83930,23,NS_GREEN,0.0,1.0
83935,23,NS_GREEN,0.0,1.0
83940,23,NS_GREEN,0.0,1.0
83945,23,NS_GREEN,0.0,1.0
83950,23,NS_GREEN,0.0,1.0
83955,23,NS_YELLOW,0.0,2.0
83960,23,EW_GREEN,0.0,2.0
83965,23,EW_GREEN,0.0,0.0
83970,23,EW_GREEN,0.0,0.0
83975,23,EW_GREEN,1.0,0.0
83980,23,EW_GREEN,1.0,0.0
83985,23,EW_GREEN,2.0,0.0
83990,23,EW_YELLOW,2.0,0.0
83995,23,NS_GREEN,2.0,0.0
84000,23,NS_GREEN,0.0,0.0
84005,23,NS_GREEN,0.0,0.0
84010,23,NS_GREEN,0.0,0.0
84015,23,NS_GREEN,0.0,0.0
84020,23,NS_GREEN,0.0,0.0
84025,23,NS_YELLOW,0.0,0.0
84030,23,EW_GREEN,0.0,0.0
84035,23,EW_GREEN,0.0,0.0
84040,23,EW_GREEN,0.0,0.0
84045,23,EW_GREEN,0.0,0.0
84050,23,EW_GREEN,0.0,0.0
84055,23,EW_GREEN,1.0,0.0
84060,23,EW_YELLOW,1.0,0.0
84065,23,NS_GREEN,2.0,1.0
84070,23,NS_GREEN,0.0,1.0
84075,23,NS_GREEN,0.0,1.0
84080,23,NS_GREEN,0.0,1.0
84085,23,NS_GREEN,0.0,1.0
84090,23,NS_GREEN,0.0,1.0
84095,23,NS_YELLOW,0.0,1.0
84100,23,EW_GREEN,0.0,1.0
84105,23,EW_GREEN,0.0,0.0
84110,23,EW_GREEN,0.0,0.0
84115,23,EW_GREEN,0.0,0.0
84120,23,EW_GREEN,0.0,0.0
84125,23,EW_GREEN,0.0,0.0
84130,23,EW_YELLOW,0.0,0.0
84135,23,NS_GREEN,0.0,0.0
84140,23,NS_GREEN,0.0,0.0
84145,23,NS_GREEN,0.0,0.0
84150,23,NS_GREEN,0.0,0.0
84155,23,NS_GREEN,0.0,0.0
84160,23,NS_GREEN,0.0,0.0
84165,23,NS_YELLOW,0.0,0.0
84170,23,EW_GREEN,0.0,0.0
84175,23,EW_GREEN,1.0,0.0
84180,23,EW_GREEN,1.0,0.0
84185,23,EW_GREEN,1.0,0.0
84190,23,EW_GREEN,1.0,0.0
84195,23,EW_GREEN,2.0,0.0
84200,23,EW_YELLOW,2.0,0.0
84205,23,NS_GREEN,2.0,0.0
84210,23,NS_GREEN,0.0,0.0
84215,23,NS_GREEN,0.0,0.0
84220,23,NS_GREEN,0.0,0.0
84225,23,NS_GREEN,0.0,0.0
84230,23,NS_GREEN,0.0,0.0
84235,23,NS_YELLOW,0.0,0.0
84240,23,EW_GREEN,0.0,0.0
84245,23,EW_GREEN,0.0,0.0
84250,23,EW_GREEN,0.0,0.0
84255,23,EW_GREEN,0.0,0.0
84260,23,EW_GREEN,1.0,0.0
84265,23,EW_GREEN,1.0,0.0
84270,23,EW_YELLOW,1.0,0.0
84275,23,NS_GREEN,1.0,0.0
84280,23,NS_GREEN,0.0,0.0
84285,23,NS_GREEN,0.0,0.0
84290,23,NS_GREEN,0.0,0.0
84295,23,NS_GREEN,0.0,0.0
84300,23,NS_GREEN,0.0,0.0
84305,23,NS_YELLOW,0.0,0.0
84310,23,EW_GREEN,1.0,0.0
84315,23,EW_GREEN,2.0,0.0
84320,23,EW_GREEN,2.0,0.0
84325,23,EW_GREEN,3.0,0.0
84330,23,EW_GREEN,3.0,0.0
84335,23,EW_GREEN,3.0,0.0
84340,23,EW_YELLOW,3.0,0.0
84345,23,NS_GREEN,4.0,0.0
84350,23,NS_GREEN,2.5,0.0
84355,23,NS_GREEN,0.0,0.0
84360,23,NS_GREEN,0.0,0.0
84365,23,NS_GREEN,0.0,0.0
84370,23,NS_GREEN,0.0,0.0
84375,23,NS_YELLOW,0.0,0.0
84380,23,EW_GREEN,0.0,0.0
84385,23,EW_GREEN,0.0,0.0
84390,23,EW_GREEN,0.0,0.0
84395,23,EW_GREEN,0.0,0.0
84400,23,EW_GREEN,0.0,0.0
84405,23,EW_GREEN,0.0,0.0
84410,23,EW_YELLOW,1.0,0.0
84415,23,NS_GREEN,1.0,0.0
84420,23,NS_GREEN,0.0,0.0
84425,23,NS_GREEN,0.0,0.0
84430,23,NS_GREEN,0.0,0.0
84435,23,NS_GREEN,0.0,1.0
84440,23,NS_GREEN,0.0,1.0
84445,23,NS_YELLOW,0.0,1.0
84450,23,EW_GREEN,0.0,2.0
84455,23,EW_GREEN,0.0,0.0
84460,23,EW_GREEN,1.0,0.0
84465,23,EW_GREEN,1.0,0.0
84470,23,EW_GREEN,1.0,0.0
84475,23,EW_GREEN,1.0,0.0
84480,23,EW_YELLOW,2.0,0.0
84485,23,NS_GREEN,3.0,0.0
84490,23,NS_GREEN,0.5,0.0
84495,23,NS_GREEN,0.0,0.0
84500,23,NS_GREEN,0.0,0.0
84505,23,NS_GREEN,0.0,0.0
84510,23,NS_GREEN,0.0,0.0
84515,23,NS_YELLOW,0.0,0.0
84520,23,EW_GREEN,0.0,0.0
84525,23,EW_GREEN,0.0,0.0
84530,23,EW_GREEN,0.0,0.0
84535,23,EW_GREEN,0.0,0.0
84540,23,EW_GREEN,1.0,0.0
84545,23,EW_GREEN,1.0,0.0
84550,23,EW_YELLOW,1.0,0.0
84555,23,NS_GREEN,1.0,0.0
84560,23,NS_GREEN,0.0,0.0
84565,23,NS_GREEN,0.0,0.0
84570,23,NS_GREEN,0.0,0.0
84575,23,NS_GREEN,0.0,0.0
84580,23,NS_GREEN,0.0,0.0
84585,23,NS_YELLOW,0.0,1.0
84590,23,EW_GREEN,1.0,2.0
84595,23,EW_GREEN,1.0,0.0
84600,23,EW_GREEN,1.0,0.0
84605,23,EW_GREEN,1.0,0.0
84610,23,EW_GREEN,2.0,0.0
84615,23,EW_GREEN,2.0,0.0
84620,23,EW_YELLOW,2.0,0.0
84625,23,NS_GREEN,2.0,0.0
84630,23,NS_GREEN,0.0,0.0
84635,23,NS_GREEN,0.0,0.0
84640,23,NS_GREEN,0.0,0.0
84645,23,NS_GREEN,0.0,0.0
84650,23,NS_GREEN,0.0,0.0
84655,23,NS_YELLOW,0.0,0.0
84660,23,EW_GREEN,0.0,0.0
84665,23,EW_GREEN,1.0,0.0
84670,23,EW_GREEN,1.0,0.0
84675,23,EW_GREEN,1.0,0.0
84680,23,EW_GREEN,1.0,0.0
84685,23,EW_GREEN,1.0,0.0
84690,23,EW_YELLOW,1.0,0.0
84695,23,NS_GREEN,1.0,0.0
84700,23,NS_GREEN,0.0,1.0
84705,23,NS_GREEN,0.0,2.0
84710,23,NS_GREEN,0.0,2.0
84715,23,NS_GREEN,0.0,2.0
84720,23,NS_GREEN,0.0,2.0
84725,23,NS_YELLOW,0.0,2.0
84730,23,EW_GREEN,0.0,2.0
84735,23,EW_GREEN,0.0,0.0
84740,23,EW_GREEN,0.0,0.0
84745,23,EW_GREEN,0.0,0.0
84750,23,EW_GREEN,1.0,0.0
84755,23,EW_GREEN,1.0,0.0
84760,23,EW_YELLOW,1.0,0.0
84765,23,NS_GREEN,1.0,0.0
84770,23,NS_GREEN,0.0,0.0
84775,23,NS_GREEN,0.0,0.0
84780,23,NS_GREEN,0.0,0.0
84785,23,NS_GREEN,0.0,0.0
84790,23,NS_GREEN,0.0,0.0
84795,23,NS_YELLOW,0.0,0.0
84800,23,EW_GREEN,0.0,1.0
84805,23,EW_GREEN,0.0,0.0
84810,23,EW_GREEN,0.0,0.0
84815,23,EW_GREEN,0.0,0.0
84820,23,EW_GREEN,0.0,0.0
84825,23,EW_GREEN,0.0,0.0
84830,23,EW_YELLOW,0.0,0.0
84835,23,NS_GREEN,0.0,0.0
84840,23,NS_GREEN,0.0,0.0
84845,23,NS_GREEN,0.0,0.0
84850,23,NS_GREEN,0.0,0.0
84855,23,NS_GREEN,0.0,0.0
84860,23,NS_GREEN,0.0,0.0
84865,23,NS_YELLOW,0.0,0.0
84870,23,EW_GREEN,0.0,0.0
84875,23,EW_GREEN,0.0,0.0
84880,23,EW_GREEN,0.0,0.0
84885,23,EW_GREEN,0.0,0.0
84890,23,EW_GREEN,0.0,0.0
84895,23,EW_GREEN,0.0,0.0
84900,23,EW_YELLOW,0.0,0.0
84905,23,NS_GREEN,0.0,0.0
84910,23,NS_GREEN,0.0,0.0
84915,23,NS_GREEN,0.0,1.0
84920,23,NS_GREEN,0.0,1.0
84925,23,NS_GREEN,0.0,1.0
84930,23,NS_GREEN,0.0,2.0
84935,23,NS_YELLOW,0.0,2.0
84940,23,EW_GREEN,1.0,2.0
84945,23,EW_GREEN,2.0,0.0
84950,23,EW_GREEN,2.0,0.0
84955,23,EW_GREEN,2.0,0.0
84960,23,EW_GREEN,2.0,0.0
84965,23,EW_GREEN,2.0,0.0
84970,23,EW_YELLOW,3.0,0.0
84975,23,NS_GREEN,3.0,0.0
84980,23,NS_GREEN,0.5,0.0
84985,23,NS_GREEN,0.0,0.0
84990,23,NS_GREEN,0.0,0.0
84995,23,NS_GREEN,0.0,0.0
85000,23,NS_GREEN,0.0,0.0
85005,23,NS_YELLOW,0.0,0.0
85010,23,EW_GREEN,0.0,0.0
85015,23,EW_GREEN,0.0,0.0
85020,23,EW_GREEN,0.0,0.0
85025,23,EW_GREEN,1.0,0.0
85030,23,EW_GREEN,1.0,0.0
85035,23,EW_GREEN,1.0,0.0
85040,23,EW_YELLOW,1.0,0.0
85045,23,NS_GREEN,1.0,0.0
85050,23,NS_GREEN,0.0,0.0
85055,23,NS_GREEN,0.0,0.0
85060,23,NS_GREEN,0.0,0.0
85065,23,NS_GREEN,0.0,0.0
85070,23,NS_GREEN,0.0,0.0
85075,23,NS_YELLOW,0.0,0.0
85080,23,EW_GREEN,0.0,1.0
85085,23,EW_GREEN,0.0,0.0
85090,23,EW_GREEN,1.0,0.0
85095,23,EW_GREEN,1.0,0.0
85100,23,EW_GREEN,1.0,0.0
85105,23,EW_GREEN,1.0,0.0
85110,23,EW_YELLOW,1.0,0.0
85115,23,NS_GREEN,1.0,0.0
85120,23,NS_GREEN,0.0,0.0
85125,23,NS_GREEN,0.0,0.0
85130,23,NS_GREEN,0.0,0.0
85135,23,NS_GREEN,0.0,0.0
85140,23,NS_GREEN,0.0,0.0
85145,23,NS_YELLOW,0.0,0.0
85150,23,EW_GREEN,0.0,0.0
85155,23,EW_GREEN,0.0,0.0
85160,23,EW_GREEN,0.0,0.0
85165,23,EW_GREEN,0.0,0.0
85170,23,EW_GREEN,1.0,0.0
85175,23,EW_GREEN,1.0,0.0
85180,23,EW_YELLOW,1.0,0.0
85185,23,NS_GREEN,1.0,0.0
85190,23,NS_GREEN,0.0,0.0
85195,23,NS_GREEN,0.0,0.0
85200,23,NS_GREEN,0.0,0.0
85205,23,NS_GREEN,0.0,0.0
85210,23,NS_GREEN,0.0,0.0
85215,23,NS_YELLOW,0.0,0.0
85220,23,EW_GREEN,0.0,0.0
85225,23,EW_GREEN,0.0,0.0
85230,23,EW_GREEN,0.0,0.0
85235,23,EW_GREEN,0.0,0.0
85240,23,EW_GREEN,0.0,0.0
85245,23,EW_GREEN,0.0,0.0
85250,23,EW_YELLOW,0.0,0.0
85255,23,NS_GREEN,0.0,0.0
85260,23,NS_GREEN,0.0,0.0
85265,23,NS_GREEN,0.0,0.0
85270,23,NS_GREEN,0.0,0.0
85275,23,NS_GREEN,0.0,0.0
85280,23,NS_GREEN,0.0,1.0
85285,23,NS_YELLOW,0.0,1.0
85290,23,EW_GREEN,0.0,1.0
85295,23,EW_GREEN,0.0,0.0
85300,23,EW_GREEN,0.0,0.0
85305,23,EW_GREEN,0.0,0.0
85310,23,EW_GREEN,0.0,0.0
85315,23,EW_GREEN,0.0,0.0
85320,23,EW_YELLOW,0.0,0.0
85325,23,NS_GREEN,0.0,0.0
85330,23,NS_GREEN,0.0,0.0
85335,23,NS_GREEN,0.0,0.0
85340,23,NS_GREEN,0.0,0.0
85345,23,NS_GREEN,0.0,0.0
85350,23,NS_GREEN,0.0,0.0
85355,23,NS_YELLOW,0.0,0.0
85360,23,EW_GREEN,0.0,1.0
85365,23,EW_GREEN,0.0,0.0
85370,23,EW_GREEN,0.0,0.0
85375,23,EW_GREEN,0.0,0.0
85380,23,EW_GREEN,0.0,0.0
85385,23,EW_GREEN,0.0,0.0
85390,23,EW_YELLOW,0.0,0.0
85395,23,NS_GREEN,1.0,0.0
85400,23,NS_GREEN,0.0,0.0
85405,23,NS_GREEN,0.0,0.0
85410,23,NS_GREEN,0.0,0.0
85415,23,NS_GREEN,0.0,0.0
85420,23,NS_GREEN,0.0,0.0
85425,23,NS_YELLOW,0.0,0.0
85430,23,EW_GREEN,0.0,0.0
85435,23,EW_GREEN,0.0,0.0
85440,23,EW_GREEN,0.0,0.0
85445,23,EW_GREEN,1.0,0.0
85450,23,EW_GREEN,2.0,0.0
85455,23,EW_GREEN,2.0,0.0
85460,23,EW_YELLOW,2.0,0.0
85465,23,NS_GREEN,2.0,0.0
85470,23,NS_GREEN,0.0,0.0
85475,23,NS_GREEN,0.0,0.0
85480,23,NS_GREEN,0.0,0.0
85485,23,NS_GREEN,0.0,0.0
85490,23,NS_GREEN,0.0,0.0
85495,23,NS_YELLOW,0.0,0.0
85500,23,EW_GREEN,0.0,0.0
85505,23,EW_GREEN,0.0,0.0
85510,23,EW_GREEN,0.0,0.0
85515,23,EW_GREEN,0.0,0.0
85520,23,EW_GREEN,0.0,0.0
85525,23,EW_GREEN,0.0,0.0
85530,23,EW_YELLOW,0.0,0.0
85535,23,NS_GREEN,0.0,0.0
85540,23,NS_GREEN,0.0,1.0
85545,23,NS_GREEN,0.0,1.0
85550,23,NS_GREEN,0.0,1.0
85555,23,NS_GREEN,0.0,1.0
85560,23,NS_GREEN,0.0,1.0
85565,23,NS_YELLOW,0.0,1.0
85570,23,EW_GREEN,0.0,1.0
85575,23,EW_GREEN,0.0,0.0
85580,23,EW_GREEN,0.0,0.0
85585,23,EW_GREEN,0.0,0.0
85590,23,EW_GREEN,0.0,0.0
85595,23,EW_GREEN,0.0,0.0
85600,23,EW_YELLOW,0.0,0.0
85605,23,NS_GREEN,0.0,0.0
85610,23,NS_GREEN,0.0,1.0
85615,23,NS_GREEN,0.0,1.0
85620,23,NS_GREEN,0.0,1.0
85625,23,NS_GREEN,0.0,1.0
85630,23,NS_GREEN,0.0,1.0
85635,23,NS_YELLOW,0.0,1.0
85640,23,EW_GREEN,0.0,1.0
85645,23,EW_GREEN,0.0,0.0
85650,23,EW_GREEN,0.0,0.0
85655,23,EW_GREEN,0.0,0.0
85660,23,EW_GREEN,1.0,0.0
85665,23,EW_GREEN,1.0,0.0
85670,23,EW_YELLOW,1.0,0.0
85675,23,NS_GREEN,2.0,0.0
85680,23,NS_GREEN,0.0,0.0
85685,23,NS_GREEN,0.0,1.0
85690,23,NS_GREEN,0.0,1.0
85695,23,NS_GREEN,0.0,1.0
85700,23,NS_GREEN,0.0,2.0
85705,23,NS_YELLOW,0.0,2.0
85710,23,EW_GREEN,0.0,2.0
85715,23,EW_GREEN,0.0,0.0
85720,23,EW_GREEN,0.0,0.0
85725,23,EW_GREEN,0.0,0.0
85730,23,EW_GREEN,0.0,0.0
85735,23,EW_GREEN,0.0,0.0
85740,23,EW_YELLOW,0.0,0.0
85745,23,NS_GREEN,0.0,0.0
85750,23,NS_GREEN,0.0,0.0
85755,23,NS_GREEN,0.0,0.0
85760,23,NS_GREEN,0.0,0.0
85765,23,NS_GREEN,0.0,0.0
85770,23,NS_GREEN,0.0,0.0
85775,23,NS_YELLOW,0.0,0.0
85780,23,EW_GREEN,1.0,0.0
85785,23,EW_GREEN,1.0,0.0
85790,23,EW_GREEN,1.0,0.0
85795,23,EW_GREEN,1.0,0.0
85800,23,EW_GREEN,1.0,0.0
85805,23,EW_GREEN,1.0,0.0
85810,23,EW_YELLOW,1.0,0.0
85815,23,NS_GREEN,1.0,0.0
85820,23,NS_GREEN,0.0,0.0
85825,23,NS_GREEN,0.0,1.0
85830,23,NS_GREEN,0.0,1.0
85835,23,NS_GREEN,0.0,1.0
85840,23,NS_GREEN,0.0,1.0
85845,23,NS_YELLOW,0.0,1.0
85850,23,EW_GREEN,1.0,1.0
85855,23,EW_GREEN,1.0,0.0
85860,23,EW_GREEN,1.0,0.0
85865,23,EW_GREEN,1.0,0.0
85870,23,EW_GREEN,1.0,0.0
85875,23,EW_GREEN,1.0,0.0
85880,23,EW_YELLOW,1.0,0.0
85885,23,NS_GREEN,1.0,0.0
85890,23,NS_GREEN,0.0,0.0
85895,23,NS_GREEN,0.0,0.0
85900,23,NS_GREEN,0.0,0.0
85905,23,NS_GREEN,0.0,0.0
85910,23,NS_GREEN,0.0,0.0
85915,23,NS_YELLOW,0.0,0.0
85920,23,EW_GREEN,0.0,0.0
85925,23,EW_GREEN,0.0,0.0
85930,23,EW_GREEN,0.0,0.0
85935,23,EW_GREEN,1.0,0.0
85940,23,EW_GREEN,1.0,0.0
85945,23,EW_GREEN,2.0,0.0
85950,23,EW_YELLOW,2.0,0.0
85955,23,NS_GREEN,2.0,0.0
85960,23,NS_GREEN,0.0,0.0
85965,23,NS_GREEN,0.0,1.0
85970,23,NS_GREEN,0.0,1.0
85975,23,NS_GREEN,0.0,1.0
85980,23,NS_GREEN,0.0,1.0
85985,23,NS_YELLOW,0.0,1.0
85990,23,EW_GREEN,0.0,1.0
85995,23,EW_GREEN,1.0,0.0
86000,23,EW_GREEN,2.0,0.0
86005,23,EW_GREEN,3.0,0.0
86010,23,EW_GREEN,3.0,0.0
86015,23,EW_GREEN,3.0,0.0
86020,23,EW_YELLOW,3.0,0.0
86025,23,NS_GREEN,3.0,0.0
86030,23,NS_GREEN,0.5,0.0
86035,23,NS_GREEN,0.0,0.0
86040,23,NS_GREEN,0.0,0.0
86045,23,NS_GREEN,0.0,0.0
86050,23,NS_GREEN,0.0,0.0
86055,23,NS_YELLOW,0.0,0.0
86060,23,EW_GREEN,0.0,0.0
86065,23,EW_GREEN,0.0,0.0
86070,23,EW_GREEN,0.0,0.0
86075,23,EW_GREEN,1.0,0.0
86080,23,EW_GREEN,1.0,0.0
86085,23,EW_GREEN,1.0,0.0
86090,23,EW_YELLOW,2.0,0.0
86095,23,NS_GREEN,2.0,0.0
86100,23,NS_GREEN,0.5,0.0
86105,23,NS_GREEN,0.0,0.0
86110,23,NS_GREEN,0.0,0.0
86115,23,NS_GREEN,0.0,0.0
86120,23,NS_GREEN,0.0,0.0
86125,23,NS_YELLOW,0.0,1.0
86130,23,EW_GREEN,0.0,1.0
86135,23,EW_GREEN,1.0,0.0
86140,23,EW_GREEN,1.0,0.0
86145,23,EW_GREEN,1.0,0.0
86150,23,EW_GREEN,2.0,0.0
86155,23,EW_GREEN,2.0,0.0
86160,23,EW_YELLOW,2.0,0.0
86165,23,NS_GREEN,2.0,0.0
86170,23,NS_GREEN,0.0,0.0
86175,23,NS_GREEN,0.0,0.0
86180,23,NS_GREEN,0.0,0.0
86185,23,NS_GREEN,0.0,0.0
86190,23,NS_GREEN,0.0,1.0
86195,23,NS_YELLOW,0.0,1.0
86200,23,EW_GREEN,0.0,1.0
86205,23,EW_GREEN,0.0,0.0
86210,23,EW_GREEN,0.0,0.0
86215,23,EW_GREEN,0.0,0.0
86220,23,EW_GREEN,0.0,0.0
86225,23,EW_GREEN,0.0,0.0
86230,23,EW_YELLOW,1.0,0.0
86235,23,NS_GREEN,1.0,0.0
86240,23,NS_GREEN,0.0,0.0
86245,23,NS_GREEN,0.0,0.0
86250,23,NS_GREEN,0.0,0.0
86255,23,NS_GREEN,0.0,0.0
86260,23,NS_GREEN,0.0,0.0
86265,23,NS_YELLOW,0.0,0.0
86270,23,EW_GREEN,0.0,0.0
86275,23,EW_GREEN,0.0,0.0
86280,23,EW_GREEN,0.0,0.0
86285,23,EW_GREEN,0.0,0.0
86290,23,EW_GREEN,0.0,0.0
86295,23,EW_GREEN,0.0,0.0
86300,23,EW_YELLOW,1.0,0.0
86305,23,NS_GREEN,1.0,0.0
86310,23,NS_GREEN,0.0,0.0
86315,23,NS_GREEN,0.0,0.0
86320,23,NS_GREEN,0.0,0.0
86325,23,NS_GREEN,0.0,0.0
86330,23,NS_GREEN,0.0,0.0
86335,23,NS_YELLOW,0.0,0.0
86340,23,EW_GREEN,1.0,0.0
86345,23,EW_GREEN,1.0,0.0
86350,23,EW_GREEN,1.0,0.0
86355,23,EW_GREEN,1.0,0.0
86360,23,EW_GREEN,1.0,0.0
86365,23,EW_GREEN,1.0,0.0
86370,23,EW_YELLOW,2.0,0.0
86375,23,NS_GREEN,3.0,0.0
86380,23,NS_GREEN,0.5,0.0
86385,23,NS_GREEN,0.0,0.0
86390,23,NS_GREEN,0.0,0.0
86395,23,NS_GREEN,0.0,0.0
