timestamp,hour,minute,day_of_week,is_weekend,ns_vehicle_count,ew_vehicle_count
2025-01-01 00:00:00,0,0,2,0,10,7
2025-01-01 00:05:00,0,5,2,0,7,8
2025-01-01 00:10:00,0,10,2,0,11,8
2025-01-01 00:15:00,0,15,2,0,14,0
2025-01-01 00:20:00,0,20,2,0,7,9
2025-01-01 00:25:00,0,25,2,0,7,7
2025-01-01 00:30:00,0,30,2,0,14,3
2025-01-01 00:35:00,0,35,2,0,11,3
2025-01-01 00:40:00,0,40,2,0,6,5
2025-01-01 00:45:00,0,45,2,0,10,1
2025-01-01 00:50:00,0,50,2,0,6,13
2025-01-01 00:55:00,0,55,2,0,6,12
2025-01-01 01:00:00,1,0,2,0,9,8
2025-01-01 01:05:00,1,5,2,0,0,5
2025-01-01 01:10:00,1,10,2,0,1,5
2025-01-01 01:15:00,1,15,2,0,6,9
2025-01-01 01:20:00,1,20,2,0,4,13
2025-01-01 01:25:00,1,25,2,0,9,4
2025-01-01 01:30:00,1,30,2,0,4,2
2025-01-01 01:35:00,1,35,2,0,2,12
2025-01-01 01:40:00,1,40,2,0,14,0
2025-01-01 01:45:00,1,45,2,0,7,2
2025-01-01 01:50:00,1,50,2,0,8,5
2025-01-01 01:55:00,1,55,2,0,2,0
2025-01-01 02:00:00,2,0,2,0,6,10
2025-01-01 02:05:00,2,5,2,0,8,9
2025-01-01 02:10:00,2,10,2,0,3,4
2025-01-01 02:15:00,2,15,2,0,10,11
2025-01-01 02:20:00,2,20,2,0,6,12
2025-01-01 02:25:00,2,25,2,0,7,6
2025-01-01 02:30:00,2,30,2,0,6,4
2025-01-01 02:35:00,2,35,2,0,15,15
2025-01-01 02:40:00,2,40,2,0,8,9
2025-01-01 02:45:00,2,45,2,0,4,7
2025-01-01 02:50:00,2,50,2,0,11,12
2025-01-01 02:55:00,2,55,2,0,3,7
2025-01-01 03:00:00,3,0,2,0,9,4
2025-01-01 03:05:00,3,5,2,0,0,6
2025-01-01 03:10:00,3,10,2,0,3,10
2025-01-01 03:15:00,3,15,2,0,9,0
2025-01-01 03:20:00,3,20,2,0,11,5
2025-01-01 03:25:00,3,25,2,0,9,12
2025-01-01 03:30:00,3,30,2,0,8,4
2025-01-01 03:35:00,3,35,2,0,7,13
2025-01-01 03:40:00,3,40,2,0,3,12
2025-01-01 03:45:00,3,45,2,0,6,6
2025-01-01 03:50:00,3,50,2,0,7,4
2025-01-01 03:55:00,3,55,2,0,13,5
2025-01-01 04:00:00,4,0,2,0,10,17
2025-01-01 04:05:00,4,5,2,0,2,14
2025-01-01 04:10:00,4,10,2,0,11,7
2025-01-01 04:15:00,4,15,2,0,8,5
2025-01-01 04:20:00,4,20,2,0,7,8
2025-01-01 04:25:00,4,25,2,0,12,8
2025-01-01 04:30:00,4,30,2,0,14,3
2025-01-01 04:35:00,4,35,2,0,14,8
2025-01-01 04:40:00,4,40,2,0,8,13
2025-01-01 04:45:00,4,45,2,0,10,1
2025-01-01 04:50:00,4,50,2,0,13,12
2025-01-01 04:55:00,4,55,2,0,16,15
2025-01-01 05:00:00,5,0,2,0,11,7
2025-01-01 05:05:00,5,5,2,0,13,17
2025-01-01 05:10:00,5,10,2,0,9,7
2025-01-01 05:15:00,5,15,2,0,10,12
2025-01-01 05:20:00,5,20,2,0,18,10
2025-01-01 05:25:00,5,25,2,0,21,10
2025-01-01 05:30:00,5,30,2,0,16,10
2025-01-01 05:35:00,5,35,2,0,22,16
2025-01-01 05:40:00,5,40,2,0,20,17
2025-01-01 05:45:00,5,45,2,0,17,14
2025-01-01 05:50:00,5,50,2,0,22,9
2025-01-01 05:55:00,5,55,2,0,27,17
2025-01-01 06:00:00,6,0,2,0,22,18
2025-01-01 06:05:00,6,5,2,0,30,16
2025-01-01 06:10:00,6,10,2,0,14,25
2025-01-01 06:15:00,6,15,2,0,29,12
2025-01-01 06:20:00,6,20,2,0,27,11
2025-01-01 06:25:00,6,25,2,0,27,17
2025-01-01 06:30:00,6,30,2,0,30,24
2025-01-01 06:35:00,6,35,2,0,22,18
2025-01-01 06:40:00,6,40,2,0,31,19
2025-01-01 06:45:00,6,45,2,0,34,27
2025-01-01 06:50:00,6,50,2,0,40,26
2025-01-01 06:55:00,6,55,2,0,33,27
2025-01-01 07:00:00,7,0,2,0,33,29
2025-01-01 07:05:00,7,5,2,0,35,25
2025-01-01 07:10:00,7,10,2,0,42,26
2025-01-01 07:15:00,7,15,2,0,40,31
2025-01-01 07:20:00,7,20,2,0,38,23
2025-01-01 07:25:00,7,25,2,0,43,21
2025-01-01 07:30:00,7,30,2,0,41,28
2025-01-01 07:35:00,7,35,2,0,46,34
2025-01-01 07:40:00,7,40,2,0,39,31
2025-01-01 07:45:00,7,45,2,0,41,34
2025-01-01 07:50:00,7,50,2,0,41,23
2025-01-01 07:55:00,7,55,2,0,37,32
2025-01-01 08:00:00,8,0,2,0,44,34
2025-01-01 08:05:00,8,5,2,0,44,26
2025-01-01 08:10:00,8,10,2,0,43,34
2025-01-01 08:15:00,8,15,2,0,42,30
2025-01-01 08:20:00,8,20,2,0,36,43
2025-01-01 08:25:00,8,25,2,0,40,21
2025-01-01 08:30:00,8,30,2,0,40,35
2025-01-01 08:35:00,8,35,2,0,37,28
2025-01-01 08:40:00,8,40,2,0,39,22
2025-01-01 08:45:00,8,45,2,0,41,26
2025-01-01 08:50:00,8,50,2,0,46,29
2025-01-01 08:55:00,8,55,2,0,38,31
2025-01-01 09:00:00,9,0,2,0,37,33
2025-01-01 09:05:00,9,5,2,0,35,31
2025-01-01 09:10:00,9,10,2,0,26,21
2025-01-01 09:15:00,9,15,2,0,33,28
2025-01-01 09:20:00,9,20,2,0,32,24
2025-01-01 09:25:00,9,25,2,0,40,19
2025-01-01 09:30:00,9,30,2,0,28,20
2025-01-01 09:35:00,9,35,2,0,29,18
2025-01-01 09:40:00,9,40,2,0,27,20
2025-01-01 09:45:00,9,45,2,0,21,16
2025-01-01 09:50:00,9,50,2,0,29,14
2025-01-01 09:55:00,9,55,2,0,27,19
2025-01-01 10:00:00,10,0,2,0,26,19
2025-01-01 10:05:00,10,5,2,0,18,15
2025-01-01 10:10:00,10,10,2,0,26,20
2025-01-01 10:15:00,10,15,2,0,14,13
2025-01-01 10:20:00,10,20,2,0,21,12
2025-01-01 10:25:00,10,25,2,0,26,16
2025-01-01 10:30:00,10,30,2,0,13,12
2025-01-01 10:35:00,10,35,2,0,14,12
2025-01-01 10:40:00,10,40,2,0,16,1
2025-01-01 10:45:00,10,45,2,0,13,11
2025-01-01 10:50:00,10,50,2,0,8,3
2025-01-01 10:55:00,10,55,2,0,14,5
2025-01-01 11:00:00,11,0,2,0,9,4
2025-01-01 11:05:00,11,5,2,0,15,5
2025-01-01 11:10:00,11,10,2,0,9,7
2025-01-01 11:15:00,11,15,2,0,18,7
2025-01-01 11:20:00,11,20,2,0,8,11
2025-01-01 11:25:00,11,25,2,0,10,10
2025-01-01 11:30:00,11,30,2,0,14,1
2025-01-01 11:35:00,11,35,2,0,6,9
2025-01-01 11:40:00,11,40,2,0,12,10
2025-01-01 11:45:00,11,45,2,0,16,7
2025-01-01 11:50:00,11,50,2,0,4,8
2025-01-01 11:55:00,11,55,2,0,11,9
2025-01-01 12:00:00,12,0,2,0,11,12
2025-01-01 12:05:00,12,5,2,0,13,2
2025-01-01 12:10:00,12,10,2,0,5,8
2025-01-01 12:15:00,12,15,2,0,5,15
2025-01-01 12:20:00,12,20,2,0,13,15
2025-01-01 12:25:00,12,25,2,0,12,13
2025-01-01 12:30:00,12,30,2,0,12,12
2025-01-01 12:35:00,12,35,2,0,12,16
2025-01-01 12:40:00,12,40,2,0,8,18
2025-01-01 12:45:00,12,45,2,0,12,10
2025-01-01 12:50:00,12,50,2,0,13,7
2025-01-01 12:55:00,12,55,2,0,9,10
2025-01-01 13:00:00,13,0,2,0,20,24
2025-01-01 13:05:00,13,5,2,0,14,6
2025-01-01 13:10:00,13,10,2,0,8,11
2025-01-01 13:15:00,13,15,2,0,16,7
2025-01-01 13:20:00,13,20,2,0,10,14
2025-01-01 13:25:00,13,25,2,0,17,9
2025-01-01 13:30:00,13,30,2,0,19,14
2025-01-01 13:35:00,13,35,2,0,12,8
2025-01-01 13:40:00,13,40,2,0,19,18
2025-01-01 13:45:00,13,45,2,0,18,22
2025-01-01 13:50:00,13,50,2,0,20,16
2025-01-01 13:55:00,13,55,2,0,25,18
2025-01-01 14:00:00,14,0,2,0,17,18
2025-01-01 14:05:00,14,5,2,0,15,21
2025-01-01 14:10:00,14,10,2,0,15,21
2025-01-01 14:15:00,14,15,2,0,16,25
2025-01-01 14:20:00,14,20,2,0,20,27
2025-01-01 14:25:00,14,25,2,0,22,20
2025-01-01 14:30:00,14,30,2,0,23,23
2025-01-01 14:35:00,14,35,2,0,26,29
2025-01-01 14:40:00,14,40,2,0,23,21
2025-01-01 14:45:00,14,45,2,0,30,19
2025-01-01 14:50:00,14,50,2,0,24,29
2025-01-01 14:55:00,14,55,2,0,36,31
2025-01-01 15:00:00,15,0,2,0,29,27
2025-01-01 15:05:00,15,5,2,0,24,29
2025-01-01 15:10:00,15,10,2,0,23,29
2025-01-01 15:15:00,15,15,2,0,30,30
2025-01-01 15:20:00,15,20,2,0,28,37
2025-01-01 15:25:00,15,25,2,0,33,31
2025-01-01 15:30:00,15,30,2,0,33,35
2025-01-01 15:35:00,15,35,2,0,31,34
2025-01-01 15:40:00,15,40,2,0,29,32
2025-01-01 15:45:00,15,45,2,0,27,42
2025-01-01 15:50:00,15,50,2,0,32,38
2025-01-01 15:55:00,15,55,2,0,37,41
2025-01-01 16:00:00,16,0,2,0,35,35
2025-01-01 16:05:00,16,5,2,0,30,39
2025-01-01 16:10:00,16,10,2,0,36,46
2025-01-01 16:15:00,16,15,2,0,38,54
2025-01-01 16:20:00,16,20,2,0,33,36
2025-01-01 16:25:00,16,25,2,0,37,44
2025-01-01 16:30:00,16,30,2,0,37,46
2025-01-01 16:35:00,16,35,2,0,33,43
2025-01-01 16:40:00,16,40,2,0,39,49
2025-01-01 16:45:00,16,45,2,0,40,42
2025-01-01 16:50:00,16,50,2,0,42,46
2025-01-01 16:55:00,16,55,2,0,42,44
2025-01-01 17:00:00,17,0,2,0,32,51
2025-01-01 17:05:00,17,5,2,0,34,43
2025-01-01 17:10:00,17,10,2,0,40,44
2025-01-01 17:15:00,17,15,2,0,40,49
2025-01-01 17:20:00,17,20,2,0,40,41
2025-01-01 17:25:00,17,25,2,0,53,45
2025-01-01 17:30:00,17,30,2,0,39,37
2025-01-01 17:35:00,17,35,2,0,41,40
2025-01-01 17:40:00,17,40,2,0,40,45
2025-01-01 17:45:00,17,45,2,0,39,39
2025-01-01 17:50:00,17,50,2,0,34,40
2025-01-01 17:55:00,17,55,2,0,38,44
2025-01-01 18:00:00,18,0,2,0,31,39
2025-01-01 18:05:00,18,5,2,0,33,44
2025-01-01 18:10:00,18,10,2,0,31,41
2025-01-01 18:15:00,18,15,2,0,33,41
2025-01-01 18:20:00,18,20,2,0,41,43
2025-01-01 18:25:00,18,25,2,0,24,38
2025-01-01 18:30:00,18,30,2,0,33,42
2025-01-01 18:35:00,18,35,2,0,23,39
2025-01-01 18:40:00,18,40,2,0,27,32
2025-01-01 18:45:00,18,45,2,0,33,38
2025-01-01 18:50:00,18,50,2,0,28,33
2025-01-01 18:55:00,18,55,2,0,23,30
2025-01-01 19:00:00,19,0,2,0,23,31
2025-01-01 19:05:00,19,5,2,0,28,34
2025-01-01 19:10:00,19,10,2,0,22,30
2025-01-01 19:15:00,19,15,2,0,25,35
2025-01-01 19:20:00,19,20,2,0,23,31
2025-01-01 19:25:00,19,25,2,0,20,27
2025-01-01 19:30:00,19,30,2,0,30,20
2025-01-01 19:35:00,19,35,2,0,24,23
2025-01-01 19:40:00,19,40,2,0,12,23
2025-01-01 19:45:00,19,45,2,0,20,24
2025-01-01 19:50:00,19,50,2,0,16,23
2025-01-01 19:55:00,19,55,2,0,22,20
2025-01-01 20:00:00,20,0,2,0,15,19
2025-01-01 20:05:00,20,5,2,0,17,21
2025-01-01 20:10:00,20,10,2,0,19,14
2025-01-01 20:15:00,20,15,2,0,19,23
2025-01-01 20:20:00,20,20,2,0,11,8
2025-01-01 20:25:00,20,25,2,0,14,21
2025-01-01 20:30:00,20,30,2,0,13,14
2025-01-01 20:35:00,20,35,2,0,11,18
2025-01-01 20:40:00,20,40,2,0,21,15
2025-01-01 20:45:00,20,45,2,0,15,14
2025-01-01 20:50:00,20,50,2,0,8,15
2025-01-01 20:55:00,20,55,2,0,16,15
2025-01-01 21:00:00,21,0,2,0,21,10
2025-01-01 21:05:00,21,5,2,0,16,15
2025-01-01 21:10:00,21,10,2,0,5,6
2025-01-01 21:15:00,21,15,2,0,9,10
2025-01-01 21:20:00,21,20,2,0,16,13
2025-01-01 21:25:00,21,25,2,0,8,13
2025-01-01 21:30:00,21,30,2,0,12,11
2025-01-01 21:35:00,21,35,2,0,13,7
2025-01-01 21:40:00,21,40,2,0,6,12
2025-01-01 21:45:00,21,45,2,0,10,6
2025-01-01 21:50:00,21,50,2,0,0,15
2025-01-01 21:55:00,21,55,2,0,5,8
2025-01-01 22:00:00,22,0,2,0,8,2
2025-01-01 22:05:00,22,5,2,0,4,3
2025-01-01 22:10:00,22,10,2,0,16,8
2025-01-01 22:15:00,22,15,2,0,3,8
2025-01-01 22:20:00,22,20,2,0,7,15
2025-01-01 22:25:00,22,25,2,0,9,3
2025-01-01 22:30:00,22,30,2,0,14,7
2025-01-01 22:35:00,22,35,2,0,3,3
2025-01-01 22:40:00,22,40,2,0,13,5
2025-01-01 22:45:00,22,45,2,0,9,13
2025-01-01 22:50:00,22,50,2,0,5,2
2025-01-01 22:55:00,22,55,2,0,10,9
2025-01-01 23:00:00,23,0,2,0,9,8
2025-01-01 23:05:00,23,5,2,0,6,6
2025-01-01 23:10:00,23,10,2,0,9,8
2025-01-01 23:15:00,23,15,2,0,7,2
2025-01-01 23:20:00,23,20,2,0,9,13
2025-01-01 23:25:00,23,25,2,0,11,14
2025-01-01 23:30:00,23,30,2,0,14,6
2025-01-01 23:35:00,23,35,2,0,3,16
2025-01-01 23:40:00,23,40,2,0,17,5
2025-01-01 23:45:00,23,45,2,0,0,8
2025-01-01 23:50:00,23,50,2,0,7,12
2025-01-01 23:55:00,23,55,2,0,10,4
2025-01-02 00:00:00,0,0,3,0,9,0
2025-01-02 00:05:00,0,5,3,0,6,0
2025-01-02 00:10:00,0,10,3,0,7,14
2025-01-02 00:15:00,0,15,3,0,6,4
2025-01-02 00:20:00,0,20,3,0,6,5
2025-01-02 00:25:00,0,25,3,0,11,2
2025-01-02 00:30:00,0,30,3,0,9,10
2025-01-02 00:35:00,0,35,3,0,5,3
2025-01-02 00:40:00,0,40,3,0,12,4
2025-01-02 00:45:00,0,45,3,0,9,7
2025-01-02 00:50:00,0,50,3,0,11,2
2025-01-02 00:55:00,0,55,3,0,11,5
2025-01-02 01:00:00,1,0,3,0,5,12
2025-01-02 01:05:00,1,5,3,0,6,8
2025-01-02 01:10:00,1,10,3,0,11,7
2025-01-02 01:15:00,1,15,3,0,10,7
2025-01-02 01:20:00,1,20,3,0,8,4
2025-01-02 01:25:00,1,25,3,0,8,14
2025-01-02 01:30:00,1,30,3,0,13,3
2025-01-02 01:35:00,1,35,3,0,6,7
2025-01-02 01:40:00,1,40,3,0,10,6
2025-01-02 01:45:00,1,45,3,0,7,10
2025-01-02 01:50:00,1,50,3,0,7,10
2025-01-02 01:55:00,1,55,3,0,12,6
2025-01-02 02:00:00,2,0,3,0,11,7
2025-01-02 02:05:00,2,5,3,0,11,7
2025-01-02 02:10:00,2,10,3,0,13,0
2025-01-02 02:15:00,2,15,3,0,8,0
2025-01-02 02:20:00,2,20,3,0,11,4
2025-01-02 02:25:00,2,25,3,0,7,4
2025-01-02 02:30:00,2,30,3,0,9,1
2025-01-02 02:35:00,2,35,3,0,8,9
2025-01-02 02:40:00,2,40,3,0,8,6
2025-01-02 02:45:00,2,45,3,0,10,5
2025-01-02 02:50:00,2,50,3,0,5,1
2025-01-02 02:55:00,2,55,3,0,16,6
2025-01-02 03:00:00,3,0,3,0,4,0
2025-01-02 03:05:00,3,5,3,0,3,5
2025-01-02 03:10:00,3,10,3,0,13,6
2025-01-02 03:15:00,3,15,3,0,11,7
2025-01-02 03:20:00,3,20,3,0,11,0
2025-01-02 03:25:00,3,25,3,0,11,7
2025-01-02 03:30:00,3,30,3,0,8,2
2025-01-02 03:35:00,3,35,3,0,5,3
2025-01-02 03:40:00,3,40,3,0,9,9
2025-01-02 03:45:00,3,45,3,0,6,15
2025-01-02 03:50:00,3,50,3,0,13,7
2025-01-02 03:55:00,3,55,3,0,8,3
2025-01-02 04:00:00,4,0,3,0,6,7
2025-01-02 04:05:00,4,5,3,0,8,11
2025-01-02 04:10:00,4,10,3,0,11,9
2025-01-02 04:15:00,4,15,3,0,7,18
2025-01-02 04:20:00,4,20,3,0,6,4
2025-01-02 04:25:00,4,25,3,0,11,8
2025-01-02 04:30:00,4,30,3,0,11,14
2025-01-02 04:35:00,4,35,3,0,9,14
2025-01-02 04:40:00,4,40,3,0,9,0
2025-01-02 04:45:00,4,45,3,0,12,8
2025-01-02 04:50:00,4,50,3,0,6,15
2025-01-02 04:55:00,4,55,3,0,7,21
2025-01-02 05:00:00,5,0,3,0,10,12
2025-01-02 05:05:00,5,5,3,0,12,8
2025-01-02 05:10:00,5,10,3,0,15,6
2025-01-02 05:15:00,5,15,3,0,20,20
2025-01-02 05:20:00,5,20,3,0,19,14
2025-01-02 05:25:00,5,25,3,0,15,8
2025-01-02 05:30:00,5,30,3,0,17,11
2025-01-02 05:35:00,5,35,3,0,14,14
2025-01-02 05:40:00,5,40,3,0,18,16
2025-01-02 05:45:00,5,45,3,0,18,11
2025-01-02 05:50:00,5,50,3,0,22,12
2025-01-02 05:55:00,5,55,3,0,18,9
2025-01-02 06:00:00,6,0,3,0,24,20
2025-01-02 06:05:00,6,5,3,0,30,16
2025-01-02 06:10:00,6,10,3,0,24,20
2025-01-02 06:15:00,6,15,3,0,27,24
2025-01-02 06:20:00,6,20,3,0,30,20
2025-01-02 06:25:00,6,25,3,0,26,20
2025-01-02 06:30:00,6,30,3,0,30,22
2025-01-02 06:35:00,6,35,3,0,30,22
2025-01-02 06:40:00,6,40,3,0,32,28
2025-01-02 06:45:00,6,45,3,0,30,25
2025-01-02 06:50:00,6,50,3,0,34,22
2025-01-02 06:55:00,6,55,3,0,37,29
2025-01-02 07:00:00,7,0,3,0,42,31
2025-01-02 07:05:00,7,5,3,0,41,21
2025-01-02 07:10:00,7,10,3,0,47,34
2025-01-02 07:15:00,7,15,3,0,36,30
2025-01-02 07:20:00,7,20,3,0,43,30
2025-01-02 07:25:00,7,25,3,0,41,33
2025-01-02 07:30:00,7,30,3,0,50,27
2025-01-02 07:35:00,7,35,3,0,38,34
2025-01-02 07:40:00,7,40,3,0,39,29
2025-01-02 07:45:00,7,45,3,0,40,25
2025-01-02 07:50:00,7,50,3,0,34,27
2025-01-02 07:55:00,7,55,3,0,41,33
2025-01-02 08:00:00,8,0,3,0,40,27
2025-01-02 08:05:00,8,5,3,0,44,37
2025-01-02 08:10:00,8,10,3,0,44,36
2025-01-02 08:15:00,8,15,3,0,50,36
2025-01-02 08:20:00,8,20,3,0,46,31
2025-01-02 08:25:00,8,25,3,0,39,31
2025-01-02 08:30:00,8,30,3,0,38,25
2025-01-02 08:35:00,8,35,3,0,42,33
2025-01-02 08:40:00,8,40,3,0,34,30
2025-01-02 08:45:00,8,45,3,0,46,30
2025-01-02 08:50:00,8,50,3,0,43,34
2025-01-02 08:55:00,8,55,3,0,35,24
2025-01-02 09:00:00,9,0,3,0,29,26
2025-01-02 09:05:00,9,5,3,0,40,27
2025-01-02 09:10:00,9,10,3,0,33,21
2025-01-02 09:15:00,9,15,3,0,38,23
2025-01-02 09:20:00,9,20,3,0,25,25
2025-01-02 09:25:00,9,25,3,0,28,21
2025-01-02 09:30:00,9,30,3,0,29,26
2025-01-02 09:35:00,9,35,3,0,28,14
2025-01-02 09:40:00,9,40,3,0,25,24
2025-01-02 09:45:00,9,45,3,0,28,21
2025-01-02 09:50:00,9,50,3,0,20,16
2025-01-02 09:55:00,9,55,3,0,23,13
2025-01-02 10:00:00,10,0,3,0,23,8
2025-01-02 10:05:00,10,5,3,0,23,12
2025-01-02 10:10:00,10,10,3,0,23,19
2025-01-02 10:15:00,10,15,3,0,15,14
2025-01-02 10:20:00,10,20,3,0,12,18
2025-01-02 10:25:00,10,25,3,0,23,11
2025-01-02 10:30:00,10,30,3,0,18,15
2025-01-02 10:35:00,10,35,3,0,13,9
2025-01-02 10:40:00,10,40,3,0,22,8
2025-01-02 10:45:00,10,45,3,0,15,11
2025-01-02 10:50:00,10,50,3,0,19,8
2025-01-02 10:55:00,10,55,3,0,14,4
2025-01-02 11:00:00,11,0,3,0,21,9
2025-01-02 11:05:00,11,5,3,0,20,10
2025-01-02 11:10:00,11,10,3,0,11,14
2025-01-02 11:15:00,11,15,3,0,16,13
2025-01-02 11:20:00,11,20,3,0,14,14
2025-01-02 11:25:00,11,25,3,0,17,12
2025-01-02 11:30:00,11,30,3,0,7,10
2025-01-02 11:35:00,11,35,3,0,14,4
2025-01-02 11:40:00,11,40,3,0,15,9
2025-01-02 11:45:00,11,45,3,0,3,11
2025-01-02 11:50:00,11,50,3,0,6,14
2025-01-02 11:55:00,11,55,3,0,2,11
2025-01-02 12:00:00,12,0,3,0,9,13
2025-01-02 12:05:00,12,5,3,0,13,4
2025-01-02 12:10:00,12,10,3,0,16,7
2025-01-02 12:15:00,12,15,3,0,11,11
2025-01-02 12:20:00,12,20,3,0,17,14
2025-01-02 12:25:00,12,25,3,0,5,9
2025-01-02 12:30:00,12,30,3,0,4,9
2025-01-02 12:35:00,12,35,3,0,11,12
2025-01-02 12:40:00,12,40,3,0,13,6
2025-01-02 12:45:00,12,45,3,0,11,17
2025-01-02 12:50:00,12,50,3,0,3,7
2025-01-02 12:55:00,12,55,3,0,12,3
2025-01-02 13:00:00,13,0,3,0,7,12
2025-01-02 13:05:00,13,5,3,0,15,19
2025-01-02 13:10:00,13,10,3,0,14,15
2025-01-02 13:15:00,13,15,3,0,9,16
2025-01-02 13:20:00,13,20,3,0,12,14
2025-01-02 13:25:00,13,25,3,0,10,13
2025-01-02 13:30:00,13,30,3,0,14,9
2025-01-02 13:35:00,13,35,3,0,19,6
2025-01-02 13:40:00,13,40,3,0,12,17
2025-01-02 13:45:00,13,45,3,0,18,22
2025-01-02 13:50:00,13,50,3,0,14,19
2025-01-02 13:55:00,13,55,3,0,14,21
2025-01-02 14:00:00,14,0,3,0,17,25
2025-01-02 14:05:00,14,5,3,0,14,21
2025-01-02 14:10:00,14,10,3,0,17,20
2025-01-02 14:15:00,14,15,3,0,15,18
2025-01-02 14:20:00,14,20,3,0,28,31
2025-01-02 14:25:00,14,25,3,0,21,25
2025-01-02 14:30:00,14,30,3,0,19,21
2025-01-02 14:35:00,14,35,3,0,23,21
2025-01-02 14:40:00,14,40,3,0,23,31
2025-01-02 14:45:00,14,45,3,0,23,23
2025-01-02 14:50:00,14,50,3,0,27,36
2025-01-02 14:55:00,14,55,3,0,28,18
2025-01-02 15:00:00,15,0,3,0,24,36
2025-01-02 15:05:00,15,5,3,0,25,33
2025-01-02 15:10:00,15,10,3,0,27,33
2025-01-02 15:15:00,15,15,3,0,19,33
2025-01-02 15:20:00,15,20,3,0,23,42
2025-01-02 15:25:00,15,25,3,0,35,38
2025-01-02 15:30:00,15,30,3,0,37,33
2025-01-02 15:35:00,15,35,3,0,30,30
2025-01-02 15:40:00,15,40,3,0,34,39
2025-01-02 15:45:00,15,45,3,0,34,39
2025-01-02 15:50:00,15,50,3,0,46,34
2025-01-02 15:55:00,15,55,3,0,38,40
2025-01-02 16:00:00,16,0,3,0,34,39
2025-01-02 16:05:00,16,5,3,0,31,42
2025-01-02 16:10:00,16,10,3,0,29,46
2025-01-02 16:15:00,16,15,3,0,37,49
2025-01-02 16:20:00,16,20,3,0,33,47
2025-01-02 16:25:00,16,25,3,0,31,41
2025-01-02 16:30:00,16,30,3,0,34,46
2025-01-02 16:35:00,16,35,3,0,33,45
2025-01-02 16:40:00,16,40,3,0,44,40
2025-01-02 16:45:00,16,45,3,0,41,47
2025-01-02 16:50:00,16,50,3,0,38,53
2025-01-02 16:55:00,16,55,3,0,44,46
2025-01-02 17:00:00,17,0,3,0,38,40
2025-01-02 17:05:00,17,5,3,0,35,46
2025-01-02 17:10:00,17,10,3,0,44,41
2025-01-02 17:15:00,17,15,3,0,40,49
2025-01-02 17:20:00,17,20,3,0,33,48
2025-01-02 17:25:00,17,25,3,0,37,44
2025-01-02 17:30:00,17,30,3,0,34,43
2025-01-02 17:35:00,17,35,3,0,31,43
2025-01-02 17:40:00,17,40,3,0,40,44
2025-01-02 17:45:00,17,45,3,0,44,40
2025-01-02 17:50:00,17,50,3,0,30,37
2025-01-02 17:55:00,17,55,3,0,37,47
2025-01-02 18:00:00,18,0,3,0,32,40
2025-01-02 18:05:00,18,5,3,0,32,41
2025-01-02 18:10:00,18,10,3,0,31,41
2025-01-02 18:15:00,18,15,3,0,29,40
2025-01-02 18:20:00,18,20,3,0,32,33
2025-01-02 18:25:00,18,25,3,0,28,30
2025-01-02 18:30:00,18,30,3,0,32,34
2025-01-02 18:35:00,18,35,3,0,30,37
2025-01-02 18:40:00,18,40,3,0,28,31
2025-01-02 18:45:00,18,45,3,0,25,32
2025-01-02 18:50:00,18,50,3,0,25,41
2025-01-02 18:55:00,18,55,3,0,30,24
2025-01-02 19:00:00,19,0,3,0,28,27
2025-01-02 19:05:00,19,5,3,0,22,37
2025-01-02 19:10:00,19,10,3,0,25,28
2025-01-02 19:15:00,19,15,3,0,27,24
2025-01-02 19:20:00,19,20,3,0,17,31
2025-01-02 19:25:00,19,25,3,0,25,25
2025-01-02 19:30:00,19,30,3,0,19,23
2025-01-02 19:35:00,19,35,3,0,23,24
2025-01-02 19:40:00,19,40,3,0,17,20
2025-01-02 19:45:00,19,45,3,0,12,17
2025-01-02 19:50:00,19,50,3,0,12,20
2025-01-02 19:55:00,19,55,3,0,19,16
2025-01-02 20:00:00,20,0,3,0,19,19
2025-01-02 20:05:00,20,5,3,0,14,20
2025-01-02 20:10:00,20,10,3,0,19,21
2025-01-02 20:15:00,20,15,3,0,9,21
2025-01-02 20:20:00,20,20,3,0,15,14
2025-01-02 20:25:00,20,25,3,0,10,17
2025-01-02 20:30:00,20,30,3,0,12,17
2025-01-02 20:35:00,20,35,3,0,14,15
2025-01-02 20:40:00,20,40,3,0,10,12
2025-01-02 20:45:00,20,45,3,0,12,9
2025-01-02 20:50:00,20,50,3,0,17,14
2025-01-02 20:55:00,20,55,3,0,10,5
2025-01-02 21:00:00,21,0,3,0,15,10
2025-01-02 21:05:00,21,5,3,0,7,1
2025-01-02 21:10:00,21,10,3,0,14,5
2025-01-02 21:15:00,21,15,3,0,17,7
2025-01-02 21:20:00,21,20,3,0,1,14
2025-01-02 21:25:00,21,25,3,0,7,12
2025-01-02 21:30:00,21,30,3,0,13,7
2025-01-02 21:35:00,21,35,3,0,9,12
2025-01-02 21:40:00,21,40,3,0,11,12
2025-01-02 21:45:00,21,45,3,0,7,8
2025-01-02 21:50:00,21,50,3,0,10,3
2025-01-02 21:55:00,21,55,3,0,9,7
2025-01-02 22:00:00,22,0,3,0,14,7
2025-01-02 22:05:00,22,5,3,0,10,3
2025-01-02 22:10:00,22,10,3,0,10,9
2025-01-02 22:15:00,22,15,3,0,7,8
2025-01-02 22:20:00,22,20,3,0,7,9
2025-01-02 22:25:00,22,25,3,0,7,8
2025-01-02 22:30:00,22,30,3,0,10,10
2025-01-02 22:35:00,22,35,3,0,7,6
2025-01-02 22:40:00,22,40,3,0,10,8
2025-01-02 22:45:00,22,45,3,0,17,5
2025-01-02 22:50:00,22,50,3,0,12,4
2025-01-02 22:55:00,22,55,3,0,7,12
2025-01-02 23:00:00,23,0,3,0,13,0
2025-01-02 23:05:00,23,5,3,0,7,10
2025-01-02 23:10:00,23,10,3,0,0,4
2025-01-02 23:15:00,23,15,3,0,4,3
2025-01-02 23:20:00,23,20,3,0,1,7
2025-01-02 23:25:00,23,25,3,0,7,0
2025-01-02 23:30:00,23,30,3,0,8,3
2025-01-02 23:35:00,23,35,3,0,15,3
2025-01-02 23:40:00,23,40,3,0,9,5
2025-01-02 23:45:00,23,45,3,0,7,3
2025-01-02 23:50:00,23,50,3,0,11,13
2025-01-02 23:55:00,23,55,3,0,0,13
2025-01-03 00:00:00,0,0,4,0,9,0
2025-01-03 00:05:00,0,5,4,0,11,8
2025-01-03 00:10:00,0,10,4,0,2,9
2025-01-03 00:15:00,0,15,4,0,13,8
2025-01-03 00:20:00,0,20,4,0,9,3
2025-01-03 00:25:00,0,25,4,0,6,5
2025-01-03 00:30:00,0,30,4,0,11,3
2025-01-03 00:35:00,0,35,4,0,17,4
2025-01-03 00:40:00,0,40,4,0,9,1
2025-01-03 00:45:00,0,45,4,0,9,6
2025-01-03 00:50:00,0,50,4,0,6,0
2025-01-03 00:55:00,0,55,4,0,5,5
2025-01-03 01:00:00,1,0,4,0,11,1
2025-01-03 01:05:00,1,5,4,0,5,7
2025-01-03 01:10:00,1,10,4,0,8,3
2025-01-03 01:15:00,1,15,4,0,6,7
2025-01-03 01:20:00,1,20,4,0,10,10
2025-01-03 01:25:00,1,25,4,0,9,12
2025-01-03 01:30:00,1,30,4,0,12,0
2025-01-03 01:35:00,1,35,4,0,6,3
2025-01-03 01:40:00,1,40,4,0,7,5
2025-01-03 01:45:00,1,45,4,0,4,8
2025-01-03 01:50:00,1,50,4,0,6,0
2025-01-03 01:55:00,1,55,4,0,10,2
2025-01-03 02:00:00,2,0,4,0,11,7
2025-01-03 02:05:00,2,5,4,0,4,6
2025-01-03 02:10:00,2,10,4,0,11,8
2025-01-03 02:15:00,2,15,4,0,13,8
2025-01-03 02:20:00,2,20,4,0,10,7
2025-01-03 02:25:00,2,25,4,0,16,7
2025-01-03 02:30:00,2,30,4,0,5,6
2025-01-03 02:35:00,2,35,4,0,3,9
2025-01-03 02:40:00,2,40,4,0,1,0
2025-01-03 02:45:00,2,45,4,0,14,12
2025-01-03 02:50:00,2,50,4,0,11,0
2025-01-03 02:55:00,2,55,4,0,8,2
2025-01-03 03:00:00,3,0,4,0,9,5
2025-01-03 03:05:00,3,5,4,0,4,9
2025-01-03 03:10:00,3,10,4,0,18,0
2025-01-03 03:15:00,3,15,4,0,9,6
2025-01-03 03:20:00,3,20,4,0,9,9
2025-01-03 03:25:00,3,25,4,0,11,10
2025-01-03 03:30:00,3,30,4,0,10,3
2025-01-03 03:35:00,3,35,4,0,9,5
2025-01-03 03:40:00,3,40,4,0,5,4
2025-01-03 03:45:00,3,45,4,0,11,5
2025-01-03 03:50:00,3,50,4,0,16,2
2025-01-03 03:55:00,3,55,4,0,14,3
2025-01-03 04:00:00,4,0,4,0,15,8
2025-01-03 04:05:00,4,5,4,0,7,7
2025-01-03 04:10:00,4,10,4,0,5,9
2025-01-03 04:15:00,4,15,4,0,9,8
2025-01-03 04:20:00,4,20,4,0,10,10
2025-01-03 04:25:00,4,25,4,0,14,11
2025-01-03 04:30:00,4,30,4,0,4,1
2025-01-03 04:35:00,4,35,4,0,17,4
2025-01-03 04:40:00,4,40,4,0,10,7
2025-01-03 04:45:00,4,45,4,0,10,8
2025-01-03 04:50:00,4,50,4,0,8,6
2025-01-03 04:55:00,4,55,4,0,6,13
2025-01-03 05:00:00,5,0,4,0,16,17
2025-01-03 05:05:00,5,5,4,0,14,11
2025-01-03 05:10:00,5,10,4,0,9,11
2025-01-03 05:15:00,5,15,4,0,9,14
2025-01-03 05:20:00,5,20,4,0,14,4
2025-01-03 05:25:00,5,25,4,0,23,12
2025-01-03 05:30:00,5,30,4,0,16,16
2025-01-03 05:35:00,5,35,4,0,12,10
2025-01-03 05:40:00,5,40,4,0,17,9
2025-01-03 05:45:00,5,45,4,0,18,13
2025-01-03 05:50:00,5,50,4,0,10,15
2025-01-03 05:55:00,5,55,4,0,21,12
2025-01-03 06:00:00,6,0,4,0,21,25
2025-01-03 06:05:00,6,5,4,0,26,15
2025-01-03 06:10:00,6,10,4,0,32,13
2025-01-03 06:15:00,6,15,4,0,30,18
2025-01-03 06:20:00,6,20,4,0,26,23
2025-01-03 06:25:00,6,25,4,0,24,20
2025-01-03 06:30:00,6,30,4,0,40,23
2025-01-03 06:35:00,6,35,4,0,31,19
2025-01-03 06:40:00,6,40,4,0,32,29
2025-01-03 06:45:00,6,45,4,0,33,26
2025-01-03 06:50:00,6,50,4,0,35,29
2025-01-03 06:55:00,6,55,4,0,34,27
2025-01-03 07:00:00,7,0,4,0,34,29
2025-01-03 07:05:00,7,5,4,0,35,23
2025-01-03 07:10:00,7,10,4,0,38,25
2025-01-03 07:15:00,7,15,4,0,37,33
2025-01-03 07:20:00,7,20,4,0,37,35
2025-01-03 07:25:00,7,25,4,0,41,25
2025-01-03 07:30:00,7,30,4,0,40,31
2025-01-03 07:35:00,7,35,4,0,48,28
2025-01-03 07:40:00,7,40,4,0,32,28
2025-01-03 07:45:00,7,45,4,0,47,32
2025-01-03 07:50:00,7,50,4,0,48,35
2025-01-03 07:55:00,7,55,4,0,35,33
2025-01-03 08:00:00,8,0,4,0,42,30
2025-01-03 08:05:00,8,5,4,0,41,33
2025-01-03 08:10:00,8,10,4,0,37,29
2025-01-03 08:15:00,8,15,4,0,39,32
2025-01-03 08:20:00,8,20,4,0,38,36
2025-01-03 08:25:00,8,25,4,0,49,22
2025-01-03 08:30:00,8,30,4,0,45,33
2025-01-03 08:35:00,8,35,4,0,46,23
2025-01-03 08:40:00,8,40,4,0,43,34
2025-01-03 08:45:00,8,45,4,0,34,26
2025-01-03 08:50:00,8,50,4,0,36,23
2025-01-03 08:55:00,8,55,4,0,39,30
2025-01-03 09:00:00,9,0,4,0,31,27
2025-01-03 09:05:00,9,5,4,0,38,21
2025-01-03 09:10:00,9,10,4,0,33,19
2025-01-03 09:15:00,9,15,4,0,31,23
2025-01-03 09:20:00,9,20,4,0,34,18
2025-01-03 09:25:00,9,25,4,0,32,18
2025-01-03 09:30:00,9,30,4,0,28,22
2025-01-03 09:35:00,9,35,4,0,33,16
2025-01-03 09:40:00,9,40,4,0,23,21
2025-01-03 09:45:00,9,45,4,0,28,25
2025-01-03 09:50:00,9,50,4,0,27,17
2025-01-03 09:55:00,9,55,4,0,22,18
2025-01-03 10:00:00,10,0,4,0,24,24
2025-01-03 10:05:00,10,5,4,0,16,11
2025-01-03 10:10:00,10,10,4,0,24,20
2025-01-03 10:15:00,10,15,4,0,19,19
2025-01-03 10:20:00,10,20,4,0,16,17
2025-01-03 10:25:00,10,25,4,0,22,18
2025-01-03 10:30:00,10,30,4,0,14,14
2025-01-03 10:35:00,10,35,4,0,10,10
2025-01-03 10:40:00,10,40,4,0,9,16
2025-01-03 10:45:00,10,45,4,0,17,15
2025-01-03 10:50:00,10,50,4,0,9,15
2025-01-03 10:55:00,10,55,4,0,21,10
2025-01-03 11:00:00,11,0,4,0,5,7
2025-01-03 11:05:00,11,5,4,0,19,10
2025-01-03 11:10:00,11,10,4,0,13,13
2025-01-03 11:15:00,11,15,4,0,11,13
2025-01-03 11:20:00,11,20,4,0,9,7
2025-01-03 11:25:00,11,25,4,0,13,10
2025-01-03 11:30:00,11,30,4,0,11,3
2025-01-03 11:35:00,11,35,4,0,15,12
2025-01-03 11:40:00,11,40,4,0,11,5
2025-01-03 11:45:00,11,45,4,0,11,12
2025-01-03 11:50:00,11,50,4,0,9,4
2025-01-03 11:55:00,11,55,4,0,10,13
2025-01-03 12:00:00,12,0,4,0,12,10
2025-01-03 12:05:00,12,5,4,0,3,5
2025-01-03 12:10:00,12,10,4,0,5,11
2025-01-03 12:15:00,12,15,4,0,13,6
2025-01-03 12:20:00,12,20,4,0,11,12
2025-01-03 12:25:00,12,25,4,0,10,8
2025-01-03 12:30:00,12,30,4,0,11,3
2025-01-03 12:35:00,12,35,4,0,12,6
2025-01-03 12:40:00,12,40,4,0,9,8
2025-01-03 12:45:00,12,45,4,0,8,16
2025-01-03 12:50:00,12,50,4,0,12,14
2025-01-03 12:55:00,12,55,4,0,8,18
2025-01-03 13:00:00,13,0,4,0,14,18
2025-01-03 13:05:00,13,5,4,0,6,10
2025-01-03 13:10:00,13,10,4,0,17,12
2025-01-03 13:15:00,13,15,4,0,15,11
2025-01-03 13:20:00,13,20,4,0,15,11
2025-01-03 13:25:00,13,25,4,0,18,7
2025-01-03 13:30:00,13,30,4,0,21,15
2025-01-03 13:35:00,13,35,4,0,19,10
2025-01-03 13:40:00,13,40,4,0,8,16
2025-01-03 13:45:00,13,45,4,0,11,25
2025-01-03 13:50:00,13,50,4,0,14,15
2025-01-03 13:55:00,13,55,4,0,17,19
2025-01-03 14:00:00,14,0,4,0,20,23
2025-01-03 14:05:00,14,5,4,0,15,21
2025-01-03 14:10:00,14,10,4,0,20,22
2025-01-03 14:15:00,14,15,4,0,17,20
2025-01-03 14:20:00,14,20,4,0,18,22
2025-01-03 14:25:00,14,25,4,0,15,20
2025-01-03 14:30:00,14,30,4,0,18,28
2025-01-03 14:35:00,14,35,4,0,17,18
2025-01-03 14:40:00,14,40,4,0,19,30
2025-01-03 14:45:00,14,45,4,0,28,22
2025-01-03 14:50:00,14,50,4,0,21,32
2025-01-03 14:55:00,14,55,4,0,36,28
2025-01-03 15:00:00,15,0,4,0,28,25
2025-01-03 15:05:00,15,5,4,0,28,34
2025-01-03 15:10:00,15,10,4,0,24,36
2025-01-03 15:15:00,15,15,4,0,31,32
2025-01-03 15:20:00,15,20,4,0,27,37
2025-01-03 15:25:00,15,25,4,0,30,26
2025-01-03 15:30:00,15,30,4,0,41,31
2025-01-03 15:35:00,15,35,4,0,31,42
2025-01-03 15:40:00,15,40,4,0,37,37
2025-01-03 15:45:00,15,45,4,0,30,31
2025-01-03 15:50:00,15,50,4,0,33,37
2025-01-03 15:55:00,15,55,4,0,41,37
2025-01-03 16:00:00,16,0,4,0,32,41
2025-01-03 16:05:00,16,5,4,0,42,41
2025-01-03 16:10:00,16,10,4,0,38,43
2025-01-03 16:15:00,16,15,4,0,34,43
2025-01-03 16:20:00,16,20,4,0,39,49
2025-01-03 16:25:00,16,25,4,0,41,46
2025-01-03 16:30:00,16,30,4,0,40,47
2025-01-03 16:35:00,16,35,4,0,31,50
2025-01-03 16:40:00,16,40,4,0,35,44
2025-01-03 16:45:00,16,45,4,0,37,41
2025-01-03 16:50:00,16,50,4,0,38,51
2025-01-03 16:55:00,16,55,4,0,40,47
2025-01-03 17:00:00,17,0,4,0,39,47
2025-01-03 17:05:00,17,5,4,0,33,43
2025-01-03 17:10:00,17,10,4,0,39,43
2025-01-03 17:15:00,17,15,4,0,40,49
2025-01-03 17:20:00,17,20,4,0,40,49
2025-01-03 17:25:00,17,25,4,0,42,48
2025-01-03 17:30:00,17,30,4,0,40,48
2025-01-03 17:35:00,17,35,4,0,39,47
2025-01-03 17:40:00,17,40,4,0,36,44
2025-01-03 17:45:00,17,45,4,0,29,43
2025-01-03 17:50:00,17,50,4,0,37,48
2025-01-03 17:55:00,17,55,4,0,36,41
2025-01-03 18:00:00,18,0,4,0,36,43
2025-01-03 18:05:00,18,5,4,0,29,37
2025-01-03 18:10:00,18,10,4,0,29,37
2025-01-03 18:15:00,18,15,4,0,37,38
2025-01-03 18:20:00,18,20,4,0,32,35
2025-01-03 18:25:00,18,25,4,0,34,40
2025-01-03 18:30:00,18,30,4,0,31,31
2025-01-03 18:35:00,18,35,4,0,30,36
2025-01-03 18:40:00,18,40,4,0,33,35
2025-01-03 18:45:00,18,45,4,0,26,26
2025-01-03 18:50:00,18,50,4,0,28,31
2025-01-03 18:55:00,18,55,4,0,25,32
2025-01-03 19:00:00,19,0,4,0,24,32
2025-01-03 19:05:00,19,5,4,0,24,28
2025-01-03 19:10:00,19,10,4,0,26,31
2025-01-03 19:15:00,19,15,4,0,22,27
2025-01-03 19:20:00,19,20,4,0,28,26
2025-01-03 19:25:00,19,25,4,0,19,26
2025-01-03 19:30:00,19,30,4,0,21,28
2025-01-03 19:35:00,19,35,4,0,19,21
2025-01-03 19:40:00,19,40,4,0,26,20
2025-01-03 19:45:00,19,45,4,0,20,19
2025-01-03 19:50:00,19,50,4,0,23,19
2025-01-03 19:55:00,19,55,4,0,12,26
2025-01-03 20:00:00,20,0,4,0,19,21
2025-01-03 20:05:00,20,5,4,0,21,14
2025-01-03 20:10:00,20,10,4,0,17,15
2025-01-03 20:15:00,20,15,4,0,20,18
2025-01-03 20:20:00,20,20,4,0,13,12
2025-01-03 20:25:00,20,25,4,0,21,12
2025-01-03 20:30:00,20,30,4,0,24,20
2025-01-03 20:35:00,20,35,4,0,13,12
2025-01-03 20:40:00,20,40,4,0,12,17
2025-01-03 20:45:00,20,45,4,0,19,18
2025-01-03 20:50:00,20,50,4,0,19,9
2025-01-03 20:55:00,20,55,4,0,10,8
2025-01-03 21:00:00,21,0,4,0,10,10
2025-01-03 21:05:00,21,5,4,0,11,7
2025-01-03 21:10:00,21,10,4,0,6,11
2025-01-03 21:15:00,21,15,4,0,7,9
2025-01-03 21:20:00,21,20,4,0,7,11
2025-01-03 21:25:00,21,25,4,0,8,15
2025-01-03 21:30:00,21,30,4,0,10,12
2025-01-03 21:35:00,21,35,4,0,11,11
2025-01-03 21:40:00,21,40,4,0,16,1
2025-01-03 21:45:00,21,45,4,0,6,10
2025-01-03 21:50:00,21,50,4,0,14,15
2025-01-03 21:55:00,21,55,4,0,9,0
2025-01-03 22:00:00,22,0,4,0,9,11
2025-01-03 22:05:00,22,5,4,0,12,7
2025-01-03 22:10:00,22,10,4,0,5,4
2025-01-03 22:15:00,22,15,4,0,10,10
2025-01-03 22:20:00,22,20,4,0,10,14
2025-01-03 22:25:00,22,25,4,0,11,10
2025-01-03 22:30:00,22,30,4,0,10,5
2025-01-03 22:35:00,22,35,4,0,18,3
2025-01-03 22:40:00,22,40,4,0,6,7
2025-01-03 22:45:00,22,45,4,0,6,10
2025-01-03 22:50:00,22,50,4,0,6,5
2025-01-03 22:55:00,22,55,4,0,6,5
2025-01-03 23:00:00,23,0,4,0,6,18
2025-01-03 23:05:00,23,5,4,0,13,11
2025-01-03 23:10:00,23,10,4,0,14,11
2025-01-03 23:15:00,23,15,4,0,6,0
2025-01-03 23:20:00,23,20,4,0,5,3
2025-01-03 23:25:00,23,25,4,0,10,7
2025-01-03 23:30:00,23,30,4,0,6,2
2025-01-03 23:35:00,23,35,4,0,11,13
2025-01-03 23:40:00,23,40,4,0,9,12
2025-01-03 23:45:00,23,45,4,0,2,4
2025-01-03 23:50:00,23,50,4,0,14,13
2025-01-03 23:55:00,23,55,4,0,15,6
2025-01-04 00:00:00,0,0,5,1,3,15
2025-01-04 00:05:00,0,5,5,1,4,5
2025-01-04 00:10:00,0,10,5,1,7,7
2025-01-04 00:15:00,0,15,5,1,7,10
2025-01-04 00:20:00,0,20,5,1,8,9
2025-01-04 00:25:00,0,25,5,1,14,6
2025-01-04 00:30:00,0,30,5,1,5,4
2025-01-04 00:35:00,0,35,5,1,2,6
2025-01-04 00:40:00,0,40,5,1,0,1
2025-01-04 00:45:00,0,45,5,1,3,5
2025-01-04 00:50:00,0,50,5,1,5,0
2025-01-04 00:55:00,0,55,5,1,13,0
2025-01-04 01:00:00,1,0,5,1,4,4
2025-01-04 01:05:00,1,5,5,1,6,9
2025-01-04 01:10:00,1,10,5,1,6,8
2025-01-04 01:15:00,1,15,5,1,10,4
2025-01-04 01:20:00,1,20,5,1,16,11
2025-01-04 01:25:00,1,25,5,1,3,2
2025-01-04 01:30:00,1,30,5,1,4,0
2025-01-04 01:35:00,1,35,5,1,10,0
2025-01-04 01:40:00,1,40,5,1,8,0
2025-01-04 01:45:00,1,45,5,1,13,7
2025-01-04 01:50:00,1,50,5,1,8,2
2025-01-04 01:55:00,1,55,5,1,4,6
2025-01-04 02:00:00,2,0,5,1,8,11
2025-01-04 02:05:00,2,5,5,1,10,0
2025-01-04 02:10:00,2,10,5,1,9,6
2025-01-04 02:15:00,2,15,5,1,8,6
2025-01-04 02:20:00,2,20,5,1,10,1
2025-01-04 02:25:00,2,25,5,1,10,10
2025-01-04 02:30:00,2,30,5,1,11,3
2025-01-04 02:35:00,2,35,5,1,8,3
2025-01-04 02:40:00,2,40,5,1,5,13
2025-01-04 02:45:00,2,45,5,1,6,6
2025-01-04 02:50:00,2,50,5,1,10,8
2025-01-04 02:55:00,2,55,5,1,2,10
2025-01-04 03:00:00,3,0,5,1,7,2
2025-01-04 03:05:00,3,5,5,1,4,9
2025-01-04 03:10:00,3,10,5,1,6,2
2025-01-04 03:15:00,3,15,5,1,11,2
2025-01-04 03:20:00,3,20,5,1,7,3
2025-01-04 03:25:00,3,25,5,1,6,2
2025-01-04 03:30:00,3,30,5,1,0,8
2025-01-04 03:35:00,3,35,5,1,9,5
2025-01-04 03:40:00,3,40,5,1,9,3
2025-01-04 03:45:00,3,45,5,1,15,7
2025-01-04 03:50:00,3,50,5,1,5,3
2025-01-04 03:55:00,3,55,5,1,7,3
2025-01-04 04:00:00,4,0,5,1,7,5
2025-01-04 04:05:00,4,5,5,1,13,7
2025-01-04 04:10:00,4,10,5,1,6,6
2025-01-04 04:15:00,4,15,5,1,8,4
2025-01-04 04:20:00,4,20,5,1,9,8
2025-01-04 04:25:00,4,25,5,1,8,4
2025-01-04 04:30:00,4,30,5,1,5,3
2025-01-04 04:35:00,4,35,5,1,8,0
2025-01-04 04:40:00,4,40,5,1,12,10
2025-01-04 04:45:00,4,45,5,1,4,6
2025-01-04 04:50:00,4,50,5,1,9,7
2025-01-04 04:55:00,4,55,5,1,6,10
2025-01-04 05:00:00,5,0,5,1,14,5
2025-01-04 05:05:00,5,5,5,1,3,1
2025-01-04 05:10:00,5,10,5,1,7,7
2025-01-04 05:15:00,5,15,5,1,12,9
2025-01-04 05:20:00,5,20,5,1,17,7
2025-01-04 05:25:00,5,25,5,1,11,14
2025-01-04 05:30:00,5,30,5,1,9,0
2025-01-04 05:35:00,5,35,5,1,20,13
2025-01-04 05:40:00,5,40,5,1,7,13
2025-01-04 05:45:00,5,45,5,1,5,12
2025-01-04 05:50:00,5,50,5,1,16,0
2025-01-04 05:55:00,5,55,5,1,13,16
2025-01-04 06:00:00,6,0,5,1,12,7
2025-01-04 06:05:00,6,5,5,1,19,10
2025-01-04 06:10:00,6,10,5,1,18,12
2025-01-04 06:15:00,6,15,5,1,16,15
2025-01-04 06:20:00,6,20,5,1,14,16
2025-01-04 06:25:00,6,25,5,1,23,18
2025-01-04 06:30:00,6,30,5,1,23,18
2025-01-04 06:35:00,6,35,5,1,21,16
2025-01-04 06:40:00,6,40,5,1,29,18
2025-01-04 06:45:00,6,45,5,1,19,12
2025-01-04 06:50:00,6,50,5,1,18,14
2025-01-04 06:55:00,6,55,5,1,22,21
2025-01-04 07:00:00,7,0,5,1,25,22
2025-01-04 07:05:00,7,5,5,1,27,22
2025-01-04 07:10:00,7,10,5,1,26,17
2025-01-04 07:15:00,7,15,5,1,29,23
2025-01-04 07:20:00,7,20,5,1,23,15
2025-01-04 07:25:00,7,25,5,1,34,25
2025-01-04 07:30:00,7,30,5,1,28,20
2025-01-04 07:35:00,7,35,5,1,34,28
2025-01-04 07:40:00,7,40,5,1,31,15
2025-01-04 07:45:00,7,45,5,1,32,29
2025-01-04 07:50:00,7,50,5,1,32,20
2025-01-04 07:55:00,7,55,5,1,32,20
2025-01-04 08:00:00,8,0,5,1,33,22
2025-01-04 08:05:00,8,5,5,1,35,19
2025-01-04 08:10:00,8,10,5,1,31,21
2025-01-04 08:15:00,8,15,5,1,33,19
2025-01-04 08:20:00,8,20,5,1,29,18
2025-01-04 08:25:00,8,25,5,1,35,23
2025-01-04 08:30:00,8,30,5,1,26,17
2025-01-04 08:35:00,8,35,5,1,36,17
2025-01-04 08:40:00,8,40,5,1,28,15
2025-01-04 08:45:00,8,45,5,1,22,18
2025-01-04 08:50:00,8,50,5,1,27,24
2025-01-04 08:55:00,8,55,5,1,23,15
2025-01-04 09:00:00,9,0,5,1,29,15
2025-01-04 09:05:00,9,5,5,1,22,18
2025-01-04 09:10:00,9,10,5,1,22,16
2025-01-04 09:15:00,9,15,5,1,15,25
2025-01-04 09:20:00,9,20,5,1,20,15
2025-01-04 09:25:00,9,25,5,1,12,17
2025-01-04 09:30:00,9,30,5,1,14,19
2025-01-04 09:35:00,9,35,5,1,23,18
2025-01-04 09:40:00,9,40,5,1,22,15
2025-01-04 09:45:00,9,45,5,1,20,12
2025-01-04 09:50:00,9,50,5,1,13,21
2025-01-04 09:55:00,9,55,5,1,16,12
2025-01-04 10:00:00,10,0,5,1,16,10
2025-01-04 10:05:00,10,5,5,1,10,8
2025-01-04 10:10:00,10,10,5,1,20,4
2025-01-04 10:15:00,10,15,5,1,17,13
2025-01-04 10:20:00,10,20,5,1,12,0
2025-01-04 10:25:00,10,25,5,1,12,9
2025-01-04 10:30:00,10,30,5,1,13,8
2025-01-04 10:35:00,10,35,5,1,3,17
2025-01-04 10:40:00,10,40,5,1,10,1
2025-01-04 10:45:00,10,45,5,1,8,4
2025-01-04 10:50:00,10,50,5,1,6,7
2025-01-04 10:55:00,10,55,5,1,8,6
2025-01-04 11:00:00,11,0,5,1,16,5
2025-01-04 11:05:00,11,5,5,1,11,6
2025-01-04 11:10:00,11,10,5,1,6,1
2025-01-04 11:15:00,11,15,5,1,11,8
2025-01-04 11:20:00,11,20,5,1,14,0
2025-01-04 11:25:00,11,25,5,1,12,6
2025-01-04 11:30:00,11,30,5,1,8,4
2025-01-04 11:35:00,11,35,5,1,5,10
2025-01-04 11:40:00,11,40,5,1,10,13
2025-01-04 11:45:00,11,45,5,1,9,5
2025-01-04 11:50:00,11,50,5,1,11,11
2025-01-04 11:55:00,11,55,5,1,10,5
2025-01-04 12:00:00,12,0,5,1,11,2
2025-01-04 12:05:00,12,5,5,1,5,13
2025-01-04 12:10:00,12,10,5,1,13,8
2025-01-04 12:15:00,12,15,5,1,8,6
2025-01-04 12:20:00,12,20,5,1,16,9
2025-01-04 12:25:00,12,25,5,1,5,8
2025-01-04 12:30:00,12,30,5,1,14,6
2025-01-04 12:35:00,12,35,5,1,8,2
2025-01-04 12:40:00,12,40,5,1,5,6
2025-01-04 12:45:00,12,45,5,1,6,10
2025-01-04 12:50:00,12,50,5,1,7,7
2025-01-04 12:55:00,12,55,5,1,10,11
2025-01-04 13:00:00,13,0,5,1,11,10
2025-01-04 13:05:00,13,5,5,1,6,5
2025-01-04 13:10:00,13,10,5,1,9,3
2025-01-04 13:15:00,13,15,5,1,18,8
2025-01-04 13:20:00,13,20,5,1,16,7
2025-01-04 13:25:00,13,25,5,1,12,11
2025-01-04 13:30:00,13,30,5,1,10,7
2025-01-04 13:35:00,13,35,5,1,11,8
2025-01-04 13:40:00,13,40,5,1,13,15
2025-01-04 13:45:00,13,45,5,1,7,12
2025-01-04 13:50:00,13,50,5,1,11,9
2025-01-04 13:55:00,13,55,5,1,5,13
2025-01-04 14:00:00,14,0,5,1,14,19
2025-01-04 14:05:00,14,5,5,1,15,15
2025-01-04 14:10:00,14,10,5,1,11,17
2025-01-04 14:15:00,14,15,5,1,20,12
2025-01-04 14:20:00,14,20,5,1,9,20
2025-01-04 14:25:00,14,25,5,1,9,26
2025-01-04 14:30:00,14,30,5,1,16,14
2025-01-04 14:35:00,14,35,5,1,20,13
2025-01-04 14:40:00,14,40,5,1,23,19
2025-01-04 14:45:00,14,45,5,1,15,23
2025-01-04 14:50:00,14,50,5,1,22,19
2025-01-04 14:55:00,14,55,5,1,18,16
2025-01-04 15:00:00,15,0,5,1,18,21
2025-01-04 15:05:00,15,5,5,1,22,24
2025-01-04 15:10:00,15,10,5,1,22,21
2025-01-04 15:15:00,15,15,5,1,14,26
2025-01-04 15:20:00,15,20,5,1,26,29
2025-01-04 15:25:00,15,25,5,1,26,26
2025-01-04 15:30:00,15,30,5,1,19,25
2025-01-04 15:35:00,15,35,5,1,24,29
2025-01-04 15:40:00,15,40,5,1,24,23
2025-01-04 15:45:00,15,45,5,1,24,23
2025-01-04 15:50:00,15,50,5,1,21,27
2025-01-04 15:55:00,15,55,5,1,21,26
2025-01-04 16:00:00,16,0,5,1,24,26
2025-01-04 16:05:00,16,5,5,1,29,37
2025-01-04 16:10:00,16,10,5,1,27,39
2025-01-04 16:15:00,16,15,5,1,24,29
2025-01-04 16:20:00,16,20,5,1,29,31
2025-01-04 16:25:00,16,25,5,1,14,30
2025-01-04 16:30:00,16,30,5,1,31,36
2025-01-04 16:35:00,16,35,5,1,19,37
2025-01-04 16:40:00,16,40,5,1,25,25
2025-01-04 16:45:00,16,45,5,1,22,34
2025-01-04 16:50:00,16,50,5,1,21,27
2025-01-04 16:55:00,16,55,5,1,31,39
2025-01-04 17:00:00,17,0,5,1,25,34
2025-01-04 17:05:00,17,5,5,1,28,29
2025-01-04 17:10:00,17,10,5,1,26,31
2025-01-04 17:15:00,17,15,5,1,28,31
2025-01-04 17:20:00,17,20,5,1,27,34
2025-01-04 17:25:00,17,25,5,1,21,36
2025-01-04 17:30:00,17,30,5,1,30,27
2025-01-04 17:35:00,17,35,5,1,24,38
2025-01-04 17:40:00,17,40,5,1,19,37
2025-01-04 17:45:00,17,45,5,1,23,27
2025-01-04 17:50:00,17,50,5,1,31,30
2025-01-04 17:55:00,17,55,5,1,28,36
2025-01-04 18:00:00,18,0,5,1,23,34
2025-01-04 18:05:00,18,5,5,1,22,27
2025-01-04 18:10:00,18,10,5,1,22,31
2025-01-04 18:15:00,18,15,5,1,31,39
2025-01-04 18:20:00,18,20,5,1,24,27
2025-01-04 18:25:00,18,25,5,1,24,23
2025-01-04 18:30:00,18,30,5,1,26,26
2025-01-04 18:35:00,18,35,5,1,22,26
2025-01-04 18:40:00,18,40,5,1,19,22
2025-01-04 18:45:00,18,45,5,1,19,25
2025-01-04 18:50:00,18,50,5,1,19,18
2025-01-04 18:55:00,18,55,5,1,19,19
2025-01-04 19:00:00,19,0,5,1,21,24
2025-01-04 19:05:00,19,5,5,1,18,13
2025-01-04 19:10:00,19,10,5,1,20,23
2025-01-04 19:15:00,19,15,5,1,16,11
2025-01-04 19:20:00,19,20,5,1,17,11
2025-01-04 19:25:00,19,25,5,1,8,16
2025-01-04 19:30:00,19,30,5,1,19,18
2025-01-04 19:35:00,19,35,5,1,16,22
2025-01-04 19:40:00,19,40,5,1,18,16
2025-01-04 19:45:00,19,45,5,1,2,14
2025-01-04 19:50:00,19,50,5,1,22,17
2025-01-04 19:55:00,19,55,5,1,12,10
2025-01-04 20:00:00,20,0,5,1,17,14
2025-01-04 20:05:00,20,5,5,1,8,8
2025-01-04 20:10:00,20,10,5,1,14,13
2025-01-04 20:15:00,20,15,5,1,7,11
2025-01-04 20:20:00,20,20,5,1,8,8
2025-01-04 20:25:00,20,25,5,1,18,11
2025-01-04 20:30:00,20,30,5,1,9,11
2025-01-04 20:35:00,20,35,5,1,11,15
2025-01-04 20:40:00,20,40,5,1,13,3
2025-01-04 20:45:00,20,45,5,1,11,9
2025-01-04 20:50:00,20,50,5,1,10,6
2025-01-04 20:55:00,20,55,5,1,10,12
2025-01-04 21:00:00,21,0,5,1,18,11
2025-01-04 21:05:00,21,5,5,1,8,10
2025-01-04 21:10:00,21,10,5,1,9,5
2025-01-04 21:15:00,21,15,5,1,12,11
2025-01-04 21:20:00,21,20,5,1,12,1
2025-01-04 21:25:00,21,25,5,1,12,0
2025-01-04 21:30:00,21,30,5,1,10,1
2025-01-04 21:35:00,21,35,5,1,3,6
2025-01-04 21:40:00,21,40,5,1,14,9
2025-01-04 21:45:00,21,45,5,1,2,0
2025-01-04 21:50:00,21,50,5,1,8,11
2025-01-04 21:55:00,21,55,5,1,4,6
2025-01-04 22:00:00,22,0,5,1,6,0
2025-01-04 22:05:00,22,5,5,1,8,6
2025-01-04 22:10:00,22,10,5,1,8,10
2025-01-04 22:15:00,22,15,5,1,8,7
2025-01-04 22:20:00,22,20,5,1,13,9
2025-01-04 22:25:00,22,25,5,1,8,0
2025-01-04 22:30:00,22,30,5,1,5,3
2025-01-04 22:35:00,22,35,5,1,10,1
2025-01-04 22:40:00,22,40,5,1,11,12
2025-01-04 22:45:00,22,45,5,1,1,7
2025-01-04 22:50:00,22,50,5,1,8,16
2025-01-04 22:55:00,22,55,5,1,9,3
2025-01-04 23:00:00,23,0,5,1,5,2
2025-01-04 23:05:00,23,5,5,1,11,4
2025-01-04 23:10:00,23,10,5,1,5,10
2025-01-04 23:15:00,23,15,5,1,6,3
2025-01-04 23:20:00,23,20,5,1,5,5
2025-01-04 23:25:00,23,25,5,1,6,5
2025-01-04 23:30:00,23,30,5,1,1,5
2025-01-04 23:35:00,23,35,5,1,0,2
2025-01-04 23:40:00,23,40,5,1,12,4
2025-01-04 23:45:00,23,45,5,1,2,4
2025-01-04 23:50:00,23,50,5,1,2,4
2025-01-04 23:55:00,23,55,5,1,0,8
2025-01-05 00:00:00,0,0,6,1,3,11
2025-01-05 00:05:00,0,5,6,1,0,1
2025-01-05 00:10:00,0,10,6,1,12,3
2025-01-05 00:15:00,0,15,6,1,10,1
2025-01-05 00:20:00,0,20,6,1,3,5
2025-01-05 00:25:00,0,25,6,1,15,2
2025-01-05 00:30:00,0,30,6,1,10,5
2025-01-05 00:35:00,0,35,6,1,4,9
2025-01-05 00:40:00,0,40,6,1,0,0
2025-01-05 00:45:00,0,45,6,1,15,6
2025-01-05 00:50:00,0,50,6,1,0,2
2025-01-05 00:55:00,0,55,6,1,0,6
2025-01-05 01:00:00,1,0,6,1,10,1
2025-01-05 01:05:00,1,5,6,1,15,9
2025-01-05 01:10:00,1,10,6,1,11,8
2025-01-05 01:15:00,1,15,6,1,8,6
2025-01-05 01:20:00,1,20,6,1,8,7
2025-01-05 01:25:00,1,25,6,1,9,1
2025-01-05 01:30:00,1,30,6,1,9,2
2025-01-05 01:35:00,1,35,6,1,7,7
2025-01-05 01:40:00,1,40,6,1,6,1
2025-01-05 01:45:00,1,45,6,1,5,10
2025-01-05 01:50:00,1,50,6,1,3,3
2025-01-05 01:55:00,1,55,6,1,4,6
2025-01-05 02:00:00,2,0,6,1,0,13
2025-01-05 02:05:00,2,5,6,1,5,1
2025-01-05 02:10:00,2,10,6,1,2,4
2025-01-05 02:15:00,2,15,6,1,1,8
2025-01-05 02:20:00,2,20,6,1,6,8
2025-01-05 02:25:00,2,25,6,1,11,3
2025-01-05 02:30:00,2,30,6,1,9,2
2025-01-05 02:35:00,2,35,6,1,0,3
2025-01-05 02:40:00,2,40,6,1,2,10
2025-01-05 02:45:00,2,45,6,1,9,3
2025-01-05 02:50:00,2,50,6,1,2,5
2025-01-05 02:55:00,2,55,6,1,5,3
2025-01-05 03:00:00,3,0,6,1,8,7
2025-01-05 03:05:00,3,5,6,1,2,5
2025-01-05 03:10:00,3,10,6,1,6,0
2025-01-05 03:15:00,3,15,6,1,0,0
2025-01-05 03:20:00,3,20,6,1,3,0
2025-01-05 03:25:00,3,25,6,1,7,1
2025-01-05 03:30:00,3,30,6,1,0,8
2025-01-05 03:35:00,3,35,6,1,8,10
2025-01-05 03:40:00,3,40,6,1,6,7
2025-01-05 03:45:00,3,45,6,1,8,7
2025-01-05 03:50:00,3,50,6,1,7,4
2025-01-05 03:55:00,3,55,6,1,12,8
2025-01-05 04:00:00,4,0,6,1,7,6
2025-01-05 04:05:00,4,5,6,1,5,12
2025-01-05 04:10:00,4,10,6,1,7,4
2025-01-05 04:15:00,4,15,6,1,9,10
2025-01-05 04:20:00,4,20,6,1,7,9
2025-01-05 04:25:00,4,25,6,1,7,8
2025-01-05 04:30:00,4,30,6,1,4,0
2025-01-05 04:35:00,4,35,6,1,5,9
2025-01-05 04:40:00,4,40,6,1,2,5
2025-01-05 04:45:00,4,45,6,1,15,4
2025-01-05 04:50:00,4,50,6,1,3,0
2025-01-05 04:55:00,4,55,6,1,6,6
2025-01-05 05:00:00,5,0,6,1,6,7
2025-01-05 05:05:00,5,5,6,1,13,2
2025-01-05 05:10:00,5,10,6,1,9,1
2025-01-05 05:15:00,5,15,6,1,15,9
2025-01-05 05:20:00,5,20,6,1,8,11
2025-01-05 05:25:00,5,25,6,1,12,9
2025-01-05 05:30:00,5,30,6,1,8,13
2025-01-05 05:35:00,5,35,6,1,21,9
2025-01-05 05:40:00,5,40,6,1,8,9
2025-01-05 05:45:00,5,45,6,1,15,6
2025-01-05 05:50:00,5,50,6,1,17,4
2025-01-05 05:55:00,5,55,6,1,17,18
2025-01-05 06:00:00,6,0,6,1,15,16
2025-01-05 06:05:00,6,5,6,1,16,6
2025-01-05 06:10:00,6,10,6,1,17,13
2025-01-05 06:15:00,6,15,6,1,17,13
2025-01-05 06:20:00,6,20,6,1,23,13
2025-01-05 06:25:00,6,25,6,1,28,13
2025-01-05 06:30:00,6,30,6,1,18,16
2025-01-05 06:35:00,6,35,6,1,16,19
2025-01-05 06:40:00,6,40,6,1,22,18
2025-01-05 06:45:00,6,45,6,1,33,16
2025-01-05 06:50:00,6,50,6,1,20,17
2025-01-05 06:55:00,6,55,6,1,31,21
2025-01-05 07:00:00,7,0,6,1,32,20
2025-01-05 07:05:00,7,5,6,1,24,19
2025-01-05 07:10:00,7,10,6,1,29,19
2025-01-05 07:15:00,7,15,6,1,34,21
2025-01-05 07:20:00,7,20,6,1,26,18
2025-01-05 07:25:00,7,25,6,1,28,24
2025-01-05 07:30:00,7,30,6,1,26,16
2025-01-05 07:35:00,7,35,6,1,25,19
2025-01-05 07:40:00,7,40,6,1,27,24
2025-01-05 07:45:00,7,45,6,1,25,17
2025-01-05 07:50:00,7,50,6,1,30,15
2025-01-05 07:55:00,7,55,6,1,27,22
2025-01-05 08:00:00,8,0,6,1,31,15
2025-01-05 08:05:00,8,5,6,1,24,16
2025-01-05 08:10:00,8,10,6,1,31,25
2025-01-05 08:15:00,8,15,6,1,33,21
2025-01-05 08:20:00,8,20,6,1,22,26
2025-01-05 08:25:00,8,25,6,1,31,16
2025-01-05 08:30:00,8,30,6,1,34,20
2025-01-05 08:35:00,8,35,6,1,23,22
2025-01-05 08:40:00,8,40,6,1,34,15
2025-01-05 08:45:00,8,45,6,1,29,24
2025-01-05 08:50:00,8,50,6,1,24,21
2025-01-05 08:55:00,8,55,6,1,26,12
2025-01-05 09:00:00,9,0,6,1,27,18
2025-01-05 09:05:00,9,5,6,1,25,19
2025-01-05 09:10:00,9,10,6,1,26,15
2025-01-05 09:15:00,9,15,6,1,19,11
2025-01-05 09:20:00,9,20,6,1,23,17
2025-01-05 09:25:00,9,25,6,1,16,24
2025-01-05 09:30:00,9,30,6,1,20,13
2025-01-05 09:35:00,9,35,6,1,16,21
2025-01-05 09:40:00,9,40,6,1,16,11
2025-01-05 09:45:00,9,45,6,1,23,14
2025-01-05 09:50:00,9,50,6,1,22,16
2025-01-05 09:55:00,9,55,6,1,19,12
2025-01-05 10:00:00,10,0,6,1,11,10
2025-01-05 10:05:00,10,5,6,1,14,14
2025-01-05 10:10:00,10,10,6,1,19,18
2025-01-05 10:15:00,10,15,6,1,14,11
2025-01-05 10:20:00,10,20,6,1,22,7
2025-01-05 10:25:00,10,25,6,1,14,8
2025-01-05 10:30:00,10,30,6,1,13,19
2025-01-05 10:35:00,10,35,6,1,10,9
2025-01-05 10:40:00,10,40,6,1,11,6
2025-01-05 10:45:00,10,45,6,1,10,3
2025-01-05 10:50:00,10,50,6,1,13,0
2025-01-05 10:55:00,10,55,6,1,13,9
2025-01-05 11:00:00,11,0,6,1,6,9
2025-01-05 11:05:00,11,5,6,1,4,5
2025-01-05 11:10:00,11,10,6,1,1,6
2025-01-05 11:15:00,11,15,6,1,10,2
2025-01-05 11:20:00,11,20,6,1,4,7
2025-01-05 11:25:00,11,25,6,1,0,8
2025-01-05 11:30:00,11,30,6,1,9,4
2025-01-05 11:35:00,11,35,6,1,18,13
2025-01-05 11:40:00,11,40,6,1,7,3
2025-01-05 11:45:00,11,45,6,1,11,7
2025-01-05 11:50:00,11,50,6,1,8,9
2025-01-05 11:55:00,11,55,6,1,7,6
2025-01-05 12:00:00,12,0,6,1,11,5
2025-01-05 12:05:00,12,5,6,1,6,0
2025-01-05 12:10:00,12,10,6,1,8,12
2025-01-05 12:15:00,12,15,6,1,9,6
2025-01-05 12:20:00,12,20,6,1,5,8
2025-01-05 12:25:00,12,25,6,1,11,9
2025-01-05 12:30:00,12,30,6,1,7,4
2025-01-05 12:35:00,12,35,6,1,5,6
2025-01-05 12:40:00,12,40,6,1,10,12
2025-01-05 12:45:00,12,45,6,1,4,3
2025-01-05 12:50:00,12,50,6,1,8,16
2025-01-05 12:55:00,12,55,6,1,8,5
2025-01-05 13:00:00,13,0,6,1,13,3
2025-01-05 13:05:00,13,5,6,1,11,9
2025-01-05 13:10:00,13,10,6,1,9,18
2025-01-05 13:15:00,13,15,6,1,13,1
2025-01-05 13:20:00,13,20,6,1,15,9
2025-01-05 13:25:00,13,25,6,1,12,12
2025-01-05 13:30:00,13,30,6,1,10,10
2025-01-05 13:35:00,13,35,6,1,5,12
2025-01-05 13:40:00,13,40,6,1,7,8
2025-01-05 13:45:00,13,45,6,1,10,9
2025-01-05 13:50:00,13,50,6,1,9,12
2025-01-05 13:55:00,13,55,6,1,11,8
2025-01-05 14:00:00,14,0,6,1,13,13
2025-01-05 14:05:00,14,5,6,1,15,12
2025-01-05 14:10:00,14,10,6,1,13,13
2025-01-05 14:15:00,14,15,6,1,16,16
2025-01-05 14:20:00,14,20,6,1,14,8
2025-01-05 14:25:00,14,25,6,1,7,15
2025-01-05 14:30:00,14,30,6,1,11,26
2025-01-05 14:35:00,14,35,6,1,15,13
2025-01-05 14:40:00,14,40,6,1,11,24
2025-01-05 14:45:00,14,45,6,1,19,19
2025-01-05 14:50:00,14,50,6,1,23,17
2025-01-05 14:55:00,14,55,6,1,23,15
2025-01-05 15:00:00,15,0,6,1,17,22
2025-01-05 15:05:00,15,5,6,1,25,28
2025-01-05 15:10:00,15,10,6,1,20,21
2025-01-05 15:15:00,15,15,6,1,19,23
2025-01-05 15:20:00,15,20,6,1,18,28
2025-01-05 15:25:00,15,25,6,1,20,26
2025-01-05 15:30:00,15,30,6,1,20,19
2025-01-05 15:35:00,15,35,6,1,23,26
2025-01-05 15:40:00,15,40,6,1,23,33
2025-01-05 15:45:00,15,45,6,1,23,27
2025-01-05 15:50:00,15,50,6,1,25,17
2025-01-05 15:55:00,15,55,6,1,28,30
2025-01-05 16:00:00,16,0,6,1,28,28
2025-01-05 16:05:00,16,5,6,1,19,22
2025-01-05 16:10:00,16,10,6,1,15,23
2025-01-05 16:15:00,16,15,6,1,29,34
2025-01-05 16:20:00,16,20,6,1,20,28
2025-01-05 16:25:00,16,25,6,1,25,27
2025-01-05 16:30:00,16,30,6,1,21,31
2025-01-05 16:35:00,16,35,6,1,19,29
2025-01-05 16:40:00,16,40,6,1,28,32
2025-01-05 16:45:00,16,45,6,1,29,31
2025-01-05 16:50:00,16,50,6,1,24,27
2025-01-05 16:55:00,16,55,6,1,16,30
2025-01-05 17:00:00,17,0,6,1,24,34
2025-01-05 17:05:00,17,5,6,1,28,32
2025-01-05 17:10:00,17,10,6,1,21,32
2025-01-05 17:15:00,17,15,6,1,27,40
2025-01-05 17:20:00,17,20,6,1,26,35
2025-01-05 17:25:00,17,25,6,1,28,35
2025-01-05 17:30:00,17,30,6,1,26,31
2025-01-05 17:35:00,17,35,6,1,22,32
2025-01-05 17:40:00,17,40,6,1,30,29
2025-01-05 17:45:00,17,45,6,1,25,33
2025-01-05 17:50:00,17,50,6,1,25,29
2025-01-05 17:55:00,17,55,6,1,21,30
2025-01-05 18:00:00,18,0,6,1,22,30
2025-01-05 18:05:00,18,5,6,1,20,28
2025-01-05 18:10:00,18,10,6,1,23,40
2025-01-05 18:15:00,18,15,6,1,30,25
2025-01-05 18:20:00,18,20,6,1,17,24
2025-01-05 18:25:00,18,25,6,1,15,29
2025-01-05 18:30:00,18,30,6,1,27,23
2025-01-05 18:35:00,18,35,6,1,20,24
2025-01-05 18:40:00,18,40,6,1,18,20
2025-01-05 18:45:00,18,45,6,1,24,25
2025-01-05 18:50:00,18,50,6,1,17,25
2025-01-05 18:55:00,18,55,6,1,26,21
2025-01-05 19:00:00,19,0,6,1,21,24
2025-01-05 19:05:00,19,5,6,1,16,13
2025-01-05 19:10:00,19,10,6,1,26,17
2025-01-05 19:15:00,19,15,6,1,14,18
2025-01-05 19:20:00,19,20,6,1,19,14
2025-01-05 19:25:00,19,25,6,1,17,11
2025-01-05 19:30:00,19,30,6,1,20,16
2025-01-05 19:35:00,19,35,6,1,21,19
2025-01-05 19:40:00,19,40,6,1,14,21
2025-01-05 19:45:00,19,45,6,1,11,13
2025-01-05 19:50:00,19,50,6,1,15,17
2025-01-05 19:55:00,19,55,6,1,10,16
2025-01-05 20:00:00,20,0,6,1,20,18
2025-01-05 20:05:00,20,5,6,1,13,11
2025-01-05 20:10:00,20,10,6,1,10,5
2025-01-05 20:15:00,20,15,6,1,12,12
2025-01-05 20:20:00,20,20,6,1,5,7
2025-01-05 20:25:00,20,25,6,1,7,8
2025-01-05 20:30:00,20,30,6,1,15,9
2025-01-05 20:35:00,20,35,6,1,7,8
2025-01-05 20:40:00,20,40,6,1,5,10
2025-01-05 20:45:00,20,45,6,1,11,12
2025-01-05 20:50:00,20,50,6,1,14,7
2025-01-05 20:55:00,20,55,6,1,12,10
2025-01-05 21:00:00,21,0,6,1,12,8
2025-01-05 21:05:00,21,5,6,1,5,11
2025-01-05 21:10:00,21,10,6,1,2,7
2025-01-05 21:15:00,21,15,6,1,14,7
2025-01-05 21:20:00,21,20,6,1,6,5
2025-01-05 21:25:00,21,25,6,1,6,6
2025-01-05 21:30:00,21,30,6,1,13,3
2025-01-05 21:35:00,21,35,6,1,9,3
2025-01-05 21:40:00,21,40,6,1,9,9
2025-01-05 21:45:00,21,45,6,1,16,2
2025-01-05 21:50:00,21,50,6,1,4,4
2025-01-05 21:55:00,21,55,6,1,10,10
2025-01-05 22:00:00,22,0,6,1,7,4
2025-01-05 22:05:00,22,5,6,1,8,9
2025-01-05 22:10:00,22,10,6,1,12,3
2025-01-05 22:15:00,22,15,6,1,8,1
2025-01-05 22:20:00,22,20,6,1,8,0
2025-01-05 22:25:00,22,25,6,1,10,10
2025-01-05 22:30:00,22,30,6,1,5,0
2025-01-05 22:35:00,22,35,6,1,3,8
2025-01-05 22:40:00,22,40,6,1,2,1
2025-01-05 22:45:00,22,45,6,1,0,10
2025-01-05 22:50:00,22,50,6,1,14,13
2025-01-05 22:55:00,22,55,6,1,1,0
2025-01-05 23:00:00,23,0,6,1,5,0
2025-01-05 23:05:00,23,5,6,1,5,8
2025-01-05 23:10:00,23,10,6,1,7,6
2025-01-05 23:15:00,23,15,6,1,9,8
2025-01-05 23:20:00,23,20,6,1,9,2
2025-01-05 23:25:00,23,25,6,1,3,12
2025-01-05 23:30:00,23,30,6,1,5,5
2025-01-05 23:35:00,23,35,6,1,7,0
2025-01-05 23:40:00,23,40,6,1,5,3
2025-01-05 23:45:00,23,45,6,1,12,0
2025-01-05 23:50:00,23,50,6,1,8,11
2025-01-05 23:55:00,23,55,6,1,9,2
2025-01-06 00:00:00,0,0,0,0,11,8
2025-01-06 00:05:00,0,5,0,0,13,4
2025-01-06 00:10:00,0,10,0,0,9,4
2025-01-06 00:15:00,0,15,0,0,3,0
2025-01-06 00:20:00,0,20,0,0,10,8
2025-01-06 00:25:00,0,25,0,0,5,11
2025-01-06 00:30:00,0,30,0,0,6,2
2025-01-06 00:35:00,0,35,0,0,10,0
2025-01-06 00:40:00,0,40,0,0,13,9
2025-01-06 00:45:00,0,45,0,0,8,0
2025-01-06 00:50:00,0,50,0,0,9,11
2025-01-06 00:55:00,0,55,0,0,15,2
2025-01-06 01:00:00,1,0,0,0,9,2
2025-01-06 01:05:00,1,5,0,0,18,7
2025-01-06 01:10:00,1,10,0,0,10,2
2025-01-06 01:15:00,1,15,0,0,1,3
2025-01-06 01:20:00,1,20,0,0,11,7
2025-01-06 01:25:00,1,25,0,0,10,0
2025-01-06 01:30:00,1,30,0,0,13,13
2025-01-06 01:35:00,1,35,0,0,11,6
2025-01-06 01:40:00,1,40,0,0,7,1
2025-01-06 01:45:00,1,45,0,0,3,2
2025-01-06 01:50:00,1,50,0,0,7,10
2025-01-06 01:55:00,1,55,0,0,5,8
2025-01-06 02:00:00,2,0,0,0,6,12
2025-01-06 02:05:00,2,5,0,0,10,3
2025-01-06 02:10:00,2,10,0,0,15,7
2025-01-06 02:15:00,2,15,0,0,10,8
2025-01-06 02:20:00,2,20,0,0,3,9
2025-01-06 02:25:00,2,25,0,0,10,11
2025-01-06 02:30:00,2,30,0,0,13,3
2025-01-06 02:35:00,2,35,0,0,6,6
2025-01-06 02:40:00,2,40,0,0,8,4
2025-01-06 02:45:00,2,45,0,0,8,6
2025-01-06 02:50:00,2,50,0,0,5,9
2025-01-06 02:55:00,2,55,0,0,11,0
2025-01-06 03:00:00,3,0,0,0,8,11
2025-01-06 03:05:00,3,5,0,0,10,2
2025-01-06 03:10:00,3,10,0,0,5,5
2025-01-06 03:15:00,3,15,0,0,6,11
2025-01-06 03:20:00,3,20,0,0,11,8
2025-01-06 03:25:00,3,25,0,0,7,8
2025-01-06 03:30:00,3,30,0,0,15,2
2025-01-06 03:35:00,3,35,0,0,7,2
2025-01-06 03:40:00,3,40,0,0,9,10
2025-01-06 03:45:00,3,45,0,0,12,4
2025-01-06 03:50:00,3,50,0,0,3,5
2025-01-06 03:55:00,3,55,0,0,2,10
2025-01-06 04:00:00,4,0,0,0,3,3
2025-01-06 04:05:00,4,5,0,0,14,8
2025-01-06 04:10:00,4,10,0,0,7,7
2025-01-06 04:15:00,4,15,0,0,20,7
2025-01-06 04:20:00,4,20,0,0,8,5
2025-01-06 04:25:00,4,25,0,0,11,5
2025-01-06 04:30:00,4,30,0,0,16,3
2025-01-06 04:35:00,4,35,0,0,19,10
2025-01-06 04:40:00,4,40,0,0,19,5
2025-01-06 04:45:00,4,45,0,0,16,12
2025-01-06 04:50:00,4,50,0,0,16,8
2025-01-06 04:55:00,4,55,0,0,15,5
2025-01-06 05:00:00,5,0,0,0,16,8
2025-01-06 05:05:00,5,5,0,0,11,8
2025-01-06 05:10:00,5,10,0,0,11,14
2025-01-06 05:15:00,5,15,0,0,15,9
2025-01-06 05:20:00,5,20,0,0,15,10
2025-01-06 05:25:00,5,25,0,0,14,17
2025-01-06 05:30:00,5,30,0,0,20,14
2025-01-06 05:35:00,5,35,0,0,21,19
2025-01-06 05:40:00,5,40,0,0,19,18
2025-01-06 05:45:00,5,45,0,0,25,11
2025-01-06 05:50:00,5,50,0,0,16,19
2025-01-06 05:55:00,5,55,0,0,21,22
2025-01-06 06:00:00,6,0,0,0,20,22
2025-01-06 06:05:00,6,5,0,0,16,21
2025-01-06 06:10:00,6,10,0,0,24,22
2025-01-06 06:15:00,6,15,0,0,25,17
2025-01-06 06:20:00,6,20,0,0,33,16
2025-01-06 06:25:00,6,25,0,0,31,19
2025-01-06 06:30:00,6,30,0,0,25,15
2025-01-06 06:35:00,6,35,0,0,38,27
2025-01-06 06:40:00,6,40,0,0,36,22
2025-01-06 06:45:00,6,45,0,0,35,29
2025-01-06 06:50:00,6,50,0,0,33,20
2025-01-06 06:55:00,6,55,0,0,31,30
2025-01-06 07:00:00,7,0,0,0,35,24
2025-01-06 07:05:00,7,5,0,0,41,22
2025-01-06 07:10:00,7,10,0,0,46,34
2025-01-06 07:15:00,7,15,0,0,45,32
2025-01-06 07:20:00,7,20,0,0,38,29
2025-01-06 07:25:00,7,25,0,0,36,29
2025-01-06 07:30:00,7,30,0,0,42,31
2025-01-06 07:35:00,7,35,0,0,35,31
2025-01-06 07:40:00,7,40,0,0,43,27
2025-01-06 07:45:00,7,45,0,0,42,29
2025-01-06 07:50:00,7,50,0,0,41,39
2025-01-06 07:55:00,7,55,0,0,37,42
2025-01-06 08:00:00,8,0,0,0,45,37
2025-01-06 08:05:00,8,5,0,0,41,33
2025-01-06 08:10:00,8,10,0,0,38,29
2025-01-06 08:15:00,8,15,0,0,31,27
2025-01-06 08:20:00,8,20,0,0,42,27
2025-01-06 08:25:00,8,25,0,0,49,28
2025-01-06 08:30:00,8,30,0,0,48,38
2025-01-06 08:35:00,8,35,0,0,39,36
2025-01-06 08:40:00,8,40,0,0,37,32
2025-01-06 08:45:00,8,45,0,0,41,24
2025-01-06 08:50:00,8,50,0,0,34,31
2025-01-06 08:55:00,8,55,0,0,38,26
2025-01-06 09:00:00,9,0,0,0,39,17
2025-01-06 09:05:00,9,5,0,0,40,26
2025-01-06 09:10:00,9,10,0,0,33,21
2025-01-06 09:15:00,9,15,0,0,32,20
2025-01-06 09:20:00,9,20,0,0,28,22
2025-01-06 09:25:00,9,25,0,0,27,20
2025-01-06 09:30:00,9,30,0,0,28,21
2025-01-06 09:35:00,9,35,0,0,30,20
2025-01-06 09:40:00,9,40,0,0,31,12
2025-01-06 09:45:00,9,45,0,0,23,25
2025-01-06 09:50:00,9,50,0,0,31,14
2025-01-06 09:55:00,9,55,0,0,22,13
2025-01-06 10:00:00,10,0,0,0,22,15
2025-01-06 10:05:00,10,5,0,0,18,15
2025-01-06 10:10:00,10,10,0,0,11,21
2025-01-06 10:15:00,10,15,0,0,23,15
2025-01-06 10:20:00,10,20,0,0,22,16
2025-01-06 10:25:00,10,25,0,0,17,14
2025-01-06 10:30:00,10,30,0,0,17,13
2025-01-06 10:35:00,10,35,0,0,18,13
2025-01-06 10:40:00,10,40,0,0,9,4
2025-01-06 10:45:00,10,45,0,0,13,10
2025-01-06 10:50:00,10,50,0,0,17,15
2025-01-06 10:55:00,10,55,0,0,9,26
2025-01-06 11:00:00,11,0,0,0,14,5
2025-01-06 11:05:00,11,5,0,0,7,11
2025-01-06 11:10:00,11,10,0,0,14,7
2025-01-06 11:15:00,11,15,0,0,12,17
2025-01-06 11:20:00,11,20,0,0,5,3
2025-01-06 11:25:00,11,25,0,0,16,11
2025-01-06 11:30:00,11,30,0,0,8,3
2025-01-06 11:35:00,11,35,0,0,8,7
2025-01-06 11:40:00,11,40,0,0,11,8
2025-01-06 11:45:00,11,45,0,0,15,13
2025-01-06 11:50:00,11,50,0,0,6,4
2025-01-06 11:55:00,11,55,0,0,11,11
2025-01-06 12:00:00,12,0,0,0,12,9
2025-01-06 12:05:00,12,5,0,0,13,10
2025-01-06 12:10:00,12,10,0,0,11,13
2025-01-06 12:15:00,12,15,0,0,9,4
2025-01-06 12:20:00,12,20,0,0,7,12
2025-01-06 12:25:00,12,25,0,0,11,7
2025-01-06 12:30:00,12,30,0,0,6,14
2025-01-06 12:35:00,12,35,0,0,0,11
2025-01-06 12:40:00,12,40,0,0,13,9
2025-01-06 12:45:00,12,45,0,0,15,8
2025-01-06 12:50:00,12,50,0,0,2,14
2025-01-06 12:55:00,12,55,0,0,8,16
2025-01-06 13:00:00,13,0,0,0,15,9
2025-01-06 13:05:00,13,5,0,0,21,7
2025-01-06 13:10:00,13,10,0,0,13,15
2025-01-06 13:15:00,13,15,0,0,10,7
2025-01-06 13:20:00,13,20,0,0,13,8
2025-01-06 13:25:00,13,25,0,0,20,10
2025-01-06 13:30:00,13,30,0,0,12,13
2025-01-06 13:35:00,13,35,0,0,12,10
2025-01-06 13:40:00,13,40,0,0,14,8
2025-01-06 13:45:00,13,45,0,0,12,12
2025-01-06 13:50:00,13,50,0,0,17,20
2025-01-06 13:55:00,13,55,0,0,24,13
2025-01-06 14:00:00,14,0,0,0,19,18
2025-01-06 14:05:00,14,5,0,0,17,28
2025-01-06 14:10:00,14,10,0,0,18,20
2025-01-06 14:15:00,14,15,0,0,13,23
2025-01-06 14:20:00,14,20,0,0,24,19
2025-01-06 14:25:00,14,25,0,0,21,32
2025-01-06 14:30:00,14,30,0,0,21,22
2025-01-06 14:35:00,14,35,0,0,35,24
2025-01-06 14:40:00,14,40,0,0,24,32
2025-01-06 14:45:00,14,45,0,0,21,27
2025-01-06 14:50:00,14,50,0,0,23,28
2025-01-06 14:55:00,14,55,0,0,30,28
2025-01-06 15:00:00,15,0,0,0,27,29
2025-01-06 15:05:00,15,5,0,0,21,33
2025-01-06 15:10:00,15,10,0,0,31,34
2025-01-06 15:15:00,15,15,0,0,26,31
2025-01-06 15:20:00,15,20,0,0,37,31
2025-01-06 15:25:00,15,25,0,0,34,33
2025-01-06 15:30:00,15,30,0,0,29,31
2025-01-06 15:35:00,15,35,0,0,36,31
2025-01-06 15:40:00,15,40,0,0,32,39
2025-01-06 15:45:00,15,45,0,0,36,43
2025-01-06 15:50:00,15,50,0,0,35,43
2025-01-06 15:55:00,15,55,0,0,31,31
2025-01-06 16:00:00,16,0,0,0,32,40
2025-01-06 16:05:00,16,5,0,0,39,38
2025-01-06 16:10:00,16,10,0,0,34,43
2025-01-06 16:15:00,16,15,0,0,34,42
2025-01-06 16:20:00,16,20,0,0,33,46
2025-01-06 16:25:00,16,25,0,0,38,44
2025-01-06 16:30:00,16,30,0,0,45,37
2025-01-06 16:35:00,16,35,0,0,33,41
2025-01-06 16:40:00,16,40,0,0,38,45
2025-01-06 16:45:00,16,45,0,0,43,46
2025-01-06 16:50:00,16,50,0,0,38,40
2025-01-06 16:55:00,16,55,0,0,40,40
2025-01-06 17:00:00,17,0,0,0,34,46
2025-01-06 17:05:00,17,5,0,0,40,40
2025-01-06 17:10:00,17,10,0,0,37,39
2025-01-06 17:15:00,17,15,0,0,42,44
2025-01-06 17:20:00,17,20,0,0,42,43
2025-01-06 17:25:00,17,25,0,0,48,42
2025-01-06 17:30:00,17,30,0,0,39,42
2025-01-06 17:35:00,17,35,0,0,38,44
2025-01-06 17:40:00,17,40,0,0,37,41
2025-01-06 17:45:00,17,45,0,0,35,44
2025-01-06 17:50:00,17,50,0,0,37,41
2025-01-06 17:55:00,17,55,0,0,34,43
2025-01-06 18:00:00,18,0,0,0,35,45
2025-01-06 18:05:00,18,5,0,0,39,44
2025-01-06 18:10:00,18,10,0,0,29,45
2025-01-06 18:15:00,18,15,0,0,37,42
2025-01-06 18:20:00,18,20,0,0,37,39
2025-01-06 18:25:00,18,25,0,0,31,35
2025-01-06 18:30:00,18,30,0,0,22,35
2025-01-06 18:35:00,18,35,0,0,27,32
2025-01-06 18:40:00,18,40,0,0,34,34
2025-01-06 18:45:00,18,45,0,0,28,36
2025-01-06 18:50:00,18,50,0,0,24,29
2025-01-06 18:55:00,18,55,0,0,25,31
2025-01-06 19:00:00,19,0,0,0,30,28
2025-01-06 19:05:00,19,5,0,0,28,30
2025-01-06 19:10:00,19,10,0,0,24,26
2025-01-06 19:15:00,19,15,0,0,22,24
2025-01-06 19:20:00,19,20,0,0,22,24
2025-01-06 19:25:00,19,25,0,0,19,27
2025-01-06 19:30:00,19,30,0,0,28,24
2025-01-06 19:35:00,19,35,0,0,20,22
2025-01-06 19:40:00,19,40,0,0,25,23
2025-01-06 19:45:00,19,45,0,0,26,20
2025-01-06 19:50:00,19,50,0,0,23,25
2025-01-06 19:55:00,19,55,0,0,17,16
2025-01-06 20:00:00,20,0,0,0,19,18
2025-01-06 20:05:00,20,5,0,0,17,13
2025-01-06 20:10:00,20,10,0,0,13,16
2025-01-06 20:15:00,20,15,0,0,17,10
2025-01-06 20:20:00,20,20,0,0,11,19
2025-01-06 20:25:00,20,25,0,0,20,18
2025-01-06 20:30:00,20,30,0,0,13,18
2025-01-06 20:35:00,20,35,0,0,15,14
2025-01-06 20:40:00,20,40,0,0,15,10
2025-01-06 20:45:00,20,45,0,0,12,10
2025-01-06 20:50:00,20,50,0,0,15,18
2025-01-06 20:55:00,20,55,0,0,11,18
2025-01-06 21:00:00,21,0,0,0,16,12
2025-01-06 21:05:00,21,5,0,0,6,9
2025-01-06 21:10:00,21,10,0,0,12,16
2025-01-06 21:15:00,21,15,0,0,19,7
2025-01-06 21:20:00,21,20,0,0,7,11
2025-01-06 21:25:00,21,25,0,0,8,15
2025-01-06 21:30:00,21,30,0,0,12,6
2025-01-06 21:35:00,21,35,0,0,11,12
2025-01-06 21:40:00,21,40,0,0,11,11
2025-01-06 21:45:00,21,45,0,0,12,8
2025-01-06 21:50:00,21,50,0,0,12,4
2025-01-06 21:55:00,21,55,0,0,14,5
2025-01-06 22:00:00,22,0,0,0,11,9
2025-01-06 22:05:00,22,5,0,0,8,2
2025-01-06 22:10:00,22,10,0,0,12,8
2025-01-06 22:15:00,22,15,0,0,17,9
2025-01-06 22:20:00,22,20,0,0,8,11
2025-01-06 22:25:00,22,25,0,0,5,1
2025-01-06 22:30:00,22,30,0,0,13,12
2025-01-06 22:35:00,22,35,0,0,8,14
2025-01-06 22:40:00,22,40,0,0,0,8
2025-01-06 22:45:00,22,45,0,0,12,2
2025-01-06 22:50:00,22,50,0,0,6,5
2025-01-06 22:55:00,22,55,0,0,8,6
2025-01-06 23:00:00,23,0,0,0,10,8
2025-01-06 23:05:00,23,5,0,0,9,6
2025-01-06 23:10:00,23,10,0,0,11,7
2025-01-06 23:15:00,23,15,0,0,6,6
2025-01-06 23:20:00,23,20,0,0,10,7
2025-01-06 23:25:00,23,25,0,0,7,4
2025-01-06 23:30:00,23,30,0,0,11,5
2025-01-06 23:35:00,23,35,0,0,11,4
2025-01-06 23:40:00,23,40,0,0,4,14
2025-01-06 23:45:00,23,45,0,0,12,12
2025-01-06 23:50:00,23,50,0,0,6,8
2025-01-06 23:55:00,23,55,0,0,11,11
2025-01-07 00:00:00,0,0,1,0,9,9
2025-01-07 00:05:00,0,5,1,0,15,7
2025-01-07 00:10:00,0,10,1,0,7,0
2025-01-07 00:15:00,0,15,1,0,7,5
2025-01-07 00:20:00,0,20,1,0,8,5
2025-01-07 00:25:00,0,25,1,0,7,1
2025-01-07 00:30:00,0,30,1,0,11,0
2025-01-07 00:35:00,0,35,1,0,2,8
2025-01-07 00:40:00,0,40,1,0,4,7
2025-01-07 00:45:00,0,45,1,0,4,1
2025-01-07 00:50:00,0,50,1,0,12,3
2025-01-07 00:55:00,0,55,1,0,15,11
2025-01-07 01:00:00,1,0,1,0,8,2
2025-01-07 01:05:00,1,5,1,0,7,7
2025-01-07 01:10:00,1,10,1,0,8,5
2025-01-07 01:15:00,1,15,1,0,13,8
2025-01-07 01:20:00,1,20,1,0,4,3
2025-01-07 01:25:00,1,25,1,0,9,6
2025-01-07 01:30:00,1,30,1,0,12,7
2025-01-07 01:35:00,1,35,1,0,10,7
2025-01-07 01:40:00,1,40,1,0,9,6
2025-01-07 01:45:00,1,45,1,0,12,7
2025-01-07 01:50:00,1,50,1,0,0,15
2025-01-07 01:55:00,1,55,1,0,11,16
2025-01-07 02:00:00,2,0,1,0,5,3
2025-01-07 02:05:00,2,5,1,0,1,0
2025-01-07 02:10:00,2,10,1,0,10,8
2025-01-07 02:15:00,2,15,1,0,14,7
2025-01-07 02:20:00,2,20,1,0,7,10
2025-01-07 02:25:00,2,25,1,0,12,7
2025-01-07 02:30:00,2,30,1,0,14,6
2025-01-07 02:35:00,2,35,1,0,13,11
2025-01-07 02:40:00,2,40,1,0,15,11
2025-01-07 02:45:00,2,45,1,0,11,1
2025-01-07 02:50:00,2,50,1,0,8,3
2025-01-07 02:55:00,2,55,1,0,2,6
2025-01-07 03:00:00,3,0,1,0,7,6
2025-01-07 03:05:00,3,5,1,0,5,5
2025-01-07 03:10:00,3,10,1,0,17,8
2025-01-07 03:15:00,3,15,1,0,8,10
2025-01-07 03:20:00,3,20,1,0,9,13
2025-01-07 03:25:00,3,25,1,0,11,9
2025-01-07 03:30:00,3,30,1,0,9,3
2025-01-07 03:35:00,3,35,1,0,15,6
2025-01-07 03:40:00,3,40,1,0,6,6
2025-01-07 03:45:00,3,45,1,0,9,9
2025-01-07 03:50:00,3,50,1,0,6,8
2025-01-07 03:55:00,3,55,1,0,4,15
2025-01-07 04:00:00,4,0,1,0,7,5
2025-01-07 04:05:00,4,5,1,0,9,8
2025-01-07 04:10:00,4,10,1,0,8,16
2025-01-07 04:15:00,4,15,1,0,7,5
2025-01-07 04:20:00,4,20,1,0,4,8
2025-01-07 04:25:00,4,25,1,0,10,4
2025-01-07 04:30:00,4,30,1,0,4,8
2025-01-07 04:35:00,4,35,1,0,14,5
2025-01-07 04:40:00,4,40,1,0,11,12
2025-01-07 04:45:00,4,45,1,0,6,9
2025-01-07 04:50:00,4,50,1,0,11,5
2025-01-07 04:55:00,4,55,1,0,9,12
2025-01-07 05:00:00,5,0,1,0,14,10
2025-01-07 05:05:00,5,5,1,0,19,14
2025-01-07 05:10:00,5,10,1,0,6,6
2025-01-07 05:15:00,5,15,1,0,15,12
2025-01-07 05:20:00,5,20,1,0,15,14
2025-01-07 05:25:00,5,25,1,0,19,10
2025-01-07 05:30:00,5,30,1,0,18,7
2025-01-07 05:35:00,5,35,1,0,15,13
2025-01-07 05:40:00,5,40,1,0,17,18
2025-01-07 05:45:00,5,45,1,0,16,19
2025-01-07 05:50:00,5,50,1,0,25,13
2025-01-07 05:55:00,5,55,1,0,21,10
2025-01-07 06:00:00,6,0,1,0,30,15
2025-01-07 06:05:00,6,5,1,0,23,15
2025-01-07 06:10:00,6,10,1,0,22,20
2025-01-07 06:15:00,6,15,1,0,20,18
2025-01-07 06:20:00,6,20,1,0,20,16
2025-01-07 06:25:00,6,25,1,0,22,25
2025-01-07 06:30:00,6,30,1,0,30,22
2025-01-07 06:35:00,6,35,1,0,32,24
2025-01-07 06:40:00,6,40,1,0,25,16
2025-01-07 06:45:00,6,45,1,0,36,14
2025-01-07 06:50:00,6,50,1,0,32,19
2025-01-07 06:55:00,6,55,1,0,36,23
2025-01-07 07:00:00,7,0,1,0,42,28
2025-01-07 07:05:00,7,5,1,0,41,17
2025-01-07 07:10:00,7,10,1,0,37,34
2025-01-07 07:15:00,7,15,1,0,35,29
2025-01-07 07:20:00,7,20,1,0,31,34
2025-01-07 07:25:00,7,25,1,0,38,26
2025-01-07 07:30:00,7,30,1,0,40,32
2025-01-07 07:35:00,7,35,1,0,38,30
2025-01-07 07:40:00,7,40,1,0,42,34
2025-01-07 07:45:00,7,45,1,0,43,30
2025-01-07 07:50:00,7,50,1,0,42,33
2025-01-07 07:55:00,7,55,1,0,40,35
2025-01-07 08:00:00,8,0,1,0,44,28
2025-01-07 08:05:00,8,5,1,0,45,32
2025-01-07 08:10:00,8,10,1,0,38,23
2025-01-07 08:15:00,8,15,1,0,48,33
2025-01-07 08:20:00,8,20,1,0,42,38
2025-01-07 08:25:00,8,25,1,0,42,25
2025-01-07 08:30:00,8,30,1,0,44,29
2025-01-07 08:35:00,8,35,1,0,41,33
2025-01-07 08:40:00,8,40,1,0,44,29
2025-01-07 08:45:00,8,45,1,0,40,29
2025-01-07 08:50:00,8,50,1,0,36,26
2025-01-07 08:55:00,8,55,1,0,38,25
2025-01-07 09:00:00,9,0,1,0,31,26
2025-01-07 09:05:00,9,5,1,0,35,25
2025-01-07 09:10:00,9,10,1,0,34,20
2025-01-07 09:15:00,9,15,1,0,32,23
2025-01-07 09:20:00,9,20,1,0,31,29
2025-01-07 09:25:00,9,25,1,0,23,20
2025-01-07 09:30:00,9,30,1,0,27,16
2025-01-07 09:35:00,9,35,1,0,28,20
2025-01-07 09:40:00,9,40,1,0,28,17
2025-01-07 09:45:00,9,45,1,0,22,13
2025-01-07 09:50:00,9,50,1,0,30,18
2025-01-07 09:55:00,9,55,1,0,20,14
2025-01-07 10:00:00,10,0,1,0,26,14
2025-01-07 10:05:00,10,5,1,0,23,16
2025-01-07 10:10:00,10,10,1,0,18,9
2025-01-07 10:15:00,10,15,1,0,27,7
2025-01-07 10:20:00,10,20,1,0,14,16
2025-01-07 10:25:00,10,25,1,0,21,5
2025-01-07 10:30:00,10,30,1,0,21,9
2025-01-07 10:35:00,10,35,1,0,13,5
2025-01-07 10:40:00,10,40,1,0,21,9
2025-01-07 10:45:00,10,45,1,0,14,13
2025-01-07 10:50:00,10,50,1,0,15,11
2025-01-07 10:55:00,10,55,1,0,15,20
2025-01-07 11:00:00,11,0,1,0,13,14
2025-01-07 11:05:00,11,5,1,0,16,6
2025-01-07 11:10:00,11,10,1,0,15,4
2025-01-07 11:15:00,11,15,1,0,5,20
2025-01-07 11:20:00,11,20,1,0,17,13
2025-01-07 11:25:00,11,25,1,0,5,11
2025-01-07 11:30:00,11,30,1,0,15,9
2025-01-07 11:35:00,11,35,1,0,15,10
2025-01-07 11:40:00,11,40,1,0,6,2
2025-01-07 11:45:00,11,45,1,0,9,9
2025-01-07 11:50:00,11,50,1,0,6,9
2025-01-07 11:55:00,11,55,1,0,9,5
2025-01-07 12:00:00,12,0,1,0,9,6
2025-01-07 12:05:00,12,5,1,0,13,15
2025-01-07 12:10:00,12,10,1,0,16,8
2025-01-07 12:15:00,12,15,1,0,16,17
2025-01-07 12:20:00,12,20,1,0,8,2
2025-01-07 12:25:00,12,25,1,0,10,7
2025-01-07 12:30:00,12,30,1,0,4,3
2025-01-07 12:35:00,12,35,1,0,8,5
2025-01-07 12:40:00,12,40,1,0,15,7
2025-01-07 12:45:00,12,45,1,0,18,12
2025-01-07 12:50:00,12,50,1,0,7,12
2025-01-07 12:55:00,12,55,1,0,10,8
2025-01-07 13:00:00,13,0,1,0,12,3
2025-01-07 13:05:00,13,5,1,0,14,18
2025-01-07 13:10:00,13,10,1,0,10,11
2025-01-07 13:15:00,13,15,1,0,15,8
2025-01-07 13:20:00,13,20,1,0,12,15
2025-01-07 13:25:00,13,25,1,0,14,15
2025-01-07 13:30:00,13,30,1,0,17,13
2025-01-07 13:35:00,13,35,1,0,15,16
2025-01-07 13:40:00,13,40,1,0,14,11
2025-01-07 13:45:00,13,45,1,0,16,20
2025-01-07 13:50:00,13,50,1,0,16,13
2025-01-07 13:55:00,13,55,1,0,16,16
2025-01-07 14:00:00,14,0,1,0,17,22
2025-01-07 14:05:00,14,5,1,0,25,25
2025-01-07 14:10:00,14,10,1,0,21,27
2025-01-07 14:15:00,14,15,1,0,18,26
2025-01-07 14:20:00,14,20,1,0,23,21
2025-01-07 14:25:00,14,25,1,0,20,17
2025-01-07 14:30:00,14,30,1,0,26,30
2025-01-07 14:35:00,14,35,1,0,24,31
2025-01-07 14:40:00,14,40,1,0,23,24
2025-01-07 14:45:00,14,45,1,0,26,31
2025-01-07 14:50:00,14,50,1,0,18,27
2025-01-07 14:55:00,14,55,1,0,21,35
2025-01-07 15:00:00,15,0,1,0,21,28
2025-01-07 15:05:00,15,5,1,0,28,39
2025-01-07 15:10:00,15,10,1,0,35,35
2025-01-07 15:15:00,15,15,1,0,37,40
2025-01-07 15:20:00,15,20,1,0,32,32
2025-01-07 15:25:00,15,25,1,0,32,37
2025-01-07 15:30:00,15,30,1,0,23,32
2025-01-07 15:35:00,15,35,1,0,29,41
2025-01-07 15:40:00,15,40,1,0,29,42
2025-01-07 15:45:00,15,45,1,0,30,48
2025-01-07 15:50:00,15,50,1,0,33,42
2025-01-07 15:55:00,15,55,1,0,32,43
2025-01-07 16:00:00,16,0,1,0,27,39
2025-01-07 16:05:00,16,5,1,0,38,44
2025-01-07 16:10:00,16,10,1,0,31,41
2025-01-07 16:15:00,16,15,1,0,37,44
2025-01-07 16:20:00,16,20,1,0,45,45
2025-01-07 16:25:00,16,25,1,0,33,43
2025-01-07 16:30:00,16,30,1,0,27,45
2025-01-07 16:35:00,16,35,1,0,36,44
2025-01-07 16:40:00,16,40,1,0,42,44
2025-01-07 16:45:00,16,45,1,0,46,50
2025-01-07 16:50:00,16,50,1,0,33,47
2025-01-07 16:55:00,16,55,1,0,40,47
2025-01-07 17:00:00,17,0,1,0,36,40
2025-01-07 17:05:00,17,5,1,0,38,48
2025-01-07 17:10:00,17,10,1,0,48,48
2025-01-07 17:15:00,17,15,1,0,32,44
2025-01-07 17:20:00,17,20,1,0,39,54
2025-01-07 17:25:00,17,25,1,0,39,36
2025-01-07 17:30:00,17,30,1,0,41,48
2025-01-07 17:35:00,17,35,1,0,37,47
2025-01-07 17:40:00,17,40,1,0,38,46
2025-01-07 17:45:00,17,45,1,0,34,44
2025-01-07 17:50:00,17,50,1,0,37,45
2025-01-07 17:55:00,17,55,1,0,34,45
2025-01-07 18:00:00,18,0,1,0,37,38
2025-01-07 18:05:00,18,5,1,0,32,42
2025-01-07 18:10:00,18,10,1,0,35,39
2025-01-07 18:15:00,18,15,1,0,33,35
2025-01-07 18:20:00,18,20,1,0,37,41
2025-01-07 18:25:00,18,25,1,0,31,35
2025-01-07 18:30:00,18,30,1,0,24,30
2025-01-07 18:35:00,18,35,1,0,35,33
2025-01-07 18:40:00,18,40,1,0,26,31
2025-01-07 18:45:00,18,45,1,0,26,37
2025-01-07 18:50:00,18,50,1,0,25,33
2025-01-07 18:55:00,18,55,1,0,32,37
2025-01-07 19:00:00,19,0,1,0,18,28
2025-01-07 19:05:00,19,5,1,0,38,33
2025-01-07 19:10:00,19,10,1,0,29,40
2025-01-07 19:15:00,19,15,1,0,25,29
2025-01-07 19:20:00,19,20,1,0,23,30
2025-01-07 19:25:00,19,25,1,0,24,28
2025-01-07 19:30:00,19,30,1,0,24,19
2025-01-07 19:35:00,19,35,1,0,24,26
2025-01-07 19:40:00,19,40,1,0,23,24
2025-01-07 19:45:00,19,45,1,0,20,21
2025-01-07 19:50:00,19,50,1,0,18,17
2025-01-07 19:55:00,19,55,1,0,18,23
2025-01-07 20:00:00,20,0,1,0,17,15
2025-01-07 20:05:00,20,5,1,0,22,27
2025-01-07 20:10:00,20,10,1,0,19,18
2025-01-07 20:15:00,20,15,1,0,4,12
2025-01-07 20:20:00,20,20,1,0,18,14
2025-01-07 20:25:00,20,25,1,0,16,14
2025-01-07 20:30:00,20,30,1,0,14,24
2025-01-07 20:35:00,20,35,1,0,12,10
2025-01-07 20:40:00,20,40,1,0,18,13
2025-01-07 20:45:00,20,45,1,0,17,11
2025-01-07 20:50:00,20,50,1,0,10,14
2025-01-07 20:55:00,20,55,1,0,14,10
2025-01-07 21:00:00,21,0,1,0,8,7
2025-01-07 21:05:00,21,5,1,0,6,10
2025-01-07 21:10:00,21,10,1,0,9,9
2025-01-07 21:15:00,21,15,1,0,15,8
2025-01-07 21:20:00,21,20,1,0,15,8
2025-01-07 21:25:00,21,25,1,0,13,14
2025-01-07 21:30:00,21,30,1,0,13,8
2025-01-07 21:35:00,21,35,1,0,12,4
2025-01-07 21:40:00,21,40,1,0,7,7
2025-01-07 21:45:00,21,45,1,0,12,9
2025-01-07 21:50:00,21,50,1,0,13,3
2025-01-07 21:55:00,21,55,1,0,12,14
2025-01-07 22:00:00,22,0,1,0,14,11
2025-01-07 22:05:00,22,5,1,0,12,13
2025-01-07 22:10:00,22,10,1,0,10,9
2025-01-07 22:15:00,22,15,1,0,13,0
2025-01-07 22:20:00,22,20,1,0,9,13
2025-01-07 22:25:00,22,25,1,0,5,4
2025-01-07 22:30:00,22,30,1,0,8,4
2025-01-07 22:35:00,22,35,1,0,6,7
2025-01-07 22:40:00,22,40,1,0,6,12
2025-01-07 22:45:00,22,45,1,0,8,11
2025-01-07 22:50:00,22,50,1,0,5,10
2025-01-07 22:55:00,22,55,1,0,7,5
2025-01-07 23:00:00,23,0,1,0,1,5
2025-01-07 23:05:00,23,5,1,0,9,8
2025-01-07 23:10:00,23,10,1,0,8,6
2025-01-07 23:15:00,23,15,1,0,5,10
2025-01-07 23:20:00,23,20,1,0,11,10
2025-01-07 23:25:00,23,25,1,0,12,9
2025-01-07 23:30:00,23,30,1,0,2,0
2025-01-07 23:35:00,23,35,1,0,5,7
2025-01-07 23:40:00,23,40,1,0,5,6
2025-01-07 23:45:00,23,45,1,0,4,7
2025-01-07 23:50:00,23,50,1,0,11,3
2025-01-07 23:55:00,23,55,1,0,7,1
2025-01-08 00:00:00,0,0,2,0,7,8
2025-01-08 00:05:00,0,5,2,0,0,5
2025-01-08 00:10:00,0,10,2,0,11,8
2025-01-08 00:15:00,0,15,2,0,3,3
2025-01-08 00:20:00,0,20,2,0,8,12
2025-01-08 00:25:00,0,25,2,0,9,10
2025-01-08 00:30:00,0,30,2,0,13,7
2025-01-08 00:35:00,0,35,2,0,3,5
2025-01-08 00:40:00,0,40,2,0,0,9
2025-01-08 00:45:00,0,45,2,0,9,8
2025-01-08 00:50:00,0,50,2,0,15,7
2025-01-08 00:55:00,0,55,2,0,13,10
2025-01-08 01:00:00,1,0,2,0,9,12
2025-01-08 01:05:00,1,5,2,0,6,1
2025-01-08 01:10:00,1,10,2,0,11,2
2025-01-08 01:15:00,1,15,2,0,4,3
2025-01-08 01:20:00,1,20,2,0,10,0
2025-01-08 01:25:00,1,25,2,0,10,6
2025-01-08 01:30:00,1,30,2,0,12,8
2025-01-08 01:35:00,1,35,2,0,19,6
2025-01-08 01:40:00,1,40,2,0,10,4
2025-01-08 01:45:00,1,45,2,0,6,11
2025-01-08 01:50:00,1,50,2,0,8,7
2025-01-08 01:55:00,1,55,2,0,1,7
2025-01-08 02:00:00,2,0,2,0,5,11
2025-01-08 02:05:00,2,5,2,0,6,6
2025-01-08 02:10:00,2,10,2,0,6,14
2025-01-08 02:15:00,2,15,2,0,9,4
2025-01-08 02:20:00,2,20,2,0,5,14
2025-01-08 02:25:00,2,25,2,0,13,2
2025-01-08 02:30:00,2,30,2,0,8,8
2025-01-08 02:35:00,2,35,2,0,8,3
2025-01-08 02:40:00,2,40,2,0,7,11
2025-01-08 02:45:00,2,45,2,0,9,4
2025-01-08 02:50:00,2,50,2,0,11,7
2025-01-08 02:55:00,2,55,2,0,5,3
2025-01-08 03:00:00,3,0,2,0,6,10
2025-01-08 03:05:00,3,5,2,0,7,3
2025-01-08 03:10:00,3,10,2,0,3,13
2025-01-08 03:15:00,3,15,2,0,5,2
2025-01-08 03:20:00,3,20,2,0,6,1
2025-01-08 03:25:00,3,25,2,0,12,10
2025-01-08 03:30:00,3,30,2,0,9,4
2025-01-08 03:35:00,3,35,2,0,9,6
2025-01-08 03:40:00,3,40,2,0,12,5
2025-01-08 03:45:00,3,45,2,0,8,1
2025-01-08 03:50:00,3,50,2,0,10,6
2025-01-08 03:55:00,3,55,2,0,8,12
2025-01-08 04:00:00,4,0,2,0,10,11
2025-01-08 04:05:00,4,5,2,0,7,8
2025-01-08 04:10:00,4,10,2,0,0,11
2025-01-08 04:15:00,4,15,2,0,9,3
2025-01-08 04:20:00,4,20,2,0,15,6
2025-01-08 04:25:00,4,25,2,0,14,9
2025-01-08 04:30:00,4,30,2,0,14,7
2025-01-08 04:35:00,4,35,2,0,16,7
2025-01-08 04:40:00,4,40,2,0,11,3
2025-01-08 04:45:00,4,45,2,0,12,0
2025-01-08 04:50:00,4,50,2,0,9,12
2025-01-08 04:55:00,4,55,2,0,11,10
2025-01-08 05:00:00,5,0,2,0,15,13
2025-01-08 05:05:00,5,5,2,0,18,8
2025-01-08 05:10:00,5,10,2,0,13,7
2025-01-08 05:15:00,5,15,2,0,13,11
2025-01-08 05:20:00,5,20,2,0,15,15
2025-01-08 05:25:00,5,25,2,0,18,11
2025-01-08 05:30:00,5,30,2,0,11,15
2025-01-08 05:35:00,5,35,2,0,8,9
2025-01-08 05:40:00,5,40,2,0,16,13
2025-01-08 05:45:00,5,45,2,0,14,14
2025-01-08 05:50:00,5,50,2,0,18,20
2025-01-08 05:55:00,5,55,2,0,21,16
2025-01-08 06:00:00,6,0,2,0,21,23
2025-01-08 06:05:00,6,5,2,0,29,12
2025-01-08 06:10:00,6,10,2,0,26,18
2025-01-08 06:15:00,6,15,2,0,27,19
2025-01-08 06:20:00,6,20,2,0,29,22
2025-01-08 06:25:00,6,25,2,0,23,17
2025-01-08 06:30:00,6,30,2,0,33,28
2025-01-08 06:35:00,6,35,2,0,30,22
2025-01-08 06:40:00,6,40,2,0,34,18
2025-01-08 06:45:00,6,45,2,0,28,24
2025-01-08 06:50:00,6,50,2,0,28,23
2025-01-08 06:55:00,6,55,2,0,38,36
2025-01-08 07:00:00,7,0,2,0,38,30
2025-01-08 07:05:00,7,5,2,0,33,27
2025-01-08 07:10:00,7,10,2,0,35,27
2025-01-08 07:15:00,7,15,2,0,43,32
2025-01-08 07:20:00,7,20,2,0,35,33
2025-01-08 07:25:00,7,25,2,0,47,18
2025-01-08 07:30:00,7,30,2,0,38,32
2025-01-08 07:35:00,7,35,2,0,44,30
2025-01-08 07:40:00,7,40,2,0,41,25
2025-01-08 07:45:00,7,45,2,0,45,34
2025-01-08 07:50:00,7,50,2,0,41,40
2025-01-08 07:55:00,7,55,2,0,42,33
2025-01-08 08:00:00,8,0,2,0,43,35
2025-01-08 08:05:00,8,5,2,0,39,38
2025-01-08 08:10:00,8,10,2,0,46,28
2025-01-08 08:15:00,8,15,2,0,40,23
2025-01-08 08:20:00,8,20,2,0,41,33
2025-01-08 08:25:00,8,25,2,0,38,29
2025-01-08 08:30:00,8,30,2,0,31,24
2025-01-08 08:35:00,8,35,2,0,40,29
2025-01-08 08:40:00,8,40,2,0,49,32
2025-01-08 08:45:00,8,45,2,0,42,27
2025-01-08 08:50:00,8,50,2,0,38,24
2025-01-08 08:55:00,8,55,2,0,36,26
2025-01-08 09:00:00,9,0,2,0,36,26
2025-01-08 09:05:00,9,5,2,0,37,18
2025-01-08 09:10:00,9,10,2,0,29,24
2025-01-08 09:15:00,9,15,2,0,37,18
2025-01-08 09:20:00,9,20,2,0,34,26
2025-01-08 09:25:00,9,25,2,0,33,16
2025-01-08 09:30:00,9,30,2,0,31,25
2025-01-08 09:35:00,9,35,2,0,28,19
2025-01-08 09:40:00,9,40,2,0,30,17
2025-01-08 09:45:00,9,45,2,0,28,20
2025-01-08 09:50:00,9,50,2,0,23,14
2025-01-08 09:55:00,9,55,2,0,21,18
2025-01-08 10:00:00,10,0,2,0,23,13
2025-01-08 10:05:00,10,5,2,0,28,13
2025-01-08 10:10:00,10,10,2,0,15,17
2025-01-08 10:15:00,10,15,2,0,14,10
2025-01-08 10:20:00,10,20,2,0,19,9
2025-01-08 10:25:00,10,25,2,0,18,14
2025-01-08 10:30:00,10,30,2,0,18,12
2025-01-08 10:35:00,10,35,2,0,17,13
2025-01-08 10:40:00,10,40,2,0,15,13
2025-01-08 10:45:00,10,45,2,0,21,11
2025-01-08 10:50:00,10,50,2,0,8,13
2025-01-08 10:55:00,10,55,2,0,10,11
2025-01-08 11:00:00,11,0,2,0,13,2
2025-01-08 11:05:00,11,5,2,0,6,3
2025-01-08 11:10:00,11,10,2,0,11,17
2025-01-08 11:15:00,11,15,2,0,18,9
2025-01-08 11:20:00,11,20,2,0,12,13
2025-01-08 11:25:00,11,25,2,0,12,7
2025-01-08 11:30:00,11,30,2,0,6,8
2025-01-08 11:35:00,11,35,2,0,8,7
2025-01-08 11:40:00,11,40,2,0,9,18
2025-01-08 11:45:00,11,45,2,0,9,9
2025-01-08 11:50:00,11,50,2,0,16,6
2025-01-08 11:55:00,11,55,2,0,13,2
2025-01-08 12:00:00,12,0,2,0,6,16
2025-01-08 12:05:00,12,5,2,0,11,8
2025-01-08 12:10:00,12,10,2,0,12,12
2025-01-08 12:15:00,12,15,2,0,15,12
2025-01-08 12:20:00,12,20,2,0,17,7
2025-01-08 12:25:00,12,25,2,0,7,12
2025-01-08 12:30:00,12,30,2,0,8,7
2025-01-08 12:35:00,12,35,2,0,6,6
2025-01-08 12:40:00,12,40,2,0,10,15
2025-01-08 12:45:00,12,45,2,0,13,10
2025-01-08 12:50:00,12,50,2,0,16,13
2025-01-08 12:55:00,12,55,2,0,12,13
2025-01-08 13:00:00,13,0,2,0,11,14
2025-01-08 13:05:00,13,5,2,0,13,6
2025-01-08 13:10:00,13,10,2,0,10,10
2025-01-08 13:15:00,13,15,2,0,22,12
2025-01-08 13:20:00,13,20,2,0,7,10
2025-01-08 13:25:00,13,25,2,0,15,16
2025-01-08 13:30:00,13,30,2,0,23,19
2025-01-08 13:35:00,13,35,2,0,15,21
2025-01-08 13:40:00,13,40,2,0,15,15
2025-01-08 13:45:00,13,45,2,0,15,18
2025-01-08 13:50:00,13,50,2,0,16,19
2025-01-08 13:55:00,13,55,2,0,23,21
2025-01-08 14:00:00,14,0,2,0,9,15
2025-01-08 14:05:00,14,5,2,0,25,27
2025-01-08 14:10:00,14,10,2,0,13,24
2025-01-08 14:15:00,14,15,2,0,19,25
2025-01-08 14:20:00,14,20,2,0,19,27
2025-01-08 14:25:00,14,25,2,0,23,26
2025-01-08 14:30:00,14,30,2,0,15,20
2025-01-08 14:35:00,14,35,2,0,24,25
2025-01-08 14:40:00,14,40,2,0,31,20
2025-01-08 14:45:00,14,45,2,0,18,29
2025-01-08 14:50:00,14,50,2,0,25,28
2025-01-08 14:55:00,14,55,2,0,23,29
2025-01-08 15:00:00,15,0,2,0,28,35
2025-01-08 15:05:00,15,5,2,0,27,29
2025-01-08 15:10:00,15,10,2,0,25,31
2025-01-08 15:15:00,15,15,2,0,30,33
2025-01-08 15:20:00,15,20,2,0,36,27
2025-01-08 15:25:00,15,25,2,0,29,34
2025-01-08 15:30:00,15,30,2,0,34,26
2025-01-08 15:35:00,15,35,2,0,26,35
2025-01-08 15:40:00,15,40,2,0,28,41
2025-01-08 15:45:00,15,45,2,0,35,41
2025-01-08 15:50:00,15,50,2,0,39,37
2025-01-08 15:55:00,15,55,2,0,35,41
2025-01-08 16:00:00,16,0,2,0,33,37
2025-01-08 16:05:00,16,5,2,0,35,42
2025-01-08 16:10:00,16,10,2,0,31,54
2025-01-08 16:15:00,16,15,2,0,38,51
2025-01-08 16:20:00,16,20,2,0,40,44
2025-01-08 16:25:00,16,25,2,0,35,45
2025-01-08 16:30:00,16,30,2,0,35,41
2025-01-08 16:35:00,16,35,2,0,38,42
2025-01-08 16:40:00,16,40,2,0,36,47
2025-01-08 16:45:00,16,45,2,0,38,44
2025-01-08 16:50:00,16,50,2,0,46,49
2025-01-08 16:55:00,16,55,2,0,37,52
2025-01-08 17:00:00,17,0,2,0,37,47
2025-01-08 17:05:00,17,5,2,0,35,46
2025-01-08 17:10:00,17,10,2,0,41,39
2025-01-08 17:15:00,17,15,2,0,37,49
2025-01-08 17:20:00,17,20,2,0,35,41
2025-01-08 17:25:00,17,25,2,0,43,43
2025-01-08 17:30:00,17,30,2,0,43,49
2025-01-08 17:35:00,17,35,2,0,34,48
2025-01-08 17:40:00,17,40,2,0,29,42
2025-01-08 17:45:00,17,45,2,0,40,42
2025-01-08 17:50:00,17,50,2,0,33,40
2025-01-08 17:55:00,17,55,2,0,38,37
2025-01-08 18:00:00,18,0,2,0,27,39
2025-01-08 18:05:00,18,5,2,0,37,34
2025-01-08 18:10:00,18,10,2,0,28,42
2025-01-08 18:15:00,18,15,2,0,36,40
2025-01-08 18:20:00,18,20,2,0,32,40
2025-01-08 18:25:00,18,25,2,0,28,33
2025-01-08 18:30:00,18,30,2,0,29,31
2025-01-08 18:35:00,18,35,2,0,33,35
2025-01-08 18:40:00,18,40,2,0,30,35
2025-01-08 18:45:00,18,45,2,0,31,33
2025-01-08 18:50:00,18,50,2,0,36,31
2025-01-08 18:55:00,18,55,2,0,21,38
2025-01-08 19:00:00,19,0,2,0,33,32
2025-01-08 19:05:00,19,5,2,0,26,37
2025-01-08 19:10:00,19,10,2,0,21,33
2025-01-08 19:15:00,19,15,2,0,19,34
2025-01-08 19:20:00,19,20,2,0,22,22
2025-01-08 19:25:00,19,25,2,0,26,28
2025-01-08 19:30:00,19,30,2,0,21,23
2025-01-08 19:35:00,19,35,2,0,27,17
2025-01-08 19:40:00,19,40,2,0,15,28
2025-01-08 19:45:00,19,45,2,0,20,20
2025-01-08 19:50:00,19,50,2,0,14,16
2025-01-08 19:55:00,19,55,2,0,20,18
2025-01-08 20:00:00,20,0,2,0,21,16
2025-01-08 20:05:00,20,5,2,0,15,15
2025-01-08 20:10:00,20,10,2,0,6,17
2025-01-08 20:15:00,20,15,2,0,17,24
2025-01-08 20:20:00,20,20,2,0,17,13
2025-01-08 20:25:00,20,25,2,0,17,22
2025-01-08 20:30:00,20,30,2,0,19,18
2025-01-08 20:35:00,20,35,2,0,10,16
2025-01-08 20:40:00,20,40,2,0,16,16
2025-01-08 20:45:00,20,45,2,0,18,13
2025-01-08 20:50:00,20,50,2,0,6,18
2025-01-08 20:55:00,20,55,2,0,14,14
2025-01-08 21:00:00,21,0,2,0,10,5
2025-01-08 21:05:00,21,5,2,0,11,12
2025-01-08 21:10:00,21,10,2,0,13,14
2025-01-08 21:15:00,21,15,2,0,9,9
2025-01-08 21:20:00,21,20,2,0,8,10
2025-01-08 21:25:00,21,25,2,0,11,7
2025-01-08 21:30:00,21,30,2,0,6,4
2025-01-08 21:35:00,21,35,2,0,6,3
2025-01-08 21:40:00,21,40,2,0,13,2
2025-01-08 21:45:00,21,45,2,0,5,11
2025-01-08 21:50:00,21,50,2,0,12,0
2025-01-08 21:55:00,21,55,2,0,11,5
2025-01-08 22:00:00,22,0,2,0,2,5
2025-01-08 22:05:00,22,5,2,0,6,6
2025-01-08 22:10:00,22,10,2,0,14,0
2025-01-08 22:15:00,22,15,2,0,5,9
2025-01-08 22:20:00,22,20,2,0,7,2
2025-01-08 22:25:00,22,25,2,0,11,12
2025-01-08 22:30:00,22,30,2,0,12,4
2025-01-08 22:35:00,22,35,2,0,8,6
2025-01-08 22:40:00,22,40,2,0,6,7
2025-01-08 22:45:00,22,45,2,0,14,8
2025-01-08 22:50:00,22,50,2,0,15,7
2025-01-08 22:55:00,22,55,2,0,12,5
2025-01-08 23:00:00,23,0,2,0,9,8
2025-01-08 23:05:00,23,5,2,0,5,8
2025-01-08 23:10:00,23,10,2,0,5,3
2025-01-08 23:15:00,23,15,2,0,10,8
2025-01-08 23:20:00,23,20,2,0,10,11
2025-01-08 23:25:00,23,25,2,0,14,9
2025-01-08 23:30:00,23,30,2,0,11,10
2025-01-08 23:35:00,23,35,2,0,2,7
2025-01-08 23:40:00,23,40,2,0,12,2
2025-01-08 23:45:00,23,45,2,0,4,3
2025-01-08 23:50:00,23,50,2,0,7,7
2025-01-08 23:55:00,23,55,2,0,9,10
2025-01-09 00:00:00,0,0,3,0,16,17
2025-01-09 00:05:00,0,5,3,0,20,10
2025-01-09 00:10:00,0,10,3,0,10,1
2025-01-09 00:15:00,0,15,3,0,7,3
2025-01-09 00:20:00,0,20,3,0,10,15
2025-01-09 00:25:00,0,25,3,0,12,5
2025-01-09 00:30:00,0,30,3,0,7,6
2025-01-09 00:35:00,0,35,3,0,15,2
2025-01-09 00:40:00,0,40,3,0,9,12
2025-01-09 00:45:00,0,45,3,0,10,8
2025-01-09 00:50:00,0,50,3,0,11,3
2025-01-09 00:55:00,0,55,3,0,10,2
2025-01-09 01:00:00,1,0,3,0,11,7
2025-01-09 01:05:00,1,5,3,0,6,6
2025-01-09 01:10:00,1,10,3,0,6,9
2025-01-09 01:15:00,1,15,3,0,4,8
2025-01-09 01:20:00,1,20,3,0,10,5
2025-01-09 01:25:00,1,25,3,0,11,4
2025-01-09 01:30:00,1,30,3,0,10,5
2025-01-09 01:35:00,1,35,3,0,15,4
2025-01-09 01:40:00,1,40,3,0,8,5
2025-01-09 01:45:00,1,45,3,0,11,6
2025-01-09 01:50:00,1,50,3,0,4,2
2025-01-09 01:55:00,1,55,3,0,6,9
2025-01-09 02:00:00,2,0,3,0,11,5
2025-01-09 02:05:00,2,5,3,0,11,3
2025-01-09 02:10:00,2,10,3,0,7,5
2025-01-09 02:15:00,2,15,3,0,8,7
2025-01-09 02:20:00,2,20,3,0,2,6
2025-01-09 02:25:00,2,25,3,0,7,8
2025-01-09 02:30:00,2,30,3,0,12,10
2025-01-09 02:35:00,2,35,3,0,10,11
2025-01-09 02:40:00,2,40,3,0,10,7
2025-01-09 02:45:00,2,45,3,0,8,2
2025-01-09 02:50:00,2,50,3,0,8,5
2025-01-09 02:55:00,2,55,3,0,5,2
2025-01-09 03:00:00,3,0,3,0,11,13
2025-01-09 03:05:00,3,5,3,0,10,14
2025-01-09 03:10:00,3,10,3,0,10,9
2025-01-09 03:15:00,3,15,3,0,6,10
2025-01-09 03:20:00,3,20,3,0,0,7
2025-01-09 03:25:00,3,25,3,0,13,8
2025-01-09 03:30:00,3,30,3,0,6,0
2025-01-09 03:35:00,3,35,3,0,5,6
2025-01-09 03:40:00,3,40,3,0,11,3
2025-01-09 03:45:00,3,45,3,0,7,8
2025-01-09 03:50:00,3,50,3,0,13,6
2025-01-09 03:55:00,3,55,3,0,11,14
2025-01-09 04:00:00,4,0,3,0,12,10
2025-01-09 04:05:00,4,5,3,0,4,8
2025-01-09 04:10:00,4,10,3,0,14,6
2025-01-09 04:15:00,4,15,3,0,11,14
2025-01-09 04:20:00,4,20,3,0,8,7
2025-01-09 04:25:00,4,25,3,0,11,9
2025-01-09 04:30:00,4,30,3,0,3,8
2025-01-09 04:35:00,4,35,3,0,12,6
2025-01-09 04:40:00,4,40,3,0,7,8
2025-01-09 04:45:00,4,45,3,0,6,1
2025-01-09 04:50:00,4,50,3,0,6,3
2025-01-09 04:55:00,4,55,3,0,17,10
2025-01-09 05:00:00,5,0,3,0,10,16
2025-01-09 05:05:00,5,5,3,0,19,11
2025-01-09 05:10:00,5,10,3,0,12,7
2025-01-09 05:15:00,5,15,3,0,8,5
2025-01-09 05:20:00,5,20,3,0,11,14
2025-01-09 05:25:00,5,25,3,0,21,9
2025-01-09 05:30:00,5,30,3,0,16,15
2025-01-09 05:35:00,5,35,3,0,15,14
2025-01-09 05:40:00,5,40,3,0,19,15
2025-01-09 05:45:00,5,45,3,0,21,14
2025-01-09 05:50:00,5,50,3,0,25,16
2025-01-09 05:55:00,5,55,3,0,27,15
2025-01-09 06:00:00,6,0,3,0,21,14
2025-01-09 06:05:00,6,5,3,0,18,13
2025-01-09 06:10:00,6,10,3,0,23,8
2025-01-09 06:15:00,6,15,3,0,27,18
2025-01-09 06:20:00,6,20,3,0,23,26
2025-01-09 06:25:00,6,25,3,0,24,23
2025-01-09 06:30:00,6,30,3,0,31,22
2025-01-09 06:35:00,6,35,3,0,30,19
2025-01-09 06:40:00,6,40,3,0,32,27
2025-01-09 06:45:00,6,45,3,0,30,23
2025-01-09 06:50:00,6,50,3,0,33,31
2025-01-09 06:55:00,6,55,3,0,31,21
2025-01-09 07:00:00,7,0,3,0,40,23
2025-01-09 07:05:00,7,5,3,0,41,23
2025-01-09 07:10:00,7,10,3,0,31,21
2025-01-09 07:15:00,7,15,3,0,35,24
2025-01-09 07:20:00,7,20,3,0,34,29
2025-01-09 07:25:00,7,25,3,0,38,26
2025-01-09 07:30:00,7,30,3,0,41,14
2025-01-09 07:35:00,7,35,3,0,36,34
2025-01-09 07:40:00,7,40,3,0,38,24
2025-01-09 07:45:00,7,45,3,0,39,33
2025-01-09 07:50:00,7,50,3,0,44,31
2025-01-09 07:55:00,7,55,3,0,43,39
2025-01-09 08:00:00,8,0,3,0,40,35
2025-01-09 08:05:00,8,5,3,0,44,29
2025-01-09 08:10:00,8,10,3,0,41,28
2025-01-09 08:15:00,8,15,3,0,41,37
2025-01-09 08:20:00,8,20,3,0,49,24
2025-01-09 08:25:00,8,25,3,0,47,31
2025-01-09 08:30:00,8,30,3,0,36,29
2025-01-09 08:35:00,8,35,3,0,44,28
2025-01-09 08:40:00,8,40,3,0,43,30
2025-01-09 08:45:00,8,45,3,0,34,29
2025-01-09 08:50:00,8,50,3,0,41,29
2025-01-09 08:55:00,8,55,3,0,43,27
2025-01-09 09:00:00,9,0,3,0,32,28
2025-01-09 09:05:00,9,5,3,0,31,26
2025-01-09 09:10:00,9,10,3,0,38,22
2025-01-09 09:15:00,9,15,3,0,34,24
2025-01-09 09:20:00,9,20,3,0,34,20
2025-01-09 09:25:00,9,25,3,0,32,19
2025-01-09 09:30:00,9,30,3,0,31,20
2025-01-09 09:35:00,9,35,3,0,23,20
2025-01-09 09:40:00,9,40,3,0,31,20
2025-01-09 09:45:00,9,45,3,0,30,22
2025-01-09 09:50:00,9,50,3,0,24,16
2025-01-09 09:55:00,9,55,3,0,23,18
2025-01-09 10:00:00,10,0,3,0,16,17
2025-01-09 10:05:00,10,5,3,0,23,13
2025-01-09 10:10:00,10,10,3,0,23,15
2025-01-09 10:15:00,10,15,3,0,19,18
2025-01-09 10:20:00,10,20,3,0,23,14
2025-01-09 10:25:00,10,25,3,0,16,14
2025-01-09 10:30:00,10,30,3,0,19,10
2025-01-09 10:35:00,10,35,3,0,12,20
2025-01-09 10:40:00,10,40,3,0,15,9
2025-01-09 10:45:00,10,45,3,0,14,4
2025-01-09 10:50:00,10,50,3,0,15,14
2025-01-09 10:55:00,10,55,3,0,12,10
2025-01-09 11:00:00,11,0,3,0,13,9
2025-01-09 11:05:00,11,5,3,0,16,7
2025-01-09 11:10:00,11,10,3,0,10,17
2025-01-09 11:15:00,11,15,3,0,5,10
2025-01-09 11:20:00,11,20,3,0,19,11
2025-01-09 11:25:00,11,25,3,0,17,9
2025-01-09 11:30:00,11,30,3,0,6,10
2025-01-09 11:35:00,11,35,3,0,14,14
2025-01-09 11:40:00,11,40,3,0,9,7
2025-01-09 11:45:00,11,45,3,0,12,3
2025-01-09 11:50:00,11,50,3,0,12,12
2025-01-09 11:55:00,11,55,3,0,9,10
2025-01-09 12:00:00,12,0,3,0,7,9
2025-01-09 12:05:00,12,5,3,0,8,10
2025-01-09 12:10:00,12,10,3,0,7,7
2025-01-09 12:15:00,12,15,3,0,7,9
2025-01-09 12:20:00,12,20,3,0,10,8
2025-01-09 12:25:00,12,25,3,0,8,7
2025-01-09 12:30:00,12,30,3,0,14,14
2025-01-09 12:35:00,12,35,3,0,17,4
2025-01-09 12:40:00,12,40,3,0,9,19
2025-01-09 12:45:00,12,45,3,0,12,14
2025-01-09 12:50:00,12,50,3,0,14,4
2025-01-09 12:55:00,12,55,3,0,14,10
2025-01-09 13:00:00,13,0,3,0,12,11
2025-01-09 13:05:00,13,5,3,0,15,14
2025-01-09 13:10:00,13,10,3,0,15,8
2025-01-09 13:15:00,13,15,3,0,8,13
2025-01-09 13:20:00,13,20,3,0,17,13
2025-01-09 13:25:00,13,25,3,0,18,11
2025-01-09 13:30:00,13,30,3,0,11,11
2025-01-09 13:35:00,13,35,3,0,15,19
2025-01-09 13:40:00,13,40,3,0,18,9
2025-01-09 13:45:00,13,45,3,0,15,19
2025-01-09 13:50:00,13,50,3,0,21,21
2025-01-09 13:55:00,13,55,3,0,27,17
2025-01-09 14:00:00,14,0,3,0,15,19
2025-01-09 14:05:00,14,5,3,0,13,24
2025-01-09 14:10:00,14,10,3,0,20,18
2025-01-09 14:15:00,14,15,3,0,23,19
2025-01-09 14:20:00,14,20,3,0,19,20
2025-01-09 14:25:00,14,25,3,0,27,28
2025-01-09 14:30:00,14,30,3,0,16,29
2025-01-09 14:35:00,14,35,3,0,25,20
2025-01-09 14:40:00,14,40,3,0,21,30
2025-01-09 14:45:00,14,45,3,0,31,31
2025-01-09 14:50:00,14,50,3,0,33,34
2025-01-09 14:55:00,14,55,3,0,22,31
2025-01-09 15:00:00,15,0,3,0,24,30
2025-01-09 15:05:00,15,5,3,0,30,36
2025-01-09 15:10:00,15,10,3,0,26,35
2025-01-09 15:15:00,15,15,3,0,28,42
2025-01-09 15:20:00,15,20,3,0,29,38
2025-01-09 15:25:00,15,25,3,0,22,36
2025-01-09 15:30:00,15,30,3,0,31,31
2025-01-09 15:35:00,15,35,3,0,29,35
2025-01-09 15:40:00,15,40,3,0,30,32
2025-01-09 15:45:00,15,45,3,0,38,38
2025-01-09 15:50:00,15,50,3,0,28,43
2025-01-09 15:55:00,15,55,3,0,37,41
2025-01-09 16:00:00,16,0,3,0,33,45
2025-01-09 16:05:00,16,5,3,0,34,43
2025-01-09 16:10:00,16,10,3,0,39,41
2025-01-09 16:15:00,16,15,3,0,37,44
2025-01-09 16:20:00,16,20,3,0,39,46
2025-01-09 16:25:00,16,25,3,0,41,45
2025-01-09 16:30:00,16,30,3,0,36,45
2025-01-09 16:35:00,16,35,3,0,35,42
2025-01-09 16:40:00,16,40,3,0,33,44
2025-01-09 16:45:00,16,45,3,0,34,55
2025-01-09 16:50:00,16,50,3,0,50,51
2025-01-09 16:55:00,16,55,3,0,43,40
2025-01-09 17:00:00,17,0,3,0,33,37
2025-01-09 17:05:00,17,5,3,0,33,46
2025-01-09 17:10:00,17,10,3,0,40,49
2025-01-09 17:15:00,17,15,3,0,40,44
2025-01-09 17:20:00,17,20,3,0,40,50
2025-01-09 17:25:00,17,25,3,0,36,45
2025-01-09 17:30:00,17,30,3,0,37,44
2025-01-09 17:35:00,17,35,3,0,38,47
2025-01-09 17:40:00,17,40,3,0,37,42
2025-01-09 17:45:00,17,45,3,0,27,42
2025-01-09 17:50:00,17,50,3,0,35,45
2025-01-09 17:55:00,17,55,3,0,32,42
2025-01-09 18:00:00,18,0,3,0,35,49
2025-01-09 18:05:00,18,5,3,0,46,43
2025-01-09 18:10:00,18,10,3,0,35,42
2025-01-09 18:15:00,18,15,3,0,31,39
2025-01-09 18:20:00,18,20,3,0,36,42
2025-01-09 18:25:00,18,25,3,0,33,36
2025-01-09 18:30:00,18,30,3,0,32,37
2025-01-09 18:35:00,18,35,3,0,32,32
2025-01-09 18:40:00,18,40,3,0,37,38
2025-01-09 18:45:00,18,45,3,0,24,34
2025-01-09 18:50:00,18,50,3,0,30,40
2025-01-09 18:55:00,18,55,3,0,23,41
2025-01-09 19:00:00,19,0,3,0,28,33
2025-01-09 19:05:00,19,5,3,0,22,30
2025-01-09 19:10:00,19,10,3,0,23,24
2025-01-09 19:15:00,19,15,3,0,23,31
2025-01-09 19:20:00,19,20,3,0,27,27
2025-01-09 19:25:00,19,25,3,0,26,27
2025-01-09 19:30:00,19,30,3,0,17,31
2025-01-09 19:35:00,19,35,3,0,21,20
2025-01-09 19:40:00,19,40,3,0,17,19
2025-01-09 19:45:00,19,45,3,0,15,21
2025-01-09 19:50:00,19,50,3,0,18,24
2025-01-09 19:55:00,19,55,3,0,17,22
2025-01-09 20:00:00,20,0,3,0,27,15
2025-01-09 20:05:00,20,5,3,0,19,21
2025-01-09 20:10:00,20,10,3,0,11,13
2025-01-09 20:15:00,20,15,3,0,14,13
2025-01-09 20:20:00,20,20,3,0,20,16
2025-01-09 20:25:00,20,25,3,0,23,13
2025-01-09 20:30:00,20,30,3,0,8,18
2025-01-09 20:35:00,20,35,3,0,7,15
2025-01-09 20:40:00,20,40,3,0,21,21
2025-01-09 20:45:00,20,45,3,0,15,12
2025-01-09 20:50:00,20,50,3,0,9,12
2025-01-09 20:55:00,20,55,3,0,15,17
2025-01-09 21:00:00,21,0,3,0,2,11
2025-01-09 21:05:00,21,5,3,0,12,17
2025-01-09 21:10:00,21,10,3,0,13,13
2025-01-09 21:15:00,21,15,3,0,15,1
2025-01-09 21:20:00,21,20,3,0,7,15
2025-01-09 21:25:00,21,25,3,0,11,13
2025-01-09 21:30:00,21,30,3,0,7,13
2025-01-09 21:35:00,21,35,3,0,11,1
2025-01-09 21:40:00,21,40,3,0,6,6
2025-01-09 21:45:00,21,45,3,0,8,6
2025-01-09 21:50:00,21,50,3,0,6,5
2025-01-09 21:55:00,21,55,3,0,12,15
2025-01-09 22:00:00,22,0,3,0,13,8
2025-01-09 22:05:00,22,5,3,0,8,7
2025-01-09 22:10:00,22,10,3,0,9,10
2025-01-09 22:15:00,22,15,3,0,3,10
2025-01-09 22:20:00,22,20,3,0,8,0
2025-01-09 22:25:00,22,25,3,0,9,4
2025-01-09 22:30:00,22,30,3,0,19,1
2025-01-09 22:35:00,22,35,3,0,4,8
2025-01-09 22:40:00,22,40,3,0,14,6
2025-01-09 22:45:00,22,45,3,0,12,7
2025-01-09 22:50:00,22,50,3,0,10,0
2025-01-09 22:55:00,22,55,3,0,15,5
2025-01-09 23:00:00,23,0,3,0,10,11
2025-01-09 23:05:00,23,5,3,0,10,12
2025-01-09 23:10:00,23,10,3,0,8,9
2025-01-09 23:15:00,23,15,3,0,13,1
2025-01-09 23:20:00,23,20,3,0,13,11
2025-01-09 23:25:00,23,25,3,0,6,9
2025-01-09 23:30:00,23,30,3,0,3,6
2025-01-09 23:35:00,23,35,3,0,7,0
2025-01-09 23:40:00,23,40,3,0,5,10
2025-01-09 23:45:00,23,45,3,0,8,4
2025-01-09 23:50:00,23,50,3,0,13,8
2025-01-09 23:55:00,23,55,3,0,6,6
2025-01-10 00:00:00,0,0,4,0,8,12
2025-01-10 00:05:00,0,5,4,0,8,5
2025-01-10 00:10:00,0,10,4,0,11,6
2025-01-10 00:15:00,0,15,4,0,0,12
2025-01-10 00:20:00,0,20,4,0,6,3
2025-01-10 00:25:00,0,25,4,0,9,9
2025-01-10 00:30:00,0,30,4,0,13,5
2025-01-10 00:35:00,0,35,4,0,6,2
2025-01-10 00:40:00,0,40,4,0,0,6
2025-01-10 00:45:00,0,45,4,0,10,9
2025-01-10 00:50:00,0,50,4,0,5,11
2025-01-10 00:55:00,0,55,4,0,3,12
2025-01-10 01:00:00,1,0,4,0,6,5
2025-01-10 01:05:00,1,5,4,0,7,2
2025-01-10 01:10:00,1,10,4,0,6,5
2025-01-10 01:15:00,1,15,4,0,0,1
2025-01-10 01:20:00,1,20,4,0,12,5
2025-01-10 01:25:00,1,25,4,0,13,5
2025-01-10 01:30:00,1,30,4,0,11,9
2025-01-10 01:35:00,1,35,4,0,3,0
2025-01-10 01:40:00,1,40,4,0,7,3
2025-01-10 01:45:00,1,45,4,0,8,3
2025-01-10 01:50:00,1,50,4,0,10,11
2025-01-10 01:55:00,1,55,4,0,11,2
2025-01-10 02:00:00,2,0,4,0,5,7
2025-01-10 02:05:00,2,5,4,0,8,5
2025-01-10 02:10:00,2,10,4,0,10,10
2025-01-10 02:15:00,2,15,4,0,14,8
2025-01-10 02:20:00,2,20,4,0,11,7
2025-01-10 02:25:00,2,25,4,0,11,4
2025-01-10 02:30:00,2,30,4,0,8,0
2025-01-10 02:35:00,2,35,4,0,14,7
2025-01-10 02:40:00,2,40,4,0,10,8
2025-01-10 02:45:00,2,45,4,0,5,0
2025-01-10 02:50:00,2,50,4,0,14,1
2025-01-10 02:55:00,2,55,4,0,11,7
2025-01-10 03:00:00,3,0,4,0,6,7
2025-01-10 03:05:00,3,5,4,0,6,2
2025-01-10 03:10:00,3,10,4,0,9,4
2025-01-10 03:15:00,3,15,4,0,10,0
2025-01-10 03:20:00,3,20,4,0,9,12
2025-01-10 03:25:00,3,25,4,0,10,1
2025-01-10 03:30:00,3,30,4,0,15,8
2025-01-10 03:35:00,3,35,4,0,13,6
2025-01-10 03:40:00,3,40,4,0,9,12
2025-01-10 03:45:00,3,45,4,0,12,3
2025-01-10 03:50:00,3,50,4,0,5,7
2025-01-10 03:55:00,3,55,4,0,10,0
2025-01-10 04:00:00,4,0,4,0,16,0
2025-01-10 04:05:00,4,5,4,0,8,9
2025-01-10 04:10:00,4,10,4,0,6,0
2025-01-10 04:15:00,4,15,4,0,7,6
2025-01-10 04:20:00,4,20,4,0,5,11
2025-01-10 04:25:00,4,25,4,0,7,10
2025-01-10 04:30:00,4,30,4,0,9,5
2025-01-10 04:35:00,4,35,4,0,5,2
2025-01-10 04:40:00,4,40,4,0,11,10
2025-01-10 04:45:00,4,45,4,0,15,14
2025-01-10 04:50:00,4,50,4,0,8,6
2025-01-10 04:55:00,4,55,4,0,18,6
2025-01-10 05:00:00,5,0,4,0,15,7
2025-01-10 05:05:00,5,5,4,0,17,12
2025-01-10 05:10:00,5,10,4,0,11,15
2025-01-10 05:15:00,5,15,4,0,18,6
2025-01-10 05:20:00,5,20,4,0,11,5
2025-01-10 05:25:00,5,25,4,0,20,21
2025-01-10 05:30:00,5,30,4,0,17,12
2025-01-10 05:35:00,5,35,4,0,20,14
2025-01-10 05:40:00,5,40,4,0,14,11
2025-01-10 05:45:00,5,45,4,0,16,16
2025-01-10 05:50:00,5,50,4,0,23,19
2025-01-10 05:55:00,5,55,4,0,18,17
2025-01-10 06:00:00,6,0,4,0,24,23
2025-01-10 06:05:00,6,5,4,0,18,16
2025-01-10 06:10:00,6,10,4,0,28,17
2025-01-10 06:15:00,6,15,4,0,21,20
2025-01-10 06:20:00,6,20,4,0,29,21
2025-01-10 06:25:00,6,25,4,0,31,21
2025-01-10 06:30:00,6,30,4,0,26,16
2025-01-10 06:35:00,6,35,4,0,33,23
2025-01-10 06:40:00,6,40,4,0,33,21
2025-01-10 06:45:00,6,45,4,0,31,21
2025-01-10 06:50:00,6,50,4,0,30,25
2025-01-10 06:55:00,6,55,4,0,27,21
2025-01-10 07:00:00,7,0,4,0,37,21
2025-01-10 07:05:00,7,5,4,0,31,16
2025-01-10 07:10:00,7,10,4,0,38,34
2025-01-10 07:15:00,7,15,4,0,38,30
2025-01-10 07:20:00,7,20,4,0,42,28
2025-01-10 07:25:00,7,25,4,0,39,27
2025-01-10 07:30:00,7,30,4,0,40,18
2025-01-10 07:35:00,7,35,4,0,45,27
2025-01-10 07:40:00,7,40,4,0,43,33
2025-01-10 07:45:00,7,45,4,0,44,34
2025-01-10 07:50:00,7,50,4,0,45,33
2025-01-10 07:55:00,7,55,4,0,37,32
2025-01-10 08:00:00,8,0,4,0,46,36
2025-01-10 08:05:00,8,5,4,0,45,30
2025-01-10 08:10:00,8,10,4,0,39,35
2025-01-10 08:15:00,8,15,4,0,42,29
2025-01-10 08:20:00,8,20,4,0,42,27
2025-01-10 08:25:00,8,25,4,0,41,26
2025-01-10 08:30:00,8,30,4,0,42,25
2025-01-10 08:35:00,8,35,4,0,46,32
2025-01-10 08:40:00,8,40,4,0,44,26
2025-01-10 08:45:00,8,45,4,0,34,24
2025-01-10 08:50:00,8,50,4,0,40,30
2025-01-10 08:55:00,8,55,4,0,42,28
2025-01-10 09:00:00,9,0,4,0,38,30
2025-01-10 09:05:00,9,5,4,0,39,27
2025-01-10 09:10:00,9,10,4,0,42,21
2025-01-10 09:15:00,9,15,4,0,37,24
2025-01-10 09:20:00,9,20,4,0,33,23
2025-01-10 09:25:00,9,25,4,0,35,18
2025-01-10 09:30:00,9,30,4,0,30,17
2025-01-10 09:35:00,9,35,4,0,28,18
2025-01-10 09:40:00,9,40,4,0,26,28
2025-01-10 09:45:00,9,45,4,0,32,17
2025-01-10 09:50:00,9,50,4,0,21,23
2025-01-10 09:55:00,9,55,4,0,30,15
2025-01-10 10:00:00,10,0,4,0,24,20
2025-01-10 10:05:00,10,5,4,0,16,19
2025-01-10 10:10:00,10,10,4,0,22,19
2025-01-10 10:15:00,10,15,4,0,11,16
2025-01-10 10:20:00,10,20,4,0,21,19
2025-01-10 10:25:00,10,25,4,0,21,15
2025-01-10 10:30:00,10,30,4,0,15,19
2025-01-10 10:35:00,10,35,4,0,17,5
2025-01-10 10:40:00,10,40,4,0,23,13
2025-01-10 10:45:00,10,45,4,0,13,12
2025-01-10 10:50:00,10,50,4,0,10,7
2025-01-10 10:55:00,10,55,4,0,20,12
2025-01-10 11:00:00,11,0,4,0,21,4
2025-01-10 11:05:00,11,5,4,0,13,7
2025-01-10 11:10:00,11,10,4,0,16,1
2025-01-10 11:15:00,11,15,4,0,17,15
2025-01-10 11:20:00,11,20,4,0,9,8
2025-01-10 11:25:00,11,25,4,0,9,17
2025-01-10 11:30:00,11,30,4,0,16,12
2025-01-10 11:35:00,11,35,4,0,18,10
2025-01-10 11:40:00,11,40,4,0,13,6
2025-01-10 11:45:00,11,45,4,0,7,4
2025-01-10 11:50:00,11,50,4,0,18,10
2025-01-10 11:55:00,11,55,4,0,8,8
2025-01-10 12:00:00,12,0,4,0,9,3
2025-01-10 12:05:00,12,5,4,0,12,2
2025-01-10 12:10:00,12,10,4,0,17,5
2025-01-10 12:15:00,12,15,4,0,14,16
2025-01-10 12:20:00,12,20,4,0,12,18
2025-01-10 12:25:00,12,25,4,0,12,10
2025-01-10 12:30:00,12,30,4,0,11,10
2025-01-10 12:35:00,12,35,4,0,13,8
2025-01-10 12:40:00,12,40,4,0,1,6
2025-01-10 12:45:00,12,45,4,0,10,16
2025-01-10 12:50:00,12,50,4,0,13,18
2025-01-10 12:55:00,12,55,4,0,7,8
2025-01-10 13:00:00,13,0,4,0,14,11
2025-01-10 13:05:00,13,5,4,0,12,10
2025-01-10 13:10:00,13,10,4,0,20,11
2025-01-10 13:15:00,13,15,4,0,20,18
2025-01-10 13:20:00,13,20,4,0,12,8
2025-01-10 13:25:00,13,25,4,0,13,16
2025-01-10 13:30:00,13,30,4,0,14,18
2025-01-10 13:35:00,13,35,4,0,13,15
2025-01-10 13:40:00,13,40,4,0,16,20
2025-01-10 13:45:00,13,45,4,0,13,17
2025-01-10 13:50:00,13,50,4,0,12,22
2025-01-10 13:55:00,13,55,4,0,20,12
2025-01-10 14:00:00,14,0,4,0,20,18
2025-01-10 14:05:00,14,5,4,0,15,20
2025-01-10 14:10:00,14,10,4,0,23,10
2025-01-10 14:15:00,14,15,4,0,17,17
2025-01-10 14:20:00,14,20,4,0,21,19
2025-01-10 14:25:00,14,25,4,0,24,27
2025-01-10 14:30:00,14,30,4,0,22,21
2025-01-10 14:35:00,14,35,4,0,24,22
2025-01-10 14:40:00,14,40,4,0,21,30
2025-01-10 14:45:00,14,45,4,0,23,21
2025-01-10 14:50:00,14,50,4,0,24,20
2025-01-10 14:55:00,14,55,4,0,22,28
2025-01-10 15:00:00,15,0,4,0,25,24
2025-01-10 15:05:00,15,5,4,0,21,26
2025-01-10 15:10:00,15,10,4,0,26,35
2025-01-10 15:15:00,15,15,4,0,27,37
2025-01-10 15:20:00,15,20,4,0,28,37
2025-01-10 15:25:00,15,25,4,0,29,40
2025-01-10 15:30:00,15,30,4,0,30,41
2025-01-10 15:35:00,15,35,4,0,33,29
2025-01-10 15:40:00,15,40,4,0,36,40
2025-01-10 15:45:00,15,45,4,0,30,37
2025-01-10 15:50:00,15,50,4,0,28,37
2025-01-10 15:55:00,15,55,4,0,30,43
2025-01-10 16:00:00,16,0,4,0,33,34
2025-01-10 16:05:00,16,5,4,0,34,35
2025-01-10 16:10:00,16,10,4,0,32,45
2025-01-10 16:15:00,16,15,4,0,31,45
2025-01-10 16:20:00,16,20,4,0,35,44
2025-01-10 16:25:00,16,25,4,0,37,41
2025-01-10 16:30:00,16,30,4,0,39,48
2025-01-10 16:35:00,16,35,4,0,35,48
2025-01-10 16:40:00,16,40,4,0,36,46
2025-01-10 16:45:00,16,45,4,0,34,41
2025-01-10 16:50:00,16,50,4,0,38,44
2025-01-10 16:55:00,16,55,4,0,35,49
2025-01-10 17:00:00,17,0,4,0,40,51
2025-01-10 17:05:00,17,5,4,0,31,45
2025-01-10 17:10:00,17,10,4,0,36,45
2025-01-10 17:15:00,17,15,4,0,39,45
2025-01-10 17:20:00,17,20,4,0,38,47
2025-01-10 17:25:00,17,25,4,0,48,43
2025-01-10 17:30:00,17,30,4,0,38,33
2025-01-10 17:35:00,17,35,4,0,33,49
2025-01-10 17:40:00,17,40,4,0,36,51
2025-01-10 17:45:00,17,45,4,0,29,41
2025-01-10 17:50:00,17,50,4,0,35,38
2025-01-10 17:55:00,17,55,4,0,32,41
2025-01-10 18:00:00,18,0,4,0,38,41
2025-01-10 18:05:00,18,5,4,0,32,45
2025-01-10 18:10:00,18,10,4,0,33,40
2025-01-10 18:15:00,18,15,4,0,30,36
2025-01-10 18:20:00,18,20,4,0,39,33
2025-01-10 18:25:00,18,25,4,0,30,41
2025-01-10 18:30:00,18,30,4,0,38,39
2025-01-10 18:35:00,18,35,4,0,33,39
2025-01-10 18:40:00,18,40,4,0,31,30
2025-01-10 18:45:00,18,45,4,0,30,41
2025-01-10 18:50:00,18,50,4,0,29,25
2025-01-10 18:55:00,18,55,4,0,19,34
2025-01-10 19:00:00,19,0,4,0,25,23
2025-01-10 19:05:00,19,5,4,0,29,26
2025-01-10 19:10:00,19,10,4,0,24,34
2025-01-10 19:15:00,19,15,4,0,18,31
2025-01-10 19:20:00,19,20,4,0,23,24
2025-01-10 19:25:00,19,25,4,0,29,23
2025-01-10 19:30:00,19,30,4,0,27,25
2025-01-10 19:35:00,19,35,4,0,21,25
2025-01-10 19:40:00,19,40,4,0,24,27
2025-01-10 19:45:00,19,45,4,0,18,20
2025-01-10 19:50:00,19,50,4,0,12,14
2025-01-10 19:55:00,19,55,4,0,15,20
2025-01-10 20:00:00,20,0,4,0,24,17
2025-01-10 20:05:00,20,5,4,0,16,13
2025-01-10 20:10:00,20,10,4,0,16,19
2025-01-10 20:15:00,20,15,4,0,15,16
2025-01-10 20:20:00,20,20,4,0,23,17
2025-01-10 20:25:00,20,25,4,0,21,12
2025-01-10 20:30:00,20,30,4,0,23,17
2025-01-10 20:35:00,20,35,4,0,13,9
2025-01-10 20:40:00,20,40,4,0,15,10
2025-01-10 20:45:00,20,45,4,0,7,12
2025-01-10 20:50:00,20,50,4,0,19,19
2025-01-10 20:55:00,20,55,4,0,8,15
2025-01-10 21:00:00,21,0,4,0,13,16
2025-01-10 21:05:00,21,5,4,0,7,17
2025-01-10 21:10:00,21,10,4,0,9,25
2025-01-10 21:15:00,21,15,4,0,8,10
2025-01-10 21:20:00,21,20,4,0,8,16
2025-01-10 21:25:00,21,25,4,0,8,14
2025-01-10 21:30:00,21,30,4,0,8,13
2025-01-10 21:35:00,21,35,4,0,14,16
2025-01-10 21:40:00,21,40,4,0,6,7
2025-01-10 21:45:00,21,45,4,0,11,6
2025-01-10 21:50:00,21,50,4,0,14,9
2025-01-10 21:55:00,21,55,4,0,7,7
2025-01-10 22:00:00,22,0,4,0,6,9
2025-01-10 22:05:00,22,5,4,0,8,14
2025-01-10 22:10:00,22,10,4,0,14,6
2025-01-10 22:15:00,22,15,4,0,10,6
2025-01-10 22:20:00,22,20,4,0,7,8
2025-01-10 22:25:00,22,25,4,0,11,6
2025-01-10 22:30:00,22,30,4,0,4,0
2025-01-10 22:35:00,22,35,4,0,11,4
2025-01-10 22:40:00,22,40,4,0,10,9
2025-01-10 22:45:00,22,45,4,0,7,12
2025-01-10 22:50:00,22,50,4,0,5,2
2025-01-10 22:55:00,22,55,4,0,5,2
2025-01-10 23:00:00,23,0,4,0,10,7
2025-01-10 23:05:00,23,5,4,0,13,0
2025-01-10 23:10:00,23,10,4,0,6,5
2025-01-10 23:15:00,23,15,4,0,10,0
2025-01-10 23:20:00,23,20,4,0,0,12
2025-01-10 23:25:00,23,25,4,0,6,3
2025-01-10 23:30:00,23,30,4,0,8,13
2025-01-10 23:35:00,23,35,4,0,4,11
2025-01-10 23:40:00,23,40,4,0,4,4
2025-01-10 23:45:00,23,45,4,0,5,2
2025-01-10 23:50:00,23,50,4,0,9,5
2025-01-10 23:55:00,23,55,4,0,7,6
2025-01-11 00:00:00,0,0,5,1,0,6
2025-01-11 00:05:00,0,5,5,1,0,1
2025-01-11 00:10:00,0,10,5,1,3,7
2025-01-11 00:15:00,0,15,5,1,7,5
2025-01-11 00:20:00,0,20,5,1,0,3
2025-01-11 00:25:00,0,25,5,1,4,1
2025-01-11 00:30:00,0,30,5,1,3,3
2025-01-11 00:35:00,0,35,5,1,11,1
2025-01-11 00:40:00,0,40,5,1,4,4
2025-01-11 00:45:00,0,45,5,1,7,5
2025-01-11 00:50:00,0,50,5,1,6,5
2025-01-11 00:55:00,0,55,5,1,0,11
2025-01-11 01:00:00,1,0,5,1,9,4
2025-01-11 01:05:00,1,5,5,1,6,8
2025-01-11 01:10:00,1,10,5,1,8,5
2025-01-11 01:15:00,1,15,5,1,21,3
2025-01-11 01:20:00,1,20,5,1,0,4
2025-01-11 01:25:00,1,25,5,1,13,4
2025-01-11 01:30:00,1,30,5,1,4,5
2025-01-11 01:35:00,1,35,5,1,7,0
2025-01-11 01:40:00,1,40,5,1,5,0
2025-01-11 01:45:00,1,45,5,1,4,7
2025-01-11 01:50:00,1,50,5,1,3,8
2025-01-11 01:55:00,1,55,5,1,7,7
2025-01-11 02:00:00,2,0,5,1,0,5
2025-01-11 02:05:00,2,5,5,1,9,7
2025-01-11 02:10:00,2,10,5,1,4,7
2025-01-11 02:15:00,2,15,5,1,1,7
2025-01-11 02:20:00,2,20,5,1,4,1
2025-01-11 02:25:00,2,25,5,1,11,0
2025-01-11 02:30:00,2,30,5,1,3,3
2025-01-11 02:35:00,2,35,5,1,7,4
2025-01-11 02:40:00,2,40,5,1,3,3
2025-01-11 02:45:00,2,45,5,1,9,0
2025-01-11 02:50:00,2,50,5,1,8,11
2025-01-11 02:55:00,2,55,5,1,13,3
2025-01-11 03:00:00,3,0,5,1,5,5
2025-01-11 03:05:00,3,5,5,1,8,9
2025-01-11 03:10:00,3,10,5,1,6,0
2025-01-11 03:15:00,3,15,5,1,11,2
2025-01-11 03:20:00,3,20,5,1,3,3
2025-01-11 03:25:00,3,25,5,1,9,3
2025-01-11 03:30:00,3,30,5,1,5,4
2025-01-11 03:35:00,3,35,5,1,6,10
2025-01-11 03:40:00,3,40,5,1,6,7
2025-01-11 03:45:00,3,45,5,1,7,8
2025-01-11 03:50:00,3,50,5,1,6,5
2025-01-11 03:55:00,3,55,5,1,7,0
2025-01-11 04:00:00,4,0,5,1,13,0
2025-01-11 04:05:00,4,5,5,1,10,0
2025-01-11 04:10:00,4,10,5,1,10,6
2025-01-11 04:15:00,4,15,5,1,5,5
2025-01-11 04:20:00,4,20,5,1,3,4
2025-01-11 04:25:00,4,25,5,1,11,4
2025-01-11 04:30:00,4,30,5,1,11,13
2025-01-11 04:35:00,4,35,5,1,13,2
2025-01-11 04:40:00,4,40,5,1,5,9
2025-01-11 04:45:00,4,45,5,1,7,6
2025-01-11 04:50:00,4,50,5,1,2,6
2025-01-11 04:55:00,4,55,5,1,7,11
2025-01-11 05:00:00,5,0,5,1,13,12
2025-01-11 05:05:00,5,5,5,1,7,6
2025-01-11 05:10:00,5,10,5,1,12,10
2025-01-11 05:15:00,5,15,5,1,9,9
2025-01-11 05:20:00,5,20,5,1,12,8
2025-01-11 05:25:00,5,25,5,1,7,9
2025-01-11 05:30:00,5,30,5,1,12,6
2025-01-11 05:35:00,5,35,5,1,0,8
2025-01-11 05:40:00,5,40,5,1,12,7
2025-01-11 05:45:00,5,45,5,1,7,13
2025-01-11 05:50:00,5,50,5,1,19,10
2025-01-11 05:55:00,5,55,5,1,18,6
2025-01-11 06:00:00,6,0,5,1,18,9
2025-01-11 06:05:00,6,5,5,1,23,0
2025-01-11 06:10:00,6,10,5,1,13,11
2025-01-11 06:15:00,6,15,5,1,25,13
2025-01-11 06:20:00,6,20,5,1,23,13
2025-01-11 06:25:00,6,25,5,1,19,22
2025-01-11 06:30:00,6,30,5,1,25,17
2025-01-11 06:35:00,6,35,5,1,17,18
2025-01-11 06:40:00,6,40,5,1,19,9
2025-01-11 06:45:00,6,45,5,1,20,15
2025-01-11 06:50:00,6,50,5,1,22,15
2025-01-11 06:55:00,6,55,5,1,20,15
2025-01-11 07:00:00,7,0,5,1,30,15
2025-01-11 07:05:00,7,5,5,1,25,11
2025-01-11 07:10:00,7,10,5,1,28,14
2025-01-11 07:15:00,7,15,5,1,25,23
2025-01-11 07:20:00,7,20,5,1,21,19
2025-01-11 07:25:00,7,25,5,1,29,18
2025-01-11 07:30:00,7,30,5,1,21,21
2025-01-11 07:35:00,7,35,5,1,29,26
2025-01-11 07:40:00,7,40,5,1,24,21
2025-01-11 07:45:00,7,45,5,1,38,24
2025-01-11 07:50:00,7,50,5,1,34,18
2025-01-11 07:55:00,7,55,5,1,30,19
2025-01-11 08:00:00,8,0,5,1,35,23
2025-01-11 08:05:00,8,5,5,1,27,29
2025-01-11 08:10:00,8,10,5,1,32,27
2025-01-11 08:15:00,8,15,5,1,31,24
2025-01-11 08:20:00,8,20,5,1,31,22
2025-01-11 08:25:00,8,25,5,1,34,27
2025-01-11 08:30:00,8,30,5,1,32,24
2025-01-11 08:35:00,8,35,5,1,29,11
2025-01-11 08:40:00,8,40,5,1,21,16
2025-01-11 08:45:00,8,45,5,1,23,21
2025-01-11 08:50:00,8,50,5,1,26,12
2025-01-11 08:55:00,8,55,5,1,26,15
2025-01-11 09:00:00,9,0,5,1,21,15
2025-01-11 09:05:00,9,5,5,1,34,17
2025-01-11 09:10:00,9,10,5,1,30,16
2025-01-11 09:15:00,9,15,5,1,25,15
2025-01-11 09:20:00,9,20,5,1,22,19
2025-01-11 09:25:00,9,25,5,1,20,14
2025-01-11 09:30:00,9,30,5,1,17,13
2025-01-11 09:35:00,9,35,5,1,20,9
2025-01-11 09:40:00,9,40,5,1,20,18
2025-01-11 09:45:00,9,45,5,1,13,10
2025-01-11 09:50:00,9,50,5,1,19,8
2025-01-11 09:55:00,9,55,5,1,16,13
2025-01-11 10:00:00,10,0,5,1,8,8
2025-01-11 10:05:00,10,5,5,1,12,9
2025-01-11 10:10:00,10,10,5,1,13,11
2025-01-11 10:15:00,10,15,5,1,21,9
2025-01-11 10:20:00,10,20,5,1,15,19
2025-01-11 10:25:00,10,25,5,1,7,9
2025-01-11 10:30:00,10,30,5,1,14,11
2025-01-11 10:35:00,10,35,5,1,5,1
2025-01-11 10:40:00,10,40,5,1,15,5
2025-01-11 10:45:00,10,45,5,1,8,3
2025-01-11 10:50:00,10,50,5,1,10,4
2025-01-11 10:55:00,10,55,5,1,15,9
2025-01-11 11:00:00,11,0,5,1,4,11
2025-01-11 11:05:00,11,5,5,1,3,8
2025-01-11 11:10:00,11,10,5,1,6,6
2025-01-11 11:15:00,11,15,5,1,12,4
2025-01-11 11:20:00,11,20,5,1,2,11
2025-01-11 11:25:00,11,25,5,1,0,14
2025-01-11 11:30:00,11,30,5,1,6,7
2025-01-11 11:35:00,11,35,5,1,10,10
2025-01-11 11:40:00,11,40,5,1,12,7
2025-01-11 11:45:00,11,45,5,1,5,9
2025-01-11 11:50:00,11,50,5,1,6,1
2025-01-11 11:55:00,11,55,5,1,12,4
2025-01-11 12:00:00,12,0,5,1,0,8
2025-01-11 12:05:00,12,5,5,1,6,11
2025-01-11 12:10:00,12,10,5,1,8,3
2025-01-11 12:15:00,12,15,5,1,9,0
2025-01-11 12:20:00,12,20,5,1,5,4
2025-01-11 12:25:00,12,25,5,1,8,10
2025-01-11 12:30:00,12,30,5,1,0,0
2025-01-11 12:35:00,12,35,5,1,5,2
2025-01-11 12:40:00,12,40,5,1,10,8
2025-01-11 12:45:00,12,45,5,1,4,7
2025-01-11 12:50:00,12,50,5,1,8,10
2025-01-11 12:55:00,12,55,5,1,10,3
2025-01-11 13:00:00,13,0,5,1,7,7
2025-01-11 13:05:00,13,5,5,1,9,13
2025-01-11 13:10:00,13,10,5,1,5,4
2025-01-11 13:15:00,13,15,5,1,8,15
2025-01-11 13:20:00,13,20,5,1,12,5
2025-01-11 13:25:00,13,25,5,1,10,13
2025-01-11 13:30:00,13,30,5,1,8,9
2025-01-11 13:35:00,13,35,5,1,11,6
2025-01-11 13:40:00,13,40,5,1,14,9
2025-01-11 13:45:00,13,45,5,1,3,14
2025-01-11 13:50:00,13,50,5,1,16,12
2025-01-11 13:55:00,13,55,5,1,11,17
2025-01-11 14:00:00,14,0,5,1,14,19
2025-01-11 14:05:00,14,5,5,1,18,9
2025-01-11 14:10:00,14,10,5,1,8,9
2025-01-11 14:15:00,14,15,5,1,11,10
2025-01-11 14:20:00,14,20,5,1,13,12
2025-01-11 14:25:00,14,25,5,1,12,21
2025-01-11 14:30:00,14,30,5,1,22,19
2025-01-11 14:35:00,14,35,5,1,12,16
2025-01-11 14:40:00,14,40,5,1,14,18
2025-01-11 14:45:00,14,45,5,1,18,25
2025-01-11 14:50:00,14,50,5,1,12,27
2025-01-11 14:55:00,14,55,5,1,16,22
2025-01-11 15:00:00,15,0,5,1,20,11
2025-01-11 15:05:00,15,5,5,1,18,23
2025-01-11 15:10:00,15,10,5,1,19,26
2025-01-11 15:15:00,15,15,5,1,18,24
2025-01-11 15:20:00,15,20,5,1,14,27
2025-01-11 15:25:00,15,25,5,1,22,26
2025-01-11 15:30:00,15,30,5,1,28,20
2025-01-11 15:35:00,15,35,5,1,22,22
2025-01-11 15:40:00,15,40,5,1,23,25
2025-01-11 15:45:00,15,45,5,1,26,31
2025-01-11 15:50:00,15,50,5,1,18,25
2025-01-11 15:55:00,15,55,5,1,31,30
2025-01-11 16:00:00,16,0,5,1,25,30
2025-01-11 16:05:00,16,5,5,1,31,36
2025-01-11 16:10:00,16,10,5,1,22,30
2025-01-11 16:15:00,16,15,5,1,32,23
2025-01-11 16:20:00,16,20,5,1,29,33
2025-01-11 16:25:00,16,25,5,1,28,40
2025-01-11 16:30:00,16,30,5,1,27,34
2025-01-11 16:35:00,16,35,5,1,25,28
2025-01-11 16:40:00,16,40,5,1,31,27
2025-01-11 16:45:00,16,45,5,1,27,28
2025-01-11 16:50:00,16,50,5,1,19,40
2025-01-11 16:55:00,16,55,5,1,22,31
2025-01-11 17:00:00,17,0,5,1,26,30
2025-01-11 17:05:00,17,5,5,1,28,32
2025-01-11 17:10:00,17,10,5,1,26,31
2025-01-11 17:15:00,17,15,5,1,31,38
2025-01-11 17:20:00,17,20,5,1,19,28
2025-01-11 17:25:00,17,25,5,1,27,36
2025-01-11 17:30:00,17,30,5,1,19,32
2025-01-11 17:35:00,17,35,5,1,29,36
2025-01-11 17:40:00,17,40,5,1,25,37
2025-01-11 17:45:00,17,45,5,1,27,31
2025-01-11 17:50:00,17,50,5,1,21,29
2025-01-11 17:55:00,17,55,5,1,30,30
2025-01-11 18:00:00,18,0,5,1,28,29
2025-01-11 18:05:00,18,5,5,1,26,22
2025-01-11 18:10:00,18,10,5,1,23,34
2025-01-11 18:15:00,18,15,5,1,25,28
2025-01-11 18:20:00,18,20,5,1,20,22
2025-01-11 18:25:00,18,25,5,1,25,18
2025-01-11 18:30:00,18,30,5,1,28,16
2025-01-11 18:35:00,18,35,5,1,25,28
2025-01-11 18:40:00,18,40,5,1,18,22
2025-01-11 18:45:00,18,45,5,1,21,21
2025-01-11 18:50:00,18,50,5,1,14,25
2025-01-11 18:55:00,18,55,5,1,21,20
2025-01-11 19:00:00,19,0,5,1,20,23
2025-01-11 19:05:00,19,5,5,1,10,21
2025-01-11 19:10:00,19,10,5,1,13,19
2025-01-11 19:15:00,19,15,5,1,16,13
2025-01-11 19:20:00,19,20,5,1,15,15
2025-01-11 19:25:00,19,25,5,1,11,20
2025-01-11 19:30:00,19,30,5,1,17,14
2025-01-11 19:35:00,19,35,5,1,16,21
2025-01-11 19:40:00,19,40,5,1,13,25
2025-01-11 19:45:00,19,45,5,1,11,18
2025-01-11 19:50:00,19,50,5,1,17,20
2025-01-11 19:55:00,19,55,5,1,19,17
2025-01-11 20:00:00,20,0,5,1,10,11
2025-01-11 20:05:00,20,5,5,1,10,14
2025-01-11 20:10:00,20,10,5,1,14,20
2025-01-11 20:15:00,20,15,5,1,10,10
2025-01-11 20:20:00,20,20,5,1,10,7
2025-01-11 20:25:00,20,25,5,1,13,6
2025-01-11 20:30:00,20,30,5,1,3,9
2025-01-11 20:35:00,20,35,5,1,15,6
2025-01-11 20:40:00,20,40,5,1,10,16
2025-01-11 20:45:00,20,45,5,1,8,10
2025-01-11 20:50:00,20,50,5,1,9,13
2025-01-11 20:55:00,20,55,5,1,9,7
2025-01-11 21:00:00,21,0,5,1,2,3
2025-01-11 21:05:00,21,5,5,1,14,2
2025-01-11 21:10:00,21,10,5,1,8,4
2025-01-11 21:15:00,21,15,5,1,10,9
2025-01-11 21:20:00,21,20,5,1,11,9
2025-01-11 21:25:00,21,25,5,1,3,9
2025-01-11 21:30:00,21,30,5,1,9,0
2025-01-11 21:35:00,21,35,5,1,6,6
2025-01-11 21:40:00,21,40,5,1,10,2
2025-01-11 21:45:00,21,45,5,1,0,7
2025-01-11 21:50:00,21,50,5,1,6,8
2025-01-11 21:55:00,21,55,5,1,4,1
2025-01-11 22:00:00,22,0,5,1,8,9
2025-01-11 22:05:00,22,5,5,1,8,15
2025-01-11 22:10:00,22,10,5,1,4,9
2025-01-11 22:15:00,22,15,5,1,3,4
2025-01-11 22:20:00,22,20,5,1,6,4
2025-01-11 22:25:00,22,25,5,1,3,4
2025-01-11 22:30:00,22,30,5,1,9,2
2025-01-11 22:35:00,22,35,5,1,5,6
2025-01-11 22:40:00,22,40,5,1,0,0
2025-01-11 22:45:00,22,45,5,1,4,0
2025-01-11 22:50:00,22,50,5,1,2,5
2025-01-11 22:55:00,22,55,5,1,0,5
2025-01-11 23:00:00,23,0,5,1,1,2
2025-01-11 23:05:00,23,5,5,1,6,0
2025-01-11 23:10:00,23,10,5,1,11,6
2025-01-11 23:15:00,23,15,5,1,7,0
2025-01-11 23:20:00,23,20,5,1,3,4
2025-01-11 23:25:00,23,25,5,1,8,11
2025-01-11 23:30:00,23,30,5,1,4,7
2025-01-11 23:35:00,23,35,5,1,3,0
2025-01-11 23:40:00,23,40,5,1,1,0
2025-01-11 23:45:00,23,45,5,1,0,5
2025-01-11 23:50:00,23,50,5,1,4,0
2025-01-11 23:55:00,23,55,5,1,6,0
2025-01-12 00:00:00,0,0,6,1,5,6
2025-01-12 00:05:00,0,5,6,1,4,5
2025-01-12 00:10:00,0,10,6,1,2,6
2025-01-12 00:15:00,0,15,6,1,8,5
2025-01-12 00:20:00,0,20,6,1,0,4
2025-01-12 00:25:00,0,25,6,1,9,2
2025-01-12 00:30:00,0,30,6,1,2,6
2025-01-12 00:35:00,0,35,6,1,3,10
2025-01-12 00:40:00,0,40,6,1,0,2
2025-01-12 00:45:00,0,45,6,1,4,0
2025-01-12 00:50:00,0,50,6,1,10,0
2025-01-12 00:55:00,0,55,6,1,8,1
2025-01-12 01:00:00,1,0,6,1,10,5
2025-01-12 01:05:00,1,5,6,1,8,0
2025-01-12 01:10:00,1,10,6,1,1,6
2025-01-12 01:15:00,1,15,6,1,4,7
2025-01-12 01:20:00,1,20,6,1,2,0
2025-01-12 01:25:00,1,25,6,1,11,0
2025-01-12 01:30:00,1,30,6,1,1,5
2025-01-12 01:35:00,1,35,6,1,9,4
2025-01-12 01:40:00,1,40,6,1,9,6
2025-01-12 01:45:00,1,45,6,1,13,4
2025-01-12 01:50:00,1,50,6,1,4,9
2025-01-12 01:55:00,1,55,6,1,8,3
2025-01-12 02:00:00,2,0,6,1,15,0
2025-01-12 02:05:00,2,5,6,1,3,0
2025-01-12 02:10:00,2,10,6,1,0,7
2025-01-12 02:15:00,2,15,6,1,0,4
2025-01-12 02:20:00,2,20,6,1,8,7
2025-01-12 02:25:00,2,25,6,1,0,7
2025-01-12 02:30:00,2,30,6,1,4,0
2025-01-12 02:35:00,2,35,6,1,7,0
2025-01-12 02:40:00,2,40,6,1,6,0
2025-01-12 02:45:00,2,45,6,1,7,1
2025-01-12 02:50:00,2,50,6,1,7,3
2025-01-12 02:55:00,2,55,6,1,11,8
2025-01-12 03:00:00,3,0,6,1,2,9
2025-01-12 03:05:00,3,5,6,1,3,3
2025-01-12 03:10:00,3,10,6,1,3,3
2025-01-12 03:15:00,3,15,6,1,9,1
2025-01-12 03:20:00,3,20,6,1,9,5
2025-01-12 03:25:00,3,25,6,1,8,5
2025-01-12 03:30:00,3,30,6,1,11,8
2025-01-12 03:35:00,3,35,6,1,1,8
2025-01-12 03:40:00,3,40,6,1,13,0
2025-01-12 03:45:00,3,45,6,1,12,4
2025-01-12 03:50:00,3,50,6,1,9,10
2025-01-12 03:55:00,3,55,6,1,13,3
2025-01-12 04:00:00,4,0,6,1,0,9
2025-01-12 04:05:00,4,5,6,1,4,4
2025-01-12 04:10:00,4,10,6,1,4,6
2025-01-12 04:15:00,4,15,6,1,10,0
2025-01-12 04:20:00,4,20,6,1,3,1
2025-01-12 04:25:00,4,25,6,1,10,8
2025-01-12 04:30:00,4,30,6,1,13,9
2025-01-12 04:35:00,4,35,6,1,10,6
2025-01-12 04:40:00,4,40,6,1,9,1
2025-01-12 04:45:00,4,45,6,1,4,6
2025-01-12 04:50:00,4,50,6,1,5,11
2025-01-12 04:55:00,4,55,6,1,14,13
2025-01-12 05:00:00,5,0,6,1,12,5
2025-01-12 05:05:00,5,5,6,1,9,0
2025-01-12 05:10:00,5,10,6,1,8,11
2025-01-12 05:15:00,5,15,6,1,2,6
2025-01-12 05:20:00,5,20,6,1,6,12
2025-01-12 05:25:00,5,25,6,1,19,9
2025-01-12 05:30:00,5,30,6,1,7,5
2025-01-12 05:35:00,5,35,6,1,13,9
2025-01-12 05:40:00,5,40,6,1,17,15
2025-01-12 05:45:00,5,45,6,1,9,9
2025-01-12 05:50:00,5,50,6,1,15,6
2025-01-12 05:55:00,5,55,6,1,19,5
2025-01-12 06:00:00,6,0,6,1,16,8
2025-01-12 06:05:00,6,5,6,1,28,10
2025-01-12 06:10:00,6,10,6,1,11,16
2025-01-12 06:15:00,6,15,6,1,22,9
2025-01-12 06:20:00,6,20,6,1,18,20
2025-01-12 06:25:00,6,25,6,1,23,9
2025-01-12 06:30:00,6,30,6,1,22,24
2025-01-12 06:35:00,6,35,6,1,18,22
2025-01-12 06:40:00,6,40,6,1,23,17
2025-01-12 06:45:00,6,45,6,1,15,10
2025-01-12 06:50:00,6,50,6,1,26,17
2025-01-12 06:55:00,6,55,6,1,26,16
2025-01-12 07:00:00,7,0,6,1,28,13
2025-01-12 07:05:00,7,5,6,1,30,20
2025-01-12 07:10:00,7,10,6,1,28,16
2025-01-12 07:15:00,7,15,6,1,28,17
2025-01-12 07:20:00,7,20,6,1,24,19
2025-01-12 07:25:00,7,25,6,1,25,18
2025-01-12 07:30:00,7,30,6,1,34,29
2025-01-12 07:35:00,7,35,6,1,35,19
2025-01-12 07:40:00,7,40,6,1,29,23
2025-01-12 07:45:00,7,45,6,1,30,22
2025-01-12 07:50:00,7,50,6,1,26,23
2025-01-12 07:55:00,7,55,6,1,35,23
2025-01-12 08:00:00,8,0,6,1,33,25
2025-01-12 08:05:00,8,5,6,1,38,23
2025-01-12 08:10:00,8,10,6,1,26,22
2025-01-12 08:15:00,8,15,6,1,28,22
2025-01-12 08:20:00,8,20,6,1,30,21
2025-01-12 08:25:00,8,25,6,1,32,17
2025-01-12 08:30:00,8,30,6,1,28,21
2025-01-12 08:35:00,8,35,6,1,25,21
2025-01-12 08:40:00,8,40,6,1,31,22
2025-01-12 08:45:00,8,45,6,1,30,20
2025-01-12 08:50:00,8,50,6,1,23,18
2025-01-12 08:55:00,8,55,6,1,31,18
2025-01-12 09:00:00,9,0,6,1,30,16
2025-01-12 09:05:00,9,5,6,1,25,19
2025-01-12 09:10:00,9,10,6,1,24,16
2025-01-12 09:15:00,9,15,6,1,25,17
2025-01-12 09:20:00,9,20,6,1,19,20
2025-01-12 09:25:00,9,25,6,1,21,13
2025-01-12 09:30:00,9,30,6,1,12,17
2025-01-12 09:35:00,9,35,6,1,23,14
2025-01-12 09:40:00,9,40,6,1,13,22
2025-01-12 09:45:00,9,45,6,1,24,12
2025-01-12 09:50:00,9,50,6,1,16,15
2025-01-12 09:55:00,9,55,6,1,16,12
2025-01-12 10:00:00,10,0,6,1,13,6
2025-01-12 10:05:00,10,5,6,1,14,9
2025-01-12 10:10:00,10,10,6,1,20,14
2025-01-12 10:15:00,10,15,6,1,4,8
2025-01-12 10:20:00,10,20,6,1,18,1
2025-01-12 10:25:00,10,25,6,1,14,9
2025-01-12 10:30:00,10,30,6,1,7,4
2025-01-12 10:35:00,10,35,6,1,7,9
2025-01-12 10:40:00,10,40,6,1,17,14
2025-01-12 10:45:00,10,45,6,1,7,11
2025-01-12 10:50:00,10,50,6,1,5,14
2025-01-12 10:55:00,10,55,6,1,14,5
2025-01-12 11:00:00,11,0,6,1,11,6
2025-01-12 11:05:00,11,5,6,1,5,2
2025-01-12 11:10:00,11,10,6,1,9,4
2025-01-12 11:15:00,11,15,6,1,4,3
2025-01-12 11:20:00,11,20,6,1,12,1
2025-01-12 11:25:00,11,25,6,1,12,12
2025-01-12 11:30:00,11,30,6,1,10,0
2025-01-12 11:35:00,11,35,6,1,9,11
2025-01-12 11:40:00,11,40,6,1,14,11
2025-01-12 11:45:00,11,45,6,1,7,8
2025-01-12 11:50:00,11,50,6,1,3,1
2025-01-12 11:55:00,11,55,6,1,9,0
2025-01-12 12:00:00,12,0,6,1,16,4
2025-01-12 12:05:00,12,5,6,1,3,8
2025-01-12 12:10:00,12,10,6,1,6,6
2025-01-12 12:15:00,12,15,6,1,9,2
2025-01-12 12:20:00,12,20,6,1,7,11
2025-01-12 12:25:00,12,25,6,1,4,13
2025-01-12 12:30:00,12,30,6,1,12,6
2025-01-12 12:35:00,12,35,6,1,17,7
2025-01-12 12:40:00,12,40,6,1,9,1
2025-01-12 12:45:00,12,45,6,1,4,6
2025-01-12 12:50:00,12,50,6,1,2,10
2025-01-12 12:55:00,12,55,6,1,9,9
2025-01-12 13:00:00,13,0,6,1,13,6
2025-01-12 13:05:00,13,5,6,1,11,7
2025-01-12 13:10:00,13,10,6,1,9,7
2025-01-12 13:15:00,13,15,6,1,7,8
2025-01-12 13:20:00,13,20,6,1,5,11
2025-01-12 13:25:00,13,25,6,1,13,2
2025-01-12 13:30:00,13,30,6,1,14,10
2025-01-12 13:35:00,13,35,6,1,4,12
2025-01-12 13:40:00,13,40,6,1,17,9
2025-01-12 13:45:00,13,45,6,1,14,10
2025-01-12 13:50:00,13,50,6,1,17,10
2025-01-12 13:55:00,13,55,6,1,7,11
2025-01-12 14:00:00,14,0,6,1,7,13
2025-01-12 14:05:00,14,5,6,1,12,14
2025-01-12 14:10:00,14,10,6,1,15,6
2025-01-12 14:15:00,14,15,6,1,21,18
2025-01-12 14:20:00,14,20,6,1,17,15
2025-01-12 14:25:00,14,25,6,1,14,24
2025-01-12 14:30:00,14,30,6,1,11,12
2025-01-12 14:35:00,14,35,6,1,21,14
2025-01-12 14:40:00,14,40,6,1,12,18
2025-01-12 14:45:00,14,45,6,1,23,21
2025-01-12 14:50:00,14,50,6,1,16,12
2025-01-12 14:55:00,14,55,6,1,24,17
2025-01-12 15:00:00,15,0,6,1,21,24
2025-01-12 15:05:00,15,5,6,1,18,18
2025-01-12 15:10:00,15,10,6,1,17,28
2025-01-12 15:15:00,15,15,6,1,19,21
2025-01-12 15:20:00,15,20,6,1,22,20
2025-01-12 15:25:00,15,25,6,1,21,27
2025-01-12 15:30:00,15,30,6,1,19,32
2025-01-12 15:35:00,15,35,6,1,21,28
2025-01-12 15:40:00,15,40,6,1,23,32
2025-01-12 15:45:00,15,45,6,1,14,34
2025-01-12 15:50:00,15,50,6,1,25,24
2025-01-12 15:55:00,15,55,6,1,20,32
2025-01-12 16:00:00,16,0,6,1,20,23
2025-01-12 16:05:00,16,5,6,1,18,31
2025-01-12 16:10:00,16,10,6,1,18,30
2025-01-12 16:15:00,16,15,6,1,20,35
2025-01-12 16:20:00,16,20,6,1,23,35
2025-01-12 16:25:00,16,25,6,1,34,33
2025-01-12 16:30:00,16,30,6,1,24,33
2025-01-12 16:35:00,16,35,6,1,27,34
2025-01-12 16:40:00,16,40,6,1,28,32
2025-01-12 16:45:00,16,45,6,1,27,32
2025-01-12 16:50:00,16,50,6,1,26,38
2025-01-12 16:55:00,16,55,6,1,22,38
2025-01-12 17:00:00,17,0,6,1,32,32
2025-01-12 17:05:00,17,5,6,1,34,33
2025-01-12 17:10:00,17,10,6,1,20,32
2025-01-12 17:15:00,17,15,6,1,22,26
2025-01-12 17:20:00,17,20,6,1,25,30
2025-01-12 17:25:00,17,25,6,1,22,38
2025-01-12 17:30:00,17,30,6,1,28,28
2025-01-12 17:35:00,17,35,6,1,23,39
2025-01-12 17:40:00,17,40,6,1,34,35
2025-01-12 17:45:00,17,45,6,1,30,32
2025-01-12 17:50:00,17,50,6,1,26,32
2025-01-12 17:55:00,17,55,6,1,29,26
2025-01-12 18:00:00,18,0,6,1,29,28
2025-01-12 18:05:00,18,5,6,1,21,34
2025-01-12 18:10:00,18,10,6,1,20,25
2025-01-12 18:15:00,18,15,6,1,23,31
2025-01-12 18:20:00,18,20,6,1,26,21
2025-01-12 18:25:00,18,25,6,1,22,21
2025-01-12 18:30:00,18,30,6,1,15,33
2025-01-12 18:35:00,18,35,6,1,18,25
2025-01-12 18:40:00,18,40,6,1,20,22
2025-01-12 18:45:00,18,45,6,1,20,29
2025-01-12 18:50:00,18,50,6,1,27,28
2025-01-12 18:55:00,18,55,6,1,13,26
2025-01-12 19:00:00,19,0,6,1,20,19
2025-01-12 19:05:00,19,5,6,1,24,19
2025-01-12 19:10:00,19,10,6,1,26,21
2025-01-12 19:15:00,19,15,6,1,15,22
2025-01-12 19:20:00,19,20,6,1,18,16
2025-01-12 19:25:00,19,25,6,1,18,18
2025-01-12 19:30:00,19,30,6,1,16,18
2025-01-12 19:35:00,19,35,6,1,14,22
2025-01-12 19:40:00,19,40,6,1,16,19
2025-01-12 19:45:00,19,45,6,1,4,9
2025-01-12 19:50:00,19,50,6,1,16,14
2025-01-12 19:55:00,19,55,6,1,13,10
2025-01-12 20:00:00,20,0,6,1,12,16
2025-01-12 20:05:00,20,5,6,1,20,16
2025-01-12 20:10:00,20,10,6,1,9,13
2025-01-12 20:15:00,20,15,6,1,10,11
2025-01-12 20:20:00,20,20,6,1,19,11
2025-01-12 20:25:00,20,25,6,1,7,12
2025-01-12 20:30:00,20,30,6,1,8,8
2025-01-12 20:35:00,20,35,6,1,9,5
2025-01-12 20:40:00,20,40,6,1,13,1
2025-01-12 20:45:00,20,45,6,1,10,14
2025-01-12 20:50:00,20,50,6,1,4,11
2025-01-12 20:55:00,20,55,6,1,7,10
2025-01-12 21:00:00,21,0,6,1,6,13
2025-01-12 21:05:00,21,5,6,1,8,3
2025-01-12 21:10:00,21,10,6,1,10,0
2025-01-12 21:15:00,21,15,6,1,9,9
2025-01-12 21:20:00,21,20,6,1,1,8
2025-01-12 21:25:00,21,25,6,1,12,0
2025-01-12 21:30:00,21,30,6,1,8,8
2025-01-12 21:35:00,21,35,6,1,13,5
2025-01-12 21:40:00,21,40,6,1,9,3
2025-01-12 21:45:00,21,45,6,1,11,5
2025-01-12 21:50:00,21,50,6,1,9,0
2025-01-12 21:55:00,21,55,6,1,12,3
2025-01-12 22:00:00,22,0,6,1,9,3
2025-01-12 22:05:00,22,5,6,1,6,8
2025-01-12 22:10:00,22,10,6,1,15,5
2025-01-12 22:15:00,22,15,6,1,10,8
2025-01-12 22:20:00,22,20,6,1,8,0
2025-01-12 22:25:00,22,25,6,1,1,2
2025-01-12 22:30:00,22,30,6,1,1,7
2025-01-12 22:35:00,22,35,6,1,7,4
2025-01-12 22:40:00,22,40,6,1,7,8
2025-01-12 22:45:00,22,45,6,1,3,0
2025-01-12 22:50:00,22,50,6,1,6,8
2025-01-12 22:55:00,22,55,6,1,12,2
2025-01-12 23:00:00,23,0,6,1,9,2
2025-01-12 23:05:00,23,5,6,1,1,8
2025-01-12 23:10:00,23,10,6,1,5,9
2025-01-12 23:15:00,23,15,6,1,3,9
2025-01-12 23:20:00,23,20,6,1,4,13
2025-01-12 23:25:00,23,25,6,1,4,9
2025-01-12 23:30:00,23,30,6,1,4,1
2025-01-12 23:35:00,23,35,6,1,1,5
2025-01-12 23:40:00,23,40,6,1,5,3
2025-01-12 23:45:00,23,45,6,1,3,12
2025-01-12 23:50:00,23,50,6,1,0,9
2025-01-12 23:55:00,23,55,6,1,14,4
2025-01-13 00:00:00,0,0,0,0,12,10
2025-01-13 00:05:00,0,5,0,0,6,1
2025-01-13 00:10:00,0,10,0,0,8,7
2025-01-13 00:15:00,0,15,0,0,3,2
2025-01-13 00:20:00,0,20,0,0,15,0
2025-01-13 00:25:00,0,25,0,0,16,9
2025-01-13 00:30:00,0,30,0,0,9,10
2025-01-13 00:35:00,0,35,0,0,12,8
2025-01-13 00:40:00,0,40,0,0,9,5
2025-01-13 00:45:00,0,45,0,0,3,1
2025-01-13 00:50:00,0,50,0,0,6,1
2025-01-13 00:55:00,0,55,0,0,9,2
2025-01-13 01:00:00,1,0,0,0,6,5
2025-01-13 01:05:00,1,5,0,0,7,10
2025-01-13 01:10:00,1,10,0,0,8,10
2025-01-13 01:15:00,1,15,0,0,8,0
2025-01-13 01:20:00,1,20,0,0,8,3
2025-01-13 01:25:00,1,25,0,0,4,3
2025-01-13 01:30:00,1,30,0,0,5,0
2025-01-13 01:35:00,1,35,0,0,3,8
2025-01-13 01:40:00,1,40,0,0,12,5
2025-01-13 01:45:00,1,45,0,0,0,6
2025-01-13 01:50:00,1,50,0,0,13,11
2025-01-13 01:55:00,1,55,0,0,14,6
2025-01-13 02:00:00,2,0,0,0,7,4
2025-01-13 02:05:00,2,5,0,0,0,8
2025-01-13 02:10:00,2,10,0,0,7,10
2025-01-13 02:15:00,2,15,0,0,8,7
2025-01-13 02:20:00,2,20,0,0,4,9
2025-01-13 02:25:00,2,25,0,0,6,5
2025-01-13 02:30:00,2,30,0,0,14,6
2025-01-13 02:35:00,2,35,0,0,11,6
2025-01-13 02:40:00,2,40,0,0,4,3
2025-01-13 02:45:00,2,45,0,0,2,4
2025-01-13 02:50:00,2,50,0,0,7,12
2025-01-13 02:55:00,2,55,0,0,7,14
2025-01-13 03:00:00,3,0,0,0,10,12
2025-01-13 03:05:00,3,5,0,0,6,1
2025-01-13 03:10:00,3,10,0,0,10,0
2025-01-13 03:15:00,3,15,0,0,16,1
2025-01-13 03:20:00,3,20,0,0,12,7
2025-01-13 03:25:00,3,25,0,0,8,0
2025-01-13 03:30:00,3,30,0,0,8,4
2025-01-13 03:35:00,3,35,0,0,7,12
2025-01-13 03:40:00,3,40,0,0,13,10
2025-01-13 03:45:00,3,45,0,0,6,4
2025-01-13 03:50:00,3,50,0,0,9,5
2025-01-13 03:55:00,3,55,0,0,9,9
2025-01-13 04:00:00,4,0,0,0,7,10
2025-01-13 04:05:00,4,5,0,0,4,5
2025-01-13 04:10:00,4,10,0,0,11,6
2025-01-13 04:15:00,4,15,0,0,9,5
2025-01-13 04:20:00,4,20,0,0,12,2
2025-01-13 04:25:00,4,25,0,0,8,7
2025-01-13 04:30:00,4,30,0,0,15,6
2025-01-13 04:35:00,4,35,0,0,7,3
2025-01-13 04:40:00,4,40,0,0,18,11
2025-01-13 04:45:00,4,45,0,0,4,10
2025-01-13 04:50:00,4,50,0,0,14,11
2025-01-13 04:55:00,4,55,0,0,14,6
2025-01-13 05:00:00,5,0,0,0,10,1
2025-01-13 05:05:00,5,5,0,0,15,12
2025-01-13 05:10:00,5,10,0,0,19,8
2025-01-13 05:15:00,5,15,0,0,6,7
2025-01-13 05:20:00,5,20,0,0,17,6
2025-01-13 05:25:00,5,25,0,0,6,11
2025-01-13 05:30:00,5,30,0,0,13,19
2025-01-13 05:35:00,5,35,0,0,24,11
2025-01-13 05:40:00,5,40,0,0,16,9
2025-01-13 05:45:00,5,45,0,0,15,17
2025-01-13 05:50:00,5,50,0,0,20,15
2025-01-13 05:55:00,5,55,0,0,30,7
2025-01-13 06:00:00,6,0,0,0,15,19
2025-01-13 06:05:00,6,5,0,0,19,26
2025-01-13 06:10:00,6,10,0,0,31,7
2025-01-13 06:15:00,6,15,0,0,33,14
2025-01-13 06:20:00,6,20,0,0,26,8
2025-01-13 06:25:00,6,25,0,0,23,20
2025-01-13 06:30:00,6,30,0,0,38,25
2025-01-13 06:35:00,6,35,0,0,37,22
2025-01-13 06:40:00,6,40,0,0,34,28
2025-01-13 06:45:00,6,45,0,0,29,27
2025-01-13 06:50:00,6,50,0,0,34,31
2025-01-13 06:55:00,6,55,0,0,34,30
2025-01-13 07:00:00,7,0,0,0,37,24
2025-01-13 07:05:00,7,5,0,0,43,27
2025-01-13 07:10:00,7,10,0,0,42,24
2025-01-13 07:15:00,7,15,0,0,35,27
2025-01-13 07:20:00,7,20,0,0,45,29
2025-01-13 07:25:00,7,25,0,0,42,29
2025-01-13 07:30:00,7,30,0,0,44,35
2025-01-13 07:35:00,7,35,0,0,48,29
2025-01-13 07:40:00,7,40,0,0,38,27
2025-01-13 07:45:00,7,45,0,0,42,27
2025-01-13 07:50:00,7,50,0,0,41,33
2025-01-13 07:55:00,7,55,0,0,37,25
2025-01-13 08:00:00,8,0,0,0,44,30
2025-01-13 08:05:00,8,5,0,0,53,36
2025-01-13 08:10:00,8,10,0,0,35,32
2025-01-13 08:15:00,8,15,0,0,42,30
2025-01-13 08:20:00,8,20,0,0,45,30
2025-01-13 08:25:00,8,25,0,0,42,26
2025-01-13 08:30:00,8,30,0,0,41,26
2025-01-13 08:35:00,8,35,0,0,35,28
2025-01-13 08:40:00,8,40,0,0,41,30
2025-01-13 08:45:00,8,45,0,0,36,32
2025-01-13 08:50:00,8,50,0,0,29,28
2025-01-13 08:55:00,8,55,0,0,42,32
2025-01-13 09:00:00,9,0,0,0,40,32
2025-01-13 09:05:00,9,5,0,0,35,28
2025-01-13 09:10:00,9,10,0,0,35,29
2025-01-13 09:15:00,9,15,0,0,37,20
2025-01-13 09:20:00,9,20,0,0,32,18
2025-01-13 09:25:00,9,25,0,0,34,24
2025-01-13 09:30:00,9,30,0,0,28,16
2025-01-13 09:35:00,9,35,0,0,33,19
2025-01-13 09:40:00,9,40,0,0,28,23
2025-01-13 09:45:00,9,45,0,0,27,24
2025-01-13 09:50:00,9,50,0,0,20,17
2025-01-13 09:55:00,9,55,0,0,25,15
2025-01-13 10:00:00,10,0,0,0,19,18
2025-01-13 10:05:00,10,5,0,0,19,11
2025-01-13 10:10:00,10,10,0,0,17,14
2025-01-13 10:15:00,10,15,0,0,15,14
2025-01-13 10:20:00,10,20,0,0,27,13
2025-01-13 10:25:00,10,25,0,0,23,13
2025-01-13 10:30:00,10,30,0,0,25,9
2025-01-13 10:35:00,10,35,0,0,11,9
2025-01-13 10:40:00,10,40,0,0,16,8
2025-01-13 10:45:00,10,45,0,0,10,4
2025-01-13 10:50:00,10,50,0,0,11,12
2025-01-13 10:55:00,10,55,0,0,10,14
2025-01-13 11:00:00,11,0,0,0,18,13
2025-01-13 11:05:00,11,5,0,0,11,8
2025-01-13 11:10:00,11,10,0,0,16,6
2025-01-13 11:15:00,11,15,0,0,14,12
2025-01-13 11:20:00,11,20,0,0,21,11
2025-01-13 11:25:00,11,25,0,0,5,10
2025-01-13 11:30:00,11,30,0,0,16,16
2025-01-13 11:35:00,11,35,0,0,15,8
2025-01-13 11:40:00,11,40,0,0,7,7
2025-01-13 11:45:00,11,45,0,0,15,7
2025-01-13 11:50:00,11,50,0,0,12,2
2025-01-13 11:55:00,11,55,0,0,9,11
2025-01-13 12:00:00,12,0,0,0,7,8
2025-01-13 12:05:00,12,5,0,0,7,11
2025-01-13 12:10:00,12,10,0,0,19,16
2025-01-13 12:15:00,12,15,0,0,10,7
2025-01-13 12:20:00,12,20,0,0,14,0
2025-01-13 12:25:00,12,25,0,0,7,11
2025-01-13 12:30:00,12,30,0,0,8,10
2025-01-13 12:35:00,12,35,0,0,15,7
2025-01-13 12:40:00,12,40,0,0,6,12
2025-01-13 12:45:00,12,45,0,0,10,13
2025-01-13 12:50:00,12,50,0,0,12,7
2025-01-13 12:55:00,12,55,0,0,12,10
2025-01-13 13:00:00,13,0,0,0,11,17
2025-01-13 13:05:00,13,5,0,0,14,9
2025-01-13 13:10:00,13,10,0,0,16,13
2025-01-13 13:15:00,13,15,0,0,16,2
2025-01-13 13:20:00,13,20,0,0,10,8
2025-01-13 13:25:00,13,25,0,0,13,15
2025-01-13 13:30:00,13,30,0,0,19,20
2025-01-13 13:35:00,13,35,0,0,19,10
2025-01-13 13:40:00,13,40,0,0,10,16
2025-01-13 13:45:00,13,45,0,0,17,15
2025-01-13 13:50:00,13,50,0,0,9,21
2025-01-13 13:55:00,13,55,0,0,17,13
2025-01-13 14:00:00,14,0,0,0,25,21
2025-01-13 14:05:00,14,5,0,0,15,17
2025-01-13 14:10:00,14,10,0,0,16,22
2025-01-13 14:15:00,14,15,0,0,23,22
2025-01-13 14:20:00,14,20,0,0,14,21
2025-01-13 14:25:00,14,25,0,0,18,25
2025-01-13 14:30:00,14,30,0,0,24,24
2025-01-13 14:35:00,14,35,0,0,20,25
2025-01-13 14:40:00,14,40,0,0,22,25
2025-01-13 14:45:00,14,45,0,0,27,28
2025-01-13 14:50:00,14,50,0,0,26,29
2025-01-13 14:55:00,14,55,0,0,27,25
2025-01-13 15:00:00,15,0,0,0,25,29
2025-01-13 15:05:00,15,5,0,0,28,27
2025-01-13 15:10:00,15,10,0,0,27,32
2025-01-13 15:15:00,15,15,0,0,30,31
2025-01-13 15:20:00,15,20,0,0,27,37
2025-01-13 15:25:00,15,25,0,0,29,38
2025-01-13 15:30:00,15,30,0,0,27,33
2025-01-13 15:35:00,15,35,0,0,31,37
2025-01-13 15:40:00,15,40,0,0,29,41
2025-01-13 15:45:00,15,45,0,0,28,38
2025-01-13 15:50:00,15,50,0,0,34,37
2025-01-13 15:55:00,15,55,0,0,35,36
2025-01-13 16:00:00,16,0,0,0,38,45
2025-01-13 16:05:00,16,5,0,0,33,46
2025-01-13 16:10:00,16,10,0,0,37,42
2025-01-13 16:15:00,16,15,0,0,38,46
2025-01-13 16:20:00,16,20,0,0,38,32
2025-01-13 16:25:00,16,25,0,0,33,50
2025-01-13 16:30:00,16,30,0,0,38,44
2025-01-13 16:35:00,16,35,0,0,39,46
2025-01-13 16:40:00,16,40,0,0,38,44
2025-01-13 16:45:00,16,45,0,0,29,51
2025-01-13 16:50:00,16,50,0,0,39,42
2025-01-13 16:55:00,16,55,0,0,47,52
2025-01-13 17:00:00,17,0,0,0,37,48
2025-01-13 17:05:00,17,5,0,0,35,48
2025-01-13 17:10:00,17,10,0,0,39,45
2025-01-13 17:15:00,17,15,0,0,39,40
2025-01-13 17:20:00,17,20,0,0,42,49
2025-01-13 17:25:00,17,25,0,0,32,46
2025-01-13 17:30:00,17,30,0,0,40,50
2025-01-13 17:35:00,17,35,0,0,39,44
2025-01-13 17:40:00,17,40,0,0,36,42
2025-01-13 17:45:00,17,45,0,0,37,49
2025-01-13 17:50:00,17,50,0,0,40,50
2025-01-13 17:55:00,17,55,0,0,38,42
2025-01-13 18:00:00,18,0,0,0,30,38
2025-01-13 18:05:00,18,5,0,0,37,44
2025-01-13 18:10:00,18,10,0,0,33,39
2025-01-13 18:15:00,18,15,0,0,33,41
2025-01-13 18:20:00,18,20,0,0,32,37
2025-01-13 18:25:00,18,25,0,0,31,43
2025-01-13 18:30:00,18,30,0,0,35,33
2025-01-13 18:35:00,18,35,0,0,30,37
2025-01-13 18:40:00,18,40,0,0,25,32
2025-01-13 18:45:00,18,45,0,0,27,32
2025-01-13 18:50:00,18,50,0,0,28,31
2025-01-13 18:55:00,18,55,0,0,32,34
2025-01-13 19:00:00,19,0,0,0,29,34
2025-01-13 19:05:00,19,5,0,0,22,31
2025-01-13 19:10:00,19,10,0,0,35,28
2025-01-13 19:15:00,19,15,0,0,25,28
2025-01-13 19:20:00,19,20,0,0,28,30
2025-01-13 19:25:00,19,25,0,0,22,29
2025-01-13 19:30:00,19,30,0,0,24,14
2025-01-13 19:35:00,19,35,0,0,24,22
2025-01-13 19:40:00,19,40,0,0,25,22
2025-01-13 19:45:00,19,45,0,0,24,24
2025-01-13 19:50:00,19,50,0,0,22,20
2025-01-13 19:55:00,19,55,0,0,17,23
2025-01-13 20:00:00,20,0,0,0,15,15
2025-01-13 20:05:00,20,5,0,0,18,19
2025-01-13 20:10:00,20,10,0,0,20,21
2025-01-13 20:15:00,20,15,0,0,15,11
2025-01-13 20:20:00,20,20,0,0,20,26
2025-01-13 20:25:00,20,25,0,0,21,20
2025-01-13 20:30:00,20,30,0,0,11,15
2025-01-13 20:35:00,20,35,0,0,11,11
2025-01-13 20:40:00,20,40,0,0,13,13
2025-01-13 20:45:00,20,45,0,0,14,13
2025-01-13 20:50:00,20,50,0,0,11,14
2025-01-13 20:55:00,20,55,0,0,18,18
2025-01-13 21:00:00,21,0,0,0,14,10
2025-01-13 21:05:00,21,5,0,0,12,13
2025-01-13 21:10:00,21,10,0,0,6,5
2025-01-13 21:15:00,21,15,0,0,6,9
2025-01-13 21:20:00,21,20,0,0,12,11
2025-01-13 21:25:00,21,25,0,0,2,12
2025-01-13 21:30:00,21,30,0,0,14,6
2025-01-13 21:35:00,21,35,0,0,10,7
2025-01-13 21:40:00,21,40,0,0,23,14
2025-01-13 21:45:00,21,45,0,0,19,13
2025-01-13 21:50:00,21,50,0,0,9,9
2025-01-13 21:55:00,21,55,0,0,9,0
2025-01-13 22:00:00,22,0,0,0,13,18
2025-01-13 22:05:00,22,5,0,0,16,8
2025-01-13 22:10:00,22,10,0,0,3,6
2025-01-13 22:15:00,22,15,0,0,2,5
2025-01-13 22:20:00,22,20,0,0,6,9
2025-01-13 22:25:00,22,25,0,0,11,9
2025-01-13 22:30:00,22,30,0,0,11,11
2025-01-13 22:35:00,22,35,0,0,13,3
2025-01-13 22:40:00,22,40,0,0,4,5
2025-01-13 22:45:00,22,45,0,0,0,15
2025-01-13 22:50:00,22,50,0,0,12,7
2025-01-13 22:55:00,22,55,0,0,5,6
2025-01-13 23:00:00,23,0,0,0,0,3
2025-01-13 23:05:00,23,5,0,0,9,8
2025-01-13 23:10:00,23,10,0,0,11,10
2025-01-13 23:15:00,23,15,0,0,8,10
2025-01-13 23:20:00,23,20,0,0,6,5
2025-01-13 23:25:00,23,25,0,0,8,8
2025-01-13 23:30:00,23,30,0,0,7,13
2025-01-13 23:35:00,23,35,0,0,3,10
2025-01-13 23:40:00,23,40,0,0,5,3
2025-01-13 23:45:00,23,45,0,0,10,0
2025-01-13 23:50:00,23,50,0,0,9,7
2025-01-13 23:55:00,23,55,0,0,9,9
2025-01-14 00:00:00,0,0,1,0,4,2
2025-01-14 00:05:00,0,5,1,0,7,6
2025-01-14 00:10:00,0,10,1,0,0,5
2025-01-14 00:15:00,0,15,1,0,9,6
2025-01-14 00:20:00,0,20,1,0,14,4
2025-01-14 00:25:00,0,25,1,0,2,11
2025-01-14 00:30:00,0,30,1,0,6,7
2025-01-14 00:35:00,0,35,1,0,9,2
2025-01-14 00:40:00,0,40,1,0,13,10
2025-01-14 00:45:00,0,45,1,0,6,1
2025-01-14 00:50:00,0,50,1,0,5,11
2025-01-14 00:55:00,0,55,1,0,0,10
2025-01-14 01:00:00,1,0,1,0,8,12
2025-01-14 01:05:00,1,5,1,0,16,5
2025-01-14 01:10:00,1,10,1,0,9,4
2025-01-14 01:15:00,1,15,1,0,8,6
2025-01-14 01:20:00,1,20,1,0,9,6
2025-01-14 01:25:00,1,25,1,0,8,3
2025-01-14 01:30:00,1,30,1,0,5,4
2025-01-14 01:35:00,1,35,1,0,11,5
2025-01-14 01:40:00,1,40,1,0,9,1
2025-01-14 01:45:00,1,45,1,0,8,9
2025-01-14 01:50:00,1,50,1,0,4,6
2025-01-14 01:55:00,1,55,1,0,13,5
2025-01-14 02:00:00,2,0,1,0,11,2
2025-01-14 02:05:00,2,5,1,0,6,1
2025-01-14 02:10:00,2,10,1,0,12,14
2025-01-14 02:15:00,2,15,1,0,6,4
2025-01-14 02:20:00,2,20,1,0,5,8
2025-01-14 02:25:00,2,25,1,0,5,7
2025-01-14 02:30:00,2,30,1,0,1,0
2025-01-14 02:35:00,2,35,1,0,10,13
2025-01-14 02:40:00,2,40,1,0,1,9
2025-01-14 02:45:00,2,45,1,0,3,3
2025-01-14 02:50:00,2,50,1,0,0,6
2025-01-14 02:55:00,2,55,1,0,8,1
2025-01-14 03:00:00,3,0,1,0,8,13
2025-01-14 03:05:00,3,5,1,0,7,2
2025-01-14 03:10:00,3,10,1,0,4,4
2025-01-14 03:15:00,3,15,1,0,4,3
2025-01-14 03:20:00,3,20,1,0,10,7
2025-01-14 03:25:00,3,25,1,0,6,12
2025-01-14 03:30:00,3,30,1,0,10,13
2025-01-14 03:35:00,3,35,1,0,5,5
2025-01-14 03:40:00,3,40,1,0,9,8
2025-01-14 03:45:00,3,45,1,0,14,7
2025-01-14 03:50:00,3,50,1,0,11,3
2025-01-14 03:55:00,3,55,1,0,7,16
2025-01-14 04:00:00,4,0,1,0,10,12
2025-01-14 04:05:00,4,5,1,0,8,8
2025-01-14 04:10:00,4,10,1,0,9,13
2025-01-14 04:15:00,4,15,1,0,8,12
2025-01-14 04:20:00,4,20,1,0,9,8
2025-01-14 04:25:00,4,25,1,0,11,9
2025-01-14 04:30:00,4,30,1,0,6,14
2025-01-14 04:35:00,4,35,1,0,7,4
2025-01-14 04:40:00,4,40,1,0,5,15
2025-01-14 04:45:00,4,45,1,0,5,7
2025-01-14 04:50:00,4,50,1,0,7,15
2025-01-14 04:55:00,4,55,1,0,13,9
2025-01-14 05:00:00,5,0,1,0,9,11
2025-01-14 05:05:00,5,5,1,0,15,10
2025-01-14 05:10:00,5,10,1,0,14,8
2025-01-14 05:15:00,5,15,1,0,7,10
2025-01-14 05:20:00,5,20,1,0,18,17
2025-01-14 05:25:00,5,25,1,0,19,2
2025-01-14 05:30:00,5,30,1,0,13,7
2025-01-14 05:35:00,5,35,1,0,19,10
2025-01-14 05:40:00,5,40,1,0,15,9
2025-01-14 05:45:00,5,45,1,0,20,20
2025-01-14 05:50:00,5,50,1,0,15,20
2025-01-14 05:55:00,5,55,1,0,14,18
2025-01-14 06:00:00,6,0,1,0,21,14
2025-01-14 06:05:00,6,5,1,0,23,22
2025-01-14 06:10:00,6,10,1,0,23,11
2025-01-14 06:15:00,6,15,1,0,21,27
2025-01-14 06:20:00,6,20,1,0,25,17
2025-01-14 06:25:00,6,25,1,0,29,19
2025-01-14 06:30:00,6,30,1,0,29,19
2025-01-14 06:35:00,6,35,1,0,31,18
2025-01-14 06:40:00,6,40,1,0,29,31
2025-01-14 06:45:00,6,45,1,0,37,27
2025-01-14 06:50:00,6,50,1,0,29,29
2025-01-14 06:55:00,6,55,1,0,37,20
2025-01-14 07:00:00,7,0,1,0,41,27
2025-01-14 07:05:00,7,5,1,0,39,29
2025-01-14 07:10:00,7,10,1,0,37,29
2025-01-14 07:15:00,7,15,1,0,37,23
2025-01-14 07:20:00,7,20,1,0,44,33
2025-01-14 07:25:00,7,25,1,0,35,30
2025-01-14 07:30:00,7,30,1,0,37,26
2025-01-14 07:35:00,7,35,1,0,40,23
2025-01-14 07:40:00,7,40,1,0,47,33
2025-01-14 07:45:00,7,45,1,0,44,40
2025-01-14 07:50:00,7,50,1,0,39,27
2025-01-14 07:55:00,7,55,1,0,42,32
2025-01-14 08:00:00,8,0,1,0,41,35
2025-01-14 08:05:00,8,5,1,0,40,26
2025-01-14 08:10:00,8,10,1,0,47,29
2025-01-14 08:15:00,8,15,1,0,37,27
2025-01-14 08:20:00,8,20,1,0,49,34
2025-01-14 08:25:00,8,25,1,0,45,35
2025-01-14 08:30:00,8,30,1,0,45,30
2025-01-14 08:35:00,8,35,1,0,39,26
2025-01-14 08:40:00,8,40,1,0,39,27
2025-01-14 08:45:00,8,45,1,0,33,26
2025-01-14 08:50:00,8,50,1,0,36,24
2025-01-14 08:55:00,8,55,1,0,39,26
2025-01-14 09:00:00,9,0,1,0,41,28
2025-01-14 09:05:00,9,5,1,0,31,27
2025-01-14 09:10:00,9,10,1,0,32,24
2025-01-14 09:15:00,9,15,1,0,32,24
2025-01-14 09:20:00,9,20,1,0,26,23
2025-01-14 09:25:00,9,25,1,0,33,17
2025-01-14 09:30:00,9,30,1,0,26,22
2025-01-14 09:35:00,9,35,1,0,27,18
2025-01-14 09:40:00,9,40,1,0,25,14
2025-01-14 09:45:00,9,45,1,0,23,20
2025-01-14 09:50:00,9,50,1,0,25,15
2025-01-14 09:55:00,9,55,1,0,23,18
2025-01-14 10:00:00,10,0,1,0,21,20
2025-01-14 10:05:00,10,5,1,0,19,12
2025-01-14 10:10:00,10,10,1,0,22,15
2025-01-14 10:15:00,10,15,1,0,26,7
2025-01-14 10:20:00,10,20,1,0,19,20
2025-01-14 10:25:00,10,25,1,0,22,8
2025-01-14 10:30:00,10,30,1,0,11,10
2025-01-14 10:35:00,10,35,1,0,17,17
2025-01-14 10:40:00,10,40,1,0,11,10
2025-01-14 10:45:00,10,45,1,0,9,6
2025-01-14 10:50:00,10,50,1,0,11,13
2025-01-14 10:55:00,10,55,1,0,18,13
2025-01-14 11:00:00,11,0,1,0,17,7
2025-01-14 11:05:00,11,5,1,0,14,7
2025-01-14 11:10:00,11,10,1,0,6,8
2025-01-14 11:15:00,11,15,1,0,11,8
2025-01-14 11:20:00,11,20,1,0,13,1
2025-01-14 11:25:00,11,25,1,0,12,8
2025-01-14 11:30:00,11,30,1,0,4,16
2025-01-14 11:35:00,11,35,1,0,7,5
2025-01-14 11:40:00,11,40,1,0,10,6
2025-01-14 11:45:00,11,45,1,0,13,4
2025-01-14 11:50:00,11,50,1,0,2,11
2025-01-14 11:55:00,11,55,1,0,10,13
2025-01-14 12:00:00,12,0,1,0,11,13
2025-01-14 12:05:00,12,5,1,0,14,4
2025-01-14 12:10:00,12,10,1,0,13,11
2025-01-14 12:15:00,12,15,1,0,13,15
2025-01-14 12:20:00,12,20,1,0,7,11
2025-01-14 12:25:00,12,25,1,0,3,11
2025-01-14 12:30:00,12,30,1,0,9,8
2025-01-14 12:35:00,12,35,1,0,15,11
2025-01-14 12:40:00,12,40,1,0,17,15
2025-01-14 12:45:00,12,45,1,0,14,12
2025-01-14 12:50:00,12,50,1,0,13,6
2025-01-14 12:55:00,12,55,1,0,13,9
2025-01-14 13:00:00,13,0,1,0,10,16
2025-01-14 13:05:00,13,5,1,0,12,13
2025-01-14 13:10:00,13,10,1,0,20,13
2025-01-14 13:15:00,13,15,1,0,9,11
2025-01-14 13:20:00,13,20,1,0,20,18
2025-01-14 13:25:00,13,25,1,0,13,21
2025-01-14 13:30:00,13,30,1,0,20,20
2025-01-14 13:35:00,13,35,1,0,9,21
2025-01-14 13:40:00,13,40,1,0,18,15
2025-01-14 13:45:00,13,45,1,0,13,15
2025-01-14 13:50:00,13,50,1,0,11,17
2025-01-14 13:55:00,13,55,1,0,18,18
2025-01-14 14:00:00,14,0,1,0,22,25
2025-01-14 14:05:00,14,5,1,0,15,24
2025-01-14 14:10:00,14,10,1,0,13,23
2025-01-14 14:15:00,14,15,1,0,19,16
2025-01-14 14:20:00,14,20,1,0,20,16
2025-01-14 14:25:00,14,25,1,0,23,24
2025-01-14 14:30:00,14,30,1,0,26,28
2025-01-14 14:35:00,14,35,1,0,22,25
2025-01-14 14:40:00,14,40,1,0,31,34
2025-01-14 14:45:00,14,45,1,0,25,23
2025-01-14 14:50:00,14,50,1,0,23,23
2025-01-14 14:55:00,14,55,1,0,19,27
2025-01-14 15:00:00,15,0,1,0,25,27
2025-01-14 15:05:00,15,5,1,0,26,33
2025-01-14 15:10:00,15,10,1,0,32,31
2025-01-14 15:15:00,15,15,1,0,30,27
2025-01-14 15:20:00,15,20,1,0,24,38
2025-01-14 15:25:00,15,25,1,0,31,28
2025-01-14 15:30:00,15,30,1,0,33,32
2025-01-14 15:35:00,15,35,1,0,37,31
2025-01-14 15:40:00,15,40,1,0,36,39
2025-01-14 15:45:00,15,45,1,0,36,40
2025-01-14 15:50:00,15,50,1,0,34,47
2025-01-14 15:55:00,15,55,1,0,35,44
2025-01-14 16:00:00,16,0,1,0,39,47
2025-01-14 16:05:00,16,5,1,0,30,43
2025-01-14 16:10:00,16,10,1,0,34,39
2025-01-14 16:15:00,16,15,1,0,33,44
2025-01-14 16:20:00,16,20,1,0,38,46
2025-01-14 16:25:00,16,25,1,0,42,47
2025-01-14 16:30:00,16,30,1,0,35,43
2025-01-14 16:35:00,16,35,1,0,28,47
2025-01-14 16:40:00,16,40,1,0,36,42
2025-01-14 16:45:00,16,45,1,0,41,42
2025-01-14 16:50:00,16,50,1,0,40,41
2025-01-14 16:55:00,16,55,1,0,40,46
2025-01-14 17:00:00,17,0,1,0,37,41
2025-01-14 17:05:00,17,5,1,0,33,44
2025-01-14 17:10:00,17,10,1,0,40,49
2025-01-14 17:15:00,17,15,1,0,34,42
2025-01-14 17:20:00,17,20,1,0,46,43
2025-01-14 17:25:00,17,25,1,0,40,45
2025-01-14 17:30:00,17,30,1,0,35,46
2025-01-14 17:35:00,17,35,1,0,34,42
2025-01-14 17:40:00,17,40,1,0,36,47
2025-01-14 17:45:00,17,45,1,0,35,46
2025-01-14 17:50:00,17,50,1,0,40,47
2025-01-14 17:55:00,17,55,1,0,36,42
2025-01-14 18:00:00,18,0,1,0,32,39
2025-01-14 18:05:00,18,5,1,0,41,38
2025-01-14 18:10:00,18,10,1,0,34,41
2025-01-14 18:15:00,18,15,1,0,36,37
2025-01-14 18:20:00,18,20,1,0,30,36
2025-01-14 18:25:00,18,25,1,0,33,35
2025-01-14 18:30:00,18,30,1,0,32,33
2025-01-14 18:35:00,18,35,1,0,22,36
2025-01-14 18:40:00,18,40,1,0,37,29
2025-01-14 18:45:00,18,45,1,0,34,34
2025-01-14 18:50:00,18,50,1,0,26,35
2025-01-14 18:55:00,18,55,1,0,23,29
2025-01-14 19:00:00,19,0,1,0,28,38
2025-01-14 19:05:00,19,5,1,0,26,29
2025-01-14 19:10:00,19,10,1,0,26,22
2025-01-14 19:15:00,19,15,1,0,25,26
2025-01-14 19:20:00,19,20,1,0,25,27
2025-01-14 19:25:00,19,25,1,0,28,27
2025-01-14 19:30:00,19,30,1,0,24,23
2025-01-14 19:35:00,19,35,1,0,17,19
2025-01-14 19:40:00,19,40,1,0,26,18
2025-01-14 19:45:00,19,45,1,0,26,19
2025-01-14 19:50:00,19,50,1,0,32,18
2025-01-14 19:55:00,19,55,1,0,14,15
2025-01-14 20:00:00,20,0,1,0,19,16
2025-01-14 20:05:00,20,5,1,0,9,21
2025-01-14 20:10:00,20,10,1,0,19,24
2025-01-14 20:15:00,20,15,1,0,14,20
2025-01-14 20:20:00,20,20,1,0,23,21
2025-01-14 20:25:00,20,25,1,0,12,19
2025-01-14 20:30:00,20,30,1,0,8,18
2025-01-14 20:35:00,20,35,1,0,12,13
2025-01-14 20:40:00,20,40,1,0,6,14
2025-01-14 20:45:00,20,45,1,0,16,11
2025-01-14 20:50:00,20,50,1,0,5,11
2025-01-14 20:55:00,20,55,1,0,13,12
2025-01-14 21:00:00,21,0,1,0,4,14
2025-01-14 21:05:00,21,5,1,0,10,13
2025-01-14 21:10:00,21,10,1,0,18,10
2025-01-14 21:15:00,21,15,1,0,13,10
2025-01-14 21:20:00,21,20,1,0,7,12
2025-01-14 21:25:00,21,25,1,0,10,12
2025-01-14 21:30:00,21,30,1,0,10,3
2025-01-14 21:35:00,21,35,1,0,12,5
2025-01-14 21:40:00,21,40,1,0,5,13
2025-01-14 21:45:00,21,45,1,0,12,8
2025-01-14 21:50:00,21,50,1,0,0,6
2025-01-14 21:55:00,21,55,1,0,7,7
2025-01-14 22:00:00,22,0,1,0,7,7
2025-01-14 22:05:00,22,5,1,0,12,10
2025-01-14 22:10:00,22,10,1,0,9,3
2025-01-14 22:15:00,22,15,1,0,3,7
2025-01-14 22:20:00,22,20,1,0,5,8
2025-01-14 22:25:00,22,25,1,0,10,9
2025-01-14 22:30:00,22,30,1,0,8,8
2025-01-14 22:35:00,22,35,1,0,6,9
2025-01-14 22:40:00,22,40,1,0,7,4
2025-01-14 22:45:00,22,45,1,0,11,3
2025-01-14 22:50:00,22,50,1,0,6,16
2025-01-14 22:55:00,22,55,1,0,8,5
2025-01-14 23:00:00,23,0,1,0,17,6
2025-01-14 23:05:00,23,5,1,0,3,9
2025-01-14 23:10:00,23,10,1,0,1,13
2025-01-14 23:15:00,23,15,1,0,11,4
2025-01-14 23:20:00,23,20,1,0,5,2
2025-01-14 23:25:00,23,25,1,0,7,1
2025-01-14 23:30:00,23,30,1,0,5,13
2025-01-14 23:35:00,23,35,1,0,7,2
2025-01-14 23:40:00,23,40,1,0,15,6
2025-01-14 23:45:00,23,45,1,0,11,2
2025-01-14 23:50:00,23,50,1,0,12,0
2025-01-14 23:55:00,23,55,1,0,2,5
2025-01-15 00:00:00,0,0,2,0,3,2
2025-01-15 00:05:00,0,5,2,0,0,3
2025-01-15 00:10:00,0,10,2,0,5,14
2025-01-15 00:15:00,0,15,2,0,12,8
2025-01-15 00:20:00,0,20,2,0,10,10
2025-01-15 00:25:00,0,25,2,0,7,9
2025-01-15 00:30:00,0,30,2,0,8,6
2025-01-15 00:35:00,0,35,2,0,5,4
2025-01-15 00:40:00,0,40,2,0,9,7
2025-01-15 00:45:00,0,45,2,0,11,7
2025-01-15 00:50:00,0,50,2,0,2,4
2025-01-15 00:55:00,0,55,2,0,9,7
2025-01-15 01:00:00,1,0,2,0,12,3
2025-01-15 01:05:00,1,5,2,0,6,5
2025-01-15 01:10:00,1,10,2,0,11,5
2025-01-15 01:15:00,1,15,2,0,19,1
2025-01-15 01:20:00,1,20,2,0,8,0
2025-01-15 01:25:00,1,25,2,0,10,2
2025-01-15 01:30:00,1,30,2,0,5,13
2025-01-15 01:35:00,1,35,2,0,9,5
2025-01-15 01:40:00,1,40,2,0,10,9
2025-01-15 01:45:00,1,45,2,0,9,0
2025-01-15 01:50:00,1,50,2,0,4,2
2025-01-15 01:55:00,1,55,2,0,9,1
2025-01-15 02:00:00,2,0,2,0,14,5
2025-01-15 02:05:00,2,5,2,0,10,16
2025-01-15 02:10:00,2,10,2,0,12,8
2025-01-15 02:15:00,2,15,2,0,7,13
2025-01-15 02:20:00,2,20,2,0,11,5
2025-01-15 02:25:00,2,25,2,0,9,11
2025-01-15 02:30:00,2,30,2,0,4,14
2025-01-15 02:35:00,2,35,2,0,9,6
2025-01-15 02:40:00,2,40,2,0,4,4
2025-01-15 02:45:00,2,45,2,0,6,1
2025-01-15 02:50:00,2,50,2,0,9,5
2025-01-15 02:55:00,2,55,2,0,9,6
2025-01-15 03:00:00,3,0,2,0,3,14
2025-01-15 03:05:00,3,5,2,0,12,1
2025-01-15 03:10:00,3,10,2,0,10,6
2025-01-15 03:15:00,3,15,2,0,5,0
2025-01-15 03:20:00,3,20,2,0,2,4
2025-01-15 03:25:00,3,25,2,0,8,7
2025-01-15 03:30:00,3,30,2,0,7,8
2025-01-15 03:35:00,3,35,2,0,9,9
2025-01-15 03:40:00,3,40,2,0,7,8
2025-01-15 03:45:00,3,45,2,0,1,9
2025-01-15 03:50:00,3,50,2,0,7,7
2025-01-15 03:55:00,3,55,2,0,8,2
2025-01-15 04:00:00,4,0,2,0,12,0
2025-01-15 04:05:00,4,5,2,0,6,5
2025-01-15 04:10:00,4,10,2,0,16,6
2025-01-15 04:15:00,4,15,2,0,2,12
2025-01-15 04:20:00,4,20,2,0,15,7
2025-01-15 04:25:00,4,25,2,0,9,7
2025-01-15 04:30:00,4,30,2,0,14,9
2025-01-15 04:35:00,4,35,2,0,11,7
2025-01-15 04:40:00,4,40,2,0,16,11
2025-01-15 04:45:00,4,45,2,0,10,16
2025-01-15 04:50:00,4,50,2,0,7,17
2025-01-15 04:55:00,4,55,2,0,18,9
2025-01-15 05:00:00,5,0,2,0,12,11
2025-01-15 05:05:00,5,5,2,0,14,16
2025-01-15 05:10:00,5,10,2,0,19,10
2025-01-15 05:15:00,5,15,2,0,10,13
2025-01-15 05:20:00,5,20,2,0,18,7
2025-01-15 05:25:00,5,25,2,0,14,10
2025-01-15 05:30:00,5,30,2,0,16,17
2025-01-15 05:35:00,5,35,2,0,18,10
2025-01-15 05:40:00,5,40,2,0,12,13
2025-01-15 05:45:00,5,45,2,0,16,8
2025-01-15 05:50:00,5,50,2,0,26,23
2025-01-15 05:55:00,5,55,2,0,25,21
2025-01-15 06:00:00,6,0,2,0,22,17
2025-01-15 06:05:00,6,5,2,0,24,19
2025-01-15 06:10:00,6,10,2,0,23,19
2025-01-15 06:15:00,6,15,2,0,31,24
2025-01-15 06:20:00,6,20,2,0,26,17
2025-01-15 06:25:00,6,25,2,0,29,23
2025-01-15 06:30:00,6,30,2,0,34,25
2025-01-15 06:35:00,6,35,2,0,27,27
2025-01-15 06:40:00,6,40,2,0,38,14
2025-01-15 06:45:00,6,45,2,0,27,21
2025-01-15 06:50:00,6,50,2,0,40,20
2025-01-15 06:55:00,6,55,2,0,33,26
2025-01-15 07:00:00,7,0,2,0,35,18
2025-01-15 07:05:00,7,5,2,0,29,19
2025-01-15 07:10:00,7,10,2,0,36,36
2025-01-15 07:15:00,7,15,2,0,35,31
2025-01-15 07:20:00,7,20,2,0,37,29
2025-01-15 07:25:00,7,25,2,0,40,31
2025-01-15 07:30:00,7,30,2,0,45,30
2025-01-15 07:35:00,7,35,2,0,43,34
2025-01-15 07:40:00,7,40,2,0,43,28
2025-01-15 07:45:00,7,45,2,0,38,31
2025-01-15 07:50:00,7,50,2,0,39,32
2025-01-15 07:55:00,7,55,2,0,50,27
2025-01-15 08:00:00,8,0,2,0,40,36
2025-01-15 08:05:00,8,5,2,0,50,29
2025-01-15 08:10:00,8,10,2,0,42,35
2025-01-15 08:15:00,8,15,2,0,43,31
2025-01-15 08:20:00,8,20,2,0,46,37
2025-01-15 08:25:00,8,25,2,0,47,26
2025-01-15 08:30:00,8,30,2,0,41,25
2025-01-15 08:35:00,8,35,2,0,39,26
2025-01-15 08:40:00,8,40,2,0,39,29
2025-01-15 08:45:00,8,45,2,0,40,34
2025-01-15 08:50:00,8,50,2,0,42,34
2025-01-15 08:55:00,8,55,2,0,37,18
2025-01-15 09:00:00,9,0,2,0,39,27
2025-01-15 09:05:00,9,5,2,0,42,12
2025-01-15 09:10:00,9,10,2,0,35,28
2025-01-15 09:15:00,9,15,2,0,34,28
2025-01-15 09:20:00,9,20,2,0,26,23
2025-01-15 09:25:00,9,25,2,0,20,22
2025-01-15 09:30:00,9,30,2,0,31,21
2025-01-15 09:35:00,9,35,2,0,28,17
2025-01-15 09:40:00,9,40,2,0,25,21
2025-01-15 09:45:00,9,45,2,0,27,18
2025-01-15 09:50:00,9,50,2,0,24,22
2025-01-15 09:55:00,9,55,2,0,28,17
2025-01-15 10:00:00,10,0,2,0,23,13
2025-01-15 10:05:00,10,5,2,0,18,9
2025-01-15 10:10:00,10,10,2,0,24,7
2025-01-15 10:15:00,10,15,2,0,19,20
2025-01-15 10:20:00,10,20,2,0,21,12
2025-01-15 10:25:00,10,25,2,0,16,14
2025-01-15 10:30:00,10,30,2,0,14,20
2025-01-15 10:35:00,10,35,2,0,16,10
2025-01-15 10:40:00,10,40,2,0,15,9
2025-01-15 10:45:00,10,45,2,0,17,10
2025-01-15 10:50:00,10,50,2,0,13,11
2025-01-15 10:55:00,10,55,2,0,6,18
2025-01-15 11:00:00,11,0,2,0,11,16
2025-01-15 11:05:00,11,5,2,0,16,12
2025-01-15 11:10:00,11,10,2,0,11,15
2025-01-15 11:15:00,11,15,2,0,11,8
2025-01-15 11:20:00,11,20,2,0,15,10
2025-01-15 11:25:00,11,25,2,0,8,7
2025-01-15 11:30:00,11,30,2,0,5,3
2025-01-15 11:35:00,11,35,2,0,10,13
2025-01-15 11:40:00,11,40,2,0,9,11
2025-01-15 11:45:00,11,45,2,0,7,8
2025-01-15 11:50:00,11,50,2,0,10,8
2025-01-15 11:55:00,11,55,2,0,12,2
2025-01-15 12:00:00,12,0,2,0,10,5
2025-01-15 12:05:00,12,5,2,0,12,10
2025-01-15 12:10:00,12,10,2,0,18,7
2025-01-15 12:15:00,12,15,2,0,9,8
2025-01-15 12:20:00,12,20,2,0,12,9
2025-01-15 12:25:00,12,25,2,0,9,6
2025-01-15 12:30:00,12,30,2,0,7,6
2025-01-15 12:35:00,12,35,2,0,9,3
2025-01-15 12:40:00,12,40,2,0,9,9
2025-01-15 12:45:00,12,45,2,0,13,13
2025-01-15 12:50:00,12,50,2,0,21,4
2025-01-15 12:55:00,12,55,2,0,9,11
2025-01-15 13:00:00,13,0,2,0,11,13
2025-01-15 13:05:00,13,5,2,0,12,8
2025-01-15 13:10:00,13,10,2,0,14,18
2025-01-15 13:15:00,13,15,2,0,14,11
2025-01-15 13:20:00,13,20,2,0,19,13
2025-01-15 13:25:00,13,25,2,0,4,13
2025-01-15 13:30:00,13,30,2,0,5,8
2025-01-15 13:35:00,13,35,2,0,13,19
2025-01-15 13:40:00,13,40,2,0,20,12
2025-01-15 13:45:00,13,45,2,0,10,16
2025-01-15 13:50:00,13,50,2,0,5,20
2025-01-15 13:55:00,13,55,2,0,19,24
2025-01-15 14:00:00,14,0,2,0,19,15
2025-01-15 14:05:00,14,5,2,0,14,18
2025-01-15 14:10:00,14,10,2,0,15,26
2025-01-15 14:15:00,14,15,2,0,16,23
2025-01-15 14:20:00,14,20,2,0,21,25
2025-01-15 14:25:00,14,25,2,0,19,19
2025-01-15 14:30:00,14,30,2,0,24,23
2025-01-15 14:35:00,14,35,2,0,11,25
2025-01-15 14:40:00,14,40,2,0,20,23
2025-01-15 14:45:00,14,45,2,0,19,21
2025-01-15 14:50:00,14,50,2,0,24,26
2025-01-15 14:55:00,14,55,2,0,23,35
2025-01-15 15:00:00,15,0,2,0,29,30
2025-01-15 15:05:00,15,5,2,0,20,37
2025-01-15 15:10:00,15,10,2,0,28,33
2025-01-15 15:15:00,15,15,2,0,31,30
2025-01-15 15:20:00,15,20,2,0,37,39
2025-01-15 15:25:00,15,25,2,0,28,36
2025-01-15 15:30:00,15,30,2,0,32,40
2025-01-15 15:35:00,15,35,2,0,24,33
2025-01-15 15:40:00,15,40,2,0,22,42
2025-01-15 15:45:00,15,45,2,0,36,43
2025-01-15 15:50:00,15,50,2,0,33,41
2025-01-15 15:55:00,15,55,2,0,39,37
2025-01-15 16:00:00,16,0,2,0,29,41
2025-01-15 16:05:00,16,5,2,0,37,44
2025-01-15 16:10:00,16,10,2,0,43,44
2025-01-15 16:15:00,16,15,2,0,38,46
2025-01-15 16:20:00,16,20,2,0,37,48
2025-01-15 16:25:00,16,25,2,0,37,42
2025-01-15 16:30:00,16,30,2,0,31,40
2025-01-15 16:35:00,16,35,2,0,43,45
2025-01-15 16:40:00,16,40,2,0,35,44
2025-01-15 16:45:00,16,45,2,0,40,49
2025-01-15 16:50:00,16,50,2,0,32,42
2025-01-15 16:55:00,16,55,2,0,33,50
2025-01-15 17:00:00,17,0,2,0,44,51
2025-01-15 17:05:00,17,5,2,0,37,46
2025-01-15 17:10:00,17,10,2,0,44,46
2025-01-15 17:15:00,17,15,2,0,37,43
2025-01-15 17:20:00,17,20,2,0,30,43
2025-01-15 17:25:00,17,25,2,0,41,44
2025-01-15 17:30:00,17,30,2,0,35,51
2025-01-15 17:35:00,17,35,2,0,40,44
2025-01-15 17:40:00,17,40,2,0,36,39
2025-01-15 17:45:00,17,45,2,0,30,44
2025-01-15 17:50:00,17,50,2,0,36,46
2025-01-15 17:55:00,17,55,2,0,44,42
2025-01-15 18:00:00,18,0,2,0,36,47
2025-01-15 18:05:00,18,5,2,0,34,44
2025-01-15 18:10:00,18,10,2,0,38,36
2025-01-15 18:15:00,18,15,2,0,34,37
2025-01-15 18:20:00,18,20,2,0,33,39
2025-01-15 18:25:00,18,25,2,0,27,30
2025-01-15 18:30:00,18,30,2,0,32,38
2025-01-15 18:35:00,18,35,2,0,34,28
2025-01-15 18:40:00,18,40,2,0,26,38
2025-01-15 18:45:00,18,45,2,0,34,37
2025-01-15 18:50:00,18,50,2,0,27,34
2025-01-15 18:55:00,18,55,2,0,23,29
2025-01-15 19:00:00,19,0,2,0,30,31
2025-01-15 19:05:00,19,5,2,0,24,27
2025-01-15 19:10:00,19,10,2,0,28,24
2025-01-15 19:15:00,19,15,2,0,23,26
2025-01-15 19:20:00,19,20,2,0,23,29
2025-01-15 19:25:00,19,25,2,0,24,25
2025-01-15 19:30:00,19,30,2,0,23,30
2025-01-15 19:35:00,19,35,2,0,13,26
2025-01-15 19:40:00,19,40,2,0,16,25
2025-01-15 19:45:00,19,45,2,0,23,15
2025-01-15 19:50:00,19,50,2,0,18,20
2025-01-15 19:55:00,19,55,2,0,16,16
2025-01-15 20:00:00,20,0,2,0,12,18
2025-01-15 20:05:00,20,5,2,0,13,15
2025-01-15 20:10:00,20,10,2,0,8,16
2025-01-15 20:15:00,20,15,2,0,16,21
2025-01-15 20:20:00,20,20,2,0,13,18
2025-01-15 20:25:00,20,25,2,0,11,19
2025-01-15 20:30:00,20,30,2,0,14,8
2025-01-15 20:35:00,20,35,2,0,15,14
2025-01-15 20:40:00,20,40,2,0,22,17
2025-01-15 20:45:00,20,45,2,0,7,19
2025-01-15 20:50:00,20,50,2,0,17,6
2025-01-15 20:55:00,20,55,2,0,16,10
2025-01-15 21:00:00,21,0,2,0,9,16
2025-01-15 21:05:00,21,5,2,0,13,10
2025-01-15 21:10:00,21,10,2,0,10,7
2025-01-15 21:15:00,21,15,2,0,12,4
2025-01-15 21:20:00,21,20,2,0,17,6
2025-01-15 21:25:00,21,25,2,0,13,3
2025-01-15 21:30:00,21,30,2,0,12,9
2025-01-15 21:35:00,21,35,2,0,8,12
2025-01-15 21:40:00,21,40,2,0,4,4
2025-01-15 21:45:00,21,45,2,0,9,9
2025-01-15 21:50:00,21,50,2,0,14,12
2025-01-15 21:55:00,21,55,2,0,3,8
2025-01-15 22:00:00,22,0,2,0,5,1
2025-01-15 22:05:00,22,5,2,0,10,9
2025-01-15 22:10:00,22,10,2,0,5,7
2025-01-15 22:15:00,22,15,2,0,6,7
2025-01-15 22:20:00,22,20,2,0,7,5
2025-01-15 22:25:00,22,25,2,0,3,7
2025-01-15 22:30:00,22,30,2,0,5,9
2025-01-15 22:35:00,22,35,2,0,11,16
2025-01-15 22:40:00,22,40,2,0,3,7
2025-01-15 22:45:00,22,45,2,0,2,13
2025-01-15 22:50:00,22,50,2,0,6,8
2025-01-15 22:55:00,22,55,2,0,11,6
2025-01-15 23:00:00,23,0,2,0,8,7
2025-01-15 23:05:00,23,5,2,0,6,2
2025-01-15 23:10:00,23,10,2,0,8,8
2025-01-15 23:15:00,23,15,2,0,1,0
2025-01-15 23:20:00,23,20,2,0,10,3
2025-01-15 23:25:00,23,25,2,0,10,7
2025-01-15 23:30:00,23,30,2,0,7,11
2025-01-15 23:35:00,23,35,2,0,12,12
2025-01-15 23:40:00,23,40,2,0,4,5
2025-01-15 23:45:00,23,45,2,0,13,7
2025-01-15 23:50:00,23,50,2,0,9,10
2025-01-15 23:55:00,23,55,2,0,7,1
2025-01-16 00:00:00,0,0,3,0,8,8
2025-01-16 00:05:00,0,5,3,0,8,3
2025-01-16 00:10:00,0,10,3,0,13,5
2025-01-16 00:15:00,0,15,3,0,4,4
2025-01-16 00:20:00,0,20,3,0,5,8
2025-01-16 00:25:00,0,25,3,0,12,8
2025-01-16 00:30:00,0,30,3,0,6,10
2025-01-16 00:35:00,0,35,3,0,12,7
2025-01-16 00:40:00,0,40,3,0,15,7
2025-01-16 00:45:00,0,45,3,0,6,13
2025-01-16 00:50:00,0,50,3,0,11,0
2025-01-16 00:55:00,0,55,3,0,3,13
2025-01-16 01:00:00,1,0,3,0,11,5
2025-01-16 01:05:00,1,5,3,0,9,8
2025-01-16 01:10:00,1,10,3,0,10,5
2025-01-16 01:15:00,1,15,3,0,5,3
2025-01-16 01:20:00,1,20,3,0,1,8
2025-01-16 01:25:00,1,25,3,0,10,10
2025-01-16 01:30:00,1,30,3,0,0,8
2025-01-16 01:35:00,1,35,3,0,7,4
2025-01-16 01:40:00,1,40,3,0,12,20
2025-01-16 01:45:00,1,45,3,0,9,11
2025-01-16 01:50:00,1,50,3,0,16,10
2025-01-16 01:55:00,1,55,3,0,12,5
2025-01-16 02:00:00,2,0,3,0,5,4
2025-01-16 02:05:00,2,5,3,0,8,5
2025-01-16 02:10:00,2,10,3,0,8,10
2025-01-16 02:15:00,2,15,3,0,2,2
2025-01-16 02:20:00,2,20,3,0,4,2
2025-01-16 02:25:00,2,25,3,0,6,8
2025-01-16 02:30:00,2,30,3,0,0,7
2025-01-16 02:35:00,2,35,3,0,8,3
2025-01-16 02:40:00,2,40,3,0,7,2
2025-01-16 02:45:00,2,45,3,0,1,12
2025-01-16 02:50:00,2,50,3,0,10,7
2025-01-16 02:55:00,2,55,3,0,11,1
2025-01-16 03:00:00,3,0,3,0,9,1
2025-01-16 03:05:00,3,5,3,0,7,5
2025-01-16 03:10:00,3,10,3,0,11,9
2025-01-16 03:15:00,3,15,3,0,11,9
2025-01-16 03:20:00,3,20,3,0,10,11
2025-01-16 03:25:00,3,25,3,0,5,0
2025-01-16 03:30:00,3,30,3,0,9,7
2025-01-16 03:35:00,3,35,3,0,13,12
2025-01-16 03:40:00,3,40,3,0,6,12
2025-01-16 03:45:00,3,45,3,0,17,8
2025-01-16 03:50:00,3,50,3,0,7,16
2025-01-16 03:55:00,3,55,3,0,9,9
2025-01-16 04:00:00,4,0,3,0,6,11
2025-01-16 04:05:00,4,5,3,0,10,7
2025-01-16 04:10:00,4,10,3,0,2,4
2025-01-16 04:15:00,4,15,3,0,7,4
2025-01-16 04:20:00,4,20,3,0,5,8
2025-01-16 04:25:00,4,25,3,0,11,7
2025-01-16 04:30:00,4,30,3,0,14,1
2025-01-16 04:35:00,4,35,3,0,13,4
2025-01-16 04:40:00,4,40,3,0,1,7
2025-01-16 04:45:00,4,45,3,0,20,11
2025-01-16 04:50:00,4,50,3,0,13,9
2025-01-16 04:55:00,4,55,3,0,9,9
2025-01-16 05:00:00,5,0,3,0,13,5
2025-01-16 05:05:00,5,5,3,0,14,10
2025-01-16 05:10:00,5,10,3,0,11,15
2025-01-16 05:15:00,5,15,3,0,15,11
2025-01-16 05:20:00,5,20,3,0,13,5
2025-01-16 05:25:00,5,25,3,0,14,7
2025-01-16 05:30:00,5,30,3,0,14,15
2025-01-16 05:35:00,5,35,3,0,12,12
2025-01-16 05:40:00,5,40,3,0,19,13
2025-01-16 05:45:00,5,45,3,0,22,12
2025-01-16 05:50:00,5,50,3,0,22,17
2025-01-16 05:55:00,5,55,3,0,25,14
2025-01-16 06:00:00,6,0,3,0,24,16
2025-01-16 06:05:00,6,5,3,0,21,14
2025-01-16 06:10:00,6,10,3,0,28,22
2025-01-16 06:15:00,6,15,3,0,20,18
2025-01-16 06:20:00,6,20,3,0,23,22
2025-01-16 06:25:00,6,25,3,0,24,16
2025-01-16 06:30:00,6,30,3,0,34,28
2025-01-16 06:35:00,6,35,3,0,34,27
2025-01-16 06:40:00,6,40,3,0,34,15
2025-01-16 06:45:00,6,45,3,0,37,20
2025-01-16 06:50:00,6,50,3,0,30,26
2025-01-16 06:55:00,6,55,3,0,36,20
2025-01-16 07:00:00,7,0,3,0,36,25
2025-01-16 07:05:00,7,5,3,0,40,28
2025-01-16 07:10:00,7,10,3,0,38,27
2025-01-16 07:15:00,7,15,3,0,37,30
2025-01-16 07:20:00,7,20,3,0,42,26
2025-01-16 07:25:00,7,25,3,0,44,20
2025-01-16 07:30:00,7,30,3,0,38,34
2025-01-16 07:35:00,7,35,3,0,41,34
2025-01-16 07:40:00,7,40,3,0,38,40
2025-01-16 07:45:00,7,45,3,0,33,22
2025-01-16 07:50:00,7,50,3,0,44,34
2025-01-16 07:55:00,7,55,3,0,45,23
2025-01-16 08:00:00,8,0,3,0,44,38
2025-01-16 08:05:00,8,5,3,0,35,33
2025-01-16 08:10:00,8,10,3,0,41,27
2025-01-16 08:15:00,8,15,3,0,34,34
2025-01-16 08:20:00,8,20,3,0,48,28
2025-01-16 08:25:00,8,25,3,0,37,31
2025-01-16 08:30:00,8,30,3,0,46,30
2025-01-16 08:35:00,8,35,3,0,44,36
2025-01-16 08:40:00,8,40,3,0,36,36
2025-01-16 08:45:00,8,45,3,0,34,26
2025-01-16 08:50:00,8,50,3,0,39,32
2025-01-16 08:55:00,8,55,3,0,34,28
2025-01-16 09:00:00,9,0,3,0,36,20
2025-01-16 09:05:00,9,5,3,0,33,22
2025-01-16 09:10:00,9,10,3,0,27,34
2025-01-16 09:15:00,9,15,3,0,24,25
2025-01-16 09:20:00,9,20,3,0,33,27
2025-01-16 09:25:00,9,25,3,0,28,21
2025-01-16 09:30:00,9,30,3,0,27,19
2025-01-16 09:35:00,9,35,3,0,31,20
2025-01-16 09:40:00,9,40,3,0,32,18
2025-01-16 09:45:00,9,45,3,0,25,13
2025-01-16 09:50:00,9,50,3,0,23,14
2025-01-16 09:55:00,9,55,3,0,26,20
2025-01-16 10:00:00,10,0,3,0,17,15
2025-01-16 10:05:00,10,5,3,0,22,16
2025-01-16 10:10:00,10,10,3,0,23,16
2025-01-16 10:15:00,10,15,3,0,22,16
2025-01-16 10:20:00,10,20,3,0,11,18
2025-01-16 10:25:00,10,25,3,0,15,9
2025-01-16 10:30:00,10,30,3,0,13,15
2025-01-16 10:35:00,10,35,3,0,17,15
2025-01-16 10:40:00,10,40,3,0,17,15
2025-01-16 10:45:00,10,45,3,0,21,5
2025-01-16 10:50:00,10,50,3,0,12,12
2025-01-16 10:55:00,10,55,3,0,12,17
2025-01-16 11:00:00,11,0,3,0,18,9
2025-01-16 11:05:00,11,5,3,0,14,11
2025-01-16 11:10:00,11,10,3,0,17,12
2025-01-16 11:15:00,11,15,3,0,13,5
2025-01-16 11:20:00,11,20,3,0,7,16
2025-01-16 11:25:00,11,25,3,0,6,11
2025-01-16 11:30:00,11,30,3,0,5,11
2025-01-16 11:35:00,11,35,3,0,13,2
2025-01-16 11:40:00,11,40,3,0,15,12
2025-01-16 11:45:00,11,45,3,0,18,10
2025-01-16 11:50:00,11,50,3,0,14,15
2025-01-16 11:55:00,11,55,3,0,15,7
2025-01-16 12:00:00,12,0,3,0,8,5
2025-01-16 12:05:00,12,5,3,0,6,6
2025-01-16 12:10:00,12,10,3,0,14,7
2025-01-16 12:15:00,12,15,3,0,12,4
2025-01-16 12:20:00,12,20,3,0,11,14
2025-01-16 12:25:00,12,25,3,0,12,15
2025-01-16 12:30:00,12,30,3,0,12,9
2025-01-16 12:35:00,12,35,3,0,16,8
2025-01-16 12:40:00,12,40,3,0,16,3
2025-01-16 12:45:00,12,45,3,0,14,13
2025-01-16 12:50:00,12,50,3,0,15,17
2025-01-16 12:55:00,12,55,3,0,14,9
2025-01-16 13:00:00,13,0,3,0,10,11
2025-01-16 13:05:00,13,5,3,0,16,14
2025-01-16 13:10:00,13,10,3,0,7,19
2025-01-16 13:15:00,13,15,3,0,17,14
2025-01-16 13:20:00,13,20,3,0,9,14
2025-01-16 13:25:00,13,25,3,0,15,15
2025-01-16 13:30:00,13,30,3,0,11,9
2025-01-16 13:35:00,13,35,3,0,17,10
2025-01-16 13:40:00,13,40,3,0,15,13
2025-01-16 13:45:00,13,45,3,0,10,21
2025-01-16 13:50:00,13,50,3,0,18,16
2025-01-16 13:55:00,13,55,3,0,15,16
2025-01-16 14:00:00,14,0,3,0,21,17
2025-01-16 14:05:00,14,5,3,0,18,19
2025-01-16 14:10:00,14,10,3,0,21,27
2025-01-16 14:15:00,14,15,3,0,16,21
2025-01-16 14:20:00,14,20,3,0,18,19
2025-01-16 14:25:00,14,25,3,0,19,23
2025-01-16 14:30:00,14,30,3,0,25,31
2025-01-16 14:35:00,14,35,3,0,29,23
2025-01-16 14:40:00,14,40,3,0,20,22
2025-01-16 14:45:00,14,45,3,0,28,25
2025-01-16 14:50:00,14,50,3,0,16,29
2025-01-16 14:55:00,14,55,3,0,21,32
2025-01-16 15:00:00,15,0,3,0,22,34
2025-01-16 15:05:00,15,5,3,0,22,27
2025-01-16 15:10:00,15,10,3,0,21,28
2025-01-16 15:15:00,15,15,3,0,30,32
2025-01-16 15:20:00,15,20,3,0,28,37
2025-01-16 15:25:00,15,25,3,0,31,30
2025-01-16 15:30:00,15,30,3,0,33,34
2025-01-16 15:35:00,15,35,3,0,32,35
2025-01-16 15:40:00,15,40,3,0,35,42
2025-01-16 15:45:00,15,45,3,0,32,41
2025-01-16 15:50:00,15,50,3,0,29,43
2025-01-16 15:55:00,15,55,3,0,38,46
2025-01-16 16:00:00,16,0,3,0,32,40
2025-01-16 16:05:00,16,5,3,0,31,37
2025-01-16 16:10:00,16,10,3,0,35,38
2025-01-16 16:15:00,16,15,3,0,32,36
2025-01-16 16:20:00,16,20,3,0,35,42
2025-01-16 16:25:00,16,25,3,0,38,43
2025-01-16 16:30:00,16,30,3,0,38,48
2025-01-16 16:35:00,16,35,3,0,34,45
2025-01-16 16:40:00,16,40,3,0,36,43
2025-01-16 16:45:00,16,45,3,0,42,45
2025-01-16 16:50:00,16,50,3,0,40,42
2025-01-16 16:55:00,16,55,3,0,46,50
2025-01-16 17:00:00,17,0,3,0,43,43
2025-01-16 17:05:00,17,5,3,0,43,41
2025-01-16 17:10:00,17,10,3,0,32,49
2025-01-16 17:15:00,17,15,3,0,41,48
2025-01-16 17:20:00,17,20,3,0,37,39
2025-01-16 17:25:00,17,25,3,0,35,49
2025-01-16 17:30:00,17,30,3,0,38,42
2025-01-16 17:35:00,17,35,3,0,41,43
2025-01-16 17:40:00,17,40,3,0,38,45
2025-01-16 17:45:00,17,45,3,0,32,46
2025-01-16 17:50:00,17,50,3,0,38,44
2025-01-16 17:55:00,17,55,3,0,32,42
2025-01-16 18:00:00,18,0,3,0,35,40
2025-01-16 18:05:00,18,5,3,0,33,42
2025-01-16 18:10:00,18,10,3,0,32,39
2025-01-16 18:15:00,18,15,3,0,36,46
2025-01-16 18:20:00,18,20,3,0,28,40
2025-01-16 18:25:00,18,25,3,0,39,33
2025-01-16 18:30:00,18,30,3,0,23,34
2025-01-16 18:35:00,18,35,3,0,28,35
2025-01-16 18:40:00,18,40,3,0,31,39
2025-01-16 18:45:00,18,45,3,0,31,39
2025-01-16 18:50:00,18,50,3,0,27,31
2025-01-16 18:55:00,18,55,3,0,27,28
2025-01-16 19:00:00,19,0,3,0,28,26
2025-01-16 19:05:00,19,5,3,0,25,30
2025-01-16 19:10:00,19,10,3,0,30,37
2025-01-16 19:15:00,19,15,3,0,27,29
2025-01-16 19:20:00,19,20,3,0,27,20
2025-01-16 19:25:00,19,25,3,0,19,22
2025-01-16 19:30:00,19,30,3,0,21,22
2025-01-16 19:35:00,19,35,3,0,20,20
2025-01-16 19:40:00,19,40,3,0,16,21
2025-01-16 19:45:00,19,45,3,0,21,23
2025-01-16 19:50:00,19,50,3,0,17,23
2025-01-16 19:55:00,19,55,3,0,21,24
2025-01-16 20:00:00,20,0,3,0,13,21
2025-01-16 20:05:00,20,5,3,0,24,10
2025-01-16 20:10:00,20,10,3,0,13,13
2025-01-16 20:15:00,20,15,3,0,17,16
2025-01-16 20:20:00,20,20,3,0,19,17
2025-01-16 20:25:00,20,25,3,0,13,19
2025-01-16 20:30:00,20,30,3,0,18,15
2025-01-16 20:35:00,20,35,3,0,9,14
2025-01-16 20:40:00,20,40,3,0,19,14
2025-01-16 20:45:00,20,45,3,0,13,12
2025-01-16 20:50:00,20,50,3,0,10,13
2025-01-16 20:55:00,20,55,3,0,11,16
2025-01-16 21:00:00,21,0,3,0,15,11
2025-01-16 21:05:00,21,5,3,0,9,11
2025-01-16 21:10:00,21,10,3,0,8,10
2025-01-16 21:15:00,21,15,3,0,10,15
2025-01-16 21:20:00,21,20,3,0,6,5
2025-01-16 21:25:00,21,25,3,0,18,17
2025-01-16 21:30:00,21,30,3,0,8,4
2025-01-16 21:35:00,21,35,3,0,13,6
2025-01-16 21:40:00,21,40,3,0,11,12
2025-01-16 21:45:00,21,45,3,0,6,13
2025-01-16 21:50:00,21,50,3,0,10,3
2025-01-16 21:55:00,21,55,3,0,13,4
2025-01-16 22:00:00,22,0,3,0,9,9
2025-01-16 22:05:00,22,5,3,0,14,17
2025-01-16 22:10:00,22,10,3,0,13,12
2025-01-16 22:15:00,22,15,3,0,13,6
2025-01-16 22:20:00,22,20,3,0,7,0
2025-01-16 22:25:00,22,25,3,0,4,7
2025-01-16 22:30:00,22,30,3,0,6,8
2025-01-16 22:35:00,22,35,3,0,9,5
2025-01-16 22:40:00,22,40,3,0,11,3
2025-01-16 22:45:00,22,45,3,0,0,7
2025-01-16 22:50:00,22,50,3,0,8,3
2025-01-16 22:55:00,22,55,3,0,9,14
2025-01-16 23:00:00,23,0,3,0,7,13
2025-01-16 23:05:00,23,5,3,0,13,9
2025-01-16 23:10:00,23,10,3,0,10,7
2025-01-16 23:15:00,23,15,3,0,13,4
2025-01-16 23:20:00,23,20,3,0,7,6
2025-01-16 23:25:00,23,25,3,0,12,13
2025-01-16 23:30:00,23,30,3,0,15,10
2025-01-16 23:35:00,23,35,3,0,13,7
2025-01-16 23:40:00,23,40,3,0,4,10
2025-01-16 23:45:00,23,45,3,0,7,8
2025-01-16 23:50:00,23,50,3,0,7,8
2025-01-16 23:55:00,23,55,3,0,10,10
2025-01-17 00:00:00,0,0,4,0,11,8
2025-01-17 00:05:00,0,5,4,0,5,9
2025-01-17 00:10:00,0,10,4,0,8,7
2025-01-17 00:15:00,0,15,4,0,0,5
2025-01-17 00:20:00,0,20,4,0,14,4
2025-01-17 00:25:00,0,25,4,0,6,3
2025-01-17 00:30:00,0,30,4,0,8,0
2025-01-17 00:35:00,0,35,4,0,7,2
2025-01-17 00:40:00,0,40,4,0,13,2
2025-01-17 00:45:00,0,45,4,0,0,4
2025-01-17 00:50:00,0,50,4,0,8,12
2025-01-17 00:55:00,0,55,4,0,8,5
2025-01-17 01:00:00,1,0,4,0,6,7
2025-01-17 01:05:00,1,5,4,0,15,7
2025-01-17 01:10:00,1,10,4,0,4,12
2025-01-17 01:15:00,1,15,4,0,11,4
2025-01-17 01:20:00,1,20,4,0,9,5
2025-01-17 01:25:00,1,25,4,0,13,6
2025-01-17 01:30:00,1,30,4,0,5,11
2025-01-17 01:35:00,1,35,4,0,5,11
2025-01-17 01:40:00,1,40,4,0,12,8
2025-01-17 01:45:00,1,45,4,0,10,11
2025-01-17 01:50:00,1,50,4,0,2,7
2025-01-17 01:55:00,1,55,4,0,6,5
2025-01-17 02:00:00,2,0,4,0,10,11
2025-01-17 02:05:00,2,5,4,0,11,8
2025-01-17 02:10:00,2,10,4,0,5,3
2025-01-17 02:15:00,2,15,4,0,0,10
2025-01-17 02:20:00,2,20,4,0,10,5
2025-01-17 02:25:00,2,25,4,0,3,5
2025-01-17 02:30:00,2,30,4,0,0,10
2025-01-17 02:35:00,2,35,4,0,0,6
2025-01-17 02:40:00,2,40,4,0,11,8
2025-01-17 02:45:00,2,45,4,0,9,9
2025-01-17 02:50:00,2,50,4,0,7,3
2025-01-17 02:55:00,2,55,4,0,14,8
2025-01-17 03:00:00,3,0,4,0,11,11
2025-01-17 03:05:00,3,5,4,0,15,2
2025-01-17 03:10:00,3,10,4,0,3,8
2025-01-17 03:15:00,3,15,4,0,8,3
2025-01-17 03:20:00,3,20,4,0,2,10
2025-01-17 03:25:00,3,25,4,0,7,10
2025-01-17 03:30:00,3,30,4,0,7,5
2025-01-17 03:35:00,3,35,4,0,11,15
2025-01-17 03:40:00,3,40,4,0,9,11
2025-01-17 03:45:00,3,45,4,0,11,9
2025-01-17 03:50:00,3,50,4,0,12,9
2025-01-17 03:55:00,3,55,4,0,17,11
2025-01-17 04:00:00,4,0,4,0,8,3
2025-01-17 04:05:00,4,5,4,0,5,8
2025-01-17 04:10:00,4,10,4,0,10,8
2025-01-17 04:15:00,4,15,4,0,6,5
2025-01-17 04:20:00,4,20,4,0,16,9
2025-01-17 04:25:00,4,25,4,0,9,12
2025-01-17 04:30:00,4,30,4,0,8,6
2025-01-17 04:35:00,4,35,4,0,9,8
2025-01-17 04:40:00,4,40,4,0,14,5
2025-01-17 04:45:00,4,45,4,0,11,1
2025-01-17 04:50:00,4,50,4,0,9,12
2025-01-17 04:55:00,4,55,4,0,19,9
2025-01-17 05:00:00,5,0,4,0,9,10
2025-01-17 05:05:00,5,5,4,0,13,6
2025-01-17 05:10:00,5,10,4,0,16,9
2025-01-17 05:15:00,5,15,4,0,8,15
2025-01-17 05:20:00,5,20,4,0,17,11
2025-01-17 05:25:00,5,25,4,0,12,12
2025-01-17 05:30:00,5,30,4,0,20,13
2025-01-17 05:35:00,5,35,4,0,14,8
2025-01-17 05:40:00,5,40,4,0,21,16
2025-01-17 05:45:00,5,45,4,0,24,9
2025-01-17 05:50:00,5,50,4,0,24,11
2025-01-17 05:55:00,5,55,4,0,22,11
2025-01-17 06:00:00,6,0,4,0,21,16
2025-01-17 06:05:00,6,5,4,0,21,16
2025-01-17 06:10:00,6,10,4,0,30,18
2025-01-17 06:15:00,6,15,4,0,23,15
2025-01-17 06:20:00,6,20,4,0,23,24
2025-01-17 06:25:00,6,25,4,0,31,24
2025-01-17 06:30:00,6,30,4,0,26,20
2025-01-17 06:35:00,6,35,4,0,27,20
2025-01-17 06:40:00,6,40,4,0,26,21
2025-01-17 06:45:00,6,45,4,0,31,22
2025-01-17 06:50:00,6,50,4,0,34,19
2025-01-17 06:55:00,6,55,4,0,36,21
2025-01-17 07:00:00,7,0,4,0,40,29
2025-01-17 07:05:00,7,5,4,0,39,28
2025-01-17 07:10:00,7,10,4,0,37,34
2025-01-17 07:15:00,7,15,4,0,38,27
2025-01-17 07:20:00,7,20,4,0,42,27
2025-01-17 07:25:00,7,25,4,0,46,28
2025-01-17 07:30:00,7,30,4,0,42,28
2025-01-17 07:35:00,7,35,4,0,40,27
2025-01-17 07:40:00,7,40,4,0,38,31
2025-01-17 07:45:00,7,45,4,0,37,31
2025-01-17 07:50:00,7,50,4,0,45,29
2025-01-17 07:55:00,7,55,4,0,45,36
2025-01-17 08:00:00,8,0,4,0,45,39
2025-01-17 08:05:00,8,5,4,0,42,36
2025-01-17 08:10:00,8,10,4,0,48,33
2025-01-17 08:15:00,8,15,4,0,41,34
2025-01-17 08:20:00,8,20,4,0,46,38
2025-01-17 08:25:00,8,25,4,0,42,33
2025-01-17 08:30:00,8,30,4,0,39,27
2025-01-17 08:35:00,8,35,4,0,43,31
2025-01-17 08:40:00,8,40,4,0,41,31
2025-01-17 08:45:00,8,45,4,0,40,24
2025-01-17 08:50:00,8,50,4,0,38,26
2025-01-17 08:55:00,8,55,4,0,37,31
2025-01-17 09:00:00,9,0,4,0,46,19
2025-01-17 09:05:00,9,5,4,0,40,20
2025-01-17 09:10:00,9,10,4,0,37,24
2025-01-17 09:15:00,9,15,4,0,33,25
2025-01-17 09:20:00,9,20,4,0,36,17
2025-01-17 09:25:00,9,25,4,0,33,22
2025-01-17 09:30:00,9,30,4,0,29,26
2025-01-17 09:35:00,9,35,4,0,27,21
2025-01-17 09:40:00,9,40,4,0,27,23
2025-01-17 09:45:00,9,45,4,0,13,16
2025-01-17 09:50:00,9,50,4,0,25,15
2025-01-17 09:55:00,9,55,4,0,22,21
2025-01-17 10:00:00,10,0,4,0,29,18
2025-01-17 10:05:00,10,5,4,0,21,11
2025-01-17 10:10:00,10,10,4,0,16,12
2025-01-17 10:15:00,10,15,4,0,19,21
2025-01-17 10:20:00,10,20,4,0,14,10
2025-01-17 10:25:00,10,25,4,0,20,17
2025-01-17 10:30:00,10,30,4,0,18,11
2025-01-17 10:35:00,10,35,4,0,20,12
2025-01-17 10:40:00,10,40,4,0,12,13
2025-01-17 10:45:00,10,45,4,0,15,3
2025-01-17 10:50:00,10,50,4,0,9,5
2025-01-17 10:55:00,10,55,4,0,16,11
2025-01-17 11:00:00,11,0,4,0,15,7
2025-01-17 11:05:00,11,5,4,0,15,14
2025-01-17 11:10:00,11,10,4,0,12,3
2025-01-17 11:15:00,11,15,4,0,13,11
2025-01-17 11:20:00,11,20,4,0,18,3
2025-01-17 11:25:00,11,25,4,0,10,7
2025-01-17 11:30:00,11,30,4,0,12,4
2025-01-17 11:35:00,11,35,4,0,6,16
2025-01-17 11:40:00,11,40,4,0,7,3
2025-01-17 11:45:00,11,45,4,0,11,8
2025-01-17 11:50:00,11,50,4,0,15,1
2025-01-17 11:55:00,11,55,4,0,9,15
2025-01-17 12:00:00,12,0,4,0,9,10
2025-01-17 12:05:00,12,5,4,0,9,9
2025-01-17 12:10:00,12,10,4,0,8,15
2025-01-17 12:15:00,12,15,4,0,12,9
2025-01-17 12:20:00,12,20,4,0,5,10
2025-01-17 12:25:00,12,25,4,0,16,10
2025-01-17 12:30:00,12,30,4,0,8,12
2025-01-17 12:35:00,12,35,4,0,14,8
2025-01-17 12:40:00,12,40,4,0,6,9
2025-01-17 12:45:00,12,45,4,0,14,14
2025-01-17 12:50:00,12,50,4,0,14,12
2025-01-17 12:55:00,12,55,4,0,13,11
2025-01-17 13:00:00,13,0,4,0,8,6
2025-01-17 13:05:00,13,5,4,0,14,18
2025-01-17 13:10:00,13,10,4,0,8,10
2025-01-17 13:15:00,13,15,4,0,12,17
2025-01-17 13:20:00,13,20,4,0,18,14
2025-01-17 13:25:00,13,25,4,0,17,9
2025-01-17 13:30:00,13,30,4,0,15,20
2025-01-17 13:35:00,13,35,4,0,11,16
2025-01-17 13:40:00,13,40,4,0,18,21
2025-01-17 13:45:00,13,45,4,0,16,16
2025-01-17 13:50:00,13,50,4,0,7,20
2025-01-17 13:55:00,13,55,4,0,20,11
2025-01-17 14:00:00,14,0,4,0,18,17
2025-01-17 14:05:00,14,5,4,0,23,15
2025-01-17 14:10:00,14,10,4,0,15,19
2025-01-17 14:15:00,14,15,4,0,7,23
2025-01-17 14:20:00,14,20,4,0,21,20
2025-01-17 14:25:00,14,25,4,0,22,27
2025-01-17 14:30:00,14,30,4,0,15,21
2025-01-17 14:35:00,14,35,4,0,19,29
2025-01-17 14:40:00,14,40,4,0,34,31
2025-01-17 14:45:00,14,45,4,0,23,31
2025-01-17 14:50:00,14,50,4,0,28,27
2025-01-17 14:55:00,14,55,4,0,23,21
2025-01-17 15:00:00,15,0,4,0,18,33
2025-01-17 15:05:00,15,5,4,0,26,31
2025-01-17 15:10:00,15,10,4,0,27,28
2025-01-17 15:15:00,15,15,4,0,27,31
2025-01-17 15:20:00,15,20,4,0,29,40
2025-01-17 15:25:00,15,25,4,0,31,31
2025-01-17 15:30:00,15,30,4,0,30,38
2025-01-17 15:35:00,15,35,4,0,26,38
2025-01-17 15:40:00,15,40,4,0,34,37
2025-01-17 15:45:00,15,45,4,0,25,41
2025-01-17 15:50:00,15,50,4,0,25,46
2025-01-17 15:55:00,15,55,4,0,37,39
2025-01-17 16:00:00,16,0,4,0,37,40
2025-01-17 16:05:00,16,5,4,0,35,45
2025-01-17 16:10:00,16,10,4,0,30,46
2025-01-17 16:15:00,16,15,4,0,33,43
2025-01-17 16:20:00,16,20,4,0,35,43
2025-01-17 16:25:00,16,25,4,0,30,35
2025-01-17 16:30:00,16,30,4,0,34,42
2025-01-17 16:35:00,16,35,4,0,40,41
2025-01-17 16:40:00,16,40,4,0,43,48
2025-01-17 16:45:00,16,45,4,0,36,45
2025-01-17 16:50:00,16,50,4,0,41,45
2025-01-17 16:55:00,16,55,4,0,30,46
2025-01-17 17:00:00,17,0,4,0,41,43
2025-01-17 17:05:00,17,5,4,0,35,52
2025-01-17 17:10:00,17,10,4,0,39,51
2025-01-17 17:15:00,17,15,4,0,37,52
2025-01-17 17:20:00,17,20,4,0,43,48
2025-01-17 17:25:00,17,25,4,0,34,45
2025-01-17 17:30:00,17,30,4,0,40,51
2025-01-17 17:35:00,17,35,4,0,36,42
2025-01-17 17:40:00,17,40,4,0,36,40
2025-01-17 17:45:00,17,45,4,0,35,41
2025-01-17 17:50:00,17,50,4,0,32,45
2025-01-17 17:55:00,17,55,4,0,35,39
2025-01-17 18:00:00,18,0,4,0,34,41
2025-01-17 18:05:00,18,5,4,0,35,34
2025-01-17 18:10:00,18,10,4,0,34,42
2025-01-17 18:15:00,18,15,4,0,36,33
2025-01-17 18:20:00,18,20,4,0,36,34
2025-01-17 18:25:00,18,25,4,0,27,42
2025-01-17 18:30:00,18,30,4,0,34,41
2025-01-17 18:35:00,18,35,4,0,25,37
2025-01-17 18:40:00,18,40,4,0,32,35
2025-01-17 18:45:00,18,45,4,0,31,31
2025-01-17 18:50:00,18,50,4,0,20,29
2025-01-17 18:55:00,18,55,4,0,27,30
2025-01-17 19:00:00,19,0,4,0,24,24
2025-01-17 19:05:00,19,5,4,0,22,30
2025-01-17 19:10:00,19,10,4,0,30,28
2025-01-17 19:15:00,19,15,4,0,21,24
2025-01-17 19:20:00,19,20,4,0,20,33
2025-01-17 19:25:00,19,25,4,0,23,28
2025-01-17 19:30:00,19,30,4,0,24,27
2025-01-17 19:35:00,19,35,4,0,20,21
2025-01-17 19:40:00,19,40,4,0,25,22
2025-01-17 19:45:00,19,45,4,0,22,24
2025-01-17 19:50:00,19,50,4,0,10,21
2025-01-17 19:55:00,19,55,4,0,16,26
2025-01-17 20:00:00,20,0,4,0,15,18
2025-01-17 20:05:00,20,5,4,0,19,16
2025-01-17 20:10:00,20,10,4,0,6,20
2025-01-17 20:15:00,20,15,4,0,26,12
2025-01-17 20:20:00,20,20,4,0,18,20
2025-01-17 20:25:00,20,25,4,0,16,10
2025-01-17 20:30:00,20,30,4,0,19,17
2025-01-17 20:35:00,20,35,4,0,23,11
2025-01-17 20:40:00,20,40,4,0,17,15
2025-01-17 20:45:00,20,45,4,0,17,17
2025-01-17 20:50:00,20,50,4,0,13,13
2025-01-17 20:55:00,20,55,4,0,12,7
2025-01-17 21:00:00,21,0,4,0,10,8
2025-01-17 21:05:00,21,5,4,0,8,8
2025-01-17 21:10:00,21,10,4,0,9,3
2025-01-17 21:15:00,21,15,4,0,6,15
2025-01-17 21:20:00,21,20,4,0,11,10
2025-01-17 21:25:00,21,25,4,0,4,5
2025-01-17 21:30:00,21,30,4,0,11,15
2025-01-17 21:35:00,21,35,4,0,10,6
2025-01-17 21:40:00,21,40,4,0,11,10
2025-01-17 21:45:00,21,45,4,0,8,5
2025-01-17 21:50:00,21,50,4,0,22,0
2025-01-17 21:55:00,21,55,4,0,15,2
2025-01-17 22:00:00,22,0,4,0,4,6
2025-01-17 22:05:00,22,5,4,0,10,11
2025-01-17 22:10:00,22,10,4,0,7,9
2025-01-17 22:15:00,22,15,4,0,5,8
2025-01-17 22:20:00,22,20,4,0,3,0
2025-01-17 22:25:00,22,25,4,0,10,12
2025-01-17 22:30:00,22,30,4,0,6,8
2025-01-17 22:35:00,22,35,4,0,12,6
2025-01-17 22:40:00,22,40,4,0,13,11
2025-01-17 22:45:00,22,45,4,0,14,12
2025-01-17 22:50:00,22,50,4,0,5,11
2025-01-17 22:55:00,22,55,4,0,10,6
2025-01-17 23:00:00,23,0,4,0,11,2
2025-01-17 23:05:00,23,5,4,0,6,10
2025-01-17 23:10:00,23,10,4,0,5,1
2025-01-17 23:15:00,23,15,4,0,15,14
2025-01-17 23:20:00,23,20,4,0,9,6
2025-01-17 23:25:00,23,25,4,0,11,2
2025-01-17 23:30:00,23,30,4,0,5,1
2025-01-17 23:35:00,23,35,4,0,3,1
2025-01-17 23:40:00,23,40,4,0,6,7
2025-01-17 23:45:00,23,45,4,0,8,6
2025-01-17 23:50:00,23,50,4,0,4,1
2025-01-17 23:55:00,23,55,4,0,8,5
2025-01-18 00:00:00,0,0,5,1,0,0
2025-01-18 00:05:00,0,5,5,1,1,7
2025-01-18 00:10:00,0,10,5,1,8,4
2025-01-18 00:15:00,0,15,5,1,8,3
2025-01-18 00:20:00,0,20,5,1,4,0
2025-01-18 00:25:00,0,25,5,1,2,3
2025-01-18 00:30:00,0,30,5,1,1,3
2025-01-18 00:35:00,0,35,5,1,4,5
2025-01-18 00:40:00,0,40,5,1,8,5
2025-01-18 00:45:00,0,45,5,1,9,7
2025-01-18 00:50:00,0,50,5,1,4,2
2025-01-18 00:55:00,0,55,5,1,1,0
2025-01-18 01:00:00,1,0,5,1,7,8
2025-01-18 01:05:00,1,5,5,1,2,0
2025-01-18 01:10:00,1,10,5,1,4,0
2025-01-18 01:15:00,1,15,5,1,11,4
2025-01-18 01:20:00,1,20,5,1,9,5
2025-01-18 01:25:00,1,25,5,1,6,2
2025-01-18 01:30:00,1,30,5,1,1,2
2025-01-18 01:35:00,1,35,5,1,6,3
2025-01-18 01:40:00,1,40,5,1,10,10
2025-01-18 01:45:00,1,45,5,1,4,4
2025-01-18 01:50:00,1,50,5,1,11,0
2025-01-18 01:55:00,1,55,5,1,11,0
2025-01-18 02:00:00,2,0,5,1,12,3
2025-01-18 02:05:00,2,5,5,1,7,5
2025-01-18 02:10:00,2,10,5,1,8,6
2025-01-18 02:15:00,2,15,5,1,11,5
2025-01-18 02:20:00,2,20,5,1,7,1
2025-01-18 02:25:00,2,25,5,1,4,3
2025-01-18 02:30:00,2,30,5,1,4,7
2025-01-18 02:35:00,2,35,5,1,7,0
2025-01-18 02:40:00,2,40,5,1,0,2
2025-01-18 02:45:00,2,45,5,1,5,7
2025-01-18 02:50:00,2,50,5,1,10,8
2025-01-18 02:55:00,2,55,5,1,0,3
2025-01-18 03:00:00,3,0,5,1,12,3
2025-01-18 03:05:00,3,5,5,1,10,0
2025-01-18 03:10:00,3,10,5,1,4,6
2025-01-18 03:15:00,3,15,5,1,8,10
2025-01-18 03:20:00,3,20,5,1,6,15
2025-01-18 03:25:00,3,25,5,1,11,6
2025-01-18 03:30:00,3,30,5,1,10,4
2025-01-18 03:35:00,3,35,5,1,0,1
2025-01-18 03:40:00,3,40,5,1,8,0
2025-01-18 03:45:00,3,45,5,1,5,5
2025-01-18 03:50:00,3,50,5,1,6,14
2025-01-18 03:55:00,3,55,5,1,3,10
2025-01-18 04:00:00,4,0,5,1,13,9
2025-01-18 04:05:00,4,5,5,1,11,6
2025-01-18 04:10:00,4,10,5,1,4,6
2025-01-18 04:15:00,4,15,5,1,1,0
2025-01-18 04:20:00,4,20,5,1,5,8
2025-01-18 04:25:00,4,25,5,1,9,3
2025-01-18 04:30:00,4,30,5,1,8,3
2025-01-18 04:35:00,4,35,5,1,12,4
2025-01-18 04:40:00,4,40,5,1,11,4
2025-01-18 04:45:00,4,45,5,1,12,3
2025-01-18 04:50:00,4,50,5,1,10,6
2025-01-18 04:55:00,4,55,5,1,3,4
2025-01-18 05:00:00,5,0,5,1,8,7
2025-01-18 05:05:00,5,5,5,1,14,1
2025-01-18 05:10:00,5,10,5,1,10,6
2025-01-18 05:15:00,5,15,5,1,12,3
2025-01-18 05:20:00,5,20,5,1,9,5
2025-01-18 05:25:00,5,25,5,1,7,9
2025-01-18 05:30:00,5,30,5,1,11,2
2025-01-18 05:35:00,5,35,5,1,14,6
2025-01-18 05:40:00,5,40,5,1,10,12
2025-01-18 05:45:00,5,45,5,1,13,4
2025-01-18 05:50:00,5,50,5,1,10,17
2025-01-18 05:55:00,5,55,5,1,19,16
2025-01-18 06:00:00,6,0,5,1,14,9
2025-01-18 06:05:00,6,5,5,1,22,9
2025-01-18 06:10:00,6,10,5,1,23,13
2025-01-18 06:15:00,6,15,5,1,18,7
2025-01-18 06:20:00,6,20,5,1,15,6
2025-01-18 06:25:00,6,25,5,1,11,12
2025-01-18 06:30:00,6,30,5,1,15,14
2025-01-18 06:35:00,6,35,5,1,16,16
2025-01-18 06:40:00,6,40,5,1,28,14
2025-01-18 06:45:00,6,45,5,1,23,22
2025-01-18 06:50:00,6,50,5,1,25,11
2025-01-18 06:55:00,6,55,5,1,16,13
2025-01-18 07:00:00,7,0,5,1,20,20
2025-01-18 07:05:00,7,5,5,1,29,14
2025-01-18 07:10:00,7,10,5,1,28,14
2025-01-18 07:15:00,7,15,5,1,27,20
2025-01-18 07:20:00,7,20,5,1,30,16
2025-01-18 07:25:00,7,25,5,1,35,20
2025-01-18 07:30:00,7,30,5,1,28,18
2025-01-18 07:35:00,7,35,5,1,29,18
2025-01-18 07:40:00,7,40,5,1,30,13
2025-01-18 07:45:00,7,45,5,1,39,22
2025-01-18 07:50:00,7,50,5,1,22,17
2025-01-18 07:55:00,7,55,5,1,33,21
2025-01-18 08:00:00,8,0,5,1,30,20
2025-01-18 08:05:00,8,5,5,1,32,21
2025-01-18 08:10:00,8,10,5,1,27,21
2025-01-18 08:15:00,8,15,5,1,30,22
2025-01-18 08:20:00,8,20,5,1,32,18
2025-01-18 08:25:00,8,25,5,1,42,26
2025-01-18 08:30:00,8,30,5,1,32,13
2025-01-18 08:35:00,8,35,5,1,25,20
2025-01-18 08:40:00,8,40,5,1,26,23
2025-01-18 08:45:00,8,45,5,1,25,22
2025-01-18 08:50:00,8,50,5,1,19,15
2025-01-18 08:55:00,8,55,5,1,25,15
2025-01-18 09:00:00,9,0,5,1,28,14
2025-01-18 09:05:00,9,5,5,1,19,20
2025-01-18 09:10:00,9,10,5,1,28,14
2025-01-18 09:15:00,9,15,5,1,25,18
2025-01-18 09:20:00,9,20,5,1,19,17
2025-01-18 09:25:00,9,25,5,1,21,25
2025-01-18 09:30:00,9,30,5,1,27,16
2025-01-18 09:35:00,9,35,5,1,23,11
2025-01-18 09:40:00,9,40,5,1,19,8
2025-01-18 09:45:00,9,45,5,1,17,12
2025-01-18 09:50:00,9,50,5,1,18,12
2025-01-18 09:55:00,9,55,5,1,14,3
2025-01-18 10:00:00,10,0,5,1,7,9
2025-01-18 10:05:00,10,5,5,1,23,12
2025-01-18 10:10:00,10,10,5,1,15,8
2025-01-18 10:15:00,10,15,5,1,15,14
2025-01-18 10:20:00,10,20,5,1,13,3
2025-01-18 10:25:00,10,25,5,1,9,12
2025-01-18 10:30:00,10,30,5,1,11,12
2025-01-18 10:35:00,10,35,5,1,5,12
2025-01-18 10:40:00,10,40,5,1,20,2
2025-01-18 10:45:00,10,45,5,1,5,9
2025-01-18 10:50:00,10,50,5,1,6,5
2025-01-18 10:55:00,10,55,5,1,8,1
2025-01-18 11:00:00,11,0,5,1,14,5
2025-01-18 11:05:00,11,5,5,1,9,3
2025-01-18 11:10:00,11,10,5,1,4,10
2025-01-18 11:15:00,11,15,5,1,13,8
2025-01-18 11:20:00,11,20,5,1,11,2
2025-01-18 11:25:00,11,25,5,1,10,3
2025-01-18 11:30:00,11,30,5,1,11,4
2025-01-18 11:35:00,11,35,5,1,17,6
2025-01-18 11:40:00,11,40,5,1,16,10
2025-01-18 11:45:00,11,45,5,1,5,9
2025-01-18 11:50:00,11,50,5,1,14,6
2025-01-18 11:55:00,11,55,5,1,9,5
2025-01-18 12:00:00,12,0,5,1,9,0
2025-01-18 12:05:00,12,5,5,1,0,11
2025-01-18 12:10:00,12,10,5,1,7,4
2025-01-18 12:15:00,12,15,5,1,4,12
2025-01-18 12:20:00,12,20,5,1,11,7
2025-01-18 12:25:00,12,25,5,1,12,15
2025-01-18 12:30:00,12,30,5,1,0,9
2025-01-18 12:35:00,12,35,5,1,8,1
2025-01-18 12:40:00,12,40,5,1,12,5
2025-01-18 12:45:00,12,45,5,1,7,7
2025-01-18 12:50:00,12,50,5,1,11,4
2025-01-18 12:55:00,12,55,5,1,10,6
2025-01-18 13:00:00,13,0,5,1,10,3
2025-01-18 13:05:00,13,5,5,1,8,8
2025-01-18 13:10:00,13,10,5,1,4,10
2025-01-18 13:15:00,13,15,5,1,5,5
2025-01-18 13:20:00,13,20,5,1,12,17
2025-01-18 13:25:00,13,25,5,1,10,10
2025-01-18 13:30:00,13,30,5,1,10,7
2025-01-18 13:35:00,13,35,5,1,9,4
2025-01-18 13:40:00,13,40,5,1,10,11
2025-01-18 13:45:00,13,45,5,1,15,11
2025-01-18 13:50:00,13,50,5,1,10,15
2025-01-18 13:55:00,13,55,5,1,7,12
2025-01-18 14:00:00,14,0,5,1,15,9
2025-01-18 14:05:00,14,5,5,1,12,21
2025-01-18 14:10:00,14,10,5,1,13,16
2025-01-18 14:15:00,14,15,5,1,20,14
2025-01-18 14:20:00,14,20,5,1,14,16
2025-01-18 14:25:00,14,25,5,1,16,18
2025-01-18 14:30:00,14,30,5,1,11,11
2025-01-18 14:35:00,14,35,5,1,15,18
2025-01-18 14:40:00,14,40,5,1,19,17
2025-01-18 14:45:00,14,45,5,1,11,21
2025-01-18 14:50:00,14,50,5,1,18,17
2025-01-18 14:55:00,14,55,5,1,18,18
2025-01-18 15:00:00,15,0,5,1,19,28
2025-01-18 15:05:00,15,5,5,1,23,27
2025-01-18 15:10:00,15,10,5,1,21,9
2025-01-18 15:15:00,15,15,5,1,26,28
2025-01-18 15:20:00,15,20,5,1,16,24
2025-01-18 15:25:00,15,25,5,1,21,22
2025-01-18 15:30:00,15,30,5,1,22,21
2025-01-18 15:35:00,15,35,5,1,18,22
2025-01-18 15:40:00,15,40,5,1,26,24
2025-01-18 15:45:00,15,45,5,1,32,23
2025-01-18 15:50:00,15,50,5,1,23,22
2025-01-18 15:55:00,15,55,5,1,26,24
2025-01-18 16:00:00,16,0,5,1,24,30
2025-01-18 16:05:00,16,5,5,1,22,30
2025-01-18 16:10:00,16,10,5,1,18,32
2025-01-18 16:15:00,16,15,5,1,22,30
2025-01-18 16:20:00,16,20,5,1,20,25
2025-01-18 16:25:00,16,25,5,1,33,33
2025-01-18 16:30:00,16,30,5,1,25,27
2025-01-18 16:35:00,16,35,5,1,25,34
2025-01-18 16:40:00,16,40,5,1,30,27
2025-01-18 16:45:00,16,45,5,1,22,29
2025-01-18 16:50:00,16,50,5,1,23,31
2025-01-18 16:55:00,16,55,5,1,27,35
2025-01-18 17:00:00,17,0,5,1,31,33
2025-01-18 17:05:00,17,5,5,1,29,32
2025-01-18 17:10:00,17,10,5,1,28,40
2025-01-18 17:15:00,17,15,5,1,27,25
2025-01-18 17:20:00,17,20,5,1,28,28
2025-01-18 17:25:00,17,25,5,1,27,27
2025-01-18 17:30:00,17,30,5,1,22,24
2025-01-18 17:35:00,17,35,5,1,26,28
2025-01-18 17:40:00,17,40,5,1,21,33
2025-01-18 17:45:00,17,45,5,1,25,28
2025-01-18 17:50:00,17,50,5,1,23,29
2025-01-18 17:55:00,17,55,5,1,35,23
2025-01-18 18:00:00,18,0,5,1,24,26
2025-01-18 18:05:00,18,5,5,1,18,27
2025-01-18 18:10:00,18,10,5,1,23,30
2025-01-18 18:15:00,18,15,5,1,25,21
2025-01-18 18:20:00,18,20,5,1,29,25
2025-01-18 18:25:00,18,25,5,1,20,30
2025-01-18 18:30:00,18,30,5,1,15,24
2025-01-18 18:35:00,18,35,5,1,24,16
2025-01-18 18:40:00,18,40,5,1,15,29
2025-01-18 18:45:00,18,45,5,1,18,26
2025-01-18 18:50:00,18,50,5,1,18,26
2025-01-18 18:55:00,18,55,5,1,19,15
2025-01-18 19:00:00,19,0,5,1,21,27
2025-01-18 19:05:00,19,5,5,1,15,17
2025-01-18 19:10:00,19,10,5,1,16,18
2025-01-18 19:15:00,19,15,5,1,17,16
2025-01-18 19:20:00,19,20,5,1,17,22
2025-01-18 19:25:00,19,25,5,1,16,17
2025-01-18 19:30:00,19,30,5,1,17,19
2025-01-18 19:35:00,19,35,5,1,18,17
2025-01-18 19:40:00,19,40,5,1,16,15
2025-01-18 19:45:00,19,45,5,1,16,11
2025-01-18 19:50:00,19,50,5,1,7,22
2025-01-18 19:55:00,19,55,5,1,13,8
2025-01-18 20:00:00,20,0,5,1,14,15
2025-01-18 20:05:00,20,5,5,1,15,14
2025-01-18 20:10:00,20,10,5,1,9,17
2025-01-18 20:15:00,20,15,5,1,9,17
2025-01-18 20:20:00,20,20,5,1,9,11
2025-01-18 20:25:00,20,25,5,1,13,13
2025-01-18 20:30:00,20,30,5,1,14,17
2025-01-18 20:35:00,20,35,5,1,8,10
2025-01-18 20:40:00,20,40,5,1,13,5
2025-01-18 20:45:00,20,45,5,1,10,7
2025-01-18 20:50:00,20,50,5,1,8,3
2025-01-18 20:55:00,20,55,5,1,8,10
2025-01-18 21:00:00,21,0,5,1,11,12
2025-01-18 21:05:00,21,5,5,1,10,7
2025-01-18 21:10:00,21,10,5,1,17,1
2025-01-18 21:15:00,21,15,5,1,4,11
2025-01-18 21:20:00,21,20,5,1,10,0
2025-01-18 21:25:00,21,25,5,1,5,0
2025-01-18 21:30:00,21,30,5,1,4,6
2025-01-18 21:35:00,21,35,5,1,7,7
2025-01-18 21:40:00,21,40,5,1,8,8
2025-01-18 21:45:00,21,45,5,1,19,6
2025-01-18 21:50:00,21,50,5,1,6,13
2025-01-18 21:55:00,21,55,5,1,2,6
2025-01-18 22:00:00,22,0,5,1,8,10
2025-01-18 22:05:00,22,5,5,1,0,8
2025-01-18 22:10:00,22,10,5,1,6,0
2025-01-18 22:15:00,22,15,5,1,6,4
2025-01-18 22:20:00,22,20,5,1,9,13
2025-01-18 22:25:00,22,25,5,1,10,3
2025-01-18 22:30:00,22,30,5,1,4,2
2025-01-18 22:35:00,22,35,5,1,5,5
2025-01-18 22:40:00,22,40,5,1,3,3
2025-01-18 22:45:00,22,45,5,1,1,1
2025-01-18 22:50:00,22,50,5,1,7,3
2025-01-18 22:55:00,22,55,5,1,1,10
2025-01-18 23:00:00,23,0,5,1,4,4
2025-01-18 23:05:00,23,5,5,1,2,0
2025-01-18 23:10:00,23,10,5,1,8,0
2025-01-18 23:15:00,23,15,5,1,13,13
2025-01-18 23:20:00,23,20,5,1,1,3
2025-01-18 23:25:00,23,25,5,1,0,6
2025-01-18 23:30:00,23,30,5,1,5,1
2025-01-18 23:35:00,23,35,5,1,6,6
2025-01-18 23:40:00,23,40,5,1,7,10
2025-01-18 23:45:00,23,45,5,1,4,2
2025-01-18 23:50:00,23,50,5,1,5,6
2025-01-18 23:55:00,23,55,5,1,7,0
2025-01-19 00:00:00,0,0,6,1,10,12
2025-01-19 00:05:00,0,5,6,1,0,5
2025-01-19 00:10:00,0,10,6,1,4,3
2025-01-19 00:15:00,0,15,6,1,6,3
2025-01-19 00:20:00,0,20,6,1,2,2
2025-01-19 00:25:00,0,25,6,1,13,2
2025-01-19 00:30:00,0,30,6,1,3,0
2025-01-19 00:35:00,0,35,6,1,5,4
2025-01-19 00:40:00,0,40,6,1,8,4
2025-01-19 00:45:00,0,45,6,1,3,6
2025-01-19 00:50:00,0,50,6,1,0,2
2025-01-19 00:55:00,0,55,6,1,4,1
2025-01-19 01:00:00,1,0,6,1,10,4
2025-01-19 01:05:00,1,5,6,1,4,0
2025-01-19 01:10:00,1,10,6,1,2,5
2025-01-19 01:15:00,1,15,6,1,9,0
2025-01-19 01:20:00,1,20,6,1,4,9
2025-01-19 01:25:00,1,25,6,1,4,7
2025-01-19 01:30:00,1,30,6,1,6,0
2025-01-19 01:35:00,1,35,6,1,9,7
2025-01-19 01:40:00,1,40,6,1,15,5
2025-01-19 01:45:00,1,45,6,1,9,0
2025-01-19 01:50:00,1,50,6,1,10,0
2025-01-19 01:55:00,1,55,6,1,4,5
2025-01-19 02:00:00,2,0,6,1,2,1
2025-01-19 02:05:00,2,5,6,1,6,9
2025-01-19 02:10:00,2,10,6,1,6,4
2025-01-19 02:15:00,2,15,6,1,1,1
2025-01-19 02:20:00,2,20,6,1,5,11
2025-01-19 02:25:00,2,25,6,1,7,7
2025-01-19 02:30:00,2,30,6,1,7,0
2025-01-19 02:35:00,2,35,6,1,8,2
2025-01-19 02:40:00,2,40,6,1,7,0
2025-01-19 02:45:00,2,45,6,1,4,1
2025-01-19 02:50:00,2,50,6,1,4,4
2025-01-19 02:55:00,2,55,6,1,1,6
2025-01-19 03:00:00,3,0,6,1,13,5
2025-01-19 03:05:00,3,5,6,1,6,9
2025-01-19 03:10:00,3,10,6,1,5,7
2025-01-19 03:15:00,3,15,6,1,2,7
2025-01-19 03:20:00,3,20,6,1,18,5
2025-01-19 03:25:00,3,25,6,1,2,10
2025-01-19 03:30:00,3,30,6,1,4,3
2025-01-19 03:35:00,3,35,6,1,8,3
2025-01-19 03:40:00,3,40,6,1,8,0
2025-01-19 03:45:00,3,45,6,1,10,9
2025-01-19 03:50:00,3,50,6,1,13,4
2025-01-19 03:55:00,3,55,6,1,8,16
2025-01-19 04:00:00,4,0,6,1,2,3
2025-01-19 04:05:00,4,5,6,1,5,5
2025-01-19 04:10:00,4,10,6,1,8,7
2025-01-19 04:15:00,4,15,6,1,15,1
2025-01-19 04:20:00,4,20,6,1,1,7
2025-01-19 04:25:00,4,25,6,1,12,5
2025-01-19 04:30:00,4,30,6,1,8,4
2025-01-19 04:35:00,4,35,6,1,11,10
2025-01-19 04:40:00,4,40,6,1,7,2
2025-01-19 04:45:00,4,45,6,1,5,7
2025-01-19 04:50:00,4,50,6,1,11,12
2025-01-19 04:55:00,4,55,6,1,11,3
2025-01-19 05:00:00,5,0,6,1,13,5
2025-01-19 05:05:00,5,5,6,1,9,16
2025-01-19 05:10:00,5,10,6,1,7,9
2025-01-19 05:15:00,5,15,6,1,4,5
2025-01-19 05:20:00,5,20,6,1,14,11
2025-01-19 05:25:00,5,25,6,1,13,6
2025-01-19 05:30:00,5,30,6,1,8,2
2025-01-19 05:35:00,5,35,6,1,10,14
2025-01-19 05:40:00,5,40,6,1,11,5
2025-01-19 05:45:00,5,45,6,1,8,20
2025-01-19 05:50:00,5,50,6,1,11,8
2025-01-19 05:55:00,5,55,6,1,10,19
2025-01-19 06:00:00,6,0,6,1,14,6
2025-01-19 06:05:00,6,5,6,1,13,16
2025-01-19 06:10:00,6,10,6,1,11,14
2025-01-19 06:15:00,6,15,6,1,26,16
2025-01-19 06:20:00,6,20,6,1,24,18
2025-01-19 06:25:00,6,25,6,1,17,12
2025-01-19 06:30:00,6,30,6,1,22,10
2025-01-19 06:35:00,6,35,6,1,23,15
2025-01-19 06:40:00,6,40,6,1,27,17
2025-01-19 06:45:00,6,45,6,1,20,15
2025-01-19 06:50:00,6,50,6,1,28,18
2025-01-19 06:55:00,6,55,6,1,22,19
2025-01-19 07:00:00,7,0,6,1,20,15
2025-01-19 07:05:00,7,5,6,1,29,20
2025-01-19 07:10:00,7,10,6,1,32,18
2025-01-19 07:15:00,7,15,6,1,38,17
2025-01-19 07:20:00,7,20,6,1,23,23
2025-01-19 07:25:00,7,25,6,1,31,17
2025-01-19 07:30:00,7,30,6,1,27,19
2025-01-19 07:35:00,7,35,6,1,32,21
2025-01-19 07:40:00,7,40,6,1,24,27
2025-01-19 07:45:00,7,45,6,1,25,22
2025-01-19 07:50:00,7,50,6,1,27,24
2025-01-19 07:55:00,7,55,6,1,30,20
2025-01-19 08:00:00,8,0,6,1,28,21
2025-01-19 08:05:00,8,5,6,1,33,21
2025-01-19 08:10:00,8,10,6,1,34,23
2025-01-19 08:15:00,8,15,6,1,32,20
2025-01-19 08:20:00,8,20,6,1,36,27
2025-01-19 08:25:00,8,25,6,1,31,20
2025-01-19 08:30:00,8,30,6,1,24,14
2025-01-19 08:35:00,8,35,6,1,34,31
2025-01-19 08:40:00,8,40,6,1,25,19
2025-01-19 08:45:00,8,45,6,1,31,25
2025-01-19 08:50:00,8,50,6,1,33,25
2025-01-19 08:55:00,8,55,6,1,28,23
2025-01-19 09:00:00,9,0,6,1,19,17
2025-01-19 09:05:00,9,5,6,1,21,19
2025-01-19 09:10:00,9,10,6,1,29,12
2025-01-19 09:15:00,9,15,6,1,22,25
2025-01-19 09:20:00,9,20,6,1,22,13
2025-01-19 09:25:00,9,25,6,1,24,14
2025-01-19 09:30:00,9,30,6,1,23,15
2025-01-19 09:35:00,9,35,6,1,21,14
2025-01-19 09:40:00,9,40,6,1,18,11
2025-01-19 09:45:00,9,45,6,1,17,19
2025-01-19 09:50:00,9,50,6,1,21,16
2025-01-19 09:55:00,9,55,6,1,19,13
2025-01-19 10:00:00,10,0,6,1,15,10
2025-01-19 10:05:00,10,5,6,1,19,15
2025-01-19 10:10:00,10,10,6,1,14,9
2025-01-19 10:15:00,10,15,6,1,10,16
2025-01-19 10:20:00,10,20,6,1,10,10
2025-01-19 10:25:00,10,25,6,1,8,14
2025-01-19 10:30:00,10,30,6,1,11,8
2025-01-19 10:35:00,10,35,6,1,16,9
2025-01-19 10:40:00,10,40,6,1,8,13
2025-01-19 10:45:00,10,45,6,1,11,16
2025-01-19 10:50:00,10,50,6,1,7,14
2025-01-19 10:55:00,10,55,6,1,8,11
2025-01-19 11:00:00,11,0,6,1,3,9
2025-01-19 11:05:00,11,5,6,1,8,5
2025-01-19 11:10:00,11,10,6,1,8,8
2025-01-19 11:15:00,11,15,6,1,10,3
2025-01-19 11:20:00,11,20,6,1,9,8
2025-01-19 11:25:00,11,25,6,1,3,8
2025-01-19 11:30:00,11,30,6,1,12,0
2025-01-19 11:35:00,11,35,6,1,8,6
2025-01-19 11:40:00,11,40,6,1,8,8
2025-01-19 11:45:00,11,45,6,1,7,6
2025-01-19 11:50:00,11,50,6,1,5,7
2025-01-19 11:55:00,11,55,6,1,8,1
2025-01-19 12:00:00,12,0,6,1,9,3
2025-01-19 12:05:00,12,5,6,1,0,10
2025-01-19 12:10:00,12,10,6,1,5,6
2025-01-19 12:15:00,12,15,6,1,6,8
2025-01-19 12:20:00,12,20,6,1,8,4
2025-01-19 12:25:00,12,25,6,1,12,7
2025-01-19 12:30:00,12,30,6,1,4,0
2025-01-19 12:35:00,12,35,6,1,6,10
2025-01-19 12:40:00,12,40,6,1,6,14
2025-01-19 12:45:00,12,45,6,1,5,3
2025-01-19 12:50:00,12,50,6,1,7,4
2025-01-19 12:55:00,12,55,6,1,11,10
2025-01-19 13:00:00,13,0,6,1,4,14
2025-01-19 13:05:00,13,5,6,1,10,8
2025-01-19 13:10:00,13,10,6,1,2,4
2025-01-19 13:15:00,13,15,6,1,7,8
2025-01-19 13:20:00,13,20,6,1,8,5
2025-01-19 13:25:00,13,25,6,1,17,7
2025-01-19 13:30:00,13,30,6,1,9,9
2025-01-19 13:35:00,13,35,6,1,2,7
2025-01-19 13:40:00,13,40,6,1,3,8
2025-01-19 13:45:00,13,45,6,1,11,12
2025-01-19 13:50:00,13,50,6,1,14,13
2025-01-19 13:55:00,13,55,6,1,14,7
2025-01-19 14:00:00,14,0,6,1,13,15
2025-01-19 14:05:00,14,5,6,1,18,12
2025-01-19 14:10:00,14,10,6,1,11,17
2025-01-19 14:15:00,14,15,6,1,17,18
2025-01-19 14:20:00,14,20,6,1,8,14
2025-01-19 14:25:00,14,25,6,1,11,19
2025-01-19 14:30:00,14,30,6,1,8,14
2025-01-19 14:35:00,14,35,6,1,15,23
2025-01-19 14:40:00,14,40,6,1,16,15
2025-01-19 14:45:00,14,45,6,1,17,20
2025-01-19 14:50:00,14,50,6,1,18,19
2025-01-19 14:55:00,14,55,6,1,14,16
2025-01-19 15:00:00,15,0,6,1,18,25
2025-01-19 15:05:00,15,5,6,1,13,19
2025-01-19 15:10:00,15,10,6,1,25,16
2025-01-19 15:15:00,15,15,6,1,19,12
2025-01-19 15:20:00,15,20,6,1,18,20
2025-01-19 15:25:00,15,25,6,1,27,30
2025-01-19 15:30:00,15,30,6,1,16,30
2025-01-19 15:35:00,15,35,6,1,17,23
2025-01-19 15:40:00,15,40,6,1,18,25
2025-01-19 15:45:00,15,45,6,1,23,25
2025-01-19 15:50:00,15,50,6,1,25,22
2025-01-19 15:55:00,15,55,6,1,27,25
2025-01-19 16:00:00,16,0,6,1,34,33
2025-01-19 16:05:00,16,5,6,1,16,31
2025-01-19 16:10:00,16,10,6,1,27,31
2025-01-19 16:15:00,16,15,6,1,23,25
2025-01-19 16:20:00,16,20,6,1,23,31
2025-01-19 16:25:00,16,25,6,1,23,22
2025-01-19 16:30:00,16,30,6,1,22,35
2025-01-19 16:35:00,16,35,6,1,33,33
2025-01-19 16:40:00,16,40,6,1,30,26
2025-01-19 16:45:00,16,45,6,1,27,38
2025-01-19 16:50:00,16,50,6,1,32,25
2025-01-19 16:55:00,16,55,6,1,21,34
2025-01-19 17:00:00,17,0,6,1,21,34
2025-01-19 17:05:00,17,5,6,1,18,27
2025-01-19 17:10:00,17,10,6,1,24,32
2025-01-19 17:15:00,17,15,6,1,27,25
2025-01-19 17:20:00,17,20,6,1,27,20
2025-01-19 17:25:00,17,25,6,1,27,27
2025-01-19 17:30:00,17,30,6,1,20,29
2025-01-19 17:35:00,17,35,6,1,29,34
2025-01-19 17:40:00,17,40,6,1,26,31
2025-01-19 17:45:00,17,45,6,1,28,31
2025-01-19 17:50:00,17,50,6,1,17,26
2025-01-19 17:55:00,17,55,6,1,26,27
2025-01-19 18:00:00,18,0,6,1,19,25
2025-01-19 18:05:00,18,5,6,1,22,23
2025-01-19 18:10:00,18,10,6,1,25,25
2025-01-19 18:15:00,18,15,6,1,23,28
2025-01-19 18:20:00,18,20,6,1,19,24
2025-01-19 18:25:00,18,25,6,1,22,25
2025-01-19 18:30:00,18,30,6,1,15,28
2025-01-19 18:35:00,18,35,6,1,26,23
2025-01-19 18:40:00,18,40,6,1,20,19
2025-01-19 18:45:00,18,45,6,1,24,26
2025-01-19 18:50:00,18,50,6,1,17,24
2025-01-19 18:55:00,18,55,6,1,17,23
2025-01-19 19:00:00,19,0,6,1,15,24
2025-01-19 19:05:00,19,5,6,1,21,22
2025-01-19 19:10:00,19,10,6,1,14,20
2025-01-19 19:15:00,19,15,6,1,19,29
2025-01-19 19:20:00,19,20,6,1,15,13
2025-01-19 19:25:00,19,25,6,1,8,15
2025-01-19 19:30:00,19,30,6,1,13,21
2025-01-19 19:35:00,19,35,6,1,10,17
2025-01-19 19:40:00,19,40,6,1,14,19
2025-01-19 19:45:00,19,45,6,1,9,16
2025-01-19 19:50:00,19,50,6,1,17,20
2025-01-19 19:55:00,19,55,6,1,12,10
2025-01-19 20:00:00,20,0,6,1,12,19
2025-01-19 20:05:00,20,5,6,1,15,17
2025-01-19 20:10:00,20,10,6,1,15,7
2025-01-19 20:15:00,20,15,6,1,11,14
2025-01-19 20:20:00,20,20,6,1,8,11
2025-01-19 20:25:00,20,25,6,1,3,8
2025-01-19 20:30:00,20,30,6,1,7,3
2025-01-19 20:35:00,20,35,6,1,7,6
2025-01-19 20:40:00,20,40,6,1,10,12
2025-01-19 20:45:00,20,45,6,1,8,12
2025-01-19 20:50:00,20,50,6,1,12,8
2025-01-19 20:55:00,20,55,6,1,6,12
2025-01-19 21:00:00,21,0,6,1,8,12
2025-01-19 21:05:00,21,5,6,1,13,8
2025-01-19 21:10:00,21,10,6,1,9,5
2025-01-19 21:15:00,21,15,6,1,8,9
2025-01-19 21:20:00,21,20,6,1,5,9
2025-01-19 21:25:00,21,25,6,1,5,9
2025-01-19 21:30:00,21,30,6,1,4,10
2025-01-19 21:35:00,21,35,6,1,5,1
2025-01-19 21:40:00,21,40,6,1,10,4
2025-01-19 21:45:00,21,45,6,1,6,0
2025-01-19 21:50:00,21,50,6,1,1,9
2025-01-19 21:55:00,21,55,6,1,14,5
2025-01-19 22:00:00,22,0,6,1,8,7
2025-01-19 22:05:00,22,5,6,1,1,0
2025-01-19 22:10:00,22,10,6,1,5,11
2025-01-19 22:15:00,22,15,6,1,7,0
2025-01-19 22:20:00,22,20,6,1,13,8
2025-01-19 22:25:00,22,25,6,1,2,5
2025-01-19 22:30:00,22,30,6,1,10,4
2025-01-19 22:35:00,22,35,6,1,12,4
2025-01-19 22:40:00,22,40,6,1,3,2
2025-01-19 22:45:00,22,45,6,1,5,10
2025-01-19 22:50:00,22,50,6,1,2,5
2025-01-19 22:55:00,22,55,6,1,5,0
2025-01-19 23:00:00,23,0,6,1,6,3
2025-01-19 23:05:00,23,5,6,1,8,5
2025-01-19 23:10:00,23,10,6,1,10,8
2025-01-19 23:15:00,23,15,6,1,3,2
2025-01-19 23:20:00,23,20,6,1,0,2
2025-01-19 23:25:00,23,25,6,1,6,4
2025-01-19 23:30:00,23,30,6,1,7,8
2025-01-19 23:35:00,23,35,6,1,7,0
2025-01-19 23:40:00,23,40,6,1,4,6
2025-01-19 23:45:00,23,45,6,1,6,2
2025-01-19 23:50:00,23,50,6,1,12,3
2025-01-19 23:55:00,23,55,6,1,7,12
2025-01-20 00:00:00,0,0,0,0,7,5
2025-01-20 00:05:00,0,5,0,0,6,9
2025-01-20 00:10:00,0,10,0,0,7,9
2025-01-20 00:15:00,0,15,0,0,15,1
2025-01-20 00:20:00,0,20,0,0,7,0
2025-01-20 00:25:00,0,25,0,0,8,9
2025-01-20 00:30:00,0,30,0,0,6,2
2025-01-20 00:35:00,0,35,0,0,12,0
2025-01-20 00:40:00,0,40,0,0,16,10
2025-01-20 00:45:00,0,45,0,0,10,2
2025-01-20 00:50:00,0,50,0,0,8,3
2025-01-20 00:55:00,0,55,0,0,8,14
2025-01-20 01:00:00,1,0,0,0,0,0
2025-01-20 01:05:00,1,5,0,0,11,1
2025-01-20 01:10:00,1,10,0,0,9,4
2025-01-20 01:15:00,1,15,0,0,10,5
2025-01-20 01:20:00,1,20,0,0,5,2
2025-01-20 01:25:00,1,25,0,0,6,1
2025-01-20 01:30:00,1,30,0,0,6,12
2025-01-20 01:35:00,1,35,0,0,12,7
2025-01-20 01:40:00,1,40,0,0,6,8
2025-01-20 01:45:00,1,45,0,0,16,5
2025-01-20 01:50:00,1,50,0,0,10,7
2025-01-20 01:55:00,1,55,0,0,3,10
2025-01-20 02:00:00,2,0,0,0,7,2
2025-01-20 02:05:00,2,5,0,0,5,7
2025-01-20 02:10:00,2,10,0,0,0,9
2025-01-20 02:15:00,2,15,0,0,14,12
2025-01-20 02:20:00,2,20,0,0,11,14
2025-01-20 02:25:00,2,25,0,0,10,6
2025-01-20 02:30:00,2,30,0,0,9,11
2025-01-20 02:35:00,2,35,0,0,3,0
2025-01-20 02:40:00,2,40,0,0,6,12
2025-01-20 02:45:00,2,45,0,0,11,3
2025-01-20 02:50:00,2,50,0,0,4,5
2025-01-20 02:55:00,2,55,0,0,0,8
2025-01-20 03:00:00,3,0,0,0,7,5
2025-01-20 03:05:00,3,5,0,0,8,7
2025-01-20 03:10:00,3,10,0,0,9,12
2025-01-20 03:15:00,3,15,0,0,11,5
2025-01-20 03:20:00,3,20,0,0,11,2
2025-01-20 03:25:00,3,25,0,0,9,13
2025-01-20 03:30:00,3,30,0,0,13,8
2025-01-20 03:35:00,3,35,0,0,2,14
2025-01-20 03:40:00,3,40,0,0,11,10
2025-01-20 03:45:00,3,45,0,0,11,1
2025-01-20 03:50:00,3,50,0,0,4,9
2025-01-20 03:55:00,3,55,0,0,3,3
2025-01-20 04:00:00,4,0,0,0,6,7
2025-01-20 04:05:00,4,5,0,0,7,7
2025-01-20 04:10:00,4,10,0,0,12,0
2025-01-20 04:15:00,4,15,0,0,7,4
2025-01-20 04:20:00,4,20,0,0,6,16
2025-01-20 04:25:00,4,25,0,0,8,8
2025-01-20 04:30:00,4,30,0,0,15,7
2025-01-20 04:35:00,4,35,0,0,11,15
2025-01-20 04:40:00,4,40,0,0,10,7
2025-01-20 04:45:00,4,45,0,0,11,8
2025-01-20 04:50:00,4,50,0,0,17,13
2025-01-20 04:55:00,4,55,0,0,9,7
2025-01-20 05:00:00,5,0,0,0,18,6
2025-01-20 05:05:00,5,5,0,0,14,1
2025-01-20 05:10:00,5,10,0,0,13,6
2025-01-20 05:15:00,5,15,0,0,25,7
2025-01-20 05:20:00,5,20,0,0,11,12
2025-01-20 05:25:00,5,25,0,0,15,9
2025-01-20 05:30:00,5,30,0,0,12,21
2025-01-20 05:35:00,5,35,0,0,21,9
2025-01-20 05:40:00,5,40,0,0,25,19
2025-01-20 05:45:00,5,45,0,0,26,15
2025-01-20 05:50:00,5,50,0,0,25,18
2025-01-20 05:55:00,5,55,0,0,21,19
2025-01-20 06:00:00,6,0,0,0,21,7
2025-01-20 06:05:00,6,5,0,0,17,17
2025-01-20 06:10:00,6,10,0,0,33,17
2025-01-20 06:15:00,6,15,0,0,28,14
2025-01-20 06:20:00,6,20,0,0,25,21
2025-01-20 06:25:00,6,25,0,0,33,27
2025-01-20 06:30:00,6,30,0,0,25,10
2025-01-20 06:35:00,6,35,0,0,32,20
2025-01-20 06:40:00,6,40,0,0,31,18
2025-01-20 06:45:00,6,45,0,0,35,24
2025-01-20 06:50:00,6,50,0,0,34,23
2025-01-20 06:55:00,6,55,0,0,29,23
2025-01-20 07:00:00,7,0,0,0,36,29
2025-01-20 07:05:00,7,5,0,0,41,33
2025-01-20 07:10:00,7,10,0,0,38,38
2025-01-20 07:15:00,7,15,0,0,42,25
2025-01-20 07:20:00,7,20,0,0,36,21
2025-01-20 07:25:00,7,25,0,0,40,31
2025-01-20 07:30:00,7,30,0,0,39,36
2025-01-20 07:35:00,7,35,0,0,45,33
2025-01-20 07:40:00,7,40,0,0,42,37
2025-01-20 07:45:00,7,45,0,0,45,30
2025-01-20 07:50:00,7,50,0,0,47,28
2025-01-20 07:55:00,7,55,0,0,46,31
2025-01-20 08:00:00,8,0,0,0,44,30
2025-01-20 08:05:00,8,5,0,0,39,34
2025-01-20 08:10:00,8,10,0,0,43,35
2025-01-20 08:15:00,8,15,0,0,40,35
2025-01-20 08:20:00,8,20,0,0,41,32
2025-01-20 08:25:00,8,25,0,0,40,31
2025-01-20 08:30:00,8,30,0,0,37,33
2025-01-20 08:35:00,8,35,0,0,33,21
2025-01-20 08:40:00,8,40,0,0,37,29
2025-01-20 08:45:00,8,45,0,0,40,28
2025-01-20 08:50:00,8,50,0,0,33,28
2025-01-20 08:55:00,8,55,0,0,37,26
2025-01-20 09:00:00,9,0,0,0,44,28
2025-01-20 09:05:00,9,5,0,0,39,23
2025-01-20 09:10:00,9,10,0,0,40,29
2025-01-20 09:15:00,9,15,0,0,34,26
2025-01-20 09:20:00,9,20,0,0,36,23
2025-01-20 09:25:00,9,25,0,0,28,19
2025-01-20 09:30:00,9,30,0,0,27,24
2025-01-20 09:35:00,9,35,0,0,17,21
2025-01-20 09:40:00,9,40,0,0,32,17
2025-01-20 09:45:00,9,45,0,0,32,18
2025-01-20 09:50:00,9,50,0,0,22,20
2025-01-20 09:55:00,9,55,0,0,23,19
2025-01-20 10:00:00,10,0,0,0,19,18
2025-01-20 10:05:00,10,5,0,0,23,16
2025-01-20 10:10:00,10,10,0,0,25,19
2025-01-20 10:15:00,10,15,0,0,12,19
2025-01-20 10:20:00,10,20,0,0,20,17
2025-01-20 10:25:00,10,25,0,0,17,11
2025-01-20 10:30:00,10,30,0,0,17,8
2025-01-20 10:35:00,10,35,0,0,18,10
2025-01-20 10:40:00,10,40,0,0,15,19
2025-01-20 10:45:00,10,45,0,0,14,12
2025-01-20 10:50:00,10,50,0,0,13,19
2025-01-20 10:55:00,10,55,0,0,17,10
2025-01-20 11:00:00,11,0,0,0,15,9
2025-01-20 11:05:00,11,5,0,0,13,9
2025-01-20 11:10:00,11,10,0,0,7,9
2025-01-20 11:15:00,11,15,0,0,10,6
2025-01-20 11:20:00,11,20,0,0,15,4
2025-01-20 11:25:00,11,25,0,0,11,11
2025-01-20 11:30:00,11,30,0,0,14,13
2025-01-20 11:35:00,11,35,0,0,18,18
2025-01-20 11:40:00,11,40,0,0,15,7
2025-01-20 11:45:00,11,45,0,0,11,7
2025-01-20 11:50:00,11,50,0,0,8,5
2025-01-20 11:55:00,11,55,0,0,0,13
2025-01-20 12:00:00,12,0,0,0,10,12
2025-01-20 12:05:00,12,5,0,0,9,5
2025-01-20 12:10:00,12,10,0,0,12,5
2025-01-20 12:15:00,12,15,0,0,10,13
2025-01-20 12:20:00,12,20,0,0,9,11
2025-01-20 12:25:00,12,25,0,0,4,12
2025-01-20 12:30:00,12,30,0,0,7,6
2025-01-20 12:35:00,12,35,0,0,13,2
2025-01-20 12:40:00,12,40,0,0,18,7
2025-01-20 12:45:00,12,45,0,0,11,13
2025-01-20 12:50:00,12,50,0,0,13,19
2025-01-20 12:55:00,12,55,0,0,16,9
2025-01-20 13:00:00,13,0,0,0,9,21
2025-01-20 13:05:00,13,5,0,0,14,15
2025-01-20 13:10:00,13,10,0,0,10,7
2025-01-20 13:15:00,13,15,0,0,17,14
2025-01-20 13:20:00,13,20,0,0,14,17
2025-01-20 13:25:00,13,25,0,0,15,4
2025-01-20 13:30:00,13,30,0,0,11,17
2025-01-20 13:35:00,13,35,0,0,18,20
2025-01-20 13:40:00,13,40,0,0,24,18
2025-01-20 13:45:00,13,45,0,0,12,16
2025-01-20 13:50:00,13,50,0,0,15,17
2025-01-20 13:55:00,13,55,0,0,18,17
2025-01-20 14:00:00,14,0,0,0,21,14
2025-01-20 14:05:00,14,5,0,0,16,17
2025-01-20 14:10:00,14,10,0,0,8,19
2025-01-20 14:15:00,14,15,0,0,25,22
2025-01-20 14:20:00,14,20,0,0,23,20
2025-01-20 14:25:00,14,25,0,0,14,20
2025-01-20 14:30:00,14,30,0,0,19,27
2025-01-20 14:35:00,14,35,0,0,29,27
2025-01-20 14:40:00,14,40,0,0,29,24
2025-01-20 14:45:00,14,45,0,0,28,29
2025-01-20 14:50:00,14,50,0,0,24,26
2025-01-20 14:55:00,14,55,0,0,26,30
2025-01-20 15:00:00,15,0,0,0,26,34
2025-01-20 15:05:00,15,5,0,0,31,29
2025-01-20 15:10:00,15,10,0,0,24,28
2025-01-20 15:15:00,15,15,0,0,25,33
2025-01-20 15:20:00,15,20,0,0,33,29
2025-01-20 15:25:00,15,25,0,0,30,34
2025-01-20 15:30:00,15,30,0,0,36,35
2025-01-20 15:35:00,15,35,0,0,29,27
2025-01-20 15:40:00,15,40,0,0,32,40
2025-01-20 15:45:00,15,45,0,0,29,38
2025-01-20 15:50:00,15,50,0,0,33,44
2025-01-20 15:55:00,15,55,0,0,28,41
2025-01-20 16:00:00,16,0,0,0,33,44
2025-01-20 16:05:00,16,5,0,0,29,47
2025-01-20 16:10:00,16,10,0,0,38,42
2025-01-20 16:15:00,16,15,0,0,39,43
2025-01-20 16:20:00,16,20,0,0,29,38
2025-01-20 16:25:00,16,25,0,0,42,49
2025-01-20 16:30:00,16,30,0,0,47,44
2025-01-20 16:35:00,16,35,0,0,38,41
2025-01-20 16:40:00,16,40,0,0,35,48
2025-01-20 16:45:00,16,45,0,0,49,37
2025-01-20 16:50:00,16,50,0,0,33,44
2025-01-20 16:55:00,16,55,0,0,38,50
2025-01-20 17:00:00,17,0,0,0,39,44
2025-01-20 17:05:00,17,5,0,0,43,43
2025-01-20 17:10:00,17,10,0,0,39,44
2025-01-20 17:15:00,17,15,0,0,36,38
2025-01-20 17:20:00,17,20,0,0,34,48
2025-01-20 17:25:00,17,25,0,0,36,45
2025-01-20 17:30:00,17,30,0,0,33,44
2025-01-20 17:35:00,17,35,0,0,37,43
2025-01-20 17:40:00,17,40,0,0,34,44
2025-01-20 17:45:00,17,45,0,0,30,46
2025-01-20 17:50:00,17,50,0,0,41,42
2025-01-20 17:55:00,17,55,0,0,33,37
2025-01-20 18:00:00,18,0,0,0,29,44
2025-01-20 18:05:00,18,5,0,0,33,43
2025-01-20 18:10:00,18,10,0,0,34,41
2025-01-20 18:15:00,18,15,0,0,26,43
2025-01-20 18:20:00,18,20,0,0,33,38
2025-01-20 18:25:00,18,25,0,0,27,42
2025-01-20 18:30:00,18,30,0,0,37,42
2025-01-20 18:35:00,18,35,0,0,32,38
2025-01-20 18:40:00,18,40,0,0,28,31
2025-01-20 18:45:00,18,45,0,0,25,33
2025-01-20 18:50:00,18,50,0,0,27,37
2025-01-20 18:55:00,18,55,0,0,29,25
2025-01-20 19:00:00,19,0,0,0,26,29
2025-01-20 19:05:00,19,5,0,0,25,28
2025-01-20 19:10:00,19,10,0,0,25,25
2025-01-20 19:15:00,19,15,0,0,22,31
2025-01-20 19:20:00,19,20,0,0,22,28
2025-01-20 19:25:00,19,25,0,0,14,22
2025-01-20 19:30:00,19,30,0,0,26,27
2025-01-20 19:35:00,19,35,0,0,22,23
2025-01-20 19:40:00,19,40,0,0,17,19
2025-01-20 19:45:00,19,45,0,0,27,19
2025-01-20 19:50:00,19,50,0,0,19,22
2025-01-20 19:55:00,19,55,0,0,14,24
2025-01-20 20:00:00,20,0,0,0,21,17
2025-01-20 20:05:00,20,5,0,0,19,20
2025-01-20 20:10:00,20,10,0,0,18,24
2025-01-20 20:15:00,20,15,0,0,14,12
2025-01-20 20:20:00,20,20,0,0,17,17
2025-01-20 20:25:00,20,25,0,0,14,19
2025-01-20 20:30:00,20,30,0,0,17,14
2025-01-20 20:35:00,20,35,0,0,6,19
2025-01-20 20:40:00,20,40,0,0,12,22
2025-01-20 20:45:00,20,45,0,0,20,14
2025-01-20 20:50:00,20,50,0,0,10,11
2025-01-20 20:55:00,20,55,0,0,10,16
2025-01-20 21:00:00,21,0,0,0,10,15
2025-01-20 21:05:00,21,5,0,0,7,1
2025-01-20 21:10:00,21,10,0,0,3,11
2025-01-20 21:15:00,21,15,0,0,10,9
2025-01-20 21:20:00,21,20,0,0,11,11
2025-01-20 21:25:00,21,25,0,0,10,9
2025-01-20 21:30:00,21,30,0,0,10,9
2025-01-20 21:35:00,21,35,0,0,10,5
2025-01-20 21:40:00,21,40,0,0,14,12
2025-01-20 21:45:00,21,45,0,0,9,15
2025-01-20 21:50:00,21,50,0,0,7,5
2025-01-20 21:55:00,21,55,0,0,8,2
2025-01-20 22:00:00,22,0,0,0,12,8
2025-01-20 22:05:00,22,5,0,0,15,7
2025-01-20 22:10:00,22,10,0,0,7,12
2025-01-20 22:15:00,22,15,0,0,9,2
2025-01-20 22:20:00,22,20,0,0,10,5
2025-01-20 22:25:00,22,25,0,0,5,0
2025-01-20 22:30:00,22,30,0,0,9,12
2025-01-20 22:35:00,22,35,0,0,3,8
2025-01-20 22:40:00,22,40,0,0,1,5
2025-01-20 22:45:00,22,45,0,0,10,1
2025-01-20 22:50:00,22,50,0,0,7,2
2025-01-20 22:55:00,22,55,0,0,9,8
2025-01-20 23:00:00,23,0,0,0,8,2
2025-01-20 23:05:00,23,5,0,0,4,7
2025-01-20 23:10:00,23,10,0,0,8,15
2025-01-20 23:15:00,23,15,0,0,3,5
2025-01-20 23:20:00,23,20,0,0,14,2
2025-01-20 23:25:00,23,25,0,0,3,8
2025-01-20 23:30:00,23,30,0,0,7,1
2025-01-20 23:35:00,23,35,0,0,4,13
2025-01-20 23:40:00,23,40,0,0,10,12
2025-01-20 23:45:00,23,45,0,0,7,5
2025-01-20 23:50:00,23,50,0,0,6,3
2025-01-20 23:55:00,23,55,0,0,11,4
2025-01-21 00:00:00,0,0,1,0,8,5
2025-01-21 00:05:00,0,5,1,0,10,8
2025-01-21 00:10:00,0,10,1,0,4,10
2025-01-21 00:15:00,0,15,1,0,2,2
2025-01-21 00:20:00,0,20,1,0,8,10
2025-01-21 00:25:00,0,25,1,0,7,8
2025-01-21 00:30:00,0,30,1,0,11,4
2025-01-21 00:35:00,0,35,1,0,8,2
2025-01-21 00:40:00,0,40,1,0,9,6
2025-01-21 00:45:00,0,45,1,0,2,2
2025-01-21 00:50:00,0,50,1,0,16,10
2025-01-21 00:55:00,0,55,1,0,7,2
2025-01-21 01:00:00,1,0,1,0,11,8
2025-01-21 01:05:00,1,5,1,0,5,6
2025-01-21 01:10:00,1,10,1,0,9,4
2025-01-21 01:15:00,1,15,1,0,3,6
2025-01-21 01:20:00,1,20,1,0,10,10
2025-01-21 01:25:00,1,25,1,0,7,1
2025-01-21 01:30:00,1,30,1,0,8,4
2025-01-21 01:35:00,1,35,1,0,11,3
2025-01-21 01:40:00,1,40,1,0,3,6
2025-01-21 01:45:00,1,45,1,0,5,3
2025-01-21 01:50:00,1,50,1,0,10,0
2025-01-21 01:55:00,1,55,1,0,16,2
2025-01-21 02:00:00,2,0,1,0,7,13
2025-01-21 02:05:00,2,5,1,0,10,7
2025-01-21 02:10:00,2,10,1,0,8,7
2025-01-21 02:15:00,2,15,1,0,16,5
2025-01-21 02:20:00,2,20,1,0,1,6
2025-01-21 02:25:00,2,25,1,0,8,4
2025-01-21 02:30:00,2,30,1,0,2,8
2025-01-21 02:35:00,2,35,1,0,0,6
2025-01-21 02:40:00,2,40,1,0,9,1
2025-01-21 02:45:00,2,45,1,0,9,7
2025-01-21 02:50:00,2,50,1,0,7,0
2025-01-21 02:55:00,2,55,1,0,8,8
2025-01-21 03:00:00,3,0,1,0,21,0
2025-01-21 03:05:00,3,5,1,0,7,6
2025-01-21 03:10:00,3,10,1,0,10,1
2025-01-21 03:15:00,3,15,1,0,6,6
2025-01-21 03:20:00,3,20,1,0,9,9
2025-01-21 03:25:00,3,25,1,0,7,12
2025-01-21 03:30:00,3,30,1,0,7,0
2025-01-21 03:35:00,3,35,1,0,16,10
2025-01-21 03:40:00,3,40,1,0,13,7
2025-01-21 03:45:00,3,45,1,0,9,5
2025-01-21 03:50:00,3,50,1,0,0,10
2025-01-21 03:55:00,3,55,1,0,7,6
2025-01-21 04:00:00,4,0,1,0,20,10
2025-01-21 04:05:00,4,5,1,0,8,3
2025-01-21 04:10:00,4,10,1,0,14,4
2025-01-21 04:15:00,4,15,1,0,15,11
2025-01-21 04:20:00,4,20,1,0,11,13
2025-01-21 04:25:00,4,25,1,0,7,7
2025-01-21 04:30:00,4,30,1,0,1,0
2025-01-21 04:35:00,4,35,1,0,13,7
2025-01-21 04:40:00,4,40,1,0,8,8
2025-01-21 04:45:00,4,45,1,0,12,7
2025-01-21 04:50:00,4,50,1,0,7,10
2025-01-21 04:55:00,4,55,1,0,11,7
2025-01-21 05:00:00,5,0,1,0,13,13
2025-01-21 05:05:00,5,5,1,0,14,5
2025-01-21 05:10:00,5,10,1,0,9,15
2025-01-21 05:15:00,5,15,1,0,19,17
2025-01-21 05:20:00,5,20,1,0,13,7
2025-01-21 05:25:00,5,25,1,0,9,8
2025-01-21 05:30:00,5,30,1,0,16,14
2025-01-21 05:35:00,5,35,1,0,18,8
2025-01-21 05:40:00,5,40,1,0,19,11
2025-01-21 05:45:00,5,45,1,0,25,19
2025-01-21 05:50:00,5,50,1,0,19,18
2025-01-21 05:55:00,5,55,1,0,21,23
2025-01-21 06:00:00,6,0,1,0,18,17
2025-01-21 06:05:00,6,5,1,0,27,15
2025-01-21 06:10:00,6,10,1,0,25,18
2025-01-21 06:15:00,6,15,1,0,24,18
2025-01-21 06:20:00,6,20,1,0,19,19
2025-01-21 06:25:00,6,25,1,0,34,20
2025-01-21 06:30:00,6,30,1,0,24,17
2025-01-21 06:35:00,6,35,1,0,28,23
2025-01-21 06:40:00,6,40,1,0,33,17
2025-01-21 06:45:00,6,45,1,0,28,21
2025-01-21 06:50:00,6,50,1,0,28,24
2025-01-21 06:55:00,6,55,1,0,26,16
2025-01-21 07:00:00,7,0,1,0,39,29
2025-01-21 07:05:00,7,5,1,0,35,19
2025-01-21 07:10:00,7,10,1,0,50,30
2025-01-21 07:15:00,7,15,1,0,35,23
2025-01-21 07:20:00,7,20,1,0,36,27
2025-01-21 07:25:00,7,25,1,0,38,31
2025-01-21 07:30:00,7,30,1,0,42,38
2025-01-21 07:35:00,7,35,1,0,40,31
2025-01-21 07:40:00,7,40,1,0,45,22
2025-01-21 07:45:00,7,45,1,0,39,34
2025-01-21 07:50:00,7,50,1,0,37,30
2025-01-21 07:55:00,7,55,1,0,36,31
2025-01-21 08:00:00,8,0,1,0,34,33
2025-01-21 08:05:00,8,5,1,0,41,22
2025-01-21 08:10:00,8,10,1,0,42,31
2025-01-21 08:15:00,8,15,1,0,40,29
2025-01-21 08:20:00,8,20,1,0,47,35
2025-01-21 08:25:00,8,25,1,0,47,33
2025-01-21 08:30:00,8,30,1,0,40,23
2025-01-21 08:35:00,8,35,1,0,33,34
2025-01-21 08:40:00,8,40,1,0,37,30
2025-01-21 08:45:00,8,45,1,0,36,22
2025-01-21 08:50:00,8,50,1,0,35,28
2025-01-21 08:55:00,8,55,1,0,34,31
2025-01-21 09:00:00,9,0,1,0,33,21
2025-01-21 09:05:00,9,5,1,0,33,31
2025-01-21 09:10:00,9,10,1,0,31,18
2025-01-21 09:15:00,9,15,1,0,34,21
2025-01-21 09:20:00,9,20,1,0,33,19
2025-01-21 09:25:00,9,25,1,0,27,28
2025-01-21 09:30:00,9,30,1,0,34,19
2025-01-21 09:35:00,9,35,1,0,24,16
2025-01-21 09:40:00,9,40,1,0,20,21
2025-01-21 09:45:00,9,45,1,0,27,21
2025-01-21 09:50:00,9,50,1,0,21,21
2025-01-21 09:55:00,9,55,1,0,25,16
2025-01-21 10:00:00,10,0,1,0,13,17
2025-01-21 10:05:00,10,5,1,0,27,13
2025-01-21 10:10:00,10,10,1,0,23,22
2025-01-21 10:15:00,10,15,1,0,13,19
2025-01-21 10:20:00,10,20,1,0,13,18
2025-01-21 10:25:00,10,25,1,0,24,16
2025-01-21 10:30:00,10,30,1,0,14,15
2025-01-21 10:35:00,10,35,1,0,13,7
2025-01-21 10:40:00,10,40,1,0,6,14
2025-01-21 10:45:00,10,45,1,0,13,11
2025-01-21 10:50:00,10,50,1,0,13,16
2025-01-21 10:55:00,10,55,1,0,16,13
2025-01-21 11:00:00,11,0,1,0,7,12
2025-01-21 11:05:00,11,5,1,0,7,3
2025-01-21 11:10:00,11,10,1,0,14,9
2025-01-21 11:15:00,11,15,1,0,16,7
2025-01-21 11:20:00,11,20,1,0,5,10
2025-01-21 11:25:00,11,25,1,0,16,7
2025-01-21 11:30:00,11,30,1,0,11,7
2025-01-21 11:35:00,11,35,1,0,15,10
2025-01-21 11:40:00,11,40,1,0,10,7
2025-01-21 11:45:00,11,45,1,0,0,9
2025-01-21 11:50:00,11,50,1,0,10,2
2025-01-21 11:55:00,11,55,1,0,15,5
2025-01-21 12:00:00,12,0,1,0,7,11
2025-01-21 12:05:00,12,5,1,0,9,4
2025-01-21 12:10:00,12,10,1,0,10,14
2025-01-21 12:15:00,12,15,1,0,0,13
2025-01-21 12:20:00,12,20,1,0,17,8
2025-01-21 12:25:00,12,25,1,0,7,21
2025-01-21 12:30:00,12,30,1,0,13,14
2025-01-21 12:35:00,12,35,1,0,11,6
2025-01-21 12:40:00,12,40,1,0,16,13
2025-01-21 12:45:00,12,45,1,0,13,11
2025-01-21 12:50:00,12,50,1,0,11,8
2025-01-21 12:55:00,12,55,1,0,8,7
2025-01-21 13:00:00,13,0,1,0,15,15
2025-01-21 13:05:00,13,5,1,0,5,10
2025-01-21 13:10:00,13,10,1,0,15,12
2025-01-21 13:15:00,13,15,1,0,9,9
2025-01-21 13:20:00,13,20,1,0,19,11
2025-01-21 13:25:00,13,25,1,0,15,14
2025-01-21 13:30:00,13,30,1,0,17,16
2025-01-21 13:35:00,13,35,1,0,15,5
2025-01-21 13:40:00,13,40,1,0,8,16
2025-01-21 13:45:00,13,45,1,0,13,14
2025-01-21 13:50:00,13,50,1,0,19,23
2025-01-21 13:55:00,13,55,1,0,18,30
2025-01-21 14:00:00,14,0,1,0,22,18
2025-01-21 14:05:00,14,5,1,0,20,13
2025-01-21 14:10:00,14,10,1,0,15,21
2025-01-21 14:15:00,14,15,1,0,16,21
2025-01-21 14:20:00,14,20,1,0,21,30
2025-01-21 14:25:00,14,25,1,0,12,30
2025-01-21 14:30:00,14,30,1,0,28,28
2025-01-21 14:35:00,14,35,1,0,24,23
2025-01-21 14:40:00,14,40,1,0,28,29
2025-01-21 14:45:00,14,45,1,0,18,28
2025-01-21 14:50:00,14,50,1,0,30,29
2025-01-21 14:55:00,14,55,1,0,34,23
2025-01-21 15:00:00,15,0,1,0,21,35
2025-01-21 15:05:00,15,5,1,0,30,32
2025-01-21 15:10:00,15,10,1,0,28,32
2025-01-21 15:15:00,15,15,1,0,22,31
2025-01-21 15:20:00,15,20,1,0,31,31
2025-01-21 15:25:00,15,25,1,0,33,37
2025-01-21 15:30:00,15,30,1,0,28,29
2025-01-21 15:35:00,15,35,1,0,36,40
2025-01-21 15:40:00,15,40,1,0,25,34
2025-01-21 15:45:00,15,45,1,0,27,31
2025-01-21 15:50:00,15,50,1,0,34,47
2025-01-21 15:55:00,15,55,1,0,34,37
2025-01-21 16:00:00,16,0,1,0,32,38
2025-01-21 16:05:00,16,5,1,0,38,47
2025-01-21 16:10:00,16,10,1,0,38,50
2025-01-21 16:15:00,16,15,1,0,39,37
2025-01-21 16:20:00,16,20,1,0,36,40
2025-01-21 16:25:00,16,25,1,0,39,41
2025-01-21 16:30:00,16,30,1,0,35,49
2025-01-21 16:35:00,16,35,1,0,46,52
2025-01-21 16:40:00,16,40,1,0,34,41
2025-01-21 16:45:00,16,45,1,0,46,51
2025-01-21 16:50:00,16,50,1,0,38,43
2025-01-21 16:55:00,16,55,1,0,32,47
2025-01-21 17:00:00,17,0,1,0,43,41
2025-01-21 17:05:00,17,5,1,0,38,45
2025-01-21 17:10:00,17,10,1,0,41,45
2025-01-21 17:15:00,17,15,1,0,43,44
2025-01-21 17:20:00,17,20,1,0,39,47
2025-01-21 17:25:00,17,25,1,0,35,41
2025-01-21 17:30:00,17,30,1,0,41,41
2025-01-21 17:35:00,17,35,1,0,37,46
2025-01-21 17:40:00,17,40,1,0,39,49
2025-01-21 17:45:00,17,45,1,0,27,43
2025-01-21 17:50:00,17,50,1,0,37,45
2025-01-21 17:55:00,17,55,1,0,32,45
2025-01-21 18:00:00,18,0,1,0,41,45
2025-01-21 18:05:00,18,5,1,0,36,37
2025-01-21 18:10:00,18,10,1,0,34,37
2025-01-21 18:15:00,18,15,1,0,35,36
2025-01-21 18:20:00,18,20,1,0,28,46
2025-01-21 18:25:00,18,25,1,0,38,39
2025-01-21 18:30:00,18,30,1,0,39,38
2025-01-21 18:35:00,18,35,1,0,32,37
2025-01-21 18:40:00,18,40,1,0,36,29
2025-01-21 18:45:00,18,45,1,0,26,41
2025-01-21 18:50:00,18,50,1,0,25,34
2025-01-21 18:55:00,18,55,1,0,27,34
2025-01-21 19:00:00,19,0,1,0,28,23
2025-01-21 19:05:00,19,5,1,0,24,32
2025-01-21 19:10:00,19,10,1,0,27,27
2025-01-21 19:15:00,19,15,1,0,25,22
2025-01-21 19:20:00,19,20,1,0,19,22
2025-01-21 19:25:00,19,25,1,0,25,20
2025-01-21 19:30:00,19,30,1,0,25,19
2025-01-21 19:35:00,19,35,1,0,22,24
2025-01-21 19:40:00,19,40,1,0,25,21
2025-01-21 19:45:00,19,45,1,0,15,23
2025-01-21 19:50:00,19,50,1,0,21,27
2025-01-21 19:55:00,19,55,1,0,14,19
2025-01-21 20:00:00,20,0,1,0,13,10
2025-01-21 20:05:00,20,5,1,0,15,17
2025-01-21 20:10:00,20,10,1,0,13,22
2025-01-21 20:15:00,20,15,1,0,14,16
2025-01-21 20:20:00,20,20,1,0,15,22
2025-01-21 20:25:00,20,25,1,0,18,17
2025-01-21 20:30:00,20,30,1,0,13,7
2025-01-21 20:35:00,20,35,1,0,8,14
2025-01-21 20:40:00,20,40,1,0,18,15
2025-01-21 20:45:00,20,45,1,0,10,17
2025-01-21 20:50:00,20,50,1,0,13,20
2025-01-21 20:55:00,20,55,1,0,14,16
2025-01-21 21:00:00,21,0,1,0,13,13
2025-01-21 21:05:00,21,5,1,0,16,14
2025-01-21 21:10:00,21,10,1,0,13,10
2025-01-21 21:15:00,21,15,1,0,8,4
2025-01-21 21:20:00,21,20,1,0,20,10
2025-01-21 21:25:00,21,25,1,0,11,11
2025-01-21 21:30:00,21,30,1,0,10,4
2025-01-21 21:35:00,21,35,1,0,14,14
2025-01-21 21:40:00,21,40,1,0,11,13
2025-01-21 21:45:00,21,45,1,0,11,3
2025-01-21 21:50:00,21,50,1,0,20,14
2025-01-21 21:55:00,21,55,1,0,8,7
2025-01-21 22:00:00,22,0,1,0,8,5
2025-01-21 22:05:00,22,5,1,0,10,12
2025-01-21 22:10:00,22,10,1,0,13,7
2025-01-21 22:15:00,22,15,1,0,3,15
2025-01-21 22:20:00,22,20,1,0,1,4
2025-01-21 22:25:00,22,25,1,0,6,0
2025-01-21 22:30:00,22,30,1,0,2,6
2025-01-21 22:35:00,22,35,1,0,7,10
2025-01-21 22:40:00,22,40,1,0,11,3
2025-01-21 22:45:00,22,45,1,0,5,1
2025-01-21 22:50:00,22,50,1,0,3,7
2025-01-21 22:55:00,22,55,1,0,9,1
2025-01-21 23:00:00,23,0,1,0,12,8
2025-01-21 23:05:00,23,5,1,0,2,5
2025-01-21 23:10:00,23,10,1,0,12,8
2025-01-21 23:15:00,23,15,1,0,11,1
2025-01-21 23:20:00,23,20,1,0,12,11
2025-01-21 23:25:00,23,25,1,0,13,6
2025-01-21 23:30:00,23,30,1,0,17,9
2025-01-21 23:35:00,23,35,1,0,7,10
2025-01-21 23:40:00,23,40,1,0,9,2
2025-01-21 23:45:00,23,45,1,0,6,10
2025-01-21 23:50:00,23,50,1,0,8,0
2025-01-21 23:55:00,23,55,1,0,14,1
2025-01-22 00:00:00,0,0,2,0,3,14
2025-01-22 00:05:00,0,5,2,0,5,10
2025-01-22 00:10:00,0,10,2,0,14,14
2025-01-22 00:15:00,0,15,2,0,12,5
2025-01-22 00:20:00,0,20,2,0,7,6
2025-01-22 00:25:00,0,25,2,0,11,8
2025-01-22 00:30:00,0,30,2,0,9,6
2025-01-22 00:35:00,0,35,2,0,14,3
2025-01-22 00:40:00,0,40,2,0,8,2
2025-01-22 00:45:00,0,45,2,0,12,7
2025-01-22 00:50:00,0,50,2,0,19,2
2025-01-22 00:55:00,0,55,2,0,10,2
2025-01-22 01:00:00,1,0,2,0,8,8
2025-01-22 01:05:00,1,5,2,0,11,6
2025-01-22 01:10:00,1,10,2,0,7,10
2025-01-22 01:15:00,1,15,2,0,18,4
2025-01-22 01:20:00,1,20,2,0,9,4
2025-01-22 01:25:00,1,25,2,0,7,8
2025-01-22 01:30:00,1,30,2,0,5,3
2025-01-22 01:35:00,1,35,2,0,12,3
2025-01-22 01:40:00,1,40,2,0,11,4
2025-01-22 01:45:00,1,45,2,0,6,5
2025-01-22 01:50:00,1,50,2,0,10,13
2025-01-22 01:55:00,1,55,2,0,2,0
2025-01-22 02:00:00,2,0,2,0,9,11
2025-01-22 02:05:00,2,5,2,0,10,9
2025-01-22 02:10:00,2,10,2,0,15,12
2025-01-22 02:15:00,2,15,2,0,5,19
2025-01-22 02:20:00,2,20,2,0,3,12
2025-01-22 02:25:00,2,25,2,0,4,10
2025-01-22 02:30:00,2,30,2,0,3,1
2025-01-22 02:35:00,2,35,2,0,13,1
2025-01-22 02:40:00,2,40,2,0,14,7
2025-01-22 02:45:00,2,45,2,0,9,0
2025-01-22 02:50:00,2,50,2,0,13,9
2025-01-22 02:55:00,2,55,2,0,9,0
2025-01-22 03:00:00,3,0,2,0,8,11
2025-01-22 03:05:00,3,5,2,0,7,5
2025-01-22 03:10:00,3,10,2,0,7,7
2025-01-22 03:15:00,3,15,2,0,2,3
2025-01-22 03:20:00,3,20,2,0,9,0
2025-01-22 03:25:00,3,25,2,0,8,11
2025-01-22 03:30:00,3,30,2,0,11,12
2025-01-22 03:35:00,3,35,2,0,9,5
2025-01-22 03:40:00,3,40,2,0,8,9
2025-01-22 03:45:00,3,45,2,0,5,5
2025-01-22 03:50:00,3,50,2,0,9,8
2025-01-22 03:55:00,3,55,2,0,12,10
2025-01-22 04:00:00,4,0,2,0,4,9
2025-01-22 04:05:00,4,5,2,0,10,12
2025-01-22 04:10:00,4,10,2,0,10,9
2025-01-22 04:15:00,4,15,2,0,7,7
2025-01-22 04:20:00,4,20,2,0,7,4
2025-01-22 04:25:00,4,25,2,0,11,6
2025-01-22 04:30:00,4,30,2,0,6,11
2025-01-22 04:35:00,4,35,2,0,12,2
2025-01-22 04:40:00,4,40,2,0,7,13
2025-01-22 04:45:00,4,45,2,0,16,7
2025-01-22 04:50:00,4,50,2,0,21,5
2025-01-22 04:55:00,4,55,2,0,9,5
2025-01-22 05:00:00,5,0,2,0,15,12
2025-01-22 05:05:00,5,5,2,0,10,10
2025-01-22 05:10:00,5,10,2,0,18,17
2025-01-22 05:15:00,5,15,2,0,9,6
2025-01-22 05:20:00,5,20,2,0,17,9
2025-01-22 05:25:00,5,25,2,0,12,11
2025-01-22 05:30:00,5,30,2,0,16,9
2025-01-22 05:35:00,5,35,2,0,13,13
2025-01-22 05:40:00,5,40,2,0,22,15
2025-01-22 05:45:00,5,45,2,0,16,16
2025-01-22 05:50:00,5,50,2,0,23,21
2025-01-22 05:55:00,5,55,2,0,20,10
2025-01-22 06:00:00,6,0,2,0,22,18
2025-01-22 06:05:00,6,5,2,0,24,14
2025-01-22 06:10:00,6,10,2,0,22,20
2025-01-22 06:15:00,6,15,2,0,27,20
2025-01-22 06:20:00,6,20,2,0,33,16
2025-01-22 06:25:00,6,25,2,0,25,17
2025-01-22 06:30:00,6,30,2,0,34,23
2025-01-22 06:35:00,6,35,2,0,36,22
2025-01-22 06:40:00,6,40,2,0,28,22
2025-01-22 06:45:00,6,45,2,0,27,26
2025-01-22 06:50:00,6,50,2,0,35,27
2025-01-22 06:55:00,6,55,2,0,33,23
2025-01-22 07:00:00,7,0,2,0,44,23
2025-01-22 07:05:00,7,5,2,0,37,22
2025-01-22 07:10:00,7,10,2,0,35,28
2025-01-22 07:15:00,7,15,2,0,34,22
2025-01-22 07:20:00,7,20,2,0,44,29
2025-01-22 07:25:00,7,25,2,0,38,34
2025-01-22 07:30:00,7,30,2,0,41,28
2025-01-22 07:35:00,7,35,2,0,45,28
2025-01-22 07:40:00,7,40,2,0,40,38
2025-01-22 07:45:00,7,45,2,0,42,37
2025-01-22 07:50:00,7,50,2,0,43,28
2025-01-22 07:55:00,7,55,2,0,46,32
2025-01-22 08:00:00,8,0,2,0,45,32
2025-01-22 08:05:00,8,5,2,0,42,32
2025-01-22 08:10:00,8,10,2,0,43,38
2025-01-22 08:15:00,8,15,2,0,41,31
2025-01-22 08:20:00,8,20,2,0,36,31
2025-01-22 08:25:00,8,25,2,0,43,33
2025-01-22 08:30:00,8,30,2,0,49,34
2025-01-22 08:35:00,8,35,2,0,37,33
2025-01-22 08:40:00,8,40,2,0,37,31
2025-01-22 08:45:00,8,45,2,0,35,22
2025-01-22 08:50:00,8,50,2,0,41,25
2025-01-22 08:55:00,8,55,2,0,39,30
2025-01-22 09:00:00,9,0,2,0,35,27
2025-01-22 09:05:00,9,5,2,0,31,29
2025-01-22 09:10:00,9,10,2,0,34,32
2025-01-22 09:15:00,9,15,2,0,26,19
2025-01-22 09:20:00,9,20,2,0,32,27
2025-01-22 09:25:00,9,25,2,0,34,21
2025-01-22 09:30:00,9,30,2,0,24,25
2025-01-22 09:35:00,9,35,2,0,22,20
2025-01-22 09:40:00,9,40,2,0,33,28
2025-01-22 09:45:00,9,45,2,0,23,19
2025-01-22 09:50:00,9,50,2,0,29,15
2025-01-22 09:55:00,9,55,2,0,23,19
2025-01-22 10:00:00,10,0,2,0,22,18
2025-01-22 10:05:00,10,5,2,0,23,20
2025-01-22 10:10:00,10,10,2,0,17,17
2025-01-22 10:15:00,10,15,2,0,20,24
2025-01-22 10:20:00,10,20,2,0,17,13
2025-01-22 10:25:00,10,25,2,0,12,13
2025-01-22 10:30:00,10,30,2,0,18,10
2025-01-22 10:35:00,10,35,2,0,15,12
2025-01-22 10:40:00,10,40,2,0,15,12
2025-01-22 10:45:00,10,45,2,0,10,12
2025-01-22 10:50:00,10,50,2,0,21,11
2025-01-22 10:55:00,10,55,2,0,17,8
2025-01-22 11:00:00,11,0,2,0,17,6
2025-01-22 11:05:00,11,5,2,0,11,8
2025-01-22 11:10:00,11,10,2,0,5,14
2025-01-22 11:15:00,11,15,2,0,20,14
2025-01-22 11:20:00,11,20,2,0,11,9
2025-01-22 11:25:00,11,25,2,0,8,5
2025-01-22 11:30:00,11,30,2,0,13,8
2025-01-22 11:35:00,11,35,2,0,15,17
2025-01-22 11:40:00,11,40,2,0,11,12
2025-01-22 11:45:00,11,45,2,0,16,11
2025-01-22 11:50:00,11,50,2,0,15,12
2025-01-22 11:55:00,11,55,2,0,6,15
2025-01-22 12:00:00,12,0,2,0,8,4
2025-01-22 12:05:00,12,5,2,0,14,7
2025-01-22 12:10:00,12,10,2,0,0,7
2025-01-22 12:15:00,12,15,2,0,10,11
2025-01-22 12:20:00,12,20,2,0,5,10
2025-01-22 12:25:00,12,25,2,0,9,12
2025-01-22 12:30:00,12,30,2,0,10,7
2025-01-22 12:35:00,12,35,2,0,10,15
2025-01-22 12:40:00,12,40,2,0,9,10
2025-01-22 12:45:00,12,45,2,0,7,13
2025-01-22 12:50:00,12,50,2,0,21,15
2025-01-22 12:55:00,12,55,2,0,19,16
2025-01-22 13:00:00,13,0,2,0,8,13
2025-01-22 13:05:00,13,5,2,0,19,15
2025-01-22 13:10:00,13,10,2,0,11,19
2025-01-22 13:15:00,13,15,2,0,14,15
2025-01-22 13:20:00,13,20,2,0,13,11
2025-01-22 13:25:00,13,25,2,0,11,16
2025-01-22 13:30:00,13,30,2,0,18,15
2025-01-22 13:35:00,13,35,2,0,16,6
2025-01-22 13:40:00,13,40,2,0,14,18
2025-01-22 13:45:00,13,45,2,0,11,17
2025-01-22 13:50:00,13,50,2,0,13,22
2025-01-22 13:55:00,13,55,2,0,11,15
2025-01-22 14:00:00,14,0,2,0,18,13
2025-01-22 14:05:00,14,5,2,0,14,20
2025-01-22 14:10:00,14,10,2,0,18,22
2025-01-22 14:15:00,14,15,2,0,25,22
2025-01-22 14:20:00,14,20,2,0,25,23
2025-01-22 14:25:00,14,25,2,0,21,19
2025-01-22 14:30:00,14,30,2,0,21,24
2025-01-22 14:35:00,14,35,2,0,30,24
2025-01-22 14:40:00,14,40,2,0,25,31
2025-01-22 14:45:00,14,45,2,0,23,29
2025-01-22 14:50:00,14,50,2,0,19,27
2025-01-22 14:55:00,14,55,2,0,27,36
2025-01-22 15:00:00,15,0,2,0,30,29
2025-01-22 15:05:00,15,5,2,0,24,34
2025-01-22 15:10:00,15,10,2,0,29,32
2025-01-22 15:15:00,15,15,2,0,27,40
2025-01-22 15:20:00,15,20,2,0,28,35
2025-01-22 15:25:00,15,25,2,0,20,36
2025-01-22 15:30:00,15,30,2,0,30,36
2025-01-22 15:35:00,15,35,2,0,35,38
2025-01-22 15:40:00,15,40,2,0,29,43
2025-01-22 15:45:00,15,45,2,0,33,42
2025-01-22 15:50:00,15,50,2,0,30,40
2025-01-22 15:55:00,15,55,2,0,35,47
2025-01-22 16:00:00,16,0,2,0,34,45
2025-01-22 16:05:00,16,5,2,0,31,40
2025-01-22 16:10:00,16,10,2,0,41,37
2025-01-22 16:15:00,16,15,2,0,40,42
2025-01-22 16:20:00,16,20,2,0,34,45
2025-01-22 16:25:00,16,25,2,0,39,47
2025-01-22 16:30:00,16,30,2,0,39,50
2025-01-22 16:35:00,16,35,2,0,40,41
2025-01-22 16:40:00,16,40,2,0,31,44
2025-01-22 16:45:00,16,45,2,0,42,41
2025-01-22 16:50:00,16,50,2,0,36,41
2025-01-22 16:55:00,16,55,2,0,37,43
2025-01-22 17:00:00,17,0,2,0,49,47
2025-01-22 17:05:00,17,5,2,0,39,49
2025-01-22 17:10:00,17,10,2,0,36,42
2025-01-22 17:15:00,17,15,2,0,29,42
2025-01-22 17:20:00,17,20,2,0,43,38
2025-01-22 17:25:00,17,25,2,0,32,46
2025-01-22 17:30:00,17,30,2,0,33,42
2025-01-22 17:35:00,17,35,2,0,35,51
2025-01-22 17:40:00,17,40,2,0,42,45
2025-01-22 17:45:00,17,45,2,0,39,43
2025-01-22 17:50:00,17,50,2,0,35,40
2025-01-22 17:55:00,17,55,2,0,36,36
2025-01-22 18:00:00,18,0,2,0,32,36
2025-01-22 18:05:00,18,5,2,0,34,38
2025-01-22 18:10:00,18,10,2,0,34,37
2025-01-22 18:15:00,18,15,2,0,37,35
2025-01-22 18:20:00,18,20,2,0,36,40
2025-01-22 18:25:00,18,25,2,0,33,39
2025-01-22 18:30:00,18,30,2,0,29,34
2025-01-22 18:35:00,18,35,2,0,33,43
2025-01-22 18:40:00,18,40,2,0,29,27
2025-01-22 18:45:00,18,45,2,0,24,34
2025-01-22 18:50:00,18,50,2,0,26,31
2025-01-22 18:55:00,18,55,2,0,27,29
2025-01-22 19:00:00,19,0,2,0,30,27
2025-01-22 19:05:00,19,5,2,0,25,29
2025-01-22 19:10:00,19,10,2,0,20,27
2025-01-22 19:15:00,19,15,2,0,24,26
2025-01-22 19:20:00,19,20,2,0,24,21
2025-01-22 19:25:00,19,25,2,0,23,19
2025-01-22 19:30:00,19,30,2,0,25,23
2025-01-22 19:35:00,19,35,2,0,25,22
2025-01-22 19:40:00,19,40,2,0,18,22
2025-01-22 19:45:00,19,45,2,0,17,21
2025-01-22 19:50:00,19,50,2,0,15,19
2025-01-22 19:55:00,19,55,2,0,21,19
2025-01-22 20:00:00,20,0,2,0,24,16
2025-01-22 20:05:00,20,5,2,0,16,24
2025-01-22 20:10:00,20,10,2,0,16,14
2025-01-22 20:15:00,20,15,2,0,22,15
2025-01-22 20:20:00,20,20,2,0,18,13
2025-01-22 20:25:00,20,25,2,0,17,12
2025-01-22 20:30:00,20,30,2,0,10,15
2025-01-22 20:35:00,20,35,2,0,17,14
2025-01-22 20:40:00,20,40,2,0,10,12
2025-01-22 20:45:00,20,45,2,0,9,12
2025-01-22 20:50:00,20,50,2,0,11,9
2025-01-22 20:55:00,20,55,2,0,10,13
2025-01-22 21:00:00,21,0,2,0,11,20
2025-01-22 21:05:00,21,5,2,0,6,7
2025-01-22 21:10:00,21,10,2,0,15,12
2025-01-22 21:15:00,21,15,2,0,16,10
2025-01-22 21:20:00,21,20,2,0,3,12
2025-01-22 21:25:00,21,25,2,0,15,12
2025-01-22 21:30:00,21,30,2,0,7,10
2025-01-22 21:35:00,21,35,2,0,14,9
2025-01-22 21:40:00,21,40,2,0,10,7
2025-01-22 21:45:00,21,45,2,0,10,5
2025-01-22 21:50:00,21,50,2,0,9,8
2025-01-22 21:55:00,21,55,2,0,14,3
2025-01-22 22:00:00,22,0,2,0,4,5
2025-01-22 22:05:00,22,5,2,0,12,12
2025-01-22 22:10:00,22,10,2,0,13,8
2025-01-22 22:15:00,22,15,2,0,12,11
2025-01-22 22:20:00,22,20,2,0,18,13
2025-01-22 22:25:00,22,25,2,0,7,6
2025-01-22 22:30:00,22,30,2,0,13,8
2025-01-22 22:35:00,22,35,2,0,8,6
2025-01-22 22:40:00,22,40,2,0,13,3
2025-01-22 22:45:00,22,45,2,0,8,3
2025-01-22 22:50:00,22,50,2,0,7,10
2025-01-22 22:55:00,22,55,2,0,14,7
2025-01-22 23:00:00,23,0,2,0,6,14
2025-01-22 23:05:00,23,5,2,0,3,10
2025-01-22 23:10:00,23,10,2,0,6,3
2025-01-22 23:15:00,23,15,2,0,11,10
2025-01-22 23:20:00,23,20,2,0,14,5
2025-01-22 23:25:00,23,25,2,0,9,11
2025-01-22 23:30:00,23,30,2,0,13,4
2025-01-22 23:35:00,23,35,2,0,3,2
2025-01-22 23:40:00,23,40,2,0,6,3
2025-01-22 23:45:00,23,45,2,0,7,3
2025-01-22 23:50:00,23,50,2,0,8,3
2025-01-22 23:55:00,23,55,2,0,8,4
2025-01-23 00:00:00,0,0,3,0,11,9
2025-01-23 00:05:00,0,5,3,0,6,13
2025-01-23 00:10:00,0,10,3,0,9,1
2025-01-23 00:15:00,0,15,3,0,8,11
2025-01-23 00:20:00,0,20,3,0,4,4
2025-01-23 00:25:00,0,25,3,0,8,7
2025-01-23 00:30:00,0,30,3,0,7,0
2025-01-23 00:35:00,0,35,3,0,7,8
2025-01-23 00:40:00,0,40,3,0,8,0
2025-01-23 00:45:00,0,45,3,0,8,7
2025-01-23 00:50:00,0,50,3,0,6,7
2025-01-23 00:55:00,0,55,3,0,13,7
2025-01-23 01:00:00,1,0,3,0,3,3
2025-01-23 01:05:00,1,5,3,0,5,8
2025-01-23 01:10:00,1,10,3,0,19,8
2025-01-23 01:15:00,1,15,3,0,4,5
2025-01-23 01:20:00,1,20,3,0,3,9
2025-01-23 01:25:00,1,25,3,0,11,6
2025-01-23 01:30:00,1,30,3,0,0,8
2025-01-23 01:35:00,1,35,3,0,7,5
2025-01-23 01:40:00,1,40,3,0,17,7
2025-01-23 01:45:00,1,45,3,0,2,8
2025-01-23 01:50:00,1,50,3,0,0,4
2025-01-23 01:55:00,1,55,3,0,2,1
2025-01-23 02:00:00,2,0,3,0,12,7
2025-01-23 02:05:00,2,5,3,0,13,11
2025-01-23 02:10:00,2,10,3,0,6,7
2025-01-23 02:15:00,2,15,3,0,11,7
2025-01-23 02:20:00,2,20,3,0,14,6
2025-01-23 02:25:00,2,25,3,0,15,9
2025-01-23 02:30:00,2,30,3,0,7,5
2025-01-23 02:35:00,2,35,3,0,0,4
2025-01-23 02:40:00,2,40,3,0,5,10
2025-01-23 02:45:00,2,45,3,0,6,4
2025-01-23 02:50:00,2,50,3,0,7,10
2025-01-23 02:55:00,2,55,3,0,7,11
2025-01-23 03:00:00,3,0,3,0,13,8
2025-01-23 03:05:00,3,5,3,0,13,1
2025-01-23 03:10:00,3,10,3,0,8,6
2025-01-23 03:15:00,3,15,3,0,13,5
2025-01-23 03:20:00,3,20,3,0,10,4
2025-01-23 03:25:00,3,25,3,0,9,7
2025-01-23 03:30:00,3,30,3,0,12,9
2025-01-23 03:35:00,3,35,3,0,9,4
2025-01-23 03:40:00,3,40,3,0,17,6
2025-01-23 03:45:00,3,45,3,0,3,5
2025-01-23 03:50:00,3,50,3,0,7,11
2025-01-23 03:55:00,3,55,3,0,8,6
2025-01-23 04:00:00,4,0,3,0,11,2
2025-01-23 04:05:00,4,5,3,0,14,1
2025-01-23 04:10:00,4,10,3,0,9,8
2025-01-23 04:15:00,4,15,3,0,4,4
2025-01-23 04:20:00,4,20,3,0,13,10
2025-01-23 04:25:00,4,25,3,0,13,2
2025-01-23 04:30:00,4,30,3,0,3,5
2025-01-23 04:35:00,4,35,3,0,11,3
2025-01-23 04:40:00,4,40,3,0,5,10
2025-01-23 04:45:00,4,45,3,0,9,11
2025-01-23 04:50:00,4,50,3,0,8,10
2025-01-23 04:55:00,4,55,3,0,15,5
2025-01-23 05:00:00,5,0,3,0,13,6
2025-01-23 05:05:00,5,5,3,0,8,11
2025-01-23 05:10:00,5,10,3,0,17,3
2025-01-23 05:15:00,5,15,3,0,9,10
2025-01-23 05:20:00,5,20,3,0,17,17
2025-01-23 05:25:00,5,25,3,0,13,11
2025-01-23 05:30:00,5,30,3,0,15,6
2025-01-23 05:35:00,5,35,3,0,20,10
2025-01-23 05:40:00,5,40,3,0,21,11
2025-01-23 05:45:00,5,45,3,0,25,23
2025-01-23 05:50:00,5,50,3,0,20,21
2025-01-23 05:55:00,5,55,3,0,23,18
2025-01-23 06:00:00,6,0,3,0,21,15
2025-01-23 06:05:00,6,5,3,0,24,22
2025-01-23 06:10:00,6,10,3,0,26,13
2025-01-23 06:15:00,6,15,3,0,25,23
2025-01-23 06:20:00,6,20,3,0,20,23
2025-01-23 06:25:00,6,25,3,0,29,20
2025-01-23 06:30:00,6,30,3,0,31,26
2025-01-23 06:35:00,6,35,3,0,28,20
2025-01-23 06:40:00,6,40,3,0,26,18
2025-01-23 06:45:00,6,45,3,0,39,28
2025-01-23 06:50:00,6,50,3,0,36,24
2025-01-23 06:55:00,6,55,3,0,34,28
2025-01-23 07:00:00,7,0,3,0,31,33
2025-01-23 07:05:00,7,5,3,0,34,24
2025-01-23 07:10:00,7,10,3,0,43,27
2025-01-23 07:15:00,7,15,3,0,39,34
2025-01-23 07:20:00,7,20,3,0,38,31
2025-01-23 07:25:00,7,25,3,0,42,26
2025-01-23 07:30:00,7,30,3,0,38,26
2025-01-23 07:35:00,7,35,3,0,48,28
2025-01-23 07:40:00,7,40,3,0,48,27
2025-01-23 07:45:00,7,45,3,0,41,32
2025-01-23 07:50:00,7,50,3,0,40,31
2025-01-23 07:55:00,7,55,3,0,32,32
2025-01-23 08:00:00,8,0,3,0,37,28
2025-01-23 08:05:00,8,5,3,0,38,31
2025-01-23 08:10:00,8,10,3,0,43,23
2025-01-23 08:15:00,8,15,3,0,41,31
2025-01-23 08:20:00,8,20,3,0,37,35
2025-01-23 08:25:00,8,25,3,0,41,24
2025-01-23 08:30:00,8,30,3,0,43,32
2025-01-23 08:35:00,8,35,3,0,43,27
2025-01-23 08:40:00,8,40,3,0,32,32
2025-01-23 08:45:00,8,45,3,0,38,29
2025-01-23 08:50:00,8,50,3,0,32,29
2025-01-23 08:55:00,8,55,3,0,41,27
2025-01-23 09:00:00,9,0,3,0,39,31
2025-01-23 09:05:00,9,5,3,0,31,27
2025-01-23 09:10:00,9,10,3,0,31,22
2025-01-23 09:15:00,9,15,3,0,31,24
2025-01-23 09:20:00,9,20,3,0,23,21
2025-01-23 09:25:00,9,25,3,0,32,23
2025-01-23 09:30:00,9,30,3,0,28,20
2025-01-23 09:35:00,9,35,3,0,32,18
2025-01-23 09:40:00,9,40,3,0,23,20
2025-01-23 09:45:00,9,45,3,0,23,19
2025-01-23 09:50:00,9,50,3,0,19,22
2025-01-23 09:55:00,9,55,3,0,20,15
2025-01-23 10:00:00,10,0,3,0,18,8
2025-01-23 10:05:00,10,5,3,0,25,14
2025-01-23 10:10:00,10,10,3,0,18,8
2025-01-23 10:15:00,10,15,3,0,20,16
2025-01-23 10:20:00,10,20,3,0,17,7
2025-01-23 10:25:00,10,25,3,0,13,9
2025-01-23 10:30:00,10,30,3,0,16,11
2025-01-23 10:35:00,10,35,3,0,19,18
2025-01-23 10:40:00,10,40,3,0,11,7
2025-01-23 10:45:00,10,45,3,0,18,11
2025-01-23 10:50:00,10,50,3,0,11,13
2025-01-23 10:55:00,10,55,3,0,12,16
2025-01-23 11:00:00,11,0,3,0,15,13
2025-01-23 11:05:00,11,5,3,0,10,14
2025-01-23 11:10:00,11,10,3,0,12,13
2025-01-23 11:15:00,11,15,3,0,11,4
2025-01-23 11:20:00,11,20,3,0,12,10
2025-01-23 11:25:00,11,25,3,0,2,12
2025-01-23 11:30:00,11,30,3,0,4,5
2025-01-23 11:35:00,11,35,3,0,13,6
2025-01-23 11:40:00,11,40,3,0,15,5
2025-01-23 11:45:00,11,45,3,0,7,11
2025-01-23 11:50:00,11,50,3,0,9,8
2025-01-23 11:55:00,11,55,3,0,12,7
2025-01-23 12:00:00,12,0,3,0,13,3
2025-01-23 12:05:00,12,5,3,0,2,8
2025-01-23 12:10:00,12,10,3,0,7,6
2025-01-23 12:15:00,12,15,3,0,9,10
2025-01-23 12:20:00,12,20,3,0,13,4
2025-01-23 12:25:00,12,25,3,0,21,10
2025-01-23 12:30:00,12,30,3,0,10,8
2025-01-23 12:35:00,12,35,3,0,5,5
2025-01-23 12:40:00,12,40,3,0,13,5
2025-01-23 12:45:00,12,45,3,0,17,6
2025-01-23 12:50:00,12,50,3,0,12,10
2025-01-23 12:55:00,12,55,3,0,8,12
2025-01-23 13:00:00,13,0,3,0,16,13
2025-01-23 13:05:00,13,5,3,0,15,13
2025-01-23 13:10:00,13,10,3,0,9,9
2025-01-23 13:15:00,13,15,3,0,15,17
2025-01-23 13:20:00,13,20,3,0,18,12
2025-01-23 13:25:00,13,25,3,0,19,16
2025-01-23 13:30:00,13,30,3,0,14,14
2025-01-23 13:35:00,13,35,3,0,14,17
2025-01-23 13:40:00,13,40,3,0,20,15
2025-01-23 13:45:00,13,45,3,0,11,18
2025-01-23 13:50:00,13,50,3,0,18,17
2025-01-23 13:55:00,13,55,3,0,12,21
2025-01-23 14:00:00,14,0,3,0,22,16
2025-01-23 14:05:00,14,5,3,0,17,13
2025-01-23 14:10:00,14,10,3,0,24,17
2025-01-23 14:15:00,14,15,3,0,22,26
2025-01-23 14:20:00,14,20,3,0,15,22
2025-01-23 14:25:00,14,25,3,0,27,24
2025-01-23 14:30:00,14,30,3,0,28,20
2025-01-23 14:35:00,14,35,3,0,26,26
2025-01-23 14:40:00,14,40,3,0,20,22
2025-01-23 14:45:00,14,45,3,0,23,24
2025-01-23 14:50:00,14,50,3,0,25,27
2025-01-23 14:55:00,14,55,3,0,23,31
2025-01-23 15:00:00,15,0,3,0,33,32
2025-01-23 15:05:00,15,5,3,0,28,34
2025-01-23 15:10:00,15,10,3,0,17,26
2025-01-23 15:15:00,15,15,3,0,30,33
2025-01-23 15:20:00,15,20,3,0,28,33
2025-01-23 15:25:00,15,25,3,0,30,29
2025-01-23 15:30:00,15,30,3,0,29,36
2025-01-23 15:35:00,15,35,3,0,35,36
2025-01-23 15:40:00,15,40,3,0,37,40
2025-01-23 15:45:00,15,45,3,0,34,39
2025-01-23 15:50:00,15,50,3,0,32,38
2025-01-23 15:55:00,15,55,3,0,34,44
2025-01-23 16:00:00,16,0,3,0,35,32
2025-01-23 16:05:00,16,5,3,0,32,42
2025-01-23 16:10:00,16,10,3,0,38,36
2025-01-23 16:15:00,16,15,3,0,38,40
2025-01-23 16:20:00,16,20,3,0,43,46
2025-01-23 16:25:00,16,25,3,0,42,39
2025-01-23 16:30:00,16,30,3,0,34,39
2025-01-23 16:35:00,16,35,3,0,41,55
2025-01-23 16:40:00,16,40,3,0,34,40
2025-01-23 16:45:00,16,45,3,0,41,52
2025-01-23 16:50:00,16,50,3,0,36,45
2025-01-23 16:55:00,16,55,3,0,34,44
2025-01-23 17:00:00,17,0,3,0,39,48
2025-01-23 17:05:00,17,5,3,0,27,51
2025-01-23 17:10:00,17,10,3,0,31,41
2025-01-23 17:15:00,17,15,3,0,37,44
2025-01-23 17:20:00,17,20,3,0,38,49
2025-01-23 17:25:00,17,25,3,0,36,46
2025-01-23 17:30:00,17,30,3,0,31,49
2025-01-23 17:35:00,17,35,3,0,33,46
2025-01-23 17:40:00,17,40,3,0,38,51
2025-01-23 17:45:00,17,45,3,0,38,44
2025-01-23 17:50:00,17,50,3,0,35,44
2025-01-23 17:55:00,17,55,3,0,40,43
2025-01-23 18:00:00,18,0,3,0,36,41
2025-01-23 18:05:00,18,5,3,0,31,44
2025-01-23 18:10:00,18,10,3,0,32,41
2025-01-23 18:15:00,18,15,3,0,27,42
2025-01-23 18:20:00,18,20,3,0,32,42
2025-01-23 18:25:00,18,25,3,0,36,39
2025-01-23 18:30:00,18,30,3,0,33,38
2025-01-23 18:35:00,18,35,3,0,36,31
2025-01-23 18:40:00,18,40,3,0,28,32
2025-01-23 18:45:00,18,45,3,0,34,37
2025-01-23 18:50:00,18,50,3,0,27,38
2025-01-23 18:55:00,18,55,3,0,33,24
2025-01-23 19:00:00,19,0,3,0,26,28
2025-01-23 19:05:00,19,5,3,0,28,29
2025-01-23 19:10:00,19,10,3,0,31,25
2025-01-23 19:15:00,19,15,3,0,23,24
2025-01-23 19:20:00,19,20,3,0,24,28
2025-01-23 19:25:00,19,25,3,0,28,32
2025-01-23 19:30:00,19,30,3,0,21,16
2025-01-23 19:35:00,19,35,3,0,16,23
2025-01-23 19:40:00,19,40,3,0,29,24
2025-01-23 19:45:00,19,45,3,0,18,25
2025-01-23 19:50:00,19,50,3,0,20,22
2025-01-23 19:55:00,19,55,3,0,23,27
2025-01-23 20:00:00,20,0,3,0,15,19
2025-01-23 20:05:00,20,5,3,0,13,23
2025-01-23 20:10:00,20,10,3,0,18,15
2025-01-23 20:15:00,20,15,3,0,9,17
2025-01-23 20:20:00,20,20,3,0,14,11
2025-01-23 20:25:00,20,25,3,0,16,19
2025-01-23 20:30:00,20,30,3,0,13,14
2025-01-23 20:35:00,20,35,3,0,8,15
2025-01-23 20:40:00,20,40,3,0,20,12
2025-01-23 20:45:00,20,45,3,0,14,15
2025-01-23 20:50:00,20,50,3,0,19,14
2025-01-23 20:55:00,20,55,3,0,11,8
2025-01-23 21:00:00,21,0,3,0,9,8
2025-01-23 21:05:00,21,5,3,0,13,11
2025-01-23 21:10:00,21,10,3,0,11,13
2025-01-23 21:15:00,21,15,3,0,6,18
2025-01-23 21:20:00,21,20,3,0,17,11
2025-01-23 21:25:00,21,25,3,0,8,14
2025-01-23 21:30:00,21,30,3,0,3,3
2025-01-23 21:35:00,21,35,3,0,15,17
2025-01-23 21:40:00,21,40,3,0,8,11
2025-01-23 21:45:00,21,45,3,0,7,8
2025-01-23 21:50:00,21,50,3,0,3,7
2025-01-23 21:55:00,21,55,3,0,16,4
2025-01-23 22:00:00,22,0,3,0,4,4
2025-01-23 22:05:00,22,5,3,0,9,15
2025-01-23 22:10:00,22,10,3,0,13,3
2025-01-23 22:15:00,22,15,3,0,11,3
2025-01-23 22:20:00,22,20,3,0,9,4
2025-01-23 22:25:00,22,25,3,0,2,2
2025-01-23 22:30:00,22,30,3,0,5,7
2025-01-23 22:35:00,22,35,3,0,9,11
2025-01-23 22:40:00,22,40,3,0,5,4
2025-01-23 22:45:00,22,45,3,0,9,1
2025-01-23 22:50:00,22,50,3,0,11,8
2025-01-23 22:55:00,22,55,3,0,12,6
2025-01-23 23:00:00,23,0,3,0,3,10
2025-01-23 23:05:00,23,5,3,0,17,5
2025-01-23 23:10:00,23,10,3,0,11,5
2025-01-23 23:15:00,23,15,3,0,8,6
2025-01-23 23:20:00,23,20,3,0,13,7
2025-01-23 23:25:00,23,25,3,0,18,5
2025-01-23 23:30:00,23,30,3,0,2,4
2025-01-23 23:35:00,23,35,3,0,7,0
2025-01-23 23:40:00,23,40,3,0,0,4
2025-01-23 23:45:00,23,45,3,0,9,9
2025-01-23 23:50:00,23,50,3,0,10,10
2025-01-23 23:55:00,23,55,3,0,8,4
2025-01-24 00:00:00,0,0,4,0,5,11
2025-01-24 00:05:00,0,5,4,0,0,6
2025-01-24 00:10:00,0,10,4,0,9,1
2025-01-24 00:15:00,0,15,4,0,14,0
2025-01-24 00:20:00,0,20,4,0,6,11
2025-01-24 00:25:00,0,25,4,0,10,5
2025-01-24 00:30:00,0,30,4,0,2,1
2025-01-24 00:35:00,0,35,4,0,10,0
2025-01-24 00:40:00,0,40,4,0,6,4
2025-01-24 00:45:00,0,45,4,0,5,8
2025-01-24 00:50:00,0,50,4,0,5,3
2025-01-24 00:55:00,0,55,4,0,6,2
2025-01-24 01:00:00,1,0,4,0,10,4
2025-01-24 01:05:00,1,5,4,0,3,11
2025-01-24 01:10:00,1,10,4,0,6,0
2025-01-24 01:15:00,1,15,4,0,8,3
2025-01-24 01:20:00,1,20,4,0,4,11
2025-01-24 01:25:00,1,25,4,0,15,8
2025-01-24 01:30:00,1,30,4,0,5,7
2025-01-24 01:35:00,1,35,4,0,5,3
2025-01-24 01:40:00,1,40,4,0,4,6
2025-01-24 01:45:00,1,45,4,0,15,4
2025-01-24 01:50:00,1,50,4,0,10,3
2025-01-24 01:55:00,1,55,4,0,4,2
2025-01-24 02:00:00,2,0,4,0,12,9
2025-01-24 02:05:00,2,5,4,0,9,6
2025-01-24 02:10:00,2,10,4,0,9,7
2025-01-24 02:15:00,2,15,4,0,7,7
2025-01-24 02:20:00,2,20,4,0,5,8
2025-01-24 02:25:00,2,25,4,0,9,5
2025-01-24 02:30:00,2,30,4,0,6,4
2025-01-24 02:35:00,2,35,4,0,15,3
2025-01-24 02:40:00,2,40,4,0,3,0
2025-01-24 02:45:00,2,45,4,0,14,2
2025-01-24 02:50:00,2,50,4,0,8,5
2025-01-24 02:55:00,2,55,4,0,9,0
2025-01-24 03:00:00,3,0,4,0,11,1
2025-01-24 03:05:00,3,5,4,0,6,10
2025-01-24 03:10:00,3,10,4,0,12,7
2025-01-24 03:15:00,3,15,4,0,0,4
2025-01-24 03:20:00,3,20,4,0,5,15
2025-01-24 03:25:00,3,25,4,0,5,0
2025-01-24 03:30:00,3,30,4,0,3,10
2025-01-24 03:35:00,3,35,4,0,8,6
2025-01-24 03:40:00,3,40,4,0,10,10
2025-01-24 03:45:00,3,45,4,0,11,7
2025-01-24 03:50:00,3,50,4,0,10,0
2025-01-24 03:55:00,3,55,4,0,6,7
2025-01-24 04:00:00,4,0,4,0,10,8
2025-01-24 04:05:00,4,5,4,0,10,0
2025-01-24 04:10:00,4,10,4,0,13,15
2025-01-24 04:15:00,4,15,4,0,13,8
2025-01-24 04:20:00,4,20,4,0,10,10
2025-01-24 04:25:00,4,25,4,0,6,3
2025-01-24 04:30:00,4,30,4,0,8,10
2025-01-24 04:35:00,4,35,4,0,8,12
2025-01-24 04:40:00,4,40,4,0,10,9
2025-01-24 04:45:00,4,45,4,0,12,8
2025-01-24 04:50:00,4,50,4,0,15,5
2025-01-24 04:55:00,4,55,4,0,12,8
2025-01-24 05:00:00,5,0,4,0,13,7
2025-01-24 05:05:00,5,5,4,0,14,12
2025-01-24 05:10:00,5,10,4,0,12,7
2025-01-24 05:15:00,5,15,4,0,11,13
2025-01-24 05:20:00,5,20,4,0,8,8
2025-01-24 05:25:00,5,25,4,0,13,11
2025-01-24 05:30:00,5,30,4,0,19,15
2025-01-24 05:35:00,5,35,4,0,15,10
2025-01-24 05:40:00,5,40,4,0,17,16
2025-01-24 05:45:00,5,45,4,0,21,16
2025-01-24 05:50:00,5,50,4,0,22,14
2025-01-24 05:55:00,5,55,4,0,17,20
2025-01-24 06:00:00,6,0,4,0,26,17
2025-01-24 06:05:00,6,5,4,0,28,21
2025-01-24 06:10:00,6,10,4,0,20,25
2025-01-24 06:15:00,6,15,4,0,22,18
2025-01-24 06:20:00,6,20,4,0,32,22
2025-01-24 06:25:00,6,25,4,0,27,18
2025-01-24 06:30:00,6,30,4,0,20,17
2025-01-24 06:35:00,6,35,4,0,25,21
2025-01-24 06:40:00,6,40,4,0,31,17
2025-01-24 06:45:00,6,45,4,0,28,20
2025-01-24 06:50:00,6,50,4,0,32,27
2025-01-24 06:55:00,6,55,4,0,35,23
2025-01-24 07:00:00,7,0,4,0,42,29
2025-01-24 07:05:00,7,5,4,0,36,28
2025-01-24 07:10:00,7,10,4,0,42,35
2025-01-24 07:15:00,7,15,4,0,45,30
2025-01-24 07:20:00,7,20,4,0,45,33
2025-01-24 07:25:00,7,25,4,0,42,31
2025-01-24 07:30:00,7,30,4,0,33,31
2025-01-24 07:35:00,7,35,4,0,44,35
2025-01-24 07:40:00,7,40,4,0,46,33
2025-01-24 07:45:00,7,45,4,0,42,31
2025-01-24 07:50:00,7,50,4,0,50,32
2025-01-24 07:55:00,7,55,4,0,46,33
2025-01-24 08:00:00,8,0,4,0,45,28
2025-01-24 08:05:00,8,5,4,0,47,28
2025-01-24 08:10:00,8,10,4,0,44,37
2025-01-24 08:15:00,8,15,4,0,33,38
2025-01-24 08:20:00,8,20,4,0,40,27
2025-01-24 08:25:00,8,25,4,0,46,27
2025-01-24 08:30:00,8,30,4,0,38,34
2025-01-24 08:35:00,8,35,4,0,40,31
2025-01-24 08:40:00,8,40,4,0,36,31
2025-01-24 08:45:00,8,45,4,0,46,32
2025-01-24 08:50:00,8,50,4,0,45,26
2025-01-24 08:55:00,8,55,4,0,34,28
2025-01-24 09:00:00,9,0,4,0,37,27
2025-01-24 09:05:00,9,5,4,0,32,22
2025-01-24 09:10:00,9,10,4,0,36,26
2025-01-24 09:15:00,9,15,4,0,35,29
2025-01-24 09:20:00,9,20,4,0,35,22
2025-01-24 09:25:00,9,25,4,0,32,23
2025-01-24 09:30:00,9,30,4,0,41,22
2025-01-24 09:35:00,9,35,4,0,24,19
2025-01-24 09:40:00,9,40,4,0,20,22
2025-01-24 09:45:00,9,45,4,0,24,16
2025-01-24 09:50:00,9,50,4,0,18,23
2025-01-24 09:55:00,9,55,4,0,18,20
2025-01-24 10:00:00,10,0,4,0,18,13
2025-01-24 10:05:00,10,5,4,0,18,22
2025-01-24 10:10:00,10,10,4,0,17,16
2025-01-24 10:15:00,10,15,4,0,22,11
2025-01-24 10:20:00,10,20,4,0,17,18
2025-01-24 10:25:00,10,25,4,0,17,15
2025-01-24 10:30:00,10,30,4,0,20,5
2025-01-24 10:35:00,10,35,4,0,13,10
2025-01-24 10:40:00,10,40,4,0,14,13
2025-01-24 10:45:00,10,45,4,0,16,2
2025-01-24 10:50:00,10,50,4,0,6,11
2025-01-24 10:55:00,10,55,4,0,4,11
2025-01-24 11:00:00,11,0,4,0,14,5
2025-01-24 11:05:00,11,5,4,0,15,11
2025-01-24 11:10:00,11,10,4,0,20,9
2025-01-24 11:15:00,11,15,4,0,12,4
2025-01-24 11:20:00,11,20,4,0,15,13
2025-01-24 11:25:00,11,25,4,0,10,12
2025-01-24 11:30:00,11,30,4,0,12,7
2025-01-24 11:35:00,11,35,4,0,17,8
2025-01-24 11:40:00,11,40,4,0,2,11
2025-01-24 11:45:00,11,45,4,0,12,8
2025-01-24 11:50:00,11,50,4,0,19,1
2025-01-24 11:55:00,11,55,4,0,11,10
2025-01-24 12:00:00,12,0,4,0,17,5
2025-01-24 12:05:00,12,5,4,0,8,7
2025-01-24 12:10:00,12,10,4,0,10,15
2025-01-24 12:15:00,12,15,4,0,11,8
2025-01-24 12:20:00,12,20,4,0,2,9
2025-01-24 12:25:00,12,25,4,0,6,11
2025-01-24 12:30:00,12,30,4,0,6,11
2025-01-24 12:35:00,12,35,4,0,14,6
2025-01-24 12:40:00,12,40,4,0,15,10
2025-01-24 12:45:00,12,45,4,0,13,10
2025-01-24 12:50:00,12,50,4,0,15,12
2025-01-24 12:55:00,12,55,4,0,11,12
2025-01-24 13:00:00,13,0,4,0,17,22
2025-01-24 13:05:00,13,5,4,0,13,7
2025-01-24 13:10:00,13,10,4,0,13,16
2025-01-24 13:15:00,13,15,4,0,12,18
2025-01-24 13:20:00,13,20,4,0,16,15
2025-01-24 13:25:00,13,25,4,0,12,11
2025-01-24 13:30:00,13,30,4,0,18,21
2025-01-24 13:35:00,13,35,4,0,10,7
2025-01-24 13:40:00,13,40,4,0,11,13
2025-01-24 13:45:00,13,45,4,0,19,21
2025-01-24 13:50:00,13,50,4,0,16,16
2025-01-24 13:55:00,13,55,4,0,15,25
2025-01-24 14:00:00,14,0,4,0,21,13
2025-01-24 14:05:00,14,5,4,0,16,15
2025-01-24 14:10:00,14,10,4,0,18,19
2025-01-24 14:15:00,14,15,4,0,25,23
2025-01-24 14:20:00,14,20,4,0,26,22
2025-01-24 14:25:00,14,25,4,0,27,21
2025-01-24 14:30:00,14,30,4,0,21,30
2025-01-24 14:35:00,14,35,4,0,27,31
2025-01-24 14:40:00,14,40,4,0,19,25
2025-01-24 14:45:00,14,45,4,0,20,20
2025-01-24 14:50:00,14,50,4,0,15,20
2025-01-24 14:55:00,14,55,4,0,32,30
2025-01-24 15:00:00,15,0,4,0,23,33
2025-01-24 15:05:00,15,5,4,0,26,32
2025-01-24 15:10:00,15,10,4,0,24,32
2025-01-24 15:15:00,15,15,4,0,31,30
2025-01-24 15:20:00,15,20,4,0,28,37
2025-01-24 15:25:00,15,25,4,0,25,42
2025-01-24 15:30:00,15,30,4,0,32,27
2025-01-24 15:35:00,15,35,4,0,26,37
2025-01-24 15:40:00,15,40,4,0,29,34
2025-01-24 15:45:00,15,45,4,0,24,33
2025-01-24 15:50:00,15,50,4,0,28,35
2025-01-24 15:55:00,15,55,4,0,35,42
2025-01-24 16:00:00,16,0,4,0,27,43
2025-01-24 16:05:00,16,5,4,0,29,48
2025-01-24 16:10:00,16,10,4,0,35,43
2025-01-24 16:15:00,16,15,4,0,34,36
2025-01-24 16:20:00,16,20,4,0,44,43
2025-01-24 16:25:00,16,25,4,0,44,39
2025-01-24 16:30:00,16,30,4,0,34,40
2025-01-24 16:35:00,16,35,4,0,40,47
2025-01-24 16:40:00,16,40,4,0,41,46
2025-01-24 16:45:00,16,45,4,0,35,48
2025-01-24 16:50:00,16,50,4,0,32,44
2025-01-24 16:55:00,16,55,4,0,38,49
2025-01-24 17:00:00,17,0,4,0,37,44
2025-01-24 17:05:00,17,5,4,0,36,50
2025-01-24 17:10:00,17,10,4,0,40,47
2025-01-24 17:15:00,17,15,4,0,35,45
2025-01-24 17:20:00,17,20,4,0,33,46
2025-01-24 17:25:00,17,25,4,0,38,45
2025-01-24 17:30:00,17,30,4,0,39,51
2025-01-24 17:35:00,17,35,4,0,32,45
2025-01-24 17:40:00,17,40,4,0,40,44
2025-01-24 17:45:00,17,45,4,0,29,42
2025-01-24 17:50:00,17,50,4,0,33,46
2025-01-24 17:55:00,17,55,4,0,34,45
2025-01-24 18:00:00,18,0,4,0,32,40
2025-01-24 18:05:00,18,5,4,0,32,36
2025-01-24 18:10:00,18,10,4,0,41,36
2025-01-24 18:15:00,18,15,4,0,29,38
2025-01-24 18:20:00,18,20,4,0,42,43
2025-01-24 18:25:00,18,25,4,0,33,36
2025-01-24 18:30:00,18,30,4,0,31,34
2025-01-24 18:35:00,18,35,4,0,32,28
2025-01-24 18:40:00,18,40,4,0,39,40
2025-01-24 18:45:00,18,45,4,0,24,36
2025-01-24 18:50:00,18,50,4,0,23,35
2025-01-24 18:55:00,18,55,4,0,24,35
2025-01-24 19:00:00,19,0,4,0,26,30
2025-01-24 19:05:00,19,5,4,0,19,30
2025-01-24 19:10:00,19,10,4,0,25,34
2025-01-24 19:15:00,19,15,4,0,31,28
2025-01-24 19:20:00,19,20,4,0,24,29
2025-01-24 19:25:00,19,25,4,0,21,29
2025-01-24 19:30:00,19,30,4,0,19,27
2025-01-24 19:35:00,19,35,4,0,25,23
2025-01-24 19:40:00,19,40,4,0,17,22
2025-01-24 19:45:00,19,45,4,0,27,25
2025-01-24 19:50:00,19,50,4,0,27,24
2025-01-24 19:55:00,19,55,4,0,19,24
2025-01-24 20:00:00,20,0,4,0,18,21
2025-01-24 20:05:00,20,5,4,0,21,21
2025-01-24 20:10:00,20,10,4,0,21,16
2025-01-24 20:15:00,20,15,4,0,13,14
2025-01-24 20:20:00,20,20,4,0,13,19
2025-01-24 20:25:00,20,25,4,0,10,13
2025-01-24 20:30:00,20,30,4,0,16,15
2025-01-24 20:35:00,20,35,4,0,17,20
2025-01-24 20:40:00,20,40,4,0,8,18
2025-01-24 20:45:00,20,45,4,0,11,14
2025-01-24 20:50:00,20,50,4,0,7,11
2025-01-24 20:55:00,20,55,4,0,9,11
2025-01-24 21:00:00,21,0,4,0,14,15
2025-01-24 21:05:00,21,5,4,0,9,11
2025-01-24 21:10:00,21,10,4,0,10,8
2025-01-24 21:15:00,21,15,4,0,5,15
2025-01-24 21:20:00,21,20,4,0,12,11
2025-01-24 21:25:00,21,25,4,0,10,7
2025-01-24 21:30:00,21,30,4,0,7,11
2025-01-24 21:35:00,21,35,4,0,9,13
2025-01-24 21:40:00,21,40,4,0,11,5
2025-01-24 21:45:00,21,45,4,0,7,8
2025-01-24 21:50:00,21,50,4,0,4,7
2025-01-24 21:55:00,21,55,4,0,17,10
2025-01-24 22:00:00,22,0,4,0,7,10
2025-01-24 22:05:00,22,5,4,0,9,5
2025-01-24 22:10:00,22,10,4,0,13,1
2025-01-24 22:15:00,22,15,4,0,23,11
2025-01-24 22:20:00,22,20,4,0,4,3
2025-01-24 22:25:00,22,25,4,0,11,8
2025-01-24 22:30:00,22,30,4,0,6,6
2025-01-24 22:35:00,22,35,4,0,6,7
2025-01-24 22:40:00,22,40,4,0,6,13
2025-01-24 22:45:00,22,45,4,0,4,19
2025-01-24 22:50:00,22,50,4,0,8,0
2025-01-24 22:55:00,22,55,4,0,2,10
2025-01-24 23:00:00,23,0,4,0,12,6
2025-01-24 23:05:00,23,5,4,0,9,11
2025-01-24 23:10:00,23,10,4,0,10,10
2025-01-24 23:15:00,23,15,4,0,6,12
2025-01-24 23:20:00,23,20,4,0,7,7
2025-01-24 23:25:00,23,25,4,0,9,3
2025-01-24 23:30:00,23,30,4,0,3,10
2025-01-24 23:35:00,23,35,4,0,7,7
2025-01-24 23:40:00,23,40,4,0,5,5
2025-01-24 23:45:00,23,45,4,0,5,4
2025-01-24 23:50:00,23,50,4,0,0,10
2025-01-24 23:55:00,23,55,4,0,13,13
2025-01-25 00:00:00,0,0,5,1,3,0
2025-01-25 00:05:00,0,5,5,1,10,7
2025-01-25 00:10:00,0,10,5,1,10,3
2025-01-25 00:15:00,0,15,5,1,0,0
2025-01-25 00:20:00,0,20,5,1,1,5
2025-01-25 00:25:00,0,25,5,1,16,1
2025-01-25 00:30:00,0,30,5,1,13,0
2025-01-25 00:35:00,0,35,5,1,5,1
2025-01-25 00:40:00,0,40,5,1,7,0
2025-01-25 00:45:00,0,45,5,1,3,2
2025-01-25 00:50:00,0,50,5,1,7,0
2025-01-25 00:55:00,0,55,5,1,3,3
2025-01-25 01:00:00,1,0,5,1,0,1
2025-01-25 01:05:00,1,5,5,1,0,6
2025-01-25 01:10:00,1,10,5,1,6,7
2025-01-25 01:15:00,1,15,5,1,1,5
2025-01-25 01:20:00,1,20,5,1,5,3
2025-01-25 01:25:00,1,25,5,1,1,3
2025-01-25 01:30:00,1,30,5,1,2,1
2025-01-25 01:35:00,1,35,5,1,9,1
2025-01-25 01:40:00,1,40,5,1,7,7
2025-01-25 01:45:00,1,45,5,1,6,0
2025-01-25 01:50:00,1,50,5,1,9,4
2025-01-25 01:55:00,1,55,5,1,8,3
2025-01-25 02:00:00,2,0,5,1,11,7
2025-01-25 02:05:00,2,5,5,1,4,0
2025-01-25 02:10:00,2,10,5,1,4,4
2025-01-25 02:15:00,2,15,5,1,0,6
2025-01-25 02:20:00,2,20,5,1,4,0
2025-01-25 02:25:00,2,25,5,1,9,0
2025-01-25 02:30:00,2,30,5,1,11,4
2025-01-25 02:35:00,2,35,5,1,9,6
2025-01-25 02:40:00,2,40,5,1,0,5
2025-01-25 02:45:00,2,45,5,1,10,6
2025-01-25 02:50:00,2,50,5,1,0,0
2025-01-25 02:55:00,2,55,5,1,9,0
2025-01-25 03:00:00,3,0,5,1,4,5
2025-01-25 03:05:00,3,5,5,1,9,0
2025-01-25 03:10:00,3,10,5,1,0,1
2025-01-25 03:15:00,3,15,5,1,10,8
2025-01-25 03:20:00,3,20,5,1,0,5
2025-01-25 03:25:00,3,25,5,1,3,2
2025-01-25 03:30:00,3,30,5,1,2,2
2025-01-25 03:35:00,3,35,5,1,0,7
2025-01-25 03:40:00,3,40,5,1,6,5
2025-01-25 03:45:00,3,45,5,1,13,0
2025-01-25 03:50:00,3,50,5,1,17,0
2025-01-25 03:55:00,3,55,5,1,7,12
2025-01-25 04:00:00,4,0,5,1,11,0
2025-01-25 04:05:00,4,5,5,1,7,7
2025-01-25 04:10:00,4,10,5,1,9,11
2025-01-25 04:15:00,4,15,5,1,5,6
2025-01-25 04:20:00,4,20,5,1,8,3
2025-01-25 04:25:00,4,25,5,1,9,0
2025-01-25 04:30:00,4,30,5,1,5,0
2025-01-25 04:35:00,4,35,5,1,7,7
2025-01-25 04:40:00,4,40,5,1,7,11
2025-01-25 04:45:00,4,45,5,1,11,4
2025-01-25 04:50:00,4,50,5,1,4,4
2025-01-25 04:55:00,4,55,5,1,8,9
2025-01-25 05:00:00,5,0,5,1,17,4
2025-01-25 05:05:00,5,5,5,1,14,8
2025-01-25 05:10:00,5,10,5,1,15,7
2025-01-25 05:15:00,5,15,5,1,10,6
2025-01-25 05:20:00,5,20,5,1,12,8
2025-01-25 05:25:00,5,25,5,1,15,15
2025-01-25 05:30:00,5,30,5,1,18,11
2025-01-25 05:35:00,5,35,5,1,4,13
2025-01-25 05:40:00,5,40,5,1,8,6
2025-01-25 05:45:00,5,45,5,1,19,14
2025-01-25 05:50:00,5,50,5,1,13,13
2025-01-25 05:55:00,5,55,5,1,12,5
2025-01-25 06:00:00,6,0,5,1,11,14
2025-01-25 06:05:00,6,5,5,1,14,10
2025-01-25 06:10:00,6,10,5,1,12,6
2025-01-25 06:15:00,6,15,5,1,26,14
2025-01-25 06:20:00,6,20,5,1,19,16
2025-01-25 06:25:00,6,25,5,1,19,15
2025-01-25 06:30:00,6,30,5,1,23,14
2025-01-25 06:35:00,6,35,5,1,25,14
2025-01-25 06:40:00,6,40,5,1,26,26
2025-01-25 06:45:00,6,45,5,1,27,12
2025-01-25 06:50:00,6,50,5,1,21,21
2025-01-25 06:55:00,6,55,5,1,23,18
2025-01-25 07:00:00,7,0,5,1,28,15
2025-01-25 07:05:00,7,5,5,1,24,19
2025-01-25 07:10:00,7,10,5,1,27,14
2025-01-25 07:15:00,7,15,5,1,29,17
2025-01-25 07:20:00,7,20,5,1,31,20
2025-01-25 07:25:00,7,25,5,1,21,14
2025-01-25 07:30:00,7,30,5,1,32,23
2025-01-25 07:35:00,7,35,5,1,28,17
2025-01-25 07:40:00,7,40,5,1,32,15
2025-01-25 07:45:00,7,45,5,1,33,17
2025-01-25 07:50:00,7,50,5,1,36,30
2025-01-25 07:55:00,7,55,5,1,35,14
2025-01-25 08:00:00,8,0,5,1,35,23
2025-01-25 08:05:00,8,5,5,1,36,19
2025-01-25 08:10:00,8,10,5,1,31,20
2025-01-25 08:15:00,8,15,5,1,30,24
2025-01-25 08:20:00,8,20,5,1,33,23
2025-01-25 08:25:00,8,25,5,1,32,18
2025-01-25 08:30:00,8,30,5,1,28,15
2025-01-25 08:35:00,8,35,5,1,30,23
2025-01-25 08:40:00,8,40,5,1,28,22
2025-01-25 08:45:00,8,45,5,1,24,19
2025-01-25 08:50:00,8,50,5,1,32,21
2025-01-25 08:55:00,8,55,5,1,26,17
2025-01-25 09:00:00,9,0,5,1,33,15
2025-01-25 09:05:00,9,5,5,1,18,18
2025-01-25 09:10:00,9,10,5,1,21,19
2025-01-25 09:15:00,9,15,5,1,23,18
2025-01-25 09:20:00,9,20,5,1,27,18
2025-01-25 09:25:00,9,25,5,1,23,12
2025-01-25 09:30:00,9,30,5,1,22,21
2025-01-25 09:35:00,9,35,5,1,15,13
2025-01-25 09:40:00,9,40,5,1,14,13
2025-01-25 09:45:00,9,45,5,1,19,8
2025-01-25 09:50:00,9,50,5,1,12,12
2025-01-25 09:55:00,9,55,5,1,14,14
2025-01-25 10:00:00,10,0,5,1,18,15
2025-01-25 10:05:00,10,5,5,1,11,17
2025-01-25 10:10:00,10,10,5,1,21,13
2025-01-25 10:15:00,10,15,5,1,19,11
2025-01-25 10:20:00,10,20,5,1,7,8
2025-01-25 10:25:00,10,25,5,1,9,6
2025-01-25 10:30:00,10,30,5,1,3,13
2025-01-25 10:35:00,10,35,5,1,8,12
2025-01-25 10:40:00,10,40,5,1,14,4
2025-01-25 10:45:00,10,45,5,1,9,11
2025-01-25 10:50:00,10,50,5,1,12,10
2025-01-25 10:55:00,10,55,5,1,3,3
2025-01-25 11:00:00,11,0,5,1,12,9
2025-01-25 11:05:00,11,5,5,1,7,2
2025-01-25 11:10:00,11,10,5,1,9,0
2025-01-25 11:15:00,11,15,5,1,8,6
2025-01-25 11:20:00,11,20,5,1,3,7
2025-01-25 11:25:00,11,25,5,1,3,6
2025-01-25 11:30:00,11,30,5,1,12,17
2025-01-25 11:35:00,11,35,5,1,9,7
2025-01-25 11:40:00,11,40,5,1,12,6
2025-01-25 11:45:00,11,45,5,1,9,8
2025-01-25 11:50:00,11,50,5,1,8,4
2025-01-25 11:55:00,11,55,5,1,0,10
2025-01-25 12:00:00,12,0,5,1,6,7
2025-01-25 12:05:00,12,5,5,1,7,7
2025-01-25 12:10:00,12,10,5,1,15,4
2025-01-25 12:15:00,12,15,5,1,10,0
2025-01-25 12:20:00,12,20,5,1,14,4
2025-01-25 12:25:00,12,25,5,1,10,8
2025-01-25 12:30:00,12,30,5,1,5,5
2025-01-25 12:35:00,12,35,5,1,8,8
2025-01-25 12:40:00,12,40,5,1,9,6
2025-01-25 12:45:00,12,45,5,1,4,9
2025-01-25 12:50:00,12,50,5,1,7,4
2025-01-25 12:55:00,12,55,5,1,8,9
2025-01-25 13:00:00,13,0,5,1,15,5
2025-01-25 13:05:00,13,5,5,1,0,2
2025-01-25 13:10:00,13,10,5,1,14,8
2025-01-25 13:15:00,13,15,5,1,6,15
2025-01-25 13:20:00,13,20,5,1,4,4
2025-01-25 13:25:00,13,25,5,1,15,10
2025-01-25 13:30:00,13,30,5,1,13,13
2025-01-25 13:35:00,13,35,5,1,16,20
2025-01-25 13:40:00,13,40,5,1,14,9
2025-01-25 13:45:00,13,45,5,1,19,9
2025-01-25 13:50:00,13,50,5,1,14,8
2025-01-25 13:55:00,13,55,5,1,11,17
2025-01-25 14:00:00,14,0,5,1,14,10
2025-01-25 14:05:00,14,5,5,1,18,12
2025-01-25 14:10:00,14,10,5,1,10,7
2025-01-25 14:15:00,14,15,5,1,11,19
2025-01-25 14:20:00,14,20,5,1,13,20
2025-01-25 14:25:00,14,25,5,1,6,20
2025-01-25 14:30:00,14,30,5,1,16,11
2025-01-25 14:35:00,14,35,5,1,8,20
2025-01-25 14:40:00,14,40,5,1,16,12
2025-01-25 14:45:00,14,45,5,1,20,19
2025-01-25 14:50:00,14,50,5,1,15,21
2025-01-25 14:55:00,14,55,5,1,25,22
2025-01-25 15:00:00,15,0,5,1,12,23
2025-01-25 15:05:00,15,5,5,1,24,22
2025-01-25 15:10:00,15,10,5,1,22,15
2025-01-25 15:15:00,15,15,5,1,13,25
2025-01-25 15:20:00,15,20,5,1,31,24
2025-01-25 15:25:00,15,25,5,1,21,21
2025-01-25 15:30:00,15,30,5,1,18,19
2025-01-25 15:35:00,15,35,5,1,16,32
2025-01-25 15:40:00,15,40,5,1,22,32
2025-01-25 15:45:00,15,45,5,1,22,30
2025-01-25 15:50:00,15,50,5,1,24,25
2025-01-25 15:55:00,15,55,5,1,23,18
2025-01-25 16:00:00,16,0,5,1,27,32
2025-01-25 16:05:00,16,5,5,1,23,31
2025-01-25 16:10:00,16,10,5,1,17,28
2025-01-25 16:15:00,16,15,5,1,25,35
2025-01-25 16:20:00,16,20,5,1,16,34
2025-01-25 16:25:00,16,25,5,1,27,32
2025-01-25 16:30:00,16,30,5,1,22,31
2025-01-25 16:35:00,16,35,5,1,27,32
2025-01-25 16:40:00,16,40,5,1,32,35
2025-01-25 16:45:00,16,45,5,1,23,29
2025-01-25 16:50:00,16,50,5,1,31,34
2025-01-25 16:55:00,16,55,5,1,25,28
2025-01-25 17:00:00,17,0,5,1,34,38
2025-01-25 17:05:00,17,5,5,1,25,34
2025-01-25 17:10:00,17,10,5,1,23,29
2025-01-25 17:15:00,17,15,5,1,29,32
2025-01-25 17:20:00,17,20,5,1,25,28
2025-01-25 17:25:00,17,25,5,1,23,38
2025-01-25 17:30:00,17,30,5,1,24,38
2025-01-25 17:35:00,17,35,5,1,26,34
2025-01-25 17:40:00,17,40,5,1,31,37
2025-01-25 17:45:00,17,45,5,1,17,31
2025-01-25 17:50:00,17,50,5,1,25,33
2025-01-25 17:55:00,17,55,5,1,27,34
2025-01-25 18:00:00,18,0,5,1,25,29
2025-01-25 18:05:00,18,5,5,1,29,29
2025-01-25 18:10:00,18,10,5,1,23,32
2025-01-25 18:15:00,18,15,5,1,22,30
2025-01-25 18:20:00,18,20,5,1,25,24
2025-01-25 18:25:00,18,25,5,1,22,17
2025-01-25 18:30:00,18,30,5,1,20,25
2025-01-25 18:35:00,18,35,5,1,23,16
2025-01-25 18:40:00,18,40,5,1,18,20
2025-01-25 18:45:00,18,45,5,1,17,20
2025-01-25 18:50:00,18,50,5,1,17,20
2025-01-25 18:55:00,18,55,5,1,24,25
2025-01-25 19:00:00,19,0,5,1,5,25
2025-01-25 19:05:00,19,5,5,1,19,23
2025-01-25 19:10:00,19,10,5,1,17,22
2025-01-25 19:15:00,19,15,5,1,10,22
2025-01-25 19:20:00,19,20,5,1,17,8
2025-01-25 19:25:00,19,25,5,1,18,18
2025-01-25 19:30:00,19,30,5,1,18,10
2025-01-25 19:35:00,19,35,5,1,4,18
2025-01-25 19:40:00,19,40,5,1,20,7
2025-01-25 19:45:00,19,45,5,1,11,14
2025-01-25 19:50:00,19,50,5,1,16,17
2025-01-25 19:55:00,19,55,5,1,16,9
2025-01-25 20:00:00,20,0,5,1,9,17
2025-01-25 20:05:00,20,5,5,1,15,15
2025-01-25 20:10:00,20,10,5,1,10,14
2025-01-25 20:15:00,20,15,5,1,3,14
2025-01-25 20:20:00,20,20,5,1,16,10
2025-01-25 20:25:00,20,25,5,1,7,11
2025-01-25 20:30:00,20,30,5,1,7,10
2025-01-25 20:35:00,20,35,5,1,8,10
2025-01-25 20:40:00,20,40,5,1,11,7
2025-01-25 20:45:00,20,45,5,1,9,4
2025-01-25 20:50:00,20,50,5,1,11,7
2025-01-25 20:55:00,20,55,5,1,3,7
2025-01-25 21:00:00,21,0,5,1,5,5
2025-01-25 21:05:00,21,5,5,1,8,11
2025-01-25 21:10:00,21,10,5,1,16,3
2025-01-25 21:15:00,21,15,5,1,7,6
2025-01-25 21:20:00,21,20,5,1,12,12
2025-01-25 21:25:00,21,25,5,1,8,10
2025-01-25 21:30:00,21,30,5,1,5,11
2025-01-25 21:35:00,21,35,5,1,6,4
2025-01-25 21:40:00,21,40,5,1,6,9
2025-01-25 21:45:00,21,45,5,1,9,2
2025-01-25 21:50:00,21,50,5,1,12,5
2025-01-25 21:55:00,21,55,5,1,8,5
2025-01-25 22:00:00,22,0,5,1,11,3
2025-01-25 22:05:00,22,5,5,1,3,4
2025-01-25 22:10:00,22,10,5,1,5,3
2025-01-25 22:15:00,22,15,5,1,3,1
2025-01-25 22:20:00,22,20,5,1,7,8
2025-01-25 22:25:00,22,25,5,1,5,4
2025-01-25 22:30:00,22,30,5,1,9,6
2025-01-25 22:35:00,22,35,5,1,2,5
2025-01-25 22:40:00,22,40,5,1,6,5
2025-01-25 22:45:00,22,45,5,1,9,5
2025-01-25 22:50:00,22,50,5,1,0,3
2025-01-25 22:55:00,22,55,5,1,14,10
2025-01-25 23:00:00,23,0,5,1,5,8
2025-01-25 23:05:00,23,5,5,1,0,5
2025-01-25 23:10:00,23,10,5,1,6,3
2025-01-25 23:15:00,23,15,5,1,6,4
2025-01-25 23:20:00,23,20,5,1,5,6
2025-01-25 23:25:00,23,25,5,1,10,10
2025-01-25 23:30:00,23,30,5,1,9,0
2025-01-25 23:35:00,23,35,5,1,7,7
2025-01-25 23:40:00,23,40,5,1,7,9
2025-01-25 23:45:00,23,45,5,1,5,0
2025-01-25 23:50:00,23,50,5,1,13,4
2025-01-25 23:55:00,23,55,5,1,0,0
2025-01-26 00:00:00,0,0,6,1,6,6
2025-01-26 00:05:00,0,5,6,1,6,3
2025-01-26 00:10:00,0,10,6,1,9,4
2025-01-26 00:15:00,0,15,6,1,2,3
2025-01-26 00:20:00,0,20,6,1,0,7
2025-01-26 00:25:00,0,25,6,1,6,5
2025-01-26 00:30:00,0,30,6,1,7,5
2025-01-26 00:35:00,0,35,6,1,12,5
2025-01-26 00:40:00,0,40,6,1,1,6
2025-01-26 00:45:00,0,45,6,1,10,3
2025-01-26 00:50:00,0,50,6,1,15,11
2025-01-26 00:55:00,0,55,6,1,4,0
2025-01-26 01:00:00,1,0,6,1,0,0
2025-01-26 01:05:00,1,5,6,1,4,0
2025-01-26 01:10:00,1,10,6,1,6,0
2025-01-26 01:15:00,1,15,6,1,8,7
2025-01-26 01:20:00,1,20,6,1,3,6
2025-01-26 01:25:00,1,25,6,1,12,9
2025-01-26 01:30:00,1,30,6,1,1,0
2025-01-26 01:35:00,1,35,6,1,0,7
2025-01-26 01:40:00,1,40,6,1,10,4
2025-01-26 01:45:00,1,45,6,1,0,5
2025-01-26 01:50:00,1,50,6,1,5,7
2025-01-26 01:55:00,1,55,6,1,18,1
2025-01-26 02:00:00,2,0,6,1,6,15
2025-01-26 02:05:00,2,5,6,1,1,10
2025-01-26 02:10:00,2,10,6,1,5,2
2025-01-26 02:15:00,2,15,6,1,5,0
2025-01-26 02:20:00,2,20,6,1,6,4
2025-01-26 02:25:00,2,25,6,1,8,5
2025-01-26 02:30:00,2,30,6,1,1,8
2025-01-26 02:35:00,2,35,6,1,12,0
2025-01-26 02:40:00,2,40,6,1,7,5
2025-01-26 02:45:00,2,45,6,1,9,0
2025-01-26 02:50:00,2,50,6,1,3,6
2025-01-26 02:55:00,2,55,6,1,11,4
2025-01-26 03:00:00,3,0,6,1,5,12
2025-01-26 03:05:00,3,5,6,1,7,0
2025-01-26 03:10:00,3,10,6,1,2,10
2025-01-26 03:15:00,3,15,6,1,2,0
2025-01-26 03:20:00,3,20,6,1,9,0
2025-01-26 03:25:00,3,25,6,1,4,0
2025-01-26 03:30:00,3,30,6,1,2,5
2025-01-26 03:35:00,3,35,6,1,3,0
2025-01-26 03:40:00,3,40,6,1,9,0
2025-01-26 03:45:00,3,45,6,1,4,5
2025-01-26 03:50:00,3,50,6,1,6,6
2025-01-26 03:55:00,3,55,6,1,6,5
2025-01-26 04:00:00,4,0,6,1,0,4
2025-01-26 04:05:00,4,5,6,1,1,12
2025-01-26 04:10:00,4,10,6,1,8,5
2025-01-26 04:15:00,4,15,6,1,4,8
2025-01-26 04:20:00,4,20,6,1,11,6
2025-01-26 04:25:00,4,25,6,1,11,1
2025-01-26 04:30:00,4,30,6,1,10,8
2025-01-26 04:35:00,4,35,6,1,15,3
2025-01-26 04:40:00,4,40,6,1,7,5
2025-01-26 04:45:00,4,45,6,1,11,7
2025-01-26 04:50:00,4,50,6,1,6,0
2025-01-26 04:55:00,4,55,6,1,18,0
2025-01-26 05:00:00,5,0,6,1,17,10
2025-01-26 05:05:00,5,5,6,1,9,4
2025-01-26 05:10:00,5,10,6,1,11,5
2025-01-26 05:15:00,5,15,6,1,16,8
2025-01-26 05:20:00,5,20,6,1,10,6
2025-01-26 05:25:00,5,25,6,1,9,10
2025-01-26 05:30:00,5,30,6,1,15,8
2025-01-26 05:35:00,5,35,6,1,13,10
2025-01-26 05:40:00,5,40,6,1,14,7
2025-01-26 05:45:00,5,45,6,1,10,11
2025-01-26 05:50:00,5,50,6,1,7,15
2025-01-26 05:55:00,5,55,6,1,16,9
2025-01-26 06:00:00,6,0,6,1,19,15
2025-01-26 06:05:00,6,5,6,1,16,12
2025-01-26 06:10:00,6,10,6,1,23,15
2025-01-26 06:15:00,6,15,6,1,15,14
2025-01-26 06:20:00,6,20,6,1,15,14
2025-01-26 06:25:00,6,25,6,1,19,16
2025-01-26 06:30:00,6,30,6,1,20,20
2025-01-26 06:35:00,6,35,6,1,24,16
2025-01-26 06:40:00,6,40,6,1,19,18
2025-01-26 06:45:00,6,45,6,1,28,15
2025-01-26 06:50:00,6,50,6,1,32,23
2025-01-26 06:55:00,6,55,6,1,24,20
2025-01-26 07:00:00,7,0,6,1,30,19
2025-01-26 07:05:00,7,5,6,1,22,18
2025-01-26 07:10:00,7,10,6,1,31,23
2025-01-26 07:15:00,7,15,6,1,31,17
2025-01-26 07:20:00,7,20,6,1,31,13
2025-01-26 07:25:00,7,25,6,1,28,21
2025-01-26 07:30:00,7,30,6,1,17,26
2025-01-26 07:35:00,7,35,6,1,27,27
2025-01-26 07:40:00,7,40,6,1,27,21
2025-01-26 07:45:00,7,45,6,1,26,22
2025-01-26 07:50:00,7,50,6,1,30,24
2025-01-26 07:55:00,7,55,6,1,28,21
2025-01-26 08:00:00,8,0,6,1,27,24
2025-01-26 08:05:00,8,5,6,1,26,21
2025-01-26 08:10:00,8,10,6,1,27,26
2025-01-26 08:15:00,8,15,6,1,34,24
2025-01-26 08:20:00,8,20,6,1,27,25
2025-01-26 08:25:00,8,25,6,1,27,20
2025-01-26 08:30:00,8,30,6,1,27,28
2025-01-26 08:35:00,8,35,6,1,30,22
2025-01-26 08:40:00,8,40,6,1,30,21
2025-01-26 08:45:00,8,45,6,1,15,17
2025-01-26 08:50:00,8,50,6,1,31,19
2025-01-26 08:55:00,8,55,6,1,32,19
2025-01-26 09:00:00,9,0,6,1,21,15
2025-01-26 09:05:00,9,5,6,1,21,17
2025-01-26 09:10:00,9,10,6,1,22,16
2025-01-26 09:15:00,9,15,6,1,20,17
2025-01-26 09:20:00,9,20,6,1,23,9
2025-01-26 09:25:00,9,25,6,1,14,15
2025-01-26 09:30:00,9,30,6,1,16,13
2025-01-26 09:35:00,9,35,6,1,26,14
2025-01-26 09:40:00,9,40,6,1,15,18
2025-01-26 09:45:00,9,45,6,1,23,21
2025-01-26 09:50:00,9,50,6,1,19,15
2025-01-26 09:55:00,9,55,6,1,9,7
2025-01-26 10:00:00,10,0,6,1,18,10
2025-01-26 10:05:00,10,5,6,1,15,13
2025-01-26 10:10:00,10,10,6,1,12,12
2025-01-26 10:15:00,10,15,6,1,15,14
2025-01-26 10:20:00,10,20,6,1,15,9
2025-01-26 10:25:00,10,25,6,1,15,8
2025-01-26 10:30:00,10,30,6,1,17,16
2025-01-26 10:35:00,10,35,6,1,13,9
2025-01-26 10:40:00,10,40,6,1,5,4
2025-01-26 10:45:00,10,45,6,1,8,14
2025-01-26 10:50:00,10,50,6,1,22,1
2025-01-26 10:55:00,10,55,6,1,12,0
2025-01-26 11:00:00,11,0,6,1,19,10
2025-01-26 11:05:00,11,5,6,1,14,10
2025-01-26 11:10:00,11,10,6,1,10,8
2025-01-26 11:15:00,11,15,6,1,9,1
2025-01-26 11:20:00,11,20,6,1,8,6
2025-01-26 11:25:00,11,25,6,1,1,5
2025-01-26 11:30:00,11,30,6,1,8,4
2025-01-26 11:35:00,11,35,6,1,12,12
2025-01-26 11:40:00,11,40,6,1,5,2
2025-01-26 11:45:00,11,45,6,1,9,7
2025-01-26 11:50:00,11,50,6,1,11,11
2025-01-26 11:55:00,11,55,6,1,4,7
2025-01-26 12:00:00,12,0,6,1,5,11
2025-01-26 12:05:00,12,5,6,1,3,8
2025-01-26 12:10:00,12,10,6,1,4,8
2025-01-26 12:15:00,12,15,6,1,2,8
2025-01-26 12:20:00,12,20,6,1,4,9
2025-01-26 12:25:00,12,25,6,1,13,5
2025-01-26 12:30:00,12,30,6,1,4,1
2025-01-26 12:35:00,12,35,6,1,8,11
2025-01-26 12:40:00,12,40,6,1,6,12
2025-01-26 12:45:00,12,45,6,1,13,8
2025-01-26 12:50:00,12,50,6,1,13,5
2025-01-26 12:55:00,12,55,6,1,12,2
2025-01-26 13:00:00,13,0,6,1,10,8
2025-01-26 13:05:00,13,5,6,1,8,3
2025-01-26 13:10:00,13,10,6,1,4,3
2025-01-26 13:15:00,13,15,6,1,17,9
2025-01-26 13:20:00,13,20,6,1,7,6
2025-01-26 13:25:00,13,25,6,1,13,11
2025-01-26 13:30:00,13,30,6,1,14,10
2025-01-26 13:35:00,13,35,6,1,8,8
2025-01-26 13:40:00,13,40,6,1,15,4
2025-01-26 13:45:00,13,45,6,1,14,8
2025-01-26 13:50:00,13,50,6,1,19,9
2025-01-26 13:55:00,13,55,6,1,10,8
2025-01-26 14:00:00,14,0,6,1,7,12
2025-01-26 14:05:00,14,5,6,1,11,9
2025-01-26 14:10:00,14,10,6,1,14,14
2025-01-26 14:15:00,14,15,6,1,14,16
2025-01-26 14:20:00,14,20,6,1,13,12
2025-01-26 14:25:00,14,25,6,1,7,18
2025-01-26 14:30:00,14,30,6,1,17,12
2025-01-26 14:35:00,14,35,6,1,24,13
2025-01-26 14:40:00,14,40,6,1,18,18
2025-01-26 14:45:00,14,45,6,1,19,22
2025-01-26 14:50:00,14,50,6,1,20,23
2025-01-26 14:55:00,14,55,6,1,19,27
2025-01-26 15:00:00,15,0,6,1,22,20
2025-01-26 15:05:00,15,5,6,1,20,21
2025-01-26 15:10:00,15,10,6,1,18,18
2025-01-26 15:15:00,15,15,6,1,17,18
2025-01-26 15:20:00,15,20,6,1,19,25
2025-01-26 15:25:00,15,25,6,1,22,22
2025-01-26 15:30:00,15,30,6,1,20,30
2025-01-26 15:35:00,15,35,6,1,23,20
2025-01-26 15:40:00,15,40,6,1,24,29
2025-01-26 15:45:00,15,45,6,1,26,23
2025-01-26 15:50:00,15,50,6,1,28,25
2025-01-26 15:55:00,15,55,6,1,24,31
2025-01-26 16:00:00,16,0,6,1,19,26
2025-01-26 16:05:00,16,5,6,1,23,27
2025-01-26 16:10:00,16,10,6,1,25,27
2025-01-26 16:15:00,16,15,6,1,18,37
2025-01-26 16:20:00,16,20,6,1,31,28
2025-01-26 16:25:00,16,25,6,1,26,31
2025-01-26 16:30:00,16,30,6,1,27,31
2025-01-26 16:35:00,16,35,6,1,32,32
2025-01-26 16:40:00,16,40,6,1,24,29
2025-01-26 16:45:00,16,45,6,1,29,31
2025-01-26 16:50:00,16,50,6,1,26,34
2025-01-26 16:55:00,16,55,6,1,26,29
2025-01-26 17:00:00,17,0,6,1,24,37
2025-01-26 17:05:00,17,5,6,1,33,37
2025-01-26 17:10:00,17,10,6,1,25,35
2025-01-26 17:15:00,17,15,6,1,29,32
2025-01-26 17:20:00,17,20,6,1,19,20
2025-01-26 17:25:00,17,25,6,1,31,33
2025-01-26 17:30:00,17,30,6,1,30,30
2025-01-26 17:35:00,17,35,6,1,26,30
2025-01-26 17:40:00,17,40,6,1,25,23
2025-01-26 17:45:00,17,45,6,1,27,32
2025-01-26 17:50:00,17,50,6,1,34,24
2025-01-26 17:55:00,17,55,6,1,17,30
2025-01-26 18:00:00,18,0,6,1,27,33
2025-01-26 18:05:00,18,5,6,1,20,27
2025-01-26 18:10:00,18,10,6,1,23,33
2025-01-26 18:15:00,18,15,6,1,22,24
2025-01-26 18:20:00,18,20,6,1,21,29
2025-01-26 18:25:00,18,25,6,1,22,21
2025-01-26 18:30:00,18,30,6,1,17,29
2025-01-26 18:35:00,18,35,6,1,25,28
2025-01-26 18:40:00,18,40,6,1,13,26
2025-01-26 18:45:00,18,45,6,1,22,22
2025-01-26 18:50:00,18,50,6,1,18,17
2025-01-26 18:55:00,18,55,6,1,14,20
2025-01-26 19:00:00,19,0,6,1,19,26
2025-01-26 19:05:00,19,5,6,1,12,21
2025-01-26 19:10:00,19,10,6,1,17,14
2025-01-26 19:15:00,19,15,6,1,11,15
2025-01-26 19:20:00,19,20,6,1,18,23
2025-01-26 19:25:00,19,25,6,1,12,20
2025-01-26 19:30:00,19,30,6,1,13,12
2025-01-26 19:35:00,19,35,6,1,16,9
2025-01-26 19:40:00,19,40,6,1,11,13
2025-01-26 19:45:00,19,45,6,1,14,8
2025-01-26 19:50:00,19,50,6,1,7,14
2025-01-26 19:55:00,19,55,6,1,15,24
2025-01-26 20:00:00,20,0,6,1,19,7
2025-01-26 20:05:00,20,5,6,1,23,12
2025-01-26 20:10:00,20,10,6,1,12,17
2025-01-26 20:15:00,20,15,6,1,14,15
2025-01-26 20:20:00,20,20,6,1,4,11
2025-01-26 20:25:00,20,25,6,1,16,10
2025-01-26 20:30:00,20,30,6,1,13,6
2025-01-26 20:35:00,20,35,6,1,8,9
2025-01-26 20:40:00,20,40,6,1,14,10
2025-01-26 20:45:00,20,45,6,1,8,13
2025-01-26 20:50:00,20,50,6,1,7,6
2025-01-26 20:55:00,20,55,6,1,11,8
2025-01-26 21:00:00,21,0,6,1,4,4
2025-01-26 21:05:00,21,5,6,1,12,9
2025-01-26 21:10:00,21,10,6,1,4,11
2025-01-26 21:15:00,21,15,6,1,4,10
2025-01-26 21:20:00,21,20,6,1,4,2
2025-01-26 21:25:00,21,25,6,1,10,7
2025-01-26 21:30:00,21,30,6,1,5,4
2025-01-26 21:35:00,21,35,6,1,2,10
2025-01-26 21:40:00,21,40,6,1,5,5
2025-01-26 21:45:00,21,45,6,1,7,0
2025-01-26 21:50:00,21,50,6,1,2,5
2025-01-26 21:55:00,21,55,6,1,2,7
2025-01-26 22:00:00,22,0,6,1,15,6
2025-01-26 22:05:00,22,5,6,1,3,3
2025-01-26 22:10:00,22,10,6,1,5,3
2025-01-26 22:15:00,22,15,6,1,5,1
2025-01-26 22:20:00,22,20,6,1,5,3
2025-01-26 22:25:00,22,25,6,1,9,1
2025-01-26 22:30:00,22,30,6,1,10,9
2025-01-26 22:35:00,22,35,6,1,5,1
2025-01-26 22:40:00,22,40,6,1,1,5
2025-01-26 22:45:00,22,45,6,1,11,5
2025-01-26 22:50:00,22,50,6,1,6,8
2025-01-26 22:55:00,22,55,6,1,13,9
2025-01-26 23:00:00,23,0,6,1,0,7
2025-01-26 23:05:00,23,5,6,1,7,6
2025-01-26 23:10:00,23,10,6,1,13,0
2025-01-26 23:15:00,23,15,6,1,4,0
2025-01-26 23:20:00,23,20,6,1,5,1
2025-01-26 23:25:00,23,25,6,1,7,7
2025-01-26 23:30:00,23,30,6,1,3,5
2025-01-26 23:35:00,23,35,6,1,4,8
2025-01-26 23:40:00,23,40,6,1,4,8
2025-01-26 23:45:00,23,45,6,1,3,1
2025-01-26 23:50:00,23,50,6,1,11,4
2025-01-26 23:55:00,23,55,6,1,7,4
2025-01-27 00:00:00,0,0,0,0,9,5
2025-01-27 00:05:00,0,5,0,0,11,4
2025-01-27 00:10:00,0,10,0,0,7,11
2025-01-27 00:15:00,0,15,0,0,5,6
2025-01-27 00:20:00,0,20,0,0,6,6
2025-01-27 00:25:00,0,25,0,0,8,3
2025-01-27 00:30:00,0,30,0,0,4,9
2025-01-27 00:35:00,0,35,0,0,6,2
2025-01-27 00:40:00,0,40,0,0,6,8
2025-01-27 00:45:00,0,45,0,0,16,8
2025-01-27 00:50:00,0,50,0,0,0,4
2025-01-27 00:55:00,0,55,0,0,7,7
2025-01-27 01:00:00,1,0,0,0,15,7
2025-01-27 01:05:00,1,5,0,0,8,6
2025-01-27 01:10:00,1,10,0,0,11,6
2025-01-27 01:15:00,1,15,0,0,8,6
2025-01-27 01:20:00,1,20,0,0,5,7
2025-01-27 01:25:00,1,25,0,0,0,6
2025-01-27 01:30:00,1,30,0,0,9,2
2025-01-27 01:35:00,1,35,0,0,5,5
2025-01-27 01:40:00,1,40,0,0,5,7
2025-01-27 01:45:00,1,45,0,0,6,6
2025-01-27 01:50:00,1,50,0,0,15,10
2025-01-27 01:55:00,1,55,0,0,18,8
2025-01-27 02:00:00,2,0,0,0,9,3
2025-01-27 02:05:00,2,5,0,0,6,5
2025-01-27 02:10:00,2,10,0,0,3,5
2025-01-27 02:15:00,2,15,0,0,10,6
2025-01-27 02:20:00,2,20,0,0,15,6
2025-01-27 02:25:00,2,25,0,0,7,8
2025-01-27 02:30:00,2,30,0,0,0,7
2025-01-27 02:35:00,2,35,0,0,11,11
2025-01-27 02:40:00,2,40,0,0,12,7
2025-01-27 02:45:00,2,45,0,0,2,3
2025-01-27 02:50:00,2,50,0,0,9,4
2025-01-27 02:55:00,2,55,0,0,10,8
2025-01-27 03:00:00,3,0,0,0,8,0
2025-01-27 03:05:00,3,5,0,0,5,1
2025-01-27 03:10:00,3,10,0,0,12,6
2025-01-27 03:15:00,3,15,0,0,7,10
2025-01-27 03:20:00,3,20,0,0,2,11
2025-01-27 03:25:00,3,25,0,0,0,5
2025-01-27 03:30:00,3,30,0,0,13,11
2025-01-27 03:35:00,3,35,0,0,11,7
2025-01-27 03:40:00,3,40,0,0,9,0
2025-01-27 03:45:00,3,45,0,0,7,6
2025-01-27 03:50:00,3,50,0,0,7,4
2025-01-27 03:55:00,3,55,0,0,5,10
2025-01-27 04:00:00,4,0,0,0,7,7
2025-01-27 04:05:00,4,5,0,0,1,2
2025-01-27 04:10:00,4,10,0,0,6,1
2025-01-27 04:15:00,4,15,0,0,8,7
2025-01-27 04:20:00,4,20,0,0,12,0
2025-01-27 04:25:00,4,25,0,0,10,5
2025-01-27 04:30:00,4,30,0,0,13,9
2025-01-27 04:35:00,4,35,0,0,16,4
2025-01-27 04:40:00,4,40,0,0,15,12
2025-01-27 04:45:00,4,45,0,0,13,13
2025-01-27 04:50:00,4,50,0,0,12,5
2025-01-27 04:55:00,4,55,0,0,8,8
2025-01-27 05:00:00,5,0,0,0,16,13
2025-01-27 05:05:00,5,5,0,0,20,10
2025-01-27 05:10:00,5,10,0,0,15,5
2025-01-27 05:15:00,5,15,0,0,22,10
2025-01-27 05:20:00,5,20,0,0,9,8
2025-01-27 05:25:00,5,25,0,0,11,16
2025-01-27 05:30:00,5,30,0,0,20,15
2025-01-27 05:35:00,5,35,0,0,19,12
2025-01-27 05:40:00,5,40,0,0,24,14
2025-01-27 05:45:00,5,45,0,0,19,9
2025-01-27 05:50:00,5,50,0,0,17,12
2025-01-27 05:55:00,5,55,0,0,20,22
2025-01-27 06:00:00,6,0,0,0,16,16
2025-01-27 06:05:00,6,5,0,0,19,21
2025-01-27 06:10:00,6,10,0,0,28,19
2025-01-27 06:15:00,6,15,0,0,29,24
2025-01-27 06:20:00,6,20,0,0,28,11
2025-01-27 06:25:00,6,25,0,0,21,20
2025-01-27 06:30:00,6,30,0,0,28,28
2025-01-27 06:35:00,6,35,0,0,26,26
2025-01-27 06:40:00,6,40,0,0,36,28
2025-01-27 06:45:00,6,45,0,0,30,24
2025-01-27 06:50:00,6,50,0,0,30,22
2025-01-27 06:55:00,6,55,0,0,35,21
2025-01-27 07:00:00,7,0,0,0,33,22
2025-01-27 07:05:00,7,5,0,0,43,30
2025-01-27 07:10:00,7,10,0,0,35,29
2025-01-27 07:15:00,7,15,0,0,33,28
2025-01-27 07:20:00,7,20,0,0,31,31
2025-01-27 07:25:00,7,25,0,0,40,30
2025-01-27 07:30:00,7,30,0,0,39,33
2025-01-27 07:35:00,7,35,0,0,36,34
2025-01-27 07:40:00,7,40,0,0,47,26
2025-01-27 07:45:00,7,45,0,0,45,32
2025-01-27 07:50:00,7,50,0,0,43,24
2025-01-27 07:55:00,7,55,0,0,48,31
2025-01-27 08:00:00,8,0,0,0,46,33
2025-01-27 08:05:00,8,5,0,0,40,26
2025-01-27 08:10:00,8,10,0,0,39,29
2025-01-27 08:15:00,8,15,0,0,46,31
2025-01-27 08:20:00,8,20,0,0,44,31
2025-01-27 08:25:00,8,25,0,0,42,29
2025-01-27 08:30:00,8,30,0,0,38,25
2025-01-27 08:35:00,8,35,0,0,43,29
2025-01-27 08:40:00,8,40,0,0,37,22
2025-01-27 08:45:00,8,45,0,0,38,27
2025-01-27 08:50:00,8,50,0,0,44,26
2025-01-27 08:55:00,8,55,0,0,34,26
2025-01-27 09:00:00,9,0,0,0,30,24
2025-01-27 09:05:00,9,5,0,0,31,19
2025-01-27 09:10:00,9,10,0,0,38,23
2025-01-27 09:15:00,9,15,0,0,34,27
2025-01-27 09:20:00,9,20,0,0,31,28
2025-01-27 09:25:00,9,25,0,0,28,32
2025-01-27 09:30:00,9,30,0,0,31,28
2025-01-27 09:35:00,9,35,0,0,25,16
2025-01-27 09:40:00,9,40,0,0,28,18
2025-01-27 09:45:00,9,45,0,0,23,19
2025-01-27 09:50:00,9,50,0,0,21,18
2025-01-27 09:55:00,9,55,0,0,21,17
2025-01-27 10:00:00,10,0,0,0,21,26
2025-01-27 10:05:00,10,5,0,0,21,11
2025-01-27 10:10:00,10,10,0,0,21,12
2025-01-27 10:15:00,10,15,0,0,5,21
2025-01-27 10:20:00,10,20,0,0,15,11
2025-01-27 10:25:00,10,25,0,0,16,15
2025-01-27 10:30:00,10,30,0,0,23,17
2025-01-27 10:35:00,10,35,0,0,12,14
2025-01-27 10:40:00,10,40,0,0,16,12
2025-01-27 10:45:00,10,45,0,0,21,15
2025-01-27 10:50:00,10,50,0,0,9,7
2025-01-27 10:55:00,10,55,0,0,15,8
2025-01-27 11:00:00,11,0,0,0,10,12
2025-01-27 11:05:00,11,5,0,0,11,1
2025-01-27 11:10:00,11,10,0,0,9,15
2025-01-27 11:15:00,11,15,0,0,9,10
2025-01-27 11:20:00,11,20,0,0,22,9
2025-01-27 11:25:00,11,25,0,0,15,2
2025-01-27 11:30:00,11,30,0,0,15,3
2025-01-27 11:35:00,11,35,0,0,13,7
2025-01-27 11:40:00,11,40,0,0,4,12
2025-01-27 11:45:00,11,45,0,0,12,0
2025-01-27 11:50:00,11,50,0,0,15,12
2025-01-27 11:55:00,11,55,0,0,7,7
2025-01-27 12:00:00,12,0,0,0,14,8
2025-01-27 12:05:00,12,5,0,0,13,10
2025-01-27 12:10:00,12,10,0,0,18,10
2025-01-27 12:15:00,12,15,0,0,9,6
2025-01-27 12:20:00,12,20,0,0,6,12
2025-01-27 12:25:00,12,25,0,0,9,0
2025-01-27 12:30:00,12,30,0,0,17,8
2025-01-27 12:35:00,12,35,0,0,4,10
2025-01-27 12:40:00,12,40,0,0,3,9
2025-01-27 12:45:00,12,45,0,0,12,3
2025-01-27 12:50:00,12,50,0,0,10,14
2025-01-27 12:55:00,12,55,0,0,12,6
2025-01-27 13:00:00,13,0,0,0,16,11
2025-01-27 13:05:00,13,5,0,0,10,13
2025-01-27 13:10:00,13,10,0,0,5,13
2025-01-27 13:15:00,13,15,0,0,21,18
2025-01-27 13:20:00,13,20,0,0,10,13
2025-01-27 13:25:00,13,25,0,0,10,16
2025-01-27 13:30:00,13,30,0,0,19,14
2025-01-27 13:35:00,13,35,0,0,13,18
2025-01-27 13:40:00,13,40,0,0,15,22
2025-01-27 13:45:00,13,45,0,0,18,17
2025-01-27 13:50:00,13,50,0,0,21,21
2025-01-27 13:55:00,13,55,0,0,16,24
2025-01-27 14:00:00,14,0,0,0,24,24
2025-01-27 14:05:00,14,5,0,0,10,18
2025-01-27 14:10:00,14,10,0,0,22,25
2025-01-27 14:15:00,14,15,0,0,16,23
2025-01-27 14:20:00,14,20,0,0,26,27
2025-01-27 14:25:00,14,25,0,0,22,26
2025-01-27 14:30:00,14,30,0,0,19,25
2025-01-27 14:35:00,14,35,0,0,25,27
2025-01-27 14:40:00,14,40,0,0,27,27
2025-01-27 14:45:00,14,45,0,0,27,28
2025-01-27 14:50:00,14,50,0,0,21,28
2025-01-27 14:55:00,14,55,0,0,24,28
2025-01-27 15:00:00,15,0,0,0,26,37
2025-01-27 15:05:00,15,5,0,0,27,33
2025-01-27 15:10:00,15,10,0,0,31,30
2025-01-27 15:15:00,15,15,0,0,20,32
2025-01-27 15:20:00,15,20,0,0,31,38
2025-01-27 15:25:00,15,25,0,0,29,32
2025-01-27 15:30:00,15,30,0,0,27,30
2025-01-27 15:35:00,15,35,0,0,28,31
2025-01-27 15:40:00,15,40,0,0,31,31
2025-01-27 15:45:00,15,45,0,0,18,34
2025-01-27 15:50:00,15,50,0,0,31,35
2025-01-27 15:55:00,15,55,0,0,30,46
2025-01-27 16:00:00,16,0,0,0,37,41
2025-01-27 16:05:00,16,5,0,0,32,41
2025-01-27 16:10:00,16,10,0,0,35,37
2025-01-27 16:15:00,16,15,0,0,42,43
2025-01-27 16:20:00,16,20,0,0,40,37
2025-01-27 16:25:00,16,25,0,0,40,43
2025-01-27 16:30:00,16,30,0,0,35,53
2025-01-27 16:35:00,16,35,0,0,40,48
2025-01-27 16:40:00,16,40,0,0,37,45
2025-01-27 16:45:00,16,45,0,0,37,48
2025-01-27 16:50:00,16,50,0,0,40,44
2025-01-27 16:55:00,16,55,0,0,36,43
2025-01-27 17:00:00,17,0,0,0,44,53
2025-01-27 17:05:00,17,5,0,0,37,41
2025-01-27 17:10:00,17,10,0,0,40,44
2025-01-27 17:15:00,17,15,0,0,44,47
2025-01-27 17:20:00,17,20,0,0,42,42
2025-01-27 17:25:00,17,25,0,0,32,48
2025-01-27 17:30:00,17,30,0,0,39,44
2025-01-27 17:35:00,17,35,0,0,40,47
2025-01-27 17:40:00,17,40,0,0,40,46
2025-01-27 17:45:00,17,45,0,0,32,42
2025-01-27 17:50:00,17,50,0,0,33,50
2025-01-27 17:55:00,17,55,0,0,39,39
2025-01-27 18:00:00,18,0,0,0,31,47
2025-01-27 18:05:00,18,5,0,0,33,45
2025-01-27 18:10:00,18,10,0,0,40,47
2025-01-27 18:15:00,18,15,0,0,32,40
2025-01-27 18:20:00,18,20,0,0,29,35
2025-01-27 18:25:00,18,25,0,0,28,45
2025-01-27 18:30:00,18,30,0,0,32,35
2025-01-27 18:35:00,18,35,0,0,25,32
2025-01-27 18:40:00,18,40,0,0,28,34
2025-01-27 18:45:00,18,45,0,0,30,29
2025-01-27 18:50:00,18,50,0,0,33,34
2025-01-27 18:55:00,18,55,0,0,30,29
2025-01-27 19:00:00,19,0,0,0,23,29
2025-01-27 19:05:00,19,5,0,0,30,33
2025-01-27 19:10:00,19,10,0,0,23,31
2025-01-27 19:15:00,19,15,0,0,19,27
2025-01-27 19:20:00,19,20,0,0,23,27
2025-01-27 19:25:00,19,25,0,0,28,25
2025-01-27 19:30:00,19,30,0,0,22,23
2025-01-27 19:35:00,19,35,0,0,21,23
2025-01-27 19:40:00,19,40,0,0,27,24
2025-01-27 19:45:00,19,45,0,0,14,21
2025-01-27 19:50:00,19,50,0,0,14,22
2025-01-27 19:55:00,19,55,0,0,12,16
2025-01-27 20:00:00,20,0,0,0,19,17
2025-01-27 20:05:00,20,5,0,0,18,15
2025-01-27 20:10:00,20,10,0,0,23,15
2025-01-27 20:15:00,20,15,0,0,17,22
2025-01-27 20:20:00,20,20,0,0,14,19
2025-01-27 20:25:00,20,25,0,0,15,11
2025-01-27 20:30:00,20,30,0,0,15,16
2025-01-27 20:35:00,20,35,0,0,7,12
2025-01-27 20:40:00,20,40,0,0,24,11
2025-01-27 20:45:00,20,45,0,0,15,7
2025-01-27 20:50:00,20,50,0,0,14,16
2025-01-27 20:55:00,20,55,0,0,15,6
2025-01-27 21:00:00,21,0,0,0,15,11
2025-01-27 21:05:00,21,5,0,0,11,7
2025-01-27 21:10:00,21,10,0,0,9,14
2025-01-27 21:15:00,21,15,0,0,14,9
2025-01-27 21:20:00,21,20,0,0,12,9
2025-01-27 21:25:00,21,25,0,0,7,9
2025-01-27 21:30:00,21,30,0,0,16,10
2025-01-27 21:35:00,21,35,0,0,11,9
2025-01-27 21:40:00,21,40,0,0,13,8
2025-01-27 21:45:00,21,45,0,0,15,6
2025-01-27 21:50:00,21,50,0,0,10,2
2025-01-27 21:55:00,21,55,0,0,11,3
2025-01-27 22:00:00,22,0,0,0,13,11
2025-01-27 22:05:00,22,5,0,0,6,6
2025-01-27 22:10:00,22,10,0,0,9,5
2025-01-27 22:15:00,22,15,0,0,9,2
2025-01-27 22:20:00,22,20,0,0,5,0
2025-01-27 22:25:00,22,25,0,0,18,4
2025-01-27 22:30:00,22,30,0,0,3,10
2025-01-27 22:35:00,22,35,0,0,3,5
2025-01-27 22:40:00,22,40,0,0,14,8
2025-01-27 22:45:00,22,45,0,0,11,4
2025-01-27 22:50:00,22,50,0,0,4,9
2025-01-27 22:55:00,22,55,0,0,11,5
2025-01-27 23:00:00,23,0,0,0,14,2
2025-01-27 23:05:00,23,5,0,0,8,5
2025-01-27 23:10:00,23,10,0,0,19,14
2025-01-27 23:15:00,23,15,0,0,1,13
2025-01-27 23:20:00,23,20,0,0,11,8
2025-01-27 23:25:00,23,25,0,0,13,6
2025-01-27 23:30:00,23,30,0,0,12,7
2025-01-27 23:35:00,23,35,0,0,7,7
2025-01-27 23:40:00,23,40,0,0,7,6
2025-01-27 23:45:00,23,45,0,0,10,8
2025-01-27 23:50:00,23,50,0,0,11,7
2025-01-27 23:55:00,23,55,0,0,10,5
2025-01-28 00:00:00,0,0,1,0,12,1
2025-01-28 00:05:00,0,5,1,0,4,4
2025-01-28 00:10:00,0,10,1,0,7,9
2025-01-28 00:15:00,0,15,1,0,4,6
2025-01-28 00:20:00,0,20,1,0,6,7
2025-01-28 00:25:00,0,25,1,0,12,5
2025-01-28 00:30:00,0,30,1,0,8,2
2025-01-28 00:35:00,0,35,1,0,18,5
2025-01-28 00:40:00,0,40,1,0,9,2
2025-01-28 00:45:00,0,45,1,0,8,2
2025-01-28 00:50:00,0,50,1,0,8,11
2025-01-28 00:55:00,0,55,1,0,5,4
2025-01-28 01:00:00,1,0,1,0,8,3
2025-01-28 01:05:00,1,5,1,0,13,12
2025-01-28 01:10:00,1,10,1,0,8,9
2025-01-28 01:15:00,1,15,1,0,5,5
2025-01-28 01:20:00,1,20,1,0,4,8
2025-01-28 01:25:00,1,25,1,0,6,5
2025-01-28 01:30:00,1,30,1,0,8,3
2025-01-28 01:35:00,1,35,1,0,13,8
2025-01-28 01:40:00,1,40,1,0,3,5
2025-01-28 01:45:00,1,45,1,0,7,6
2025-01-28 01:50:00,1,50,1,0,9,10
2025-01-28 01:55:00,1,55,1,0,1,10
2025-01-28 02:00:00,2,0,1,0,5,4
2025-01-28 02:05:00,2,5,1,0,5,8
2025-01-28 02:10:00,2,10,1,0,5,2
2025-01-28 02:15:00,2,15,1,0,9,8
2025-01-28 02:20:00,2,20,1,0,7,7
2025-01-28 02:25:00,2,25,1,0,6,8
2025-01-28 02:30:00,2,30,1,0,10,5
2025-01-28 02:35:00,2,35,1,0,15,14
2025-01-28 02:40:00,2,40,1,0,15,2
2025-01-28 02:45:00,2,45,1,0,0,10
2025-01-28 02:50:00,2,50,1,0,10,2
2025-01-28 02:55:00,2,55,1,0,7,8
2025-01-28 03:00:00,3,0,1,0,9,8
2025-01-28 03:05:00,3,5,1,0,7,6
2025-01-28 03:10:00,3,10,1,0,9,4
2025-01-28 03:15:00,3,15,1,0,9,7
2025-01-28 03:20:00,3,20,1,0,6,7
2025-01-28 03:25:00,3,25,1,0,5,13
2025-01-28 03:30:00,3,30,1,0,7,3
2025-01-28 03:35:00,3,35,1,0,9,4
2025-01-28 03:40:00,3,40,1,0,11,8
2025-01-28 03:45:00,3,45,1,0,12,5
2025-01-28 03:50:00,3,50,1,0,7,6
2025-01-28 03:55:00,3,55,1,0,10,11
2025-01-28 04:00:00,4,0,1,0,13,0
2025-01-28 04:05:00,4,5,1,0,14,4
2025-01-28 04:10:00,4,10,1,0,9,0
2025-01-28 04:15:00,4,15,1,0,9,2
2025-01-28 04:20:00,4,20,1,0,11,17
2025-01-28 04:25:00,4,25,1,0,5,10
2025-01-28 04:30:00,4,30,1,0,10,11
2025-01-28 04:35:00,4,35,1,0,14,8
2025-01-28 04:40:00,4,40,1,0,14,11
2025-01-28 04:45:00,4,45,1,0,10,1
2025-01-28 04:50:00,4,50,1,0,13,13
2025-01-28 04:55:00,4,55,1,0,9,6
2025-01-28 05:00:00,5,0,1,0,16,7
2025-01-28 05:05:00,5,5,1,0,13,12
2025-01-28 05:10:00,5,10,1,0,13,11
2025-01-28 05:15:00,5,15,1,0,13,11
2025-01-28 05:20:00,5,20,1,0,15,6
2025-01-28 05:25:00,5,25,1,0,14,12
2025-01-28 05:30:00,5,30,1,0,19,16
2025-01-28 05:35:00,5,35,1,0,16,11
2025-01-28 05:40:00,5,40,1,0,25,19
2025-01-28 05:45:00,5,45,1,0,25,11
2025-01-28 05:50:00,5,50,1,0,17,15
2025-01-28 05:55:00,5,55,1,0,22,22
2025-01-28 06:00:00,6,0,1,0,20,14
2025-01-28 06:05:00,6,5,1,0,22,21
2025-01-28 06:10:00,6,10,1,0,33,26
2025-01-28 06:15:00,6,15,1,0,24,19
2025-01-28 06:20:00,6,20,1,0,28,17
2025-01-28 06:25:00,6,25,1,0,30,17
2025-01-28 06:30:00,6,30,1,0,25,26
2025-01-28 06:35:00,6,35,1,0,27,27
2025-01-28 06:40:00,6,40,1,0,27,29
2025-01-28 06:45:00,6,45,1,0,29,24
2025-01-28 06:50:00,6,50,1,0,22,29
2025-01-28 06:55:00,6,55,1,0,37,25
2025-01-28 07:00:00,7,0,1,0,44,22
2025-01-28 07:05:00,7,5,1,0,38,31
2025-01-28 07:10:00,7,10,1,0,32,34
2025-01-28 07:15:00,7,15,1,0,36,24
2025-01-28 07:20:00,7,20,1,0,38,24
2025-01-28 07:25:00,7,25,1,0,36,29
2025-01-28 07:30:00,7,30,1,0,45,33
2025-01-28 07:35:00,7,35,1,0,45,26
2025-01-28 07:40:00,7,40,1,0,38,31
2025-01-28 07:45:00,7,45,1,0,45,28
2025-01-28 07:50:00,7,50,1,0,49,34
2025-01-28 07:55:00,7,55,1,0,51,28
2025-01-28 08:00:00,8,0,1,0,54,34
2025-01-28 08:05:00,8,5,1,0,39,30
2025-01-28 08:10:00,8,10,1,0,54,27
2025-01-28 08:15:00,8,15,1,0,41,31
2025-01-28 08:20:00,8,20,1,0,40,23
2025-01-28 08:25:00,8,25,1,0,43,28
2025-01-28 08:30:00,8,30,1,0,39,31
2025-01-28 08:35:00,8,35,1,0,42,22
2025-01-28 08:40:00,8,40,1,0,34,18
2025-01-28 08:45:00,8,45,1,0,38,19
2025-01-28 08:50:00,8,50,1,0,43,33
2025-01-28 08:55:00,8,55,1,0,37,26
2025-01-28 09:00:00,9,0,1,0,37,24
2025-01-28 09:05:00,9,5,1,0,37,29
2025-01-28 09:10:00,9,10,1,0,39,23
2025-01-28 09:15:00,9,15,1,0,26,25
2025-01-28 09:20:00,9,20,1,0,34,23
2025-01-28 09:25:00,9,25,1,0,29,20
2025-01-28 09:30:00,9,30,1,0,30,22
2025-01-28 09:35:00,9,35,1,0,32,23
2025-01-28 09:40:00,9,40,1,0,22,19
2025-01-28 09:45:00,9,45,1,0,22,17
2025-01-28 09:50:00,9,50,1,0,17,17
2025-01-28 09:55:00,9,55,1,0,21,8
2025-01-28 10:00:00,10,0,1,0,28,17
2025-01-28 10:05:00,10,5,1,0,21,11
2025-01-28 10:10:00,10,10,1,0,15,17
2025-01-28 10:15:00,10,15,1,0,18,14
2025-01-28 10:20:00,10,20,1,0,13,14
2025-01-28 10:25:00,10,25,1,0,13,16
2025-01-28 10:30:00,10,30,1,0,18,9
2025-01-28 10:35:00,10,35,1,0,11,13
2025-01-28 10:40:00,10,40,1,0,20,12
2025-01-28 10:45:00,10,45,1,0,14,10
2025-01-28 10:50:00,10,50,1,0,14,7
2025-01-28 10:55:00,10,55,1,0,12,13
2025-01-28 11:00:00,11,0,1,0,16,13
2025-01-28 11:05:00,11,5,1,0,16,10
2025-01-28 11:10:00,11,10,1,0,14,5
2025-01-28 11:15:00,11,15,1,0,14,7
2025-01-28 11:20:00,11,20,1,0,11,9
2025-01-28 11:25:00,11,25,1,0,13,11
2025-01-28 11:30:00,11,30,1,0,10,2
2025-01-28 11:35:00,11,35,1,0,11,6
2025-01-28 11:40:00,11,40,1,0,10,7
2025-01-28 11:45:00,11,45,1,0,9,8
2025-01-28 11:50:00,11,50,1,0,8,3
2025-01-28 11:55:00,11,55,1,0,12,8
2025-01-28 12:00:00,12,0,1,0,16,7
2025-01-28 12:05:00,12,5,1,0,15,4
2025-01-28 12:10:00,12,10,1,0,5,8
2025-01-28 12:15:00,12,15,1,0,16,7
2025-01-28 12:20:00,12,20,1,0,9,11
2025-01-28 12:25:00,12,25,1,0,13,6
2025-01-28 12:30:00,12,30,1,0,7,10
2025-01-28 12:35:00,12,35,1,0,12,6
2025-01-28 12:40:00,12,40,1,0,12,8
2025-01-28 12:45:00,12,45,1,0,5,12
2025-01-28 12:50:00,12,50,1,0,14,12
2025-01-28 12:55:00,12,55,1,0,17,9
2025-01-28 13:00:00,13,0,1,0,11,10
2025-01-28 13:05:00,13,5,1,0,18,6
2025-01-28 13:10:00,13,10,1,0,12,18
2025-01-28 13:15:00,13,15,1,0,17,16
2025-01-28 13:20:00,13,20,1,0,5,16
2025-01-28 13:25:00,13,25,1,0,24,8
2025-01-28 13:30:00,13,30,1,0,21,12
2025-01-28 13:35:00,13,35,1,0,14,14
2025-01-28 13:40:00,13,40,1,0,8,8
2025-01-28 13:45:00,13,45,1,0,17,20
2025-01-28 13:50:00,13,50,1,0,11,23
2025-01-28 13:55:00,13,55,1,0,19,26
2025-01-28 14:00:00,14,0,1,0,19,15
2025-01-28 14:05:00,14,5,1,0,15,20
2025-01-28 14:10:00,14,10,1,0,23,26
2025-01-28 14:15:00,14,15,1,0,23,21
2025-01-28 14:20:00,14,20,1,0,24,20
2025-01-28 14:25:00,14,25,1,0,21,16
2025-01-28 14:30:00,14,30,1,0,16,29
2025-01-28 14:35:00,14,35,1,0,26,25
2025-01-28 14:40:00,14,40,1,0,22,23
2025-01-28 14:45:00,14,45,1,0,18,28
2025-01-28 14:50:00,14,50,1,0,30,29
2025-01-28 14:55:00,14,55,1,0,34,30
2025-01-28 15:00:00,15,0,1,0,26,29
2025-01-28 15:05:00,15,5,1,0,36,38
2025-01-28 15:10:00,15,10,1,0,28,32
2025-01-28 15:15:00,15,15,1,0,27,40
2025-01-28 15:20:00,15,20,1,0,27,37
2025-01-28 15:25:00,15,25,1,0,36,37
2025-01-28 15:30:00,15,30,1,0,28,36
2025-01-28 15:35:00,15,35,1,0,34,41
2025-01-28 15:40:00,15,40,1,0,30,38
2025-01-28 15:45:00,15,45,1,0,31,35
2025-01-28 15:50:00,15,50,1,0,37,36
2025-01-28 15:55:00,15,55,1,0,32,42
2025-01-28 16:00:00,16,0,1,0,33,38
2025-01-28 16:05:00,16,5,1,0,40,42
2025-01-28 16:10:00,16,10,1,0,42,47
2025-01-28 16:15:00,16,15,1,0,39,44
2025-01-28 16:20:00,16,20,1,0,34,41
2025-01-28 16:25:00,16,25,1,0,35,50
2025-01-28 16:30:00,16,30,1,0,37,47
2025-01-28 16:35:00,16,35,1,0,39,49
2025-01-28 16:40:00,16,40,1,0,34,36
2025-01-28 16:45:00,16,45,1,0,41,47
2025-01-28 16:50:00,16,50,1,0,38,49
2025-01-28 16:55:00,16,55,1,0,31,53
2025-01-28 17:00:00,17,0,1,0,34,40
2025-01-28 17:05:00,17,5,1,0,36,51
2025-01-28 17:10:00,17,10,1,0,38,52
2025-01-28 17:15:00,17,15,1,0,45,38
2025-01-28 17:20:00,17,20,1,0,39,47
2025-01-28 17:25:00,17,25,1,0,34,48
2025-01-28 17:30:00,17,30,1,0,38,43
2025-01-28 17:35:00,17,35,1,0,35,42
2025-01-28 17:40:00,17,40,1,0,38,47
2025-01-28 17:45:00,17,45,1,0,38,41
2025-01-28 17:50:00,17,50,1,0,40,42
2025-01-28 17:55:00,17,55,1,0,35,45
2025-01-28 18:00:00,18,0,1,0,41,48
2025-01-28 18:05:00,18,5,1,0,38,43
2025-01-28 18:10:00,18,10,1,0,30,40
2025-01-28 18:15:00,18,15,1,0,42,37
2025-01-28 18:20:00,18,20,1,0,33,34
2025-01-28 18:25:00,18,25,1,0,28,42
2025-01-28 18:30:00,18,30,1,0,37,36
2025-01-28 18:35:00,18,35,1,0,38,40
2025-01-28 18:40:00,18,40,1,0,29,33
2025-01-28 18:45:00,18,45,1,0,26,31
2025-01-28 18:50:00,18,50,1,0,27,34
2025-01-28 18:55:00,18,55,1,0,30,31
2025-01-28 19:00:00,19,0,1,0,31,25
2025-01-28 19:05:00,19,5,1,0,28,37
2025-01-28 19:10:00,19,10,1,0,25,26
2025-01-28 19:15:00,19,15,1,0,30,31
2025-01-28 19:20:00,19,20,1,0,22,30
2025-01-28 19:25:00,19,25,1,0,27,20
2025-01-28 19:30:00,19,30,1,0,21,20
2025-01-28 19:35:00,19,35,1,0,23,22
2025-01-28 19:40:00,19,40,1,0,20,19
2025-01-28 19:45:00,19,45,1,0,19,28
2025-01-28 19:50:00,19,50,1,0,17,20
2025-01-28 19:55:00,19,55,1,0,24,23
2025-01-28 20:00:00,20,0,1,0,15,21
2025-01-28 20:05:00,20,5,1,0,14,19
2025-01-28 20:10:00,20,10,1,0,25,18
2025-01-28 20:15:00,20,15,1,0,20,22
2025-01-28 20:20:00,20,20,1,0,6,13
2025-01-28 20:25:00,20,25,1,0,13,22
2025-01-28 20:30:00,20,30,1,0,7,10
2025-01-28 20:35:00,20,35,1,0,10,17
2025-01-28 20:40:00,20,40,1,0,1,8
2025-01-28 20:45:00,20,45,1,0,13,12
2025-01-28 20:50:00,20,50,1,0,8,13
2025-01-28 20:55:00,20,55,1,0,13,10
2025-01-28 21:00:00,21,0,1,0,6,11
2025-01-28 21:05:00,21,5,1,0,12,5
2025-01-28 21:10:00,21,10,1,0,10,7
2025-01-28 21:15:00,21,15,1,0,17,12
2025-01-28 21:20:00,21,20,1,0,17,10
2025-01-28 21:25:00,21,25,1,0,14,7
2025-01-28 21:30:00,21,30,1,0,9,14
2025-01-28 21:35:00,21,35,1,0,18,4
2025-01-28 21:40:00,21,40,1,0,4,7
2025-01-28 21:45:00,21,45,1,0,4,6
2025-01-28 21:50:00,21,50,1,0,9,11
2025-01-28 21:55:00,21,55,1,0,18,8
2025-01-28 22:00:00,22,0,1,0,9,7
2025-01-28 22:05:00,22,5,1,0,8,0
2025-01-28 22:10:00,22,10,1,0,3,11
2025-01-28 22:15:00,22,15,1,0,13,6
2025-01-28 22:20:00,22,20,1,0,13,8
2025-01-28 22:25:00,22,25,1,0,12,4
2025-01-28 22:30:00,22,30,1,0,6,3
2025-01-28 22:35:00,22,35,1,0,6,13
2025-01-28 22:40:00,22,40,1,0,3,0
2025-01-28 22:45:00,22,45,1,0,9,2
2025-01-28 22:50:00,22,50,1,0,4,12
2025-01-28 22:55:00,22,55,1,0,4,9
2025-01-28 23:00:00,23,0,1,0,7,5
2025-01-28 23:05:00,23,5,1,0,6,11
2025-01-28 23:10:00,23,10,1,0,6,8
2025-01-28 23:15:00,23,15,1,0,10,7
2025-01-28 23:20:00,23,20,1,0,9,7
2025-01-28 23:25:00,23,25,1,0,7,8
2025-01-28 23:30:00,23,30,1,0,9,8
2025-01-28 23:35:00,23,35,1,0,4,15
2025-01-28 23:40:00,23,40,1,0,9,5
2025-01-28 23:45:00,23,45,1,0,9,5
2025-01-28 23:50:00,23,50,1,0,2,1
2025-01-28 23:55:00,23,55,1,0,12,6
2025-01-29 00:00:00,0,0,2,0,4,13
2025-01-29 00:05:00,0,5,2,0,8,10
2025-01-29 00:10:00,0,10,2,0,13,4
2025-01-29 00:15:00,0,15,2,0,12,6
2025-01-29 00:20:00,0,20,2,0,8,1
2025-01-29 00:25:00,0,25,2,0,7,2
2025-01-29 00:30:00,0,30,2,0,12,7
2025-01-29 00:35:00,0,35,2,0,11,4
2025-01-29 00:40:00,0,40,2,0,6,2
2025-01-29 00:45:00,0,45,2,0,5,8
2025-01-29 00:50:00,0,50,2,0,0,6
2025-01-29 00:55:00,0,55,2,0,9,0
2025-01-29 01:00:00,1,0,2,0,8,0
2025-01-29 01:05:00,1,5,2,0,13,4
2025-01-29 01:10:00,1,10,2,0,9,0
2025-01-29 01:15:00,1,15,2,0,13,0
2025-01-29 01:20:00,1,20,2,0,5,11
2025-01-29 01:25:00,1,25,2,0,13,6
2025-01-29 01:30:00,1,30,2,0,6,5
2025-01-29 01:35:00,1,35,2,0,11,5
2025-01-29 01:40:00,1,40,2,0,2,1
2025-01-29 01:45:00,1,45,2,0,9,8
2025-01-29 01:50:00,1,50,2,0,0,5
2025-01-29 01:55:00,1,55,2,0,7,3
2025-01-29 02:00:00,2,0,2,0,10,4
2025-01-29 02:05:00,2,5,2,0,6,1
2025-01-29 02:10:00,2,10,2,0,4,4
2025-01-29 02:15:00,2,15,2,0,11,5
2025-01-29 02:20:00,2,20,2,0,8,4
2025-01-29 02:25:00,2,25,2,0,6,6
2025-01-29 02:30:00,2,30,2,0,8,6
2025-01-29 02:35:00,2,35,2,0,19,7
2025-01-29 02:40:00,2,40,2,0,13,10
2025-01-29 02:45:00,2,45,2,0,13,8
2025-01-29 02:50:00,2,50,2,0,10,10
2025-01-29 02:55:00,2,55,2,0,9,3
2025-01-29 03:00:00,3,0,2,0,0,4
2025-01-29 03:05:00,3,5,2,0,5,9
2025-01-29 03:10:00,3,10,2,0,6,9
2025-01-29 03:15:00,3,15,2,0,1,3
2025-01-29 03:20:00,3,20,2,0,4,9
2025-01-29 03:25:00,3,25,2,0,0,2
2025-01-29 03:30:00,3,30,2,0,8,8
2025-01-29 03:35:00,3,35,2,0,12,6
2025-01-29 03:40:00,3,40,2,0,13,1
2025-01-29 03:45:00,3,45,2,0,10,5
2025-01-29 03:50:00,3,50,2,0,5,15
2025-01-29 03:55:00,3,55,2,0,1,7
2025-01-29 04:00:00,4,0,2,0,2,16
2025-01-29 04:05:00,4,5,2,0,4,1
2025-01-29 04:10:00,4,10,2,0,6,10
2025-01-29 04:15:00,4,15,2,0,9,0
2025-01-29 04:20:00,4,20,2,0,6,7
2025-01-29 04:25:00,4,25,2,0,11,10
2025-01-29 04:30:00,4,30,2,0,9,11
2025-01-29 04:35:00,4,35,2,0,11,5
2025-01-29 04:40:00,4,40,2,0,16,12
2025-01-29 04:45:00,4,45,2,0,7,6
2025-01-29 04:50:00,4,50,2,0,13,8
2025-01-29 04:55:00,4,55,2,0,12,7
2025-01-29 05:00:00,5,0,2,0,11,5
2025-01-29 05:05:00,5,5,2,0,17,16
2025-01-29 05:10:00,5,10,2,0,17,10
2025-01-29 05:15:00,5,15,2,0,11,15
2025-01-29 05:20:00,5,20,2,0,14,15
2025-01-29 05:25:00,5,25,2,0,17,8
2025-01-29 05:30:00,5,30,2,0,16,17
2025-01-29 05:35:00,5,35,2,0,20,15
2025-01-29 05:40:00,5,40,2,0,20,9
2025-01-29 05:45:00,5,45,2,0,27,16
2025-01-29 05:50:00,5,50,2,0,14,11
2025-01-29 05:55:00,5,55,2,0,21,22
2025-01-29 06:00:00,6,0,2,0,19,20
2025-01-29 06:05:00,6,5,2,0,26,17
2025-01-29 06:10:00,6,10,2,0,18,23
2025-01-29 06:15:00,6,15,2,0,27,12
2025-01-29 06:20:00,6,20,2,0,24,16
2025-01-29 06:25:00,6,25,2,0,25,19
2025-01-29 06:30:00,6,30,2,0,23,30
2025-01-29 06:35:00,6,35,2,0,29,18
2025-01-29 06:40:00,6,40,2,0,36,16
2025-01-29 06:45:00,6,45,2,0,33,18
2025-01-29 06:50:00,6,50,2,0,36,28
2025-01-29 06:55:00,6,55,2,0,42,23
2025-01-29 07:00:00,7,0,2,0,37,25
2025-01-29 07:05:00,7,5,2,0,35,30
2025-01-29 07:10:00,7,10,2,0,40,27
2025-01-29 07:15:00,7,15,2,0,37,29
2025-01-29 07:20:00,7,20,2,0,38,31
2025-01-29 07:25:00,7,25,2,0,34,27
2025-01-29 07:30:00,7,30,2,0,45,29
2025-01-29 07:35:00,7,35,2,0,40,31
2025-01-29 07:40:00,7,40,2,0,43,34
2025-01-29 07:45:00,7,45,2,0,38,27
2025-01-29 07:50:00,7,50,2,0,45,19
2025-01-29 07:55:00,7,55,2,0,40,34
2025-01-29 08:00:00,8,0,2,0,42,35
2025-01-29 08:05:00,8,5,2,0,46,32
2025-01-29 08:10:00,8,10,2,0,46,32
2025-01-29 08:15:00,8,15,2,0,42,28
2025-01-29 08:20:00,8,20,2,0,35,32
2025-01-29 08:25:00,8,25,2,0,54,33
2025-01-29 08:30:00,8,30,2,0,48,30
2025-01-29 08:35:00,8,35,2,0,43,39
2025-01-29 08:40:00,8,40,2,0,37,22
2025-01-29 08:45:00,8,45,2,0,38,29
2025-01-29 08:50:00,8,50,2,0,36,23
2025-01-29 08:55:00,8,55,2,0,42,30
2025-01-29 09:00:00,9,0,2,0,37,20
2025-01-29 09:05:00,9,5,2,0,32,20
2025-01-29 09:10:00,9,10,2,0,32,22
2025-01-29 09:15:00,9,15,2,0,37,25
2025-01-29 09:20:00,9,20,2,0,38,20
2025-01-29 09:25:00,9,25,2,0,37,20
2025-01-29 09:30:00,9,30,2,0,32,20
2025-01-29 09:35:00,9,35,2,0,27,19
2025-01-29 09:40:00,9,40,2,0,14,25
2025-01-29 09:45:00,9,45,2,0,27,21
2025-01-29 09:50:00,9,50,2,0,25,17
2025-01-29 09:55:00,9,55,2,0,24,26
2025-01-29 10:00:00,10,0,2,0,23,18
2025-01-29 10:05:00,10,5,2,0,16,12
2025-01-29 10:10:00,10,10,2,0,23,16
2025-01-29 10:15:00,10,15,2,0,22,16
2025-01-29 10:20:00,10,20,2,0,21,11
2025-01-29 10:25:00,10,25,2,0,21,9
2025-01-29 10:30:00,10,30,2,0,19,13
2025-01-29 10:35:00,10,35,2,0,14,10
2025-01-29 10:40:00,10,40,2,0,15,17
2025-01-29 10:45:00,10,45,2,0,15,14
2025-01-29 10:50:00,10,50,2,0,15,8
2025-01-29 10:55:00,10,55,2,0,18,12
2025-01-29 11:00:00,11,0,2,0,16,15
2025-01-29 11:05:00,11,5,2,0,21,4
2025-01-29 11:10:00,11,10,2,0,21,5
2025-01-29 11:15:00,11,15,2,0,12,9
2025-01-29 11:20:00,11,20,2,0,0,9
2025-01-29 11:25:00,11,25,2,0,16,8
2025-01-29 11:30:00,11,30,2,0,9,7
2025-01-29 11:35:00,11,35,2,0,8,7
2025-01-29 11:40:00,11,40,2,0,9,10
2025-01-29 11:45:00,11,45,2,0,9,13
2025-01-29 11:50:00,11,50,2,0,13,6
2025-01-29 11:55:00,11,55,2,0,4,18
2025-01-29 12:00:00,12,0,2,0,6,16
2025-01-29 12:05:00,12,5,2,0,12,14
2025-01-29 12:10:00,12,10,2,0,13,11
2025-01-29 12:15:00,12,15,2,0,13,17
2025-01-29 12:20:00,12,20,2,0,7,8
2025-01-29 12:25:00,12,25,2,0,7,6
2025-01-29 12:30:00,12,30,2,0,9,7
2025-01-29 12:35:00,12,35,2,0,12,6
2025-01-29 12:40:00,12,40,2,0,17,11
2025-01-29 12:45:00,12,45,2,0,3,12
2025-01-29 12:50:00,12,50,2,0,11,12
2025-01-29 12:55:00,12,55,2,0,7,11
2025-01-29 13:00:00,13,0,2,0,6,12
2025-01-29 13:05:00,13,5,2,0,16,19
2025-01-29 13:10:00,13,10,2,0,15,15
2025-01-29 13:15:00,13,15,2,0,15,17
2025-01-29 13:20:00,13,20,2,0,17,14
2025-01-29 13:25:00,13,25,2,0,12,8
2025-01-29 13:30:00,13,30,2,0,13,7
2025-01-29 13:35:00,13,35,2,0,24,24
2025-01-29 13:40:00,13,40,2,0,15,14
2025-01-29 13:45:00,13,45,2,0,19,14
2025-01-29 13:50:00,13,50,2,0,17,18
2025-01-29 13:55:00,13,55,2,0,10,20
2025-01-29 14:00:00,14,0,2,0,10,22
2025-01-29 14:05:00,14,5,2,0,16,27
2025-01-29 14:10:00,14,10,2,0,23,27
2025-01-29 14:15:00,14,15,2,0,23,18
2025-01-29 14:20:00,14,20,2,0,24,26
2025-01-29 14:25:00,14,25,2,0,17,22
2025-01-29 14:30:00,14,30,2,0,28,24
2025-01-29 14:35:00,14,35,2,0,19,21
2025-01-29 14:40:00,14,40,2,0,24,19
2025-01-29 14:45:00,14,45,2,0,24,27
2025-01-29 14:50:00,14,50,2,0,24,24
2025-01-29 14:55:00,14,55,2,0,31,33
2025-01-29 15:00:00,15,0,2,0,23,29
2025-01-29 15:05:00,15,5,2,0,22,33
2025-01-29 15:10:00,15,10,2,0,28,38
2025-01-29 15:15:00,15,15,2,0,27,27
2025-01-29 15:20:00,15,20,2,0,43,31
2025-01-29 15:25:00,15,25,2,0,33,36
2025-01-29 15:30:00,15,30,2,0,29,37
2025-01-29 15:35:00,15,35,2,0,27,42
2025-01-29 15:40:00,15,40,2,0,25,41
2025-01-29 15:45:00,15,45,2,0,29,39
2025-01-29 15:50:00,15,50,2,0,34,41
2025-01-29 15:55:00,15,55,2,0,40,42
2025-01-29 16:00:00,16,0,2,0,39,35
2025-01-29 16:05:00,16,5,2,0,36,41
2025-01-29 16:10:00,16,10,2,0,34,44
2025-01-29 16:15:00,16,15,2,0,37,45
2025-01-29 16:20:00,16,20,2,0,34,40
2025-01-29 16:25:00,16,25,2,0,44,39
2025-01-29 16:30:00,16,30,2,0,36,44
2025-01-29 16:35:00,16,35,2,0,37,53
2025-01-29 16:40:00,16,40,2,0,29,42
2025-01-29 16:45:00,16,45,2,0,37,50
2025-01-29 16:50:00,16,50,2,0,41,52
2025-01-29 16:55:00,16,55,2,0,34,46
2025-01-29 17:00:00,17,0,2,0,35,43
2025-01-29 17:05:00,17,5,2,0,41,48
2025-01-29 17:10:00,17,10,2,0,32,47
2025-01-29 17:15:00,17,15,2,0,42,42
2025-01-29 17:20:00,17,20,2,0,35,43
2025-01-29 17:25:00,17,25,2,0,36,47
2025-01-29 17:30:00,17,30,2,0,33,49
2025-01-29 17:35:00,17,35,2,0,38,43
2025-01-29 17:40:00,17,40,2,0,46,44
2025-01-29 17:45:00,17,45,2,0,39,46
2025-01-29 17:50:00,17,50,2,0,32,42
2025-01-29 17:55:00,17,55,2,0,40,41
2025-01-29 18:00:00,18,0,2,0,33,38
2025-01-29 18:05:00,18,5,2,0,39,37
2025-01-29 18:10:00,18,10,2,0,37,50
2025-01-29 18:15:00,18,15,2,0,21,38
2025-01-29 18:20:00,18,20,2,0,28,43
2025-01-29 18:25:00,18,25,2,0,35,44
2025-01-29 18:30:00,18,30,2,0,31,35
2025-01-29 18:35:00,18,35,2,0,26,37
2025-01-29 18:40:00,18,40,2,0,27,35
2025-01-29 18:45:00,18,45,2,0,21,27
2025-01-29 18:50:00,18,50,2,0,27,26
2025-01-29 18:55:00,18,55,2,0,36,31
2025-01-29 19:00:00,19,0,2,0,29,29
2025-01-29 19:05:00,19,5,2,0,34,37
2025-01-29 19:10:00,19,10,2,0,28,27
2025-01-29 19:15:00,19,15,2,0,28,35
2025-01-29 19:20:00,19,20,2,0,31,24
2025-01-29 19:25:00,19,25,2,0,24,33
2025-01-29 19:30:00,19,30,2,0,21,26
2025-01-29 19:35:00,19,35,2,0,25,26
2025-01-29 19:40:00,19,40,2,0,26,20
2025-01-29 19:45:00,19,45,2,0,18,24
2025-01-29 19:50:00,19,50,2,0,16,27
2025-01-29 19:55:00,19,55,2,0,19,19
2025-01-29 20:00:00,20,0,2,0,21,18
2025-01-29 20:05:00,20,5,2,0,20,17
2025-01-29 20:10:00,20,10,2,0,11,24
2025-01-29 20:15:00,20,15,2,0,24,20
2025-01-29 20:20:00,20,20,2,0,13,22
2025-01-29 20:25:00,20,25,2,0,14,17
2025-01-29 20:30:00,20,30,2,0,11,15
2025-01-29 20:35:00,20,35,2,0,25,16
2025-01-29 20:40:00,20,40,2,0,15,18
2025-01-29 20:45:00,20,45,2,0,10,12
2025-01-29 20:50:00,20,50,2,0,16,18
2025-01-29 20:55:00,20,55,2,0,15,13
2025-01-29 21:00:00,21,0,2,0,11,2
2025-01-29 21:05:00,21,5,2,0,15,15
2025-01-29 21:10:00,21,10,2,0,8,5
2025-01-29 21:15:00,21,15,2,0,9,14
2025-01-29 21:20:00,21,20,2,0,3,13
2025-01-29 21:25:00,21,25,2,0,5,11
2025-01-29 21:30:00,21,30,2,0,18,11
2025-01-29 21:35:00,21,35,2,0,17,13
2025-01-29 21:40:00,21,40,2,0,10,7
2025-01-29 21:45:00,21,45,2,0,16,12
2025-01-29 21:50:00,21,50,2,0,9,13
2025-01-29 21:55:00,21,55,2,0,8,15
2025-01-29 22:00:00,22,0,2,0,10,3
2025-01-29 22:05:00,22,5,2,0,9,9
2025-01-29 22:10:00,22,10,2,0,8,4
2025-01-29 22:15:00,22,15,2,0,14,3
2025-01-29 22:20:00,22,20,2,0,9,9
2025-01-29 22:25:00,22,25,2,0,12,7
2025-01-29 22:30:00,22,30,2,0,13,11
2025-01-29 22:35:00,22,35,2,0,10,5
2025-01-29 22:40:00,22,40,2,0,5,6
2025-01-29 22:45:00,22,45,2,0,3,7
2025-01-29 22:50:00,22,50,2,0,9,3
2025-01-29 22:55:00,22,55,2,0,8,4
2025-01-29 23:00:00,23,0,2,0,9,11
2025-01-29 23:05:00,23,5,2,0,8,4
2025-01-29 23:10:00,23,10,2,0,19,11
2025-01-29 23:15:00,23,15,2,0,3,9
2025-01-29 23:20:00,23,20,2,0,0,0
2025-01-29 23:25:00,23,25,2,0,10,8
2025-01-29 23:30:00,23,30,2,0,7,8
2025-01-29 23:35:00,23,35,2,0,9,8
2025-01-29 23:40:00,23,40,2,0,10,6
2025-01-29 23:45:00,23,45,2,0,13,2
2025-01-29 23:50:00,23,50,2,0,2,12
2025-01-29 23:55:00,23,55,2,0,6,6
2025-01-30 00:00:00,0,0,3,0,10,2
2025-01-30 00:05:00,0,5,3,0,11,8
2025-01-30 00:10:00,0,10,3,0,17,3
2025-01-30 00:15:00,0,15,3,0,12,2
2025-01-30 00:20:00,0,20,3,0,8,4
2025-01-30 00:25:00,0,25,3,0,4,3
2025-01-30 00:30:00,0,30,3,0,6,2
2025-01-30 00:35:00,0,35,3,0,6,9
2025-01-30 00:40:00,0,40,3,0,11,6
2025-01-30 00:45:00,0,45,3,0,9,11
2025-01-30 00:50:00,0,50,3,0,3,3
2025-01-30 00:55:00,0,55,3,0,6,0
2025-01-30 01:00:00,1,0,3,0,12,7
2025-01-30 01:05:00,1,5,3,0,9,13
2025-01-30 01:10:00,1,10,3,0,10,8
2025-01-30 01:15:00,1,15,3,0,10,19
2025-01-30 01:20:00,1,20,3,0,15,7
2025-01-30 01:25:00,1,25,3,0,9,7
2025-01-30 01:30:00,1,30,3,0,6,0
2025-01-30 01:35:00,1,35,3,0,4,8
2025-01-30 01:40:00,1,40,3,0,9,7
2025-01-30 01:45:00,1,45,3,0,0,4
2025-01-30 01:50:00,1,50,3,0,7,5
2025-01-30 01:55:00,1,55,3,0,7,6
2025-01-30 02:00:00,2,0,3,0,3,5
2025-01-30 02:05:00,2,5,3,0,4,14
2025-01-30 02:10:00,2,10,3,0,11,5
2025-01-30 02:15:00,2,15,3,0,9,7
2025-01-30 02:20:00,2,20,3,0,8,4
2025-01-30 02:25:00,2,25,3,0,9,9
2025-01-30 02:30:00,2,30,3,0,8,7
2025-01-30 02:35:00,2,35,3,0,13,5
2025-01-30 02:40:00,2,40,3,0,9,0
2025-01-30 02:45:00,2,45,3,0,2,7
2025-01-30 02:50:00,2,50,3,0,15,5
2025-01-30 02:55:00,2,55,3,0,10,6
2025-01-30 03:00:00,3,0,3,0,6,1
2025-01-30 03:05:00,3,5,3,0,3,12
2025-01-30 03:10:00,3,10,3,0,10,10
2025-01-30 03:15:00,3,15,3,0,8,12
2025-01-30 03:20:00,3,20,3,0,15,11
2025-01-30 03:25:00,3,25,3,0,7,9
2025-01-30 03:30:00,3,30,3,0,5,2
2025-01-30 03:35:00,3,35,3,0,12,14
2025-01-30 03:40:00,3,40,3,0,12,3
2025-01-30 03:45:00,3,45,3,0,9,5
2025-01-30 03:50:00,3,50,3,0,11,9
2025-01-30 03:55:00,3,55,3,0,9,10
2025-01-30 04:00:00,4,0,3,0,10,9
2025-01-30 04:05:00,4,5,3,0,14,5
2025-01-30 04:10:00,4,10,3,0,12,5
2025-01-30 04:15:00,4,15,3,0,9,17
2025-01-30 04:20:00,4,20,3,0,15,7
2025-01-30 04:25:00,4,25,3,0,1,7
2025-01-30 04:30:00,4,30,3,0,19,5
2025-01-30 04:35:00,4,35,3,0,4,9
2025-01-30 04:40:00,4,40,3,0,8,9
2025-01-30 04:45:00,4,45,3,0,11,8
2025-01-30 04:50:00,4,50,3,0,11,10
2025-01-30 04:55:00,4,55,3,0,16,16
2025-01-30 05:00:00,5,0,3,0,9,7
2025-01-30 05:05:00,5,5,3,0,14,10
2025-01-30 05:10:00,5,10,3,0,12,8
2025-01-30 05:15:00,5,15,3,0,16,12
2025-01-30 05:20:00,5,20,3,0,15,9
2025-01-30 05:25:00,5,25,3,0,16,10
2025-01-30 05:30:00,5,30,3,0,15,6
2025-01-30 05:35:00,5,35,3,0,16,13
2025-01-30 05:40:00,5,40,3,0,20,15
2025-01-30 05:45:00,5,45,3,0,23,22
2025-01-30 05:50:00,5,50,3,0,18,17
2025-01-30 05:55:00,5,55,3,0,18,14
2025-01-30 06:00:00,6,0,3,0,25,11
2025-01-30 06:05:00,6,5,3,0,23,12
2025-01-30 06:10:00,6,10,3,0,28,13
2025-01-30 06:15:00,6,15,3,0,22,26
2025-01-30 06:20:00,6,20,3,0,20,21
2025-01-30 06:25:00,6,25,3,0,26,18
2025-01-30 06:30:00,6,30,3,0,26,17
2025-01-30 06:35:00,6,35,3,0,30,19
2025-01-30 06:40:00,6,40,3,0,29,20
2025-01-30 06:45:00,6,45,3,0,36,29
2025-01-30 06:50:00,6,50,3,0,33,24
2025-01-30 06:55:00,6,55,3,0,36,19
2025-01-30 07:00:00,7,0,3,0,37,35
2025-01-30 07:05:00,7,5,3,0,38,22
2025-01-30 07:10:00,7,10,3,0,38,25
2025-01-30 07:15:00,7,15,3,0,41,33
2025-01-30 07:20:00,7,20,3,0,37,30
2025-01-30 07:25:00,7,25,3,0,46,27
2025-01-30 07:30:00,7,30,3,0,40,25
2025-01-30 07:35:00,7,35,3,0,36,26
2025-01-30 07:40:00,7,40,3,0,43,27
2025-01-30 07:45:00,7,45,3,0,39,31
2025-01-30 07:50:00,7,50,3,0,45,32
2025-01-30 07:55:00,7,55,3,0,52,30
2025-01-30 08:00:00,8,0,3,0,40,31
2025-01-30 08:05:00,8,5,3,0,44,27
2025-01-30 08:10:00,8,10,3,0,36,32
2025-01-30 08:15:00,8,15,3,0,44,36
2025-01-30 08:20:00,8,20,3,0,39,30
2025-01-30 08:25:00,8,25,3,0,39,29
2025-01-30 08:30:00,8,30,3,0,37,30
2025-01-30 08:35:00,8,35,3,0,43,34
2025-01-30 08:40:00,8,40,3,0,44,25
2025-01-30 08:45:00,8,45,3,0,39,34
2025-01-30 08:50:00,8,50,3,0,35,29
2025-01-30 08:55:00,8,55,3,0,43,27
2025-01-30 09:00:00,9,0,3,0,33,31
2025-01-30 09:05:00,9,5,3,0,26,21
2025-01-30 09:10:00,9,10,3,0,36,27
2025-01-30 09:15:00,9,15,3,0,28,25
2025-01-30 09:20:00,9,20,3,0,36,19
2025-01-30 09:25:00,9,25,3,0,29,24
2025-01-30 09:30:00,9,30,3,0,32,22
2025-01-30 09:35:00,9,35,3,0,34,20
2025-01-30 09:40:00,9,40,3,0,22,23
2025-01-30 09:45:00,9,45,3,0,24,16
2025-01-30 09:50:00,9,50,3,0,24,19
2025-01-30 09:55:00,9,55,3,0,30,17
2025-01-30 10:00:00,10,0,3,0,20,14
2025-01-30 10:05:00,10,5,3,0,19,18
2025-01-30 10:10:00,10,10,3,0,22,14
2025-01-30 10:15:00,10,15,3,0,17,8
2025-01-30 10:20:00,10,20,3,0,19,6
2025-01-30 10:25:00,10,25,3,0,11,16
2025-01-30 10:30:00,10,30,3,0,26,8
2025-01-30 10:35:00,10,35,3,0,11,13
2025-01-30 10:40:00,10,40,3,0,14,12
2025-01-30 10:45:00,10,45,3,0,15,9
2025-01-30 10:50:00,10,50,3,0,22,18
2025-01-30 10:55:00,10,55,3,0,8,11
2025-01-30 11:00:00,11,0,3,0,21,13
2025-01-30 11:05:00,11,5,3,0,16,11
2025-01-30 11:10:00,11,10,3,0,14,8
2025-01-30 11:15:00,11,15,3,0,8,9
2025-01-30 11:20:00,11,20,3,0,14,15
2025-01-30 11:25:00,11,25,3,0,8,13
2025-01-30 11:30:00,11,30,3,0,16,16
2025-01-30 11:35:00,11,35,3,0,7,9
2025-01-30 11:40:00,11,40,3,0,10,5
2025-01-30 11:45:00,11,45,3,0,8,7
2025-01-30 11:50:00,11,50,3,0,6,4
2025-01-30 11:55:00,11,55,3,0,13,11
2025-01-30 12:00:00,12,0,3,0,12,6
2025-01-30 12:05:00,12,5,3,0,15,0
2025-01-30 12:10:00,12,10,3,0,3,19
2025-01-30 12:15:00,12,15,3,0,15,7
2025-01-30 12:20:00,12,20,3,0,21,7
2025-01-30 12:25:00,12,25,3,0,9,16
2025-01-30 12:30:00,12,30,3,0,18,5
2025-01-30 12:35:00,12,35,3,0,10,14
2025-01-30 12:40:00,12,40,3,0,6,8
2025-01-30 12:45:00,12,45,3,0,10,5
2025-01-30 12:50:00,12,50,3,0,16,18
2025-01-30 12:55:00,12,55,3,0,9,15
2025-01-30 13:00:00,13,0,3,0,10,15
2025-01-30 13:05:00,13,5,3,0,15,13
2025-01-30 13:10:00,13,10,3,0,13,15
2025-01-30 13:15:00,13,15,3,0,16,8
2025-01-30 13:20:00,13,20,3,0,15,14
2025-01-30 13:25:00,13,25,3,0,16,10
2025-01-30 13:30:00,13,30,3,0,13,9
2025-01-30 13:35:00,13,35,3,0,16,17
2025-01-30 13:40:00,13,40,3,0,12,21
2025-01-30 13:45:00,13,45,3,0,21,15
2025-01-30 13:50:00,13,50,3,0,14,17
2025-01-30 13:55:00,13,55,3,0,22,14
2025-01-30 14:00:00,14,0,3,0,17,19
2025-01-30 14:05:00,14,5,3,0,19,23
2025-01-30 14:10:00,14,10,3,0,17,24
2025-01-30 14:15:00,14,15,3,0,16,24
2025-01-30 14:20:00,14,20,3,0,13,20
2025-01-30 14:25:00,14,25,3,0,17,21
2025-01-30 14:30:00,14,30,3,0,20,27
2025-01-30 14:35:00,14,35,3,0,23,29
2025-01-30 14:40:00,14,40,3,0,27,26
2025-01-30 14:45:00,14,45,3,0,22,26
2025-01-30 14:50:00,14,50,3,0,21,33
2025-01-30 14:55:00,14,55,3,0,20,28
2025-01-30 15:00:00,15,0,3,0,28,33
2025-01-30 15:05:00,15,5,3,0,32,31
2025-01-30 15:10:00,15,10,3,0,33,28
2025-01-30 15:15:00,15,15,3,0,31,40
2025-01-30 15:20:00,15,20,3,0,32,35
2025-01-30 15:25:00,15,25,3,0,37,32
2025-01-30 15:30:00,15,30,3,0,32,31
2025-01-30 15:35:00,15,35,3,0,34,32
2025-01-30 15:40:00,15,40,3,0,31,37
2025-01-30 15:45:00,15,45,3,0,27,47
2025-01-30 15:50:00,15,50,3,0,31,37
2025-01-30 15:55:00,15,55,3,0,34,46
2025-01-30 16:00:00,16,0,3,0,35,41
2025-01-30 16:05:00,16,5,3,0,43,37
2025-01-30 16:10:00,16,10,3,0,36,41
2025-01-30 16:15:00,16,15,3,0,41,38
2025-01-30 16:20:00,16,20,3,0,35,40
2025-01-30 16:25:00,16,25,3,0,36,41
2025-01-30 16:30:00,16,30,3,0,32,37
2025-01-30 16:35:00,16,35,3,0,34,51
2025-01-30 16:40:00,16,40,3,0,40,46
2025-01-30 16:45:00,16,45,3,0,38,43
2025-01-30 16:50:00,16,50,3,0,42,47
2025-01-30 16:55:00,16,55,3,0,39,43
2025-01-30 17:00:00,17,0,3,0,37,35
2025-01-30 17:05:00,17,5,3,0,47,58
2025-01-30 17:10:00,17,10,3,0,38,47
2025-01-30 17:15:00,17,15,3,0,42,43
2025-01-30 17:20:00,17,20,3,0,36,38
2025-01-30 17:25:00,17,25,3,0,40,39
2025-01-30 17:30:00,17,30,3,0,41,51
2025-01-30 17:35:00,17,35,3,0,38,50
2025-01-30 17:40:00,17,40,3,0,27,47
2025-01-30 17:45:00,17,45,3,0,36,39
2025-01-30 17:50:00,17,50,3,0,40,49
2025-01-30 17:55:00,17,55,3,0,37,44
2025-01-30 18:00:00,18,0,3,0,36,44
2025-01-30 18:05:00,18,5,3,0,27,42
2025-01-30 18:10:00,18,10,3,0,30,34
2025-01-30 18:15:00,18,15,3,0,34,34
2025-01-30 18:20:00,18,20,3,0,34,36
2025-01-30 18:25:00,18,25,3,0,36,40
2025-01-30 18:30:00,18,30,3,0,30,31
2025-01-30 18:35:00,18,35,3,0,32,35
2025-01-30 18:40:00,18,40,3,0,29,34
2025-01-30 18:45:00,18,45,3,0,25,36
2025-01-30 18:50:00,18,50,3,0,19,35
2025-01-30 18:55:00,18,55,3,0,29,27
2025-01-30 19:00:00,19,0,3,0,27,36
2025-01-30 19:05:00,19,5,3,0,23,25
2025-01-30 19:10:00,19,10,3,0,18,33
2025-01-30 19:15:00,19,15,3,0,26,25
2025-01-30 19:20:00,19,20,3,0,22,27
2025-01-30 19:25:00,19,25,3,0,25,26
2025-01-30 19:30:00,19,30,3,0,29,25
2025-01-30 19:35:00,19,35,3,0,12,26
2025-01-30 19:40:00,19,40,3,0,18,24
2025-01-30 19:45:00,19,45,3,0,19,25
2025-01-30 19:50:00,19,50,3,0,25,23
2025-01-30 19:55:00,19,55,3,0,12,15
2025-01-30 20:00:00,20,0,3,0,25,20
2025-01-30 20:05:00,20,5,3,0,18,16
2025-01-30 20:10:00,20,10,3,0,16,13
2025-01-30 20:15:00,20,15,3,0,15,16
2025-01-30 20:20:00,20,20,3,0,14,17
2025-01-30 20:25:00,20,25,3,0,19,16
2025-01-30 20:30:00,20,30,3,0,10,19
2025-01-30 20:35:00,20,35,3,0,15,19
2025-01-30 20:40:00,20,40,3,0,12,15
2025-01-30 20:45:00,20,45,3,0,10,15
2025-01-30 20:50:00,20,50,3,0,23,13
2025-01-30 20:55:00,20,55,3,0,14,15
2025-01-30 21:00:00,21,0,3,0,15,13
2025-01-30 21:05:00,21,5,3,0,16,11
2025-01-30 21:10:00,21,10,3,0,6,19
2025-01-30 21:15:00,21,15,3,0,18,8
2025-01-30 21:20:00,21,20,3,0,1,16
2025-01-30 21:25:00,21,25,3,0,8,4
2025-01-30 21:30:00,21,30,3,0,9,12
2025-01-30 21:35:00,21,35,3,0,12,15
2025-01-30 21:40:00,21,40,3,0,11,1
2025-01-30 21:45:00,21,45,3,0,9,9
2025-01-30 21:50:00,21,50,3,0,10,11
2025-01-30 21:55:00,21,55,3,0,6,9
2025-01-30 22:00:00,22,0,3,0,3,9
2025-01-30 22:05:00,22,5,3,0,12,8
2025-01-30 22:10:00,22,10,3,0,12,3
2025-01-30 22:15:00,22,15,3,0,15,17
2025-01-30 22:20:00,22,20,3,0,6,5
2025-01-30 22:25:00,22,25,3,0,12,9
2025-01-30 22:30:00,22,30,3,0,8,4
2025-01-30 22:35:00,22,35,3,0,13,0
2025-01-30 22:40:00,22,40,3,0,13,3
2025-01-30 22:45:00,22,45,3,0,9,1
2025-01-30 22:50:00,22,50,3,0,7,11
2025-01-30 22:55:00,22,55,3,0,12,4
2025-01-30 23:00:00,23,0,3,0,11,4
2025-01-30 23:05:00,23,5,3,0,6,2
2025-01-30 23:10:00,23,10,3,0,3,7
2025-01-30 23:15:00,23,15,3,0,7,3
2025-01-30 23:20:00,23,20,3,0,14,10
2025-01-30 23:25:00,23,25,3,0,13,7
2025-01-30 23:30:00,23,30,3,0,4,4
2025-01-30 23:35:00,23,35,3,0,3,10
2025-01-30 23:40:00,23,40,3,0,13,6
2025-01-30 23:45:00,23,45,3,0,4,6
2025-01-30 23:50:00,23,50,3,0,10,0
2025-01-30 23:55:00,23,55,3,0,6,6
2025-01-31 00:00:00,0,0,4,0,14,7
2025-01-31 00:05:00,0,5,4,0,5,11
2025-01-31 00:10:00,0,10,4,0,13,3
2025-01-31 00:15:00,0,15,4,0,9,15
2025-01-31 00:20:00,0,20,4,0,9,8
2025-01-31 00:25:00,0,25,4,0,0,0
2025-01-31 00:30:00,0,30,4,0,0,3
2025-01-31 00:35:00,0,35,4,0,7,12
2025-01-31 00:40:00,0,40,4,0,9,11
2025-01-31 00:45:00,0,45,4,0,3,6
2025-01-31 00:50:00,0,50,4,0,4,7
2025-01-31 00:55:00,0,55,4,0,10,1
2025-01-31 01:00:00,1,0,4,0,10,11
2025-01-31 01:05:00,1,5,4,0,7,2
2025-01-31 01:10:00,1,10,4,0,11,9
2025-01-31 01:15:00,1,15,4,0,3,11
2025-01-31 01:20:00,1,20,4,0,7,6
2025-01-31 01:25:00,1,25,4,0,15,10
2025-01-31 01:30:00,1,30,4,0,8,13
2025-01-31 01:35:00,1,35,4,0,9,7
2025-01-31 01:40:00,1,40,4,0,17,5
2025-01-31 01:45:00,1,45,4,0,2,6
2025-01-31 01:50:00,1,50,4,0,11,3
2025-01-31 01:55:00,1,55,4,0,15,3
2025-01-31 02:00:00,2,0,4,0,7,8
2025-01-31 02:05:00,2,5,4,0,11,5
2025-01-31 02:10:00,2,10,4,0,4,7
2025-01-31 02:15:00,2,15,4,0,5,0
2025-01-31 02:20:00,2,20,4,0,10,6
2025-01-31 02:25:00,2,25,4,0,11,10
2025-01-31 02:30:00,2,30,4,0,13,2
2025-01-31 02:35:00,2,35,4,0,14,6
2025-01-31 02:40:00,2,40,4,0,8,0
2025-01-31 02:45:00,2,45,4,0,13,1
2025-01-31 02:50:00,2,50,4,0,7,9
2025-01-31 02:55:00,2,55,4,0,12,5
2025-01-31 03:00:00,3,0,4,0,9,13
2025-01-31 03:05:00,3,5,4,0,10,8
2025-01-31 03:10:00,3,10,4,0,10,8
2025-01-31 03:15:00,3,15,4,0,2,2
2025-01-31 03:20:00,3,20,4,0,4,5
2025-01-31 03:25:00,3,25,4,0,9,3
2025-01-31 03:30:00,3,30,4,0,2,2
2025-01-31 03:35:00,3,35,4,0,12,9
2025-01-31 03:40:00,3,40,4,0,12,10
2025-01-31 03:45:00,3,45,4,0,10,8
2025-01-31 03:50:00,3,50,4,0,4,3
2025-01-31 03:55:00,3,55,4,0,14,8
2025-01-31 04:00:00,4,0,4,0,17,0
2025-01-31 04:05:00,4,5,4,0,10,12
2025-01-31 04:10:00,4,10,4,0,11,2
2025-01-31 04:15:00,4,15,4,0,10,3
2025-01-31 04:20:00,4,20,4,0,12,8
2025-01-31 04:25:00,4,25,4,0,10,8
2025-01-31 04:30:00,4,30,4,0,10,7
2025-01-31 04:35:00,4,35,4,0,14,3
2025-01-31 04:40:00,4,40,4,0,20,13
2025-01-31 04:45:00,4,45,4,0,6,2
2025-01-31 04:50:00,4,50,4,0,11,3
2025-01-31 04:55:00,4,55,4,0,8,9
2025-01-31 05:00:00,5,0,4,0,19,4
2025-01-31 05:05:00,5,5,4,0,11,15
2025-01-31 05:10:00,5,10,4,0,8,5
2025-01-31 05:15:00,5,15,4,0,17,17
2025-01-31 05:20:00,5,20,4,0,22,15
2025-01-31 05:25:00,5,25,4,0,19,17
2025-01-31 05:30:00,5,30,4,0,18,20
2025-01-31 05:35:00,5,35,4,0,19,13
2025-01-31 05:40:00,5,40,4,0,24,9
2025-01-31 05:45:00,5,45,4,0,16,14
2025-01-31 05:50:00,5,50,4,0,20,13
2025-01-31 05:55:00,5,55,4,0,20,13
2025-01-31 06:00:00,6,0,4,0,18,17
2025-01-31 06:05:00,6,5,4,0,22,16
2025-01-31 06:10:00,6,10,4,0,29,15
2025-01-31 06:15:00,6,15,4,0,28,18
2025-01-31 06:20:00,6,20,4,0,29,22
2025-01-31 06:25:00,6,25,4,0,29,24
2025-01-31 06:30:00,6,30,4,0,31,15
2025-01-31 06:35:00,6,35,4,0,27,21
2025-01-31 06:40:00,6,40,4,0,30,22
2025-01-31 06:45:00,6,45,4,0,34,19
2025-01-31 06:50:00,6,50,4,0,35,24
2025-01-31 06:55:00,6,55,4,0,36,26
2025-01-31 07:00:00,7,0,4,0,35,28
2025-01-31 07:05:00,7,5,4,0,36,27
2025-01-31 07:10:00,7,10,4,0,51,24
2025-01-31 07:15:00,7,15,4,0,43,36
2025-01-31 07:20:00,7,20,4,0,41,32
2025-01-31 07:25:00,7,25,4,0,40,31
2025-01-31 07:30:00,7,30,4,0,39,34
2025-01-31 07:35:00,7,35,4,0,41,31
2025-01-31 07:40:00,7,40,4,0,43,36
2025-01-31 07:45:00,7,45,4,0,35,31
2025-01-31 07:50:00,7,50,4,0,37,31
2025-01-31 07:55:00,7,55,4,0,40,34
2025-01-31 08:00:00,8,0,4,0,44,37
2025-01-31 08:05:00,8,5,4,0,42,37
2025-01-31 08:10:00,8,10,4,0,49,33
2025-01-31 08:15:00,8,15,4,0,37,33
2025-01-31 08:20:00,8,20,4,0,39,33
2025-01-31 08:25:00,8,25,4,0,48,34
2025-01-31 08:30:00,8,30,4,0,42,35
2025-01-31 08:35:00,8,35,4,0,44,28
2025-01-31 08:40:00,8,40,4,0,48,34
2025-01-31 08:45:00,8,45,4,0,36,29
2025-01-31 08:50:00,8,50,4,0,38,30
2025-01-31 08:55:00,8,55,4,0,36,32
2025-01-31 09:00:00,9,0,4,0,28,29
2025-01-31 09:05:00,9,5,4,0,34,29
2025-01-31 09:10:00,9,10,4,0,37,23
2025-01-31 09:15:00,9,15,4,0,35,30
2025-01-31 09:20:00,9,20,4,0,34,26
2025-01-31 09:25:00,9,25,4,0,29,23
2025-01-31 09:30:00,9,30,4,0,27,26
2025-01-31 09:35:00,9,35,4,0,33,31
2025-01-31 09:40:00,9,40,4,0,25,15
2025-01-31 09:45:00,9,45,4,0,27,15
2025-01-31 09:50:00,9,50,4,0,25,29
2025-01-31 09:55:00,9,55,4,0,29,19
2025-01-31 10:00:00,10,0,4,0,26,17
2025-01-31 10:05:00,10,5,4,0,16,15
2025-01-31 10:10:00,10,10,4,0,16,20
2025-01-31 10:15:00,10,15,4,0,22,25
2025-01-31 10:20:00,10,20,4,0,18,11
2025-01-31 10:25:00,10,25,4,0,16,13
2025-01-31 10:30:00,10,30,4,0,21,11
2025-01-31 10:35:00,10,35,4,0,17,15
2025-01-31 10:40:00,10,40,4,0,16,16
2025-01-31 10:45:00,10,45,4,0,18,17
2025-01-31 10:50:00,10,50,4,0,13,14
2025-01-31 10:55:00,10,55,4,0,20,20
2025-01-31 11:00:00,11,0,4,0,10,8
2025-01-31 11:05:00,11,5,4,0,15,6
2025-01-31 11:10:00,11,10,4,0,18,15
2025-01-31 11:15:00,11,15,4,0,6,10
2025-01-31 11:20:00,11,20,4,0,10,3
2025-01-31 11:25:00,11,25,4,0,16,7
2025-01-31 11:30:00,11,30,4,0,16,10
2025-01-31 11:35:00,11,35,4,0,10,6
2025-01-31 11:40:00,11,40,4,0,8,4
2025-01-31 11:45:00,11,45,4,0,14,8
2025-01-31 11:50:00,11,50,4,0,15,4
2025-01-31 11:55:00,11,55,4,0,6,11
2025-01-31 12:00:00,12,0,4,0,6,1
2025-01-31 12:05:00,12,5,4,0,11,9
2025-01-31 12:10:00,12,10,4,0,13,11
2025-01-31 12:15:00,12,15,4,0,9,8
2025-01-31 12:20:00,12,20,4,0,13,13
2025-01-31 12:25:00,12,25,4,0,8,4
2025-01-31 12:30:00,12,30,4,0,2,7
2025-01-31 12:35:00,12,35,4,0,9,8
2025-01-31 12:40:00,12,40,4,0,11,13
2025-01-31 12:45:00,12,45,4,0,10,11
2025-01-31 12:50:00,12,50,4,0,7,19
2025-01-31 12:55:00,12,55,4,0,5,8
2025-01-31 13:00:00,13,0,4,0,10,6
2025-01-31 13:05:00,13,5,4,0,16,19
2025-01-31 13:10:00,13,10,4,0,18,7
2025-01-31 13:15:00,13,15,4,0,18,16
2025-01-31 13:20:00,13,20,4,0,10,10
2025-01-31 13:25:00,13,25,4,0,9,6
2025-01-31 13:30:00,13,30,4,0,17,13
2025-01-31 13:35:00,13,35,4,0,18,19
2025-01-31 13:40:00,13,40,4,0,17,11
2025-01-31 13:45:00,13,45,4,0,8,19
2025-01-31 13:50:00,13,50,4,0,13,20
2025-01-31 13:55:00,13,55,4,0,17,13
2025-01-31 14:00:00,14,0,4,0,20,18
2025-01-31 14:05:00,14,5,4,0,21,26
2025-01-31 14:10:00,14,10,4,0,20,23
2025-01-31 14:15:00,14,15,4,0,21,21
2025-01-31 14:20:00,14,20,4,0,21,24
2025-01-31 14:25:00,14,25,4,0,24,21
2025-01-31 14:30:00,14,30,4,0,23,29
2025-01-31 14:35:00,14,35,4,0,23,30
2025-01-31 14:40:00,14,40,4,0,22,27
2025-01-31 14:45:00,14,45,4,0,24,28
2025-01-31 14:50:00,14,50,4,0,27,24
2025-01-31 14:55:00,14,55,4,0,27,24
2025-01-31 15:00:00,15,0,4,0,28,29
2025-01-31 15:05:00,15,5,4,0,32,31
2025-01-31 15:10:00,15,10,4,0,29,37
2025-01-31 15:15:00,15,15,4,0,26,37
2025-01-31 15:20:00,15,20,4,0,33,35
2025-01-31 15:25:00,15,25,4,0,24,40
2025-01-31 15:30:00,15,30,4,0,26,32
2025-01-31 15:35:00,15,35,4,0,33,41
2025-01-31 15:40:00,15,40,4,0,34,35
2025-01-31 15:45:00,15,45,4,0,28,44
2025-01-31 15:50:00,15,50,4,0,32,40
2025-01-31 15:55:00,15,55,4,0,31,33
2025-01-31 16:00:00,16,0,4,0,33,44
2025-01-31 16:05:00,16,5,4,0,39,45
2025-01-31 16:10:00,16,10,4,0,38,41
2025-01-31 16:15:00,16,15,4,0,36,42
2025-01-31 16:20:00,16,20,4,0,34,43
2025-01-31 16:25:00,16,25,4,0,31,37
2025-01-31 16:30:00,16,30,4,0,43,35
2025-01-31 16:35:00,16,35,4,0,40,50
2025-01-31 16:40:00,16,40,4,0,35,42
2025-01-31 16:45:00,16,45,4,0,41,53
2025-01-31 16:50:00,16,50,4,0,38,51
2025-01-31 16:55:00,16,55,4,0,37,52
2025-01-31 17:00:00,17,0,4,0,40,43
2025-01-31 17:05:00,17,5,4,0,35,40
2025-01-31 17:10:00,17,10,4,0,37,42
2025-01-31 17:15:00,17,15,4,0,38,44
2025-01-31 17:20:00,17,20,4,0,36,36
2025-01-31 17:25:00,17,25,4,0,40,43
2025-01-31 17:30:00,17,30,4,0,45,44
2025-01-31 17:35:00,17,35,4,0,34,39
2025-01-31 17:40:00,17,40,4,0,30,40
2025-01-31 17:45:00,17,45,4,0,28,42
2025-01-31 17:50:00,17,50,4,0,35,44
2025-01-31 17:55:00,17,55,4,0,32,38
2025-01-31 18:00:00,18,0,4,0,35,42
2025-01-31 18:05:00,18,5,4,0,34,41
2025-01-31 18:10:00,18,10,4,0,27,40
2025-01-31 18:15:00,18,15,4,0,25,36
2025-01-31 18:20:00,18,20,4,0,33,33
2025-01-31 18:25:00,18,25,4,0,32,44
2025-01-31 18:30:00,18,30,4,0,29,39
2025-01-31 18:35:00,18,35,4,0,23,39
2025-01-31 18:40:00,18,40,4,0,31,34
2025-01-31 18:45:00,18,45,4,0,34,33
2025-01-31 18:50:00,18,50,4,0,29,34
2025-01-31 18:55:00,18,55,4,0,24,24
2025-01-31 19:00:00,19,0,4,0,26,26
2025-01-31 19:05:00,19,5,4,0,20,26
2025-01-31 19:10:00,19,10,4,0,29,26
2025-01-31 19:15:00,19,15,4,0,24,24
2025-01-31 19:20:00,19,20,4,0,16,28
2025-01-31 19:25:00,19,25,4,0,21,26
2025-01-31 19:30:00,19,30,4,0,24,30
2025-01-31 19:35:00,19,35,4,0,20,33
2025-01-31 19:40:00,19,40,4,0,19,17
2025-01-31 19:45:00,19,45,4,0,15,22
2025-01-31 19:50:00,19,50,4,0,21,21
2025-01-31 19:55:00,19,55,4,0,16,20
2025-01-31 20:00:00,20,0,4,0,9,15
2025-01-31 20:05:00,20,5,4,0,16,15
2025-01-31 20:10:00,20,10,4,0,20,18
2025-01-31 20:15:00,20,15,4,0,14,13
2025-01-31 20:20:00,20,20,4,0,22,17
2025-01-31 20:25:00,20,25,4,0,17,14
2025-01-31 20:30:00,20,30,4,0,16,15
2025-01-31 20:35:00,20,35,4,0,14,10
2025-01-31 20:40:00,20,40,4,0,13,14
2025-01-31 20:45:00,20,45,4,0,12,9
2025-01-31 20:50:00,20,50,4,0,12,13
2025-01-31 20:55:00,20,55,4,0,15,17
2025-01-31 21:00:00,21,0,4,0,8,12
2025-01-31 21:05:00,21,5,4,0,7,12
2025-01-31 21:10:00,21,10,4,0,7,14
2025-01-31 21:15:00,21,15,4,0,19,5
2025-01-31 21:20:00,21,20,4,0,13,17
2025-01-31 21:25:00,21,25,4,0,12,5
2025-01-31 21:30:00,21,30,4,0,6,13
2025-01-31 21:35:00,21,35,4,0,13,12
2025-01-31 21:40:00,21,40,4,0,10,5
2025-01-31 21:45:00,21,45,4,0,11,12
2025-01-31 21:50:00,21,50,4,0,6,10
2025-01-31 21:55:00,21,55,4,0,10,16
2025-01-31 22:00:00,22,0,4,0,8,9
2025-01-31 22:05:00,22,5,4,0,6,7
2025-01-31 22:10:00,22,10,4,0,12,5
2025-01-31 22:15:00,22,15,4,0,3,0
2025-01-31 22:20:00,22,20,4,0,11,6
2025-01-31 22:25:00,22,25,4,0,12,6
2025-01-31 22:30:00,22,30,4,0,5,8
2025-01-31 22:35:00,22,35,4,0,5,1
2025-01-31 22:40:00,22,40,4,0,8,6
2025-01-31 22:45:00,22,45,4,0,10,9
2025-01-31 22:50:00,22,50,4,0,8,9
2025-01-31 22:55:00,22,55,4,0,10,0
2025-01-31 23:00:00,23,0,4,0,15,9
2025-01-31 23:05:00,23,5,4,0,6,5
2025-01-31 23:10:00,23,10,4,0,1,6
2025-01-31 23:15:00,23,15,4,0,12,0
2025-01-31 23:20:00,23,20,4,0,15,12
2025-01-31 23:25:00,23,25,4,0,10,7
2025-01-31 23:30:00,23,30,4,0,4,0
2025-01-31 23:35:00,23,35,4,0,8,8
2025-01-31 23:40:00,23,40,4,0,4,8
2025-01-31 23:45:00,23,45,4,0,11,11
2025-01-31 23:50:00,23,50,4,0,3,5
2025-01-31 23:55:00,23,55,4,0,7,6
2025-02-01 00:00:00,0,0,5,1,2,2
2025-02-01 00:05:00,0,5,5,1,6,7
2025-02-01 00:10:00,0,10,5,1,4,1
2025-02-01 00:15:00,0,15,5,1,6,1
2025-02-01 00:20:00,0,20,5,1,6,4
2025-02-01 00:25:00,0,25,5,1,2,0
2025-02-01 00:30:00,0,30,5,1,8,11
2025-02-01 00:35:00,0,35,5,1,5,12
2025-02-01 00:40:00,0,40,5,1,2,2
2025-02-01 00:45:00,0,45,5,1,15,0
2025-02-01 00:50:00,0,50,5,1,8,6
2025-02-01 00:55:00,0,55,5,1,5,2
2025-02-01 01:00:00,1,0,5,1,11,9
2025-02-01 01:05:00,1,5,5,1,13,1
2025-02-01 01:10:00,1,10,5,1,5,6
2025-02-01 01:15:00,1,15,5,1,7,5
2025-02-01 01:20:00,1,20,5,1,2,1
2025-02-01 01:25:00,1,25,5,1,5,5
2025-02-01 01:30:00,1,30,5,1,5,8
2025-02-01 01:35:00,1,35,5,1,6,5
2025-02-01 01:40:00,1,40,5,1,7,5
2025-02-01 01:45:00,1,45,5,1,8,1
2025-02-01 01:50:00,1,50,5,1,7,9
2025-02-01 01:55:00,1,55,5,1,1,8
2025-02-01 02:00:00,2,0,5,1,2,3
2025-02-01 02:05:00,2,5,5,1,3,4
2025-02-01 02:10:00,2,10,5,1,4,10
2025-02-01 02:15:00,2,15,5,1,10,0
2025-02-01 02:20:00,2,20,5,1,1,7
2025-02-01 02:25:00,2,25,5,1,4,2
2025-02-01 02:30:00,2,30,5,1,9,11
2025-02-01 02:35:00,2,35,5,1,4,4
2025-02-01 02:40:00,2,40,5,1,7,9
2025-02-01 02:45:00,2,45,5,1,5,1
2025-02-01 02:50:00,2,50,5,1,7,0
2025-02-01 02:55:00,2,55,5,1,5,3
2025-02-01 03:00:00,3,0,5,1,8,5
2025-02-01 03:05:00,3,5,5,1,0,2
2025-02-01 03:10:00,3,10,5,1,4,7
2025-02-01 03:15:00,3,15,5,1,7,3
2025-02-01 03:20:00,3,20,5,1,8,0
2025-02-01 03:25:00,3,25,5,1,12,7
2025-02-01 03:30:00,3,30,5,1,4,1
2025-02-01 03:35:00,3,35,5,1,12,3
2025-02-01 03:40:00,3,40,5,1,3,11
2025-02-01 03:45:00,3,45,5,1,11,12
2025-02-01 03:50:00,3,50,5,1,9,2
2025-02-01 03:55:00,3,55,5,1,3,7
2025-02-01 04:00:00,4,0,5,1,8,2
2025-02-01 04:05:00,4,5,5,1,6,4
2025-02-01 04:10:00,4,10,5,1,9,2
2025-02-01 04:15:00,4,15,5,1,6,0
2025-02-01 04:20:00,4,20,5,1,6,5
2025-02-01 04:25:00,4,25,5,1,12,6
2025-02-01 04:30:00,4,30,5,1,7,3
2025-02-01 04:35:00,4,35,5,1,11,10
2025-02-01 04:40:00,4,40,5,1,7,4
2025-02-01 04:45:00,4,45,5,1,15,3
2025-02-01 04:50:00,4,50,5,1,6,8
2025-02-01 04:55:00,4,55,5,1,6,0
2025-02-01 05:00:00,5,0,5,1,15,10
2025-02-01 05:05:00,5,5,5,1,8,5
2025-02-01 05:10:00,5,10,5,1,16,11
2025-02-01 05:15:00,5,15,5,1,14,13
2025-02-01 05:20:00,5,20,5,1,10,10
2025-02-01 05:25:00,5,25,5,1,4,5
2025-02-01 05:30:00,5,30,5,1,12,4
2025-02-01 05:35:00,5,35,5,1,13,3
2025-02-01 05:40:00,5,40,5,1,18,14
2025-02-01 05:45:00,5,45,5,1,20,9
2025-02-01 05:50:00,5,50,5,1,11,8
2025-02-01 05:55:00,5,55,5,1,18,10
2025-02-01 06:00:00,6,0,5,1,19,16
2025-02-01 06:05:00,6,5,5,1,21,15
2025-02-01 06:10:00,6,10,5,1,19,14
2025-02-01 06:15:00,6,15,5,1,10,16
2025-02-01 06:20:00,6,20,5,1,18,14
2025-02-01 06:25:00,6,25,5,1,15,15
2025-02-01 06:30:00,6,30,5,1,20,16
2025-02-01 06:35:00,6,35,5,1,25,15
2025-02-01 06:40:00,6,40,5,1,23,19
2025-02-01 06:45:00,6,45,5,1,28,18
2025-02-01 06:50:00,6,50,5,1,25,14
2025-02-01 06:55:00,6,55,5,1,19,20
2025-02-01 07:00:00,7,0,5,1,15,19
2025-02-01 07:05:00,7,5,5,1,27,21
2025-02-01 07:10:00,7,10,5,1,26,19
2025-02-01 07:15:00,7,15,5,1,23,23
2025-02-01 07:20:00,7,20,5,1,21,20
2025-02-01 07:25:00,7,25,5,1,25,23
2025-02-01 07:30:00,7,30,5,1,28,19
2025-02-01 07:35:00,7,35,5,1,32,19
2025-02-01 07:40:00,7,40,5,1,30,24
2025-02-01 07:45:00,7,45,5,1,36,20
2025-02-01 07:50:00,7,50,5,1,26,30
2025-02-01 07:55:00,7,55,5,1,34,24
2025-02-01 08:00:00,8,0,5,1,30,22
2025-02-01 08:05:00,8,5,5,1,33,25
2025-02-01 08:10:00,8,10,5,1,28,20
2025-02-01 08:15:00,8,15,5,1,34,25
2025-02-01 08:20:00,8,20,5,1,31,25
2025-02-01 08:25:00,8,25,5,1,26,26
2025-02-01 08:30:00,8,30,5,1,29,19
2025-02-01 08:35:00,8,35,5,1,27,16
2025-02-01 08:40:00,8,40,5,1,30,18
2025-02-01 08:45:00,8,45,5,1,23,19
2025-02-01 08:50:00,8,50,5,1,26,26
2025-02-01 08:55:00,8,55,5,1,28,28
2025-02-01 09:00:00,9,0,5,1,25,20
2025-02-01 09:05:00,9,5,5,1,30,18
2025-02-01 09:10:00,9,10,5,1,27,16
2025-02-01 09:15:00,9,15,5,1,23,20
2025-02-01 09:20:00,9,20,5,1,23,25
2025-02-01 09:25:00,9,25,5,1,22,23
2025-02-01 09:30:00,9,30,5,1,22,19
2025-02-01 09:35:00,9,35,5,1,12,19
2025-02-01 09:40:00,9,40,5,1,18,17
2025-02-01 09:45:00,9,45,5,1,12,13
2025-02-01 09:50:00,9,50,5,1,22,10
2025-02-01 09:55:00,9,55,5,1,16,12
2025-02-01 10:00:00,10,0,5,1,15,13
2025-02-01 10:05:00,10,5,5,1,19,5
2025-02-01 10:10:00,10,10,5,1,16,10
2025-02-01 10:15:00,10,15,5,1,9,7
2025-02-01 10:20:00,10,20,5,1,13,14
2025-02-01 10:25:00,10,25,5,1,11,7
2025-02-01 10:30:00,10,30,5,1,5,10
2025-02-01 10:35:00,10,35,5,1,9,6
2025-02-01 10:40:00,10,40,5,1,10,14
2025-02-01 10:45:00,10,45,5,1,10,1
2025-02-01 10:50:00,10,50,5,1,4,9
2025-02-01 10:55:00,10,55,5,1,14,2
2025-02-01 11:00:00,11,0,5,1,9,5
2025-02-01 11:05:00,11,5,5,1,9,7
2025-02-01 11:10:00,11,10,5,1,10,8
2025-02-01 11:15:00,11,15,5,1,5,7
2025-02-01 11:20:00,11,20,5,1,10,7
2025-02-01 11:25:00,11,25,5,1,6,4
2025-02-01 11:30:00,11,30,5,1,4,5
2025-02-01 11:35:00,11,35,5,1,10,6
2025-02-01 11:40:00,11,40,5,1,13,7
2025-02-01 11:45:00,11,45,5,1,10,6
2025-02-01 11:50:00,11,50,5,1,11,9
2025-02-01 11:55:00,11,55,5,1,5,6
2025-02-01 12:00:00,12,0,5,1,1,7
2025-02-01 12:05:00,12,5,5,1,13,4
2025-02-01 12:10:00,12,10,5,1,15,2
2025-02-01 12:15:00,12,15,5,1,13,7
2025-02-01 12:20:00,12,20,5,1,6,11
2025-02-01 12:25:00,12,25,5,1,3,8
2025-02-01 12:30:00,12,30,5,1,3,3
2025-02-01 12:35:00,12,35,5,1,1,10
2025-02-01 12:40:00,12,40,5,1,7,6
2025-02-01 12:45:00,12,45,5,1,14,10
2025-02-01 12:50:00,12,50,5,1,8,6
2025-02-01 12:55:00,12,55,5,1,10,9
2025-02-01 13:00:00,13,0,5,1,14,6
2025-02-01 13:05:00,13,5,5,1,7,6
2025-02-01 13:10:00,13,10,5,1,17,2
2025-02-01 13:15:00,13,15,5,1,17,11
2025-02-01 13:20:00,13,20,5,1,9,11
2025-02-01 13:25:00,13,25,5,1,8,12
2025-02-01 13:30:00,13,30,5,1,13,11
2025-02-01 13:35:00,13,35,5,1,9,8
2025-02-01 13:40:00,13,40,5,1,6,15
2025-02-01 13:45:00,13,45,5,1,16,16
2025-02-01 13:50:00,13,50,5,1,16,9
2025-02-01 13:55:00,13,55,5,1,13,15
2025-02-01 14:00:00,14,0,5,1,7,17
2025-02-01 14:05:00,14,5,5,1,8,12
2025-02-01 14:10:00,14,10,5,1,14,13
2025-02-01 14:15:00,14,15,5,1,12,17
2025-02-01 14:20:00,14,20,5,1,13,10
2025-02-01 14:25:00,14,25,5,1,19,12
2025-02-01 14:30:00,14,30,5,1,18,13
2025-02-01 14:35:00,14,35,5,1,21,11
2025-02-01 14:40:00,14,40,5,1,12,23
2025-02-01 14:45:00,14,45,5,1,15,11
2025-02-01 14:50:00,14,50,5,1,20,21
2025-02-01 14:55:00,14,55,5,1,20,24
2025-02-01 15:00:00,15,0,5,1,24,20
2025-02-01 15:05:00,15,5,5,1,21,19
2025-02-01 15:10:00,15,10,5,1,27,24
2025-02-01 15:15:00,15,15,5,1,22,23
2025-02-01 15:20:00,15,20,5,1,25,28
2025-02-01 15:25:00,15,25,5,1,20,14
2025-02-01 15:30:00,15,30,5,1,22,22
2025-02-01 15:35:00,15,35,5,1,26,28
2025-02-01 15:40:00,15,40,5,1,29,27
2025-02-01 15:45:00,15,45,5,1,26,30
2025-02-01 15:50:00,15,50,5,1,23,29
2025-02-01 15:55:00,15,55,5,1,29,28
2025-02-01 16:00:00,16,0,5,1,15,28
2025-02-01 16:05:00,16,5,5,1,19,39
2025-02-01 16:10:00,16,10,5,1,28,36
2025-02-01 16:15:00,16,15,5,1,25,32
2025-02-01 16:20:00,16,20,5,1,28,31
2025-02-01 16:25:00,16,25,5,1,26,33
2025-02-01 16:30:00,16,30,5,1,28,35
2025-02-01 16:35:00,16,35,5,1,23,33
2025-02-01 16:40:00,16,40,5,1,29,29
2025-02-01 16:45:00,16,45,5,1,30,39
2025-02-01 16:50:00,16,50,5,1,31,33
2025-02-01 16:55:00,16,55,5,1,35,40
2025-02-01 17:00:00,17,0,5,1,28,33
2025-02-01 17:05:00,17,5,5,1,28,31
2025-02-01 17:10:00,17,10,5,1,20,38
2025-02-01 17:15:00,17,15,5,1,24,33
2025-02-01 17:20:00,17,20,5,1,26,32
2025-02-01 17:25:00,17,25,5,1,30,27
2025-02-01 17:30:00,17,30,5,1,24,34
2025-02-01 17:35:00,17,35,5,1,29,29
2025-02-01 17:40:00,17,40,5,1,25,29
2025-02-01 17:45:00,17,45,5,1,24,28
2025-02-01 17:50:00,17,50,5,1,26,32
2025-02-01 17:55:00,17,55,5,1,23,23
2025-02-01 18:00:00,18,0,5,1,22,28
2025-02-01 18:05:00,18,5,5,1,17,32
2025-02-01 18:10:00,18,10,5,1,22,23
2025-02-01 18:15:00,18,15,5,1,21,28
2025-02-01 18:20:00,18,20,5,1,20,24
2025-02-01 18:25:00,18,25,5,1,24,24
2025-02-01 18:30:00,18,30,5,1,24,32
2025-02-01 18:35:00,18,35,5,1,22,18
2025-02-01 18:40:00,18,40,5,1,24,27
2025-02-01 18:45:00,18,45,5,1,22,21
2025-02-01 18:50:00,18,50,5,1,18,20
2025-02-01 18:55:00,18,55,5,1,17,17
2025-02-01 19:00:00,19,0,5,1,20,24
2025-02-01 19:05:00,19,5,5,1,20,20
2025-02-01 19:10:00,19,10,5,1,23,19
2025-02-01 19:15:00,19,15,5,1,22,20
2025-02-01 19:20:00,19,20,5,1,14,18
2025-02-01 19:25:00,19,25,5,1,15,10
2025-02-01 19:30:00,19,30,5,1,18,15
2025-02-01 19:35:00,19,35,5,1,19,20
2025-02-01 19:40:00,19,40,5,1,18,10
2025-02-01 19:45:00,19,45,5,1,14,11
2025-02-01 19:50:00,19,50,5,1,8,13
2025-02-01 19:55:00,19,55,5,1,9,11
2025-02-01 20:00:00,20,0,5,1,14,13
2025-02-01 20:05:00,20,5,5,1,13,8
2025-02-01 20:10:00,20,10,5,1,7,11
2025-02-01 20:15:00,20,15,5,1,11,11
2025-02-01 20:20:00,20,20,5,1,13,14
2025-02-01 20:25:00,20,25,5,1,6,16
2025-02-01 20:30:00,20,30,5,1,15,9
2025-02-01 20:35:00,20,35,5,1,8,17
2025-02-01 20:40:00,20,40,5,1,15,9
2025-02-01 20:45:00,20,45,5,1,7,12
2025-02-01 20:50:00,20,50,5,1,5,16
2025-02-01 20:55:00,20,55,5,1,7,9
2025-02-01 21:00:00,21,0,5,1,8,2
2025-02-01 21:05:00,21,5,5,1,7,8
2025-02-01 21:10:00,21,10,5,1,7,5
2025-02-01 21:15:00,21,15,5,1,9,6
2025-02-01 21:20:00,21,20,5,1,7,15
2025-02-01 21:25:00,21,25,5,1,7,2
2025-02-01 21:30:00,21,30,5,1,0,8
2025-02-01 21:35:00,21,35,5,1,9,3
2025-02-01 21:40:00,21,40,5,1,7,5
2025-02-01 21:45:00,21,45,5,1,13,9
2025-02-01 21:50:00,21,50,5,1,3,7
2025-02-01 21:55:00,21,55,5,1,0,5
2025-02-01 22:00:00,22,0,5,1,9,3
2025-02-01 22:05:00,22,5,5,1,8,7
2025-02-01 22:10:00,22,10,5,1,2,12
2025-02-01 22:15:00,22,15,5,1,0,1
2025-02-01 22:20:00,22,20,5,1,12,13
2025-02-01 22:25:00,22,25,5,1,12,10
2025-02-01 22:30:00,22,30,5,1,0,10
2025-02-01 22:35:00,22,35,5,1,4,6
2025-02-01 22:40:00,22,40,5,1,13,9
2025-02-01 22:45:00,22,45,5,1,4,1
2025-02-01 22:50:00,22,50,5,1,4,2
2025-02-01 22:55:00,22,55,5,1,5,8
2025-02-01 23:00:00,23,0,5,1,1,6
2025-02-01 23:05:00,23,5,5,1,0,4
2025-02-01 23:10:00,23,10,5,1,10,0
2025-02-01 23:15:00,23,15,5,1,0,3
2025-02-01 23:20:00,23,20,5,1,7,0
2025-02-01 23:25:00,23,25,5,1,9,6
2025-02-01 23:30:00,23,30,5,1,0,4
2025-02-01 23:35:00,23,35,5,1,2,2
2025-02-01 23:40:00,23,40,5,1,11,15
2025-02-01 23:45:00,23,45,5,1,8,8
2025-02-01 23:50:00,23,50,5,1,3,9
2025-02-01 23:55:00,23,55,5,1,10,13
2025-02-02 00:00:00,0,0,6,1,10,7
2025-02-02 00:05:00,0,5,6,1,7,1
2025-02-02 00:10:00,0,10,6,1,2,1
2025-02-02 00:15:00,0,15,6,1,4,8
2025-02-02 00:20:00,0,20,6,1,7,0
2025-02-02 00:25:00,0,25,6,1,5,4
2025-02-02 00:30:00,0,30,6,1,9,0
2025-02-02 00:35:00,0,35,6,1,0,5
2025-02-02 00:40:00,0,40,6,1,0,8
2025-02-02 00:45:00,0,45,6,1,6,5
2025-02-02 00:50:00,0,50,6,1,4,8
2025-02-02 00:55:00,0,55,6,1,3,12
2025-02-02 01:00:00,1,0,6,1,0,4
2025-02-02 01:05:00,1,5,6,1,6,15
2025-02-02 01:10:00,1,10,6,1,5,5
2025-02-02 01:15:00,1,15,6,1,8,8
2025-02-02 01:20:00,1,20,6,1,6,2
2025-02-02 01:25:00,1,25,6,1,5,11
2025-02-02 01:30:00,1,30,6,1,10,8
2025-02-02 01:35:00,1,35,6,1,0,10
2025-02-02 01:40:00,1,40,6,1,8,4
2025-02-02 01:45:00,1,45,6,1,0,0
2025-02-02 01:50:00,1,50,6,1,2,6
2025-02-02 01:55:00,1,55,6,1,1,0
2025-02-02 02:00:00,2,0,6,1,9,3
2025-02-02 02:05:00,2,5,6,1,5,5
2025-02-02 02:10:00,2,10,6,1,6,14
2025-02-02 02:15:00,2,15,6,1,1,5
2025-02-02 02:20:00,2,20,6,1,4,5
2025-02-02 02:25:00,2,25,6,1,3,4
2025-02-02 02:30:00,2,30,6,1,7,0
2025-02-02 02:35:00,2,35,6,1,2,5
2025-02-02 02:40:00,2,40,6,1,11,5
2025-02-02 02:45:00,2,45,6,1,0,0
2025-02-02 02:50:00,2,50,6,1,2,0
2025-02-02 02:55:00,2,55,6,1,12,2
2025-02-02 03:00:00,3,0,6,1,4,5
2025-02-02 03:05:00,3,5,6,1,0,2
2025-02-02 03:10:00,3,10,6,1,7,0
2025-02-02 03:15:00,3,15,6,1,4,5
2025-02-02 03:20:00,3,20,6,1,2,6
2025-02-02 03:25:00,3,25,6,1,1,5
2025-02-02 03:30:00,3,30,6,1,17,2
2025-02-02 03:35:00,3,35,6,1,5,7
2025-02-02 03:40:00,3,40,6,1,0,4
2025-02-02 03:45:00,3,45,6,1,12,0
2025-02-02 03:50:00,3,50,6,1,9,9
2025-02-02 03:55:00,3,55,6,1,3,6
2025-02-02 04:00:00,4,0,6,1,3,4
2025-02-02 04:05:00,4,5,6,1,9,0
2025-02-02 04:10:00,4,10,6,1,6,2
2025-02-02 04:15:00,4,15,6,1,0,13
2025-02-02 04:20:00,4,20,6,1,14,0
2025-02-02 04:25:00,4,25,6,1,5,4
2025-02-02 04:30:00,4,30,6,1,13,5
2025-02-02 04:35:00,4,35,6,1,13,7
2025-02-02 04:40:00,4,40,6,1,4,0
2025-02-02 04:45:00,4,45,6,1,12,7
2025-02-02 04:50:00,4,50,6,1,6,0
2025-02-02 04:55:00,4,55,6,1,1,7
2025-02-02 05:00:00,5,0,6,1,7,4
2025-02-02 05:05:00,5,5,6,1,11,3
2025-02-02 05:10:00,5,10,6,1,8,10
2025-02-02 05:15:00,5,15,6,1,9,7
2025-02-02 05:20:00,5,20,6,1,15,10
2025-02-02 05:25:00,5,25,6,1,12,10
2025-02-02 05:30:00,5,30,6,1,8,14
2025-02-02 05:35:00,5,35,6,1,15,4
2025-02-02 05:40:00,5,40,6,1,14,13
2025-02-02 05:45:00,5,45,6,1,3,10
2025-02-02 05:50:00,5,50,6,1,16,9
2025-02-02 05:55:00,5,55,6,1,17,6
2025-02-02 06:00:00,6,0,6,1,16,14
2025-02-02 06:05:00,6,5,6,1,20,8
2025-02-02 06:10:00,6,10,6,1,15,15
2025-02-02 06:15:00,6,15,6,1,19,21
2025-02-02 06:20:00,6,20,6,1,13,18
2025-02-02 06:25:00,6,25,6,1,21,20
2025-02-02 06:30:00,6,30,6,1,28,12
2025-02-02 06:35:00,6,35,6,1,17,18
2025-02-02 06:40:00,6,40,6,1,19,11
2025-02-02 06:45:00,6,45,6,1,20,16
2025-02-02 06:50:00,6,50,6,1,24,24
2025-02-02 06:55:00,6,55,6,1,20,15
2025-02-02 07:00:00,7,0,6,1,27,23
2025-02-02 07:05:00,7,5,6,1,29,23
2025-02-02 07:10:00,7,10,6,1,29,23
2025-02-02 07:15:00,7,15,6,1,20,15
2025-02-02 07:20:00,7,20,6,1,32,22
2025-02-02 07:25:00,7,25,6,1,32,20
2025-02-02 07:30:00,7,30,6,1,32,25
2025-02-02 07:35:00,7,35,6,1,31,14
2025-02-02 07:40:00,7,40,6,1,30,23
2025-02-02 07:45:00,7,45,6,1,34,22
2025-02-02 07:50:00,7,50,6,1,38,14
2025-02-02 07:55:00,7,55,6,1,26,18
2025-02-02 08:00:00,8,0,6,1,34,14
2025-02-02 08:05:00,8,5,6,1,30,19
2025-02-02 08:10:00,8,10,6,1,29,24
2025-02-02 08:15:00,8,15,6,1,24,22
2025-02-02 08:20:00,8,20,6,1,28,22
2025-02-02 08:25:00,8,25,6,1,25,17
2025-02-02 08:30:00,8,30,6,1,27,25
2025-02-02 08:35:00,8,35,6,1,24,20
2025-02-02 08:40:00,8,40,6,1,26,20
2025-02-02 08:45:00,8,45,6,1,26,23
2025-02-02 08:50:00,8,50,6,1,27,15
2025-02-02 08:55:00,8,55,6,1,19,20
2025-02-02 09:00:00,9,0,6,1,19,20
2025-02-02 09:05:00,9,5,6,1,26,16
2025-02-02 09:10:00,9,10,6,1,21,20
2025-02-02 09:15:00,9,15,6,1,27,18
2025-02-02 09:20:00,9,20,6,1,23,16
2025-02-02 09:25:00,9,25,6,1,24,15
2025-02-02 09:30:00,9,30,6,1,26,17
2025-02-02 09:35:00,9,35,6,1,18,17
2025-02-02 09:40:00,9,40,6,1,17,14
2025-02-02 09:45:00,9,45,6,1,22,18
2025-02-02 09:50:00,9,50,6,1,19,15
2025-02-02 09:55:00,9,55,6,1,16,5
2025-02-02 10:00:00,10,0,6,1,21,6
2025-02-02 10:05:00,10,5,6,1,14,16
2025-02-02 10:10:00,10,10,6,1,14,9
2025-02-02 10:15:00,10,15,6,1,14,11
2025-02-02 10:20:00,10,20,6,1,9,14
2025-02-02 10:25:00,10,25,6,1,13,9
2025-02-02 10:30:00,10,30,6,1,17,9
2025-02-02 10:35:00,10,35,6,1,13,5
2025-02-02 10:40:00,10,40,6,1,11,9
2025-02-02 10:45:00,10,45,6,1,10,10
2025-02-02 10:50:00,10,50,6,1,11,5
2025-02-02 10:55:00,10,55,6,1,13,3
2025-02-02 11:00:00,11,0,6,1,12,17
2025-02-02 11:05:00,11,5,6,1,7,6
2025-02-02 11:10:00,11,10,6,1,10,4
2025-02-02 11:15:00,11,15,6,1,10,9
2025-02-02 11:20:00,11,20,6,1,4,6
2025-02-02 11:25:00,11,25,6,1,9,2
2025-02-02 11:30:00,11,30,6,1,0,8
2025-02-02 11:35:00,11,35,6,1,9,3
2025-02-02 11:40:00,11,40,6,1,10,12
2025-02-02 11:45:00,11,45,6,1,10,8
2025-02-02 11:50:00,11,50,6,1,6,5
2025-02-02 11:55:00,11,55,6,1,8,6
2025-02-02 12:00:00,12,0,6,1,13,10
2025-02-02 12:05:00,12,5,6,1,13,7
2025-02-02 12:10:00,12,10,6,1,7,15
2025-02-02 12:15:00,12,15,6,1,8,11
2025-02-02 12:20:00,12,20,6,1,12,8
2025-02-02 12:25:00,12,25,6,1,1,3
2025-02-02 12:30:00,12,30,6,1,6,6
2025-02-02 12:35:00,12,35,6,1,13,9
2025-02-02 12:40:00,12,40,6,1,12,4
2025-02-02 12:45:00,12,45,6,1,9,12
2025-02-02 12:50:00,12,50,6,1,2,4
2025-02-02 12:55:00,12,55,6,1,8,5
2025-02-02 13:00:00,13,0,6,1,6,6
2025-02-02 13:05:00,13,5,6,1,10,11
2025-02-02 13:10:00,13,10,6,1,6,5
2025-02-02 13:15:00,13,15,6,1,5,2
2025-02-02 13:20:00,13,20,6,1,1,14
2025-02-02 13:25:00,13,25,6,1,15,8
2025-02-02 13:30:00,13,30,6,1,9,6
2025-02-02 13:35:00,13,35,6,1,11,8
2025-02-02 13:40:00,13,40,6,1,11,18
2025-02-02 13:45:00,13,45,6,1,7,9
2025-02-02 13:50:00,13,50,6,1,7,12
2025-02-02 13:55:00,13,55,6,1,8,11
2025-02-02 14:00:00,14,0,6,1,10,8
2025-02-02 14:05:00,14,5,6,1,14,11
2025-02-02 14:10:00,14,10,6,1,10,9
2025-02-02 14:15:00,14,15,6,1,21,19
2025-02-02 14:20:00,14,20,6,1,18,16
2025-02-02 14:25:00,14,25,6,1,18,26
2025-02-02 14:30:00,14,30,6,1,15,14
2025-02-02 14:35:00,14,35,6,1,22,14
2025-02-02 14:40:00,14,40,6,1,15,25
2025-02-02 14:45:00,14,45,6,1,17,23
2025-02-02 14:50:00,14,50,6,1,18,21
2025-02-02 14:55:00,14,55,6,1,21,16
2025-02-02 15:00:00,15,0,6,1,21,28
2025-02-02 15:05:00,15,5,6,1,17,22
2025-02-02 15:10:00,15,10,6,1,17,21
2025-02-02 15:15:00,15,15,6,1,22,28
2025-02-02 15:20:00,15,20,6,1,23,24
2025-02-02 15:25:00,15,25,6,1,19,20
2025-02-02 15:30:00,15,30,6,1,15,25
2025-02-02 15:35:00,15,35,6,1,21,23
2025-02-02 15:40:00,15,40,6,1,25,15
2025-02-02 15:45:00,15,45,6,1,30,24
2025-02-02 15:50:00,15,50,6,1,19,26
2025-02-02 15:55:00,15,55,6,1,22,24
2025-02-02 16:00:00,16,0,6,1,23,31
2025-02-02 16:05:00,16,5,6,1,30,26
2025-02-02 16:10:00,16,10,6,1,25,32
2025-02-02 16:15:00,16,15,6,1,22,25
2025-02-02 16:20:00,16,20,6,1,28,34
2025-02-02 16:25:00,16,25,6,1,24,26
2025-02-02 16:30:00,16,30,6,1,21,22
2025-02-02 16:35:00,16,35,6,1,23,37
2025-02-02 16:40:00,16,40,6,1,33,28
2025-02-02 16:45:00,16,45,6,1,28,39
2025-02-02 16:50:00,16,50,6,1,27,34
2025-02-02 16:55:00,16,55,6,1,26,35
2025-02-02 17:00:00,17,0,6,1,28,36
2025-02-02 17:05:00,17,5,6,1,28,33
2025-02-02 17:10:00,17,10,6,1,28,33
2025-02-02 17:15:00,17,15,6,1,27,37
2025-02-02 17:20:00,17,20,6,1,30,32
2025-02-02 17:25:00,17,25,6,1,26,29
2025-02-02 17:30:00,17,30,6,1,22,34
2025-02-02 17:35:00,17,35,6,1,23,23
2025-02-02 17:40:00,17,40,6,1,18,36
2025-02-02 17:45:00,17,45,6,1,33,36
2025-02-02 17:50:00,17,50,6,1,28,35
2025-02-02 17:55:00,17,55,6,1,21,34
2025-02-02 18:00:00,18,0,6,1,23,29
2025-02-02 18:05:00,18,5,6,1,21,28
2025-02-02 18:10:00,18,10,6,1,29,23
2025-02-02 18:15:00,18,15,6,1,17,34
2025-02-02 18:20:00,18,20,6,1,23,25
2025-02-02 18:25:00,18,25,6,1,22,27
2025-02-02 18:30:00,18,30,6,1,25,26
2025-02-02 18:35:00,18,35,6,1,21,19
2025-02-02 18:40:00,18,40,6,1,13,17
2025-02-02 18:45:00,18,45,6,1,19,23
2025-02-02 18:50:00,18,50,6,1,16,21
2025-02-02 18:55:00,18,55,6,1,19,22
2025-02-02 19:00:00,19,0,6,1,24,25
2025-02-02 19:05:00,19,5,6,1,11,21
2025-02-02 19:10:00,19,10,6,1,14,23
2025-02-02 19:15:00,19,15,6,1,15,21
2025-02-02 19:20:00,19,20,6,1,15,17
2025-02-02 19:25:00,19,25,6,1,19,14
2025-02-02 19:30:00,19,30,6,1,15,18
2025-02-02 19:35:00,19,35,6,1,16,17
2025-02-02 19:40:00,19,40,6,1,12,19
2025-02-02 19:45:00,19,45,6,1,15,14
2025-02-02 19:50:00,19,50,6,1,16,13
2025-02-02 19:55:00,19,55,6,1,10,13
2025-02-02 20:00:00,20,0,6,1,16,10
2025-02-02 20:05:00,20,5,6,1,12,19
2025-02-02 20:10:00,20,10,6,1,16,17
2025-02-02 20:15:00,20,15,6,1,10,7
2025-02-02 20:20:00,20,20,6,1,12,14
2025-02-02 20:25:00,20,25,6,1,10,3
2025-02-02 20:30:00,20,30,6,1,10,14
2025-02-02 20:35:00,20,35,6,1,11,7
2025-02-02 20:40:00,20,40,6,1,12,11
2025-02-02 20:45:00,20,45,6,1,4,1
2025-02-02 20:50:00,20,50,6,1,15,4
2025-02-02 20:55:00,20,55,6,1,1,10
2025-02-02 21:00:00,21,0,6,1,6,5
2025-02-02 21:05:00,21,5,6,1,8,4
2025-02-02 21:10:00,21,10,6,1,10,13
2025-02-02 21:15:00,21,15,6,1,14,16
2025-02-02 21:20:00,21,20,6,1,0,11
2025-02-02 21:25:00,21,25,6,1,5,2
2025-02-02 21:30:00,21,30,6,1,0,13
2025-02-02 21:35:00,21,35,6,1,7,0
2025-02-02 21:40:00,21,40,6,1,8,5
2025-02-02 21:45:00,21,45,6,1,13,6
2025-02-02 21:50:00,21,50,6,1,7,13
2025-02-02 21:55:00,21,55,6,1,11,9
2025-02-02 22:00:00,22,0,6,1,9,4
2025-02-02 22:05:00,22,5,6,1,5,2
2025-02-02 22:10:00,22,10,6,1,1,9
2025-02-02 22:15:00,22,15,6,1,7,3
2025-02-02 22:20:00,22,20,6,1,0,6
2025-02-02 22:25:00,22,25,6,1,11,0
2025-02-02 22:30:00,22,30,6,1,5,7
2025-02-02 22:35:00,22,35,6,1,11,7
2025-02-02 22:40:00,22,40,6,1,4,0
2025-02-02 22:45:00,22,45,6,1,7,9
2025-02-02 22:50:00,22,50,6,1,7,7
2025-02-02 22:55:00,22,55,6,1,6,8
2025-02-02 23:00:00,23,0,6,1,4,3
2025-02-02 23:05:00,23,5,6,1,7,5
2025-02-02 23:10:00,23,10,6,1,2,5
2025-02-02 23:15:00,23,15,6,1,1,4
2025-02-02 23:20:00,23,20,6,1,11,5
2025-02-02 23:25:00,23,25,6,1,9,9
2025-02-02 23:30:00,23,30,6,1,6,9
2025-02-02 23:35:00,23,35,6,1,12,0
2025-02-02 23:40:00,23,40,6,1,5,8
2025-02-02 23:45:00,23,45,6,1,11,9
2025-02-02 23:50:00,23,50,6,1,6,4
2025-02-02 23:55:00,23,55,6,1,2,6
2025-02-03 00:00:00,0,0,0,0,15,8
2025-02-03 00:05:00,0,5,0,0,12,3
2025-02-03 00:10:00,0,10,0,0,8,4
2025-02-03 00:15:00,0,15,0,0,11,9
2025-02-03 00:20:00,0,20,0,0,6,4
2025-02-03 00:25:00,0,25,0,0,11,10
2025-02-03 00:30:00,0,30,0,0,0,11
2025-02-03 00:35:00,0,35,0,0,4,11
2025-02-03 00:40:00,0,40,0,0,12,14
2025-02-03 00:45:00,0,45,0,0,7,6
2025-02-03 00:50:00,0,50,0,0,9,7
2025-02-03 00:55:00,0,55,0,0,3,7
2025-02-03 01:00:00,1,0,0,0,15,6
2025-02-03 01:05:00,1,5,0,0,13,8
2025-02-03 01:10:00,1,10,0,0,7,0
2025-02-03 01:15:00,1,15,0,0,6,7
2025-02-03 01:20:00,1,20,0,0,12,0
2025-02-03 01:25:00,1,25,0,0,16,2
2025-02-03 01:30:00,1,30,0,0,12,9
2025-02-03 01:35:00,1,35,0,0,17,5
2025-02-03 01:40:00,1,40,0,0,4,9
2025-02-03 01:45:00,1,45,0,0,5,5
2025-02-03 01:50:00,1,50,0,0,3,10
2025-02-03 01:55:00,1,55,0,0,10,5
2025-02-03 02:00:00,2,0,0,0,9,0
2025-02-03 02:05:00,2,5,0,0,7,7
2025-02-03 02:10:00,2,10,0,0,11,0
2025-02-03 02:15:00,2,15,0,0,13,0
2025-02-03 02:20:00,2,20,0,0,2,2
2025-02-03 02:25:00,2,25,0,0,6,2
2025-02-03 02:30:00,2,30,0,0,11,4
2025-02-03 02:35:00,2,35,0,0,6,2
2025-02-03 02:40:00,2,40,0,0,5,0
2025-02-03 02:45:00,2,45,0,0,12,12
2025-02-03 02:50:00,2,50,0,0,3,3
2025-02-03 02:55:00,2,55,0,0,7,0
2025-02-03 03:00:00,3,0,0,0,9,5
2025-02-03 03:05:00,3,5,0,0,6,2
2025-02-03 03:10:00,3,10,0,0,11,3
2025-02-03 03:15:00,3,15,0,0,6,9
2025-02-03 03:20:00,3,20,0,0,14,4
2025-02-03 03:25:00,3,25,0,0,8,2
2025-02-03 03:30:00,3,30,0,0,11,8
2025-02-03 03:35:00,3,35,0,0,11,11
2025-02-03 03:40:00,3,40,0,0,6,9
2025-02-03 03:45:00,3,45,0,0,0,0
2025-02-03 03:50:00,3,50,0,0,10,2
2025-02-03 03:55:00,3,55,0,0,9,7
2025-02-03 04:00:00,4,0,0,0,11,6
2025-02-03 04:05:00,4,5,0,0,8,6
2025-02-03 04:10:00,4,10,0,0,8,3
2025-02-03 04:15:00,4,15,0,0,18,1
2025-02-03 04:20:00,4,20,0,0,4,15
2025-02-03 04:25:00,4,25,0,0,13,8
2025-02-03 04:30:00,4,30,0,0,8,10
2025-02-03 04:35:00,4,35,0,0,9,8
2025-02-03 04:40:00,4,40,0,0,10,8
2025-02-03 04:45:00,4,45,0,0,8,8
2025-02-03 04:50:00,4,50,0,0,14,4
2025-02-03 04:55:00,4,55,0,0,18,3
2025-02-03 05:00:00,5,0,0,0,15,11
2025-02-03 05:05:00,5,5,0,0,14,11
2025-02-03 05:10:00,5,10,0,0,10,14
2025-02-03 05:15:00,5,15,0,0,17,14
2025-02-03 05:20:00,5,20,0,0,24,8
2025-02-03 05:25:00,5,25,0,0,14,16
2025-02-03 05:30:00,5,30,0,0,15,15
2025-02-03 05:35:00,5,35,0,0,15,16
2025-02-03 05:40:00,5,40,0,0,16,22
2025-02-03 05:45:00,5,45,0,0,8,22
2025-02-03 05:50:00,5,50,0,0,22,18
2025-02-03 05:55:00,5,55,0,0,18,18
2025-02-03 06:00:00,6,0,0,0,16,21
2025-02-03 06:05:00,6,5,0,0,26,15
2025-02-03 06:10:00,6,10,0,0,20,16
2025-02-03 06:15:00,6,15,0,0,24,21
2025-02-03 06:20:00,6,20,0,0,33,16
2025-02-03 06:25:00,6,25,0,0,22,23
2025-02-03 06:30:00,6,30,0,0,23,22
2025-02-03 06:35:00,6,35,0,0,31,19
2025-02-03 06:40:00,6,40,0,0,36,23
2025-02-03 06:45:00,6,45,0,0,26,29
2025-02-03 06:50:00,6,50,0,0,35,25
2025-02-03 06:55:00,6,55,0,0,37,26
2025-02-03 07:00:00,7,0,0,0,28,27
2025-02-03 07:05:00,7,5,0,0,40,29
2025-02-03 07:10:00,7,10,0,0,42,26
2025-02-03 07:15:00,7,15,0,0,38,29
2025-02-03 07:20:00,7,20,0,0,45,24
2025-02-03 07:25:00,7,25,0,0,45,26
2025-02-03 07:30:00,7,30,0,0,42,27
2025-02-03 07:35:00,7,35,0,0,40,32
2025-02-03 07:40:00,7,40,0,0,38,31
2025-02-03 07:45:00,7,45,0,0,42,30
2025-02-03 07:50:00,7,50,0,0,45,34
2025-02-03 07:55:00,7,55,0,0,42,32
2025-02-03 08:00:00,8,0,0,0,34,30
2025-02-03 08:05:00,8,5,0,0,48,27
2025-02-03 08:10:00,8,10,0,0,44,28
2025-02-03 08:15:00,8,15,0,0,41,25
2025-02-03 08:20:00,8,20,0,0,46,31
2025-02-03 08:25:00,8,25,0,0,48,27
2025-02-03 08:30:00,8,30,0,0,30,28
2025-02-03 08:35:00,8,35,0,0,42,29
2025-02-03 08:40:00,8,40,0,0,34,33
2025-02-03 08:45:00,8,45,0,0,41,32
2025-02-03 08:50:00,8,50,0,0,39,27
2025-02-03 08:55:00,8,55,0,0,40,32
2025-02-03 09:00:00,9,0,0,0,34,18
2025-02-03 09:05:00,9,5,0,0,27,33
2025-02-03 09:10:00,9,10,0,0,32,27
2025-02-03 09:15:00,9,15,0,0,34,24
2025-02-03 09:20:00,9,20,0,0,36,19
2025-02-03 09:25:00,9,25,0,0,26,20
2025-02-03 09:30:00,9,30,0,0,33,24
2025-02-03 09:35:00,9,35,0,0,25,23
2025-02-03 09:40:00,9,40,0,0,28,22
2025-02-03 09:45:00,9,45,0,0,24,16
2025-02-03 09:50:00,9,50,0,0,25,14
2025-02-03 09:55:00,9,55,0,0,27,18
2025-02-03 10:00:00,10,0,0,0,18,19
2025-02-03 10:05:00,10,5,0,0,19,16
2025-02-03 10:10:00,10,10,0,0,21,21
2025-02-03 10:15:00,10,15,0,0,29,14
2025-02-03 10:20:00,10,20,0,0,15,14
2025-02-03 10:25:00,10,25,0,0,26,16
2025-02-03 10:30:00,10,30,0,0,25,17
2025-02-03 10:35:00,10,35,0,0,16,7
2025-02-03 10:40:00,10,40,0,0,14,7
2025-02-03 10:45:00,10,45,0,0,12,10
2025-02-03 10:50:00,10,50,0,0,14,23
2025-02-03 10:55:00,10,55,0,0,8,9
2025-02-03 11:00:00,11,0,0,0,13,9
2025-02-03 11:05:00,11,5,0,0,19,12
2025-02-03 11:10:00,11,10,0,0,10,13
2025-02-03 11:15:00,11,15,0,0,11,10
2025-02-03 11:20:00,11,20,0,0,5,13
2025-02-03 11:25:00,11,25,0,0,13,4
2025-02-03 11:30:00,11,30,0,0,12,5
2025-02-03 11:35:00,11,35,0,0,11,13
2025-02-03 11:40:00,11,40,0,0,10,8
2025-02-03 11:45:00,11,45,0,0,9,3
2025-02-03 11:50:00,11,50,0,0,12,3
2025-02-03 11:55:00,11,55,0,0,10,5
2025-02-03 12:00:00,12,0,0,0,12,8
2025-02-03 12:05:00,12,5,0,0,11,10
2025-02-03 12:10:00,12,10,0,0,15,7
2025-02-03 12:15:00,12,15,0,0,13,10
2025-02-03 12:20:00,12,20,0,0,11,7
2025-02-03 12:25:00,12,25,0,0,17,14
2025-02-03 12:30:00,12,30,0,0,12,20
2025-02-03 12:35:00,12,35,0,0,16,8
2025-02-03 12:40:00,12,40,0,0,14,12
2025-02-03 12:45:00,12,45,0,0,4,12
2025-02-03 12:50:00,12,50,0,0,17,11
2025-02-03 12:55:00,12,55,0,0,12,14
2025-02-03 13:00:00,13,0,0,0,12,13
2025-02-03 13:05:00,13,5,0,0,14,10
2025-02-03 13:10:00,13,10,0,0,11,18
2025-02-03 13:15:00,13,15,0,0,14,14
2025-02-03 13:20:00,13,20,0,0,11,12
2025-02-03 13:25:00,13,25,0,0,19,24
2025-02-03 13:30:00,13,30,0,0,14,14
2025-02-03 13:35:00,13,35,0,0,13,16
2025-02-03 13:40:00,13,40,0,0,12,17
2025-02-03 13:45:00,13,45,0,0,17,16
2025-02-03 13:50:00,13,50,0,0,17,19
2025-02-03 13:55:00,13,55,0,0,19,15
2025-02-03 14:00:00,14,0,0,0,14,21
2025-02-03 14:05:00,14,5,0,0,12,13
2025-02-03 14:10:00,14,10,0,0,22,15
2025-02-03 14:15:00,14,15,0,0,26,29
2025-02-03 14:20:00,14,20,0,0,16,17
2025-02-03 14:25:00,14,25,0,0,27,16
2025-02-03 14:30:00,14,30,0,0,23,19
2025-02-03 14:35:00,14,35,0,0,22,32
2025-02-03 14:40:00,14,40,0,0,22,19
2025-02-03 14:45:00,14,45,0,0,18,23
2025-02-03 14:50:00,14,50,0,0,29,22
2025-02-03 14:55:00,14,55,0,0,22,28
2025-02-03 15:00:00,15,0,0,0,23,29
2025-02-03 15:05:00,15,5,0,0,31,29
2025-02-03 15:10:00,15,10,0,0,20,40
2025-02-03 15:15:00,15,15,0,0,22,28
2025-02-03 15:20:00,15,20,0,0,29,34
2025-02-03 15:25:00,15,25,0,0,31,37
2025-02-03 15:30:00,15,30,0,0,33,32
2025-02-03 15:35:00,15,35,0,0,30,39
2025-02-03 15:40:00,15,40,0,0,42,36
2025-02-03 15:45:00,15,45,0,0,32,40
2025-02-03 15:50:00,15,50,0,0,32,39
2025-02-03 15:55:00,15,55,0,0,31,32
2025-02-03 16:00:00,16,0,0,0,35,47
2025-02-03 16:05:00,16,5,0,0,37,50
2025-02-03 16:10:00,16,10,0,0,40,42
2025-02-03 16:15:00,16,15,0,0,30,40
2025-02-03 16:20:00,16,20,0,0,35,50
2025-02-03 16:25:00,16,25,0,0,39,52
2025-02-03 16:30:00,16,30,0,0,39,44
2025-02-03 16:35:00,16,35,0,0,37,44
2025-02-03 16:40:00,16,40,0,0,40,45
2025-02-03 16:45:00,16,45,0,0,35,39
2025-02-03 16:50:00,16,50,0,0,44,45
2025-02-03 16:55:00,16,55,0,0,42,53
2025-02-03 17:00:00,17,0,0,0,33,45
2025-02-03 17:05:00,17,5,0,0,34,42
2025-02-03 17:10:00,17,10,0,0,34,48
2025-02-03 17:15:00,17,15,0,0,40,43
2025-02-03 17:20:00,17,20,0,0,32,45
2025-02-03 17:25:00,17,25,0,0,36,40
2025-02-03 17:30:00,17,30,0,0,39,41
2025-02-03 17:35:00,17,35,0,0,36,47
2025-02-03 17:40:00,17,40,0,0,37,44
2025-02-03 17:45:00,17,45,0,0,32,40
2025-02-03 17:50:00,17,50,0,0,38,43
2025-02-03 17:55:00,17,55,0,0,33,40
2025-02-03 18:00:00,18,0,0,0,33,38
2025-02-03 18:05:00,18,5,0,0,35,45
2025-02-03 18:10:00,18,10,0,0,34,43
2025-02-03 18:15:00,18,15,0,0,33,39
2025-02-03 18:20:00,18,20,0,0,29,39
2025-02-03 18:25:00,18,25,0,0,30,37
2025-02-03 18:30:00,18,30,0,0,31,38
2025-02-03 18:35:00,18,35,0,0,24,32
2025-02-03 18:40:00,18,40,0,0,27,38
2025-02-03 18:45:00,18,45,0,0,30,35
2025-02-03 18:50:00,18,50,0,0,23,31
2025-02-03 18:55:00,18,55,0,0,32,29
2025-02-03 19:00:00,19,0,0,0,31,34
2025-02-03 19:05:00,19,5,0,0,20,29
2025-02-03 19:10:00,19,10,0,0,30,25
2025-02-03 19:15:00,19,15,0,0,23,26
2025-02-03 19:20:00,19,20,0,0,25,29
2025-02-03 19:25:00,19,25,0,0,20,19
2025-02-03 19:30:00,19,30,0,0,25,23
2025-02-03 19:35:00,19,35,0,0,23,28
2025-02-03 19:40:00,19,40,0,0,17,22
2025-02-03 19:45:00,19,45,0,0,15,23
2025-02-03 19:50:00,19,50,0,0,13,25
2025-02-03 19:55:00,19,55,0,0,19,23
2025-02-03 20:00:00,20,0,0,0,20,17
2025-02-03 20:05:00,20,5,0,0,20,18
2025-02-03 20:10:00,20,10,0,0,16,21
2025-02-03 20:15:00,20,15,0,0,11,20
2025-02-03 20:20:00,20,20,0,0,13,16
2025-02-03 20:25:00,20,25,0,0,20,15
2025-02-03 20:30:00,20,30,0,0,13,16
2025-02-03 20:35:00,20,35,0,0,15,20
2025-02-03 20:40:00,20,40,0,0,9,18
2025-02-03 20:45:00,20,45,0,0,15,16
2025-02-03 20:50:00,20,50,0,0,11,8
2025-02-03 20:55:00,20,55,0,0,17,11
2025-02-03 21:00:00,21,0,0,0,15,11
2025-02-03 21:05:00,21,5,0,0,10,17
2025-02-03 21:10:00,21,10,0,0,11,10
2025-02-03 21:15:00,21,15,0,0,9,15
2025-02-03 21:20:00,21,20,0,0,5,8
2025-02-03 21:25:00,21,25,0,0,7,8
2025-02-03 21:30:00,21,30,0,0,11,11
2025-02-03 21:35:00,21,35,0,0,11,15
2025-02-03 21:40:00,21,40,0,0,11,8
2025-02-03 21:45:00,21,45,0,0,9,0
2025-02-03 21:50:00,21,50,0,0,13,2
2025-02-03 21:55:00,21,55,0,0,10,9
2025-02-03 22:00:00,22,0,0,0,12,2
2025-02-03 22:05:00,22,5,0,0,2,4
2025-02-03 22:10:00,22,10,0,0,0,7
2025-02-03 22:15:00,22,15,0,0,10,0
2025-02-03 22:20:00,22,20,0,0,3,6
2025-02-03 22:25:00,22,25,0,0,8,2
2025-02-03 22:30:00,22,30,0,0,7,1
2025-02-03 22:35:00,22,35,0,0,15,4
2025-02-03 22:40:00,22,40,0,0,10,2
2025-02-03 22:45:00,22,45,0,0,9,9
2025-02-03 22:50:00,22,50,0,0,12,11
2025-02-03 22:55:00,22,55,0,0,10,5
2025-02-03 23:00:00,23,0,0,0,7,4
2025-02-03 23:05:00,23,5,0,0,13,5
2025-02-03 23:10:00,23,10,0,0,4,2
2025-02-03 23:15:00,23,15,0,0,10,1
2025-02-03 23:20:00,23,20,0,0,2,0
2025-02-03 23:25:00,23,25,0,0,9,1
2025-02-03 23:30:00,23,30,0,0,9,13
2025-02-03 23:35:00,23,35,0,0,15,3
2025-02-03 23:40:00,23,40,0,0,2,0
2025-02-03 23:45:00,23,45,0,0,6,4
2025-02-03 23:50:00,23,50,0,0,11,0
2025-02-03 23:55:00,23,55,0,0,9,6
2025-02-04 00:00:00,0,0,1,0,9,6
2025-02-04 00:05:00,0,5,1,0,4,6
2025-02-04 00:10:00,0,10,1,0,6,6
2025-02-04 00:15:00,0,15,1,0,13,5
2025-02-04 00:20:00,0,20,1,0,8,0
2025-02-04 00:25:00,0,25,1,0,10,6
2025-02-04 00:30:00,0,30,1,0,8,10
2025-02-04 00:35:00,0,35,1,0,3,13
2025-02-04 00:40:00,0,40,1,0,12,5
2025-02-04 00:45:00,0,45,1,0,10,5
2025-02-04 00:50:00,0,50,1,0,17,8
2025-02-04 00:55:00,0,55,1,0,4,12
2025-02-04 01:00:00,1,0,1,0,11,4
2025-02-04 01:05:00,1,5,1,0,3,9
2025-02-04 01:10:00,1,10,1,0,9,3
2025-02-04 01:15:00,1,15,1,0,12,7
2025-02-04 01:20:00,1,20,1,0,0,10
2025-02-04 01:25:00,1,25,1,0,7,1
2025-02-04 01:30:00,1,30,1,0,6,4
2025-02-04 01:35:00,1,35,1,0,5,10
2025-02-04 01:40:00,1,40,1,0,10,8
2025-02-04 01:45:00,1,45,1,0,12,10
2025-02-04 01:50:00,1,50,1,0,7,9
2025-02-04 01:55:00,1,55,1,0,9,5
2025-02-04 02:00:00,2,0,1,0,8,15
2025-02-04 02:05:00,2,5,1,0,8,7
2025-02-04 02:10:00,2,10,1,0,4,0
2025-02-04 02:15:00,2,15,1,0,12,5
2025-02-04 02:20:00,2,20,1,0,9,4
2025-02-04 02:25:00,2,25,1,0,10,9
2025-02-04 02:30:00,2,30,1,0,5,4
2025-02-04 02:35:00,2,35,1,0,6,10
2025-02-04 02:40:00,2,40,1,0,7,8
2025-02-04 02:45:00,2,45,1,0,2,2
2025-02-04 02:50:00,2,50,1,0,1,6
2025-02-04 02:55:00,2,55,1,0,6,3
2025-02-04 03:00:00,3,0,1,0,10,7
2025-02-04 03:05:00,3,5,1,0,6,3
2025-02-04 03:10:00,3,10,1,0,4,6
2025-02-04 03:15:00,3,15,1,0,5,5
2025-02-04 03:20:00,3,20,1,0,6,6
2025-02-04 03:25:00,3,25,1,0,7,14
2025-02-04 03:30:00,3,30,1,0,17,5
2025-02-04 03:35:00,3,35,1,0,13,0
2025-02-04 03:40:00,3,40,1,0,13,10
2025-02-04 03:45:00,3,45,1,0,13,10
2025-02-04 03:50:00,3,50,1,0,5,0
2025-02-04 03:55:00,3,55,1,0,4,4
2025-02-04 04:00:00,4,0,1,0,5,8
2025-02-04 04:05:00,4,5,1,0,14,9
2025-02-04 04:10:00,4,10,1,0,7,7
2025-02-04 04:15:00,4,15,1,0,5,7
2025-02-04 04:20:00,4,20,1,0,8,4
2025-02-04 04:25:00,4,25,1,0,9,0
2025-02-04 04:30:00,4,30,1,0,11,16
2025-02-04 04:35:00,4,35,1,0,12,4
2025-02-04 04:40:00,4,40,1,0,8,9
2025-02-04 04:45:00,4,45,1,0,14,8
2025-02-04 04:50:00,4,50,1,0,9,12
2025-02-04 04:55:00,4,55,1,0,12,9
2025-02-04 05:00:00,5,0,1,0,15,10
2025-02-04 05:05:00,5,5,1,0,11,0
2025-02-04 05:10:00,5,10,1,0,12,7
2025-02-04 05:15:00,5,15,1,0,17,14
2025-02-04 05:20:00,5,20,1,0,12,14
2025-02-04 05:25:00,5,25,1,0,14,8
2025-02-04 05:30:00,5,30,1,0,19,6
2025-02-04 05:35:00,5,35,1,0,26,13
2025-02-04 05:40:00,5,40,1,0,21,2
2025-02-04 05:45:00,5,45,1,0,21,10
2025-02-04 05:50:00,5,50,1,0,22,22
2025-02-04 05:55:00,5,55,1,0,17,21
2025-02-04 06:00:00,6,0,1,0,23,18
2025-02-04 06:05:00,6,5,1,0,23,18
2025-02-04 06:10:00,6,10,1,0,26,10
2025-02-04 06:15:00,6,15,1,0,26,16
2025-02-04 06:20:00,6,20,1,0,28,18
2025-02-04 06:25:00,6,25,1,0,27,17
2025-02-04 06:30:00,6,30,1,0,29,20
2025-02-04 06:35:00,6,35,1,0,25,27
2025-02-04 06:40:00,6,40,1,0,30,21
2025-02-04 06:45:00,6,45,1,0,38,22
2025-02-04 06:50:00,6,50,1,0,35,27
2025-02-04 06:55:00,6,55,1,0,35,20
2025-02-04 07:00:00,7,0,1,0,44,23
2025-02-04 07:05:00,7,5,1,0,32,24
2025-02-04 07:10:00,7,10,1,0,34,28
2025-02-04 07:15:00,7,15,1,0,46,27
2025-02-04 07:20:00,7,20,1,0,40,27
2025-02-04 07:25:00,7,25,1,0,39,27
2025-02-04 07:30:00,7,30,1,0,36,25
2025-02-04 07:35:00,7,35,1,0,43,32
2025-02-04 07:40:00,7,40,1,0,44,29
2025-02-04 07:45:00,7,45,1,0,38,33
2025-02-04 07:50:00,7,50,1,0,42,26
2025-02-04 07:55:00,7,55,1,0,42,28
2025-02-04 08:00:00,8,0,1,0,44,30
2025-02-04 08:05:00,8,5,1,0,38,30
2025-02-04 08:10:00,8,10,1,0,48,34
2025-02-04 08:15:00,8,15,1,0,46,29
2025-02-04 08:20:00,8,20,1,0,41,33
2025-02-04 08:25:00,8,25,1,0,41,32
2025-02-04 08:30:00,8,30,1,0,41,29
2025-02-04 08:35:00,8,35,1,0,37,25
2025-02-04 08:40:00,8,40,1,0,38,32
2025-02-04 08:45:00,8,45,1,0,38,24
2025-02-04 08:50:00,8,50,1,0,44,27
2025-02-04 08:55:00,8,55,1,0,41,27
2025-02-04 09:00:00,9,0,1,0,40,25
2025-02-04 09:05:00,9,5,1,0,36,24
2025-02-04 09:10:00,9,10,1,0,29,21
2025-02-04 09:15:00,9,15,1,0,33,17
2025-02-04 09:20:00,9,20,1,0,35,28
2025-02-04 09:25:00,9,25,1,0,25,20
2025-02-04 09:30:00,9,30,1,0,32,21
2025-02-04 09:35:00,9,35,1,0,37,20
2025-02-04 09:40:00,9,40,1,0,31,24
2025-02-04 09:45:00,9,45,1,0,31,26
2025-02-04 09:50:00,9,50,1,0,26,19
2025-02-04 09:55:00,9,55,1,0,27,16
2025-02-04 10:00:00,10,0,1,0,20,12
2025-02-04 10:05:00,10,5,1,0,25,10
2025-02-04 10:10:00,10,10,1,0,23,8
2025-02-04 10:15:00,10,15,1,0,21,11
2025-02-04 10:20:00,10,20,1,0,24,5
2025-02-04 10:25:00,10,25,1,0,16,17
2025-02-04 10:30:00,10,30,1,0,16,14
2025-02-04 10:35:00,10,35,1,0,16,11
2025-02-04 10:40:00,10,40,1,0,11,16
2025-02-04 10:45:00,10,45,1,0,16,7
2025-02-04 10:50:00,10,50,1,0,7,7
2025-02-04 10:55:00,10,55,1,0,18,2
2025-02-04 11:00:00,11,0,1,0,13,13
2025-02-04 11:05:00,11,5,1,0,11,6
2025-02-04 11:10:00,11,10,1,0,9,9
2025-02-04 11:15:00,11,15,1,0,11,13
2025-02-04 11:20:00,11,20,1,0,14,14
2025-02-04 11:25:00,11,25,1,0,13,9
2025-02-04 11:30:00,11,30,1,0,8,10
2025-02-04 11:35:00,11,35,1,0,7,5
2025-02-04 11:40:00,11,40,1,0,13,15
2025-02-04 11:45:00,11,45,1,0,8,8
2025-02-04 11:50:00,11,50,1,0,11,9
2025-02-04 11:55:00,11,55,1,0,11,7
2025-02-04 12:00:00,12,0,1,0,12,13
2025-02-04 12:05:00,12,5,1,0,14,9
2025-02-04 12:10:00,12,10,1,0,5,12
2025-02-04 12:15:00,12,15,1,0,3,10
2025-02-04 12:20:00,12,20,1,0,8,8
2025-02-04 12:25:00,12,25,1,0,18,13
2025-02-04 12:30:00,12,30,1,0,19,11
2025-02-04 12:35:00,12,35,1,0,18,6
2025-02-04 12:40:00,12,40,1,0,10,6
2025-02-04 12:45:00,12,45,1,0,4,11
2025-02-04 12:50:00,12,50,1,0,2,14
2025-02-04 12:55:00,12,55,1,0,9,18
2025-02-04 13:00:00,13,0,1,0,11,4
2025-02-04 13:05:00,13,5,1,0,18,12
2025-02-04 13:10:00,13,10,1,0,16,14
2025-02-04 13:15:00,13,15,1,0,14,14
2025-02-04 13:20:00,13,20,1,0,10,18
2025-02-04 13:25:00,13,25,1,0,10,17
2025-02-04 13:30:00,13,30,1,0,16,11
2025-02-04 13:35:00,13,35,1,0,18,11
2025-02-04 13:40:00,13,40,1,0,17,17
2025-02-04 13:45:00,13,45,1,0,12,21
2025-02-04 13:50:00,13,50,1,0,19,18
2025-02-04 13:55:00,13,55,1,0,19,12
2025-02-04 14:00:00,14,0,1,0,13,15
2025-02-04 14:05:00,14,5,1,0,15,23
2025-02-04 14:10:00,14,10,1,0,22,19
2025-02-04 14:15:00,14,15,1,0,19,22
2025-02-04 14:20:00,14,20,1,0,27,27
2025-02-04 14:25:00,14,25,1,0,23,19
2025-02-04 14:30:00,14,30,1,0,20,23
2025-02-04 14:35:00,14,35,1,0,22,23
2025-02-04 14:40:00,14,40,1,0,23,28
2025-02-04 14:45:00,14,45,1,0,21,30
2025-02-04 14:50:00,14,50,1,0,21,22
2025-02-04 14:55:00,14,55,1,0,28,29
2025-02-04 15:00:00,15,0,1,0,30,34
2025-02-04 15:05:00,15,5,1,0,29,24
2025-02-04 15:10:00,15,10,1,0,34,32
2025-02-04 15:15:00,15,15,1,0,26,28
2025-02-04 15:20:00,15,20,1,0,36,32
2025-02-04 15:25:00,15,25,1,0,26,25
2025-02-04 15:30:00,15,30,1,0,27,42
2025-02-04 15:35:00,15,35,1,0,24,36
2025-02-04 15:40:00,15,40,1,0,30,35
2025-02-04 15:45:00,15,45,1,0,31,40
2025-02-04 15:50:00,15,50,1,0,35,36
2025-02-04 15:55:00,15,55,1,0,35,36
2025-02-04 16:00:00,16,0,1,0,30,47
2025-02-04 16:05:00,16,5,1,0,33,49
2025-02-04 16:10:00,16,10,1,0,34,40
2025-02-04 16:15:00,16,15,1,0,29,48
2025-02-04 16:20:00,16,20,1,0,32,45
2025-02-04 16:25:00,16,25,1,0,34,39
2025-02-04 16:30:00,16,30,1,0,43,41
2025-02-04 16:35:00,16,35,1,0,38,51
2025-02-04 16:40:00,16,40,1,0,40,40
2025-02-04 16:45:00,16,45,1,0,32,55
2025-02-04 16:50:00,16,50,1,0,43,44
2025-02-04 16:55:00,16,55,1,0,43,52
2025-02-04 17:00:00,17,0,1,0,30,45
2025-02-04 17:05:00,17,5,1,0,35,49
2025-02-04 17:10:00,17,10,1,0,40,51
2025-02-04 17:15:00,17,15,1,0,40,51
2025-02-04 17:20:00,17,20,1,0,35,43
2025-02-04 17:25:00,17,25,1,0,36,42
2025-02-04 17:30:00,17,30,1,0,35,44
2025-02-04 17:35:00,17,35,1,0,37,39
2025-02-04 17:40:00,17,40,1,0,41,45
2025-02-04 17:45:00,17,45,1,0,33,40
2025-02-04 17:50:00,17,50,1,0,40,47
2025-02-04 17:55:00,17,55,1,0,32,40
2025-02-04 18:00:00,18,0,1,0,31,34
2025-02-04 18:05:00,18,5,1,0,37,46
2025-02-04 18:10:00,18,10,1,0,37,40
2025-02-04 18:15:00,18,15,1,0,36,39
2025-02-04 18:20:00,18,20,1,0,27,42
2025-02-04 18:25:00,18,25,1,0,29,41
2025-02-04 18:30:00,18,30,1,0,34,33
2025-02-04 18:35:00,18,35,1,0,30,33
2025-02-04 18:40:00,18,40,1,0,25,30
2025-02-04 18:45:00,18,45,1,0,30,27
2025-02-04 18:50:00,18,50,1,0,25,35
2025-02-04 18:55:00,18,55,1,0,34,33
2025-02-04 19:00:00,19,0,1,0,32,33
2025-02-04 19:05:00,19,5,1,0,28,34
2025-02-04 19:10:00,19,10,1,0,30,31
2025-02-04 19:15:00,19,15,1,0,24,31
2025-02-04 19:20:00,19,20,1,0,26,18
2025-02-04 19:25:00,19,25,1,0,28,24
2025-02-04 19:30:00,19,30,1,0,23,28
2025-02-04 19:35:00,19,35,1,0,20,19
2025-02-04 19:40:00,19,40,1,0,14,23
2025-02-04 19:45:00,19,45,1,0,19,24
2025-02-04 19:50:00,19,50,1,0,22,22
2025-02-04 19:55:00,19,55,1,0,22,21
2025-02-04 20:00:00,20,0,1,0,20,21
2025-02-04 20:05:00,20,5,1,0,15,19
2025-02-04 20:10:00,20,10,1,0,9,12
2025-02-04 20:15:00,20,15,1,0,14,19
2025-02-04 20:20:00,20,20,1,0,14,17
2025-02-04 20:25:00,20,25,1,0,14,9
2025-02-04 20:30:00,20,30,1,0,17,20
2025-02-04 20:35:00,20,35,1,0,22,16
2025-02-04 20:40:00,20,40,1,0,14,8
2025-02-04 20:45:00,20,45,1,0,12,10
2025-02-04 20:50:00,20,50,1,0,12,10
2025-02-04 20:55:00,20,55,1,0,13,10
2025-02-04 21:00:00,21,0,1,0,9,13
2025-02-04 21:05:00,21,5,1,0,12,7
2025-02-04 21:10:00,21,10,1,0,13,15
2025-02-04 21:15:00,21,15,1,0,12,14
2025-02-04 21:20:00,21,20,1,0,13,12
2025-02-04 21:25:00,21,25,1,0,12,10
2025-02-04 21:30:00,21,30,1,0,3,13
2025-02-04 21:35:00,21,35,1,0,13,8
2025-02-04 21:40:00,21,40,1,0,7,6
2025-02-04 21:45:00,21,45,1,0,5,13
2025-02-04 21:50:00,21,50,1,0,5,9
2025-02-04 21:55:00,21,55,1,0,11,5
2025-02-04 22:00:00,22,0,1,0,8,6
2025-02-04 22:05:00,22,5,1,0,2,5
2025-02-04 22:10:00,22,10,1,0,11,16
2025-02-04 22:15:00,22,15,1,0,3,7
2025-02-04 22:20:00,22,20,1,0,9,8
2025-02-04 22:25:00,22,25,1,0,10,10
2025-02-04 22:30:00,22,30,1,0,12,2
2025-02-04 22:35:00,22,35,1,0,16,11
2025-02-04 22:40:00,22,40,1,0,3,4
2025-02-04 22:45:00,22,45,1,0,8,14
2025-02-04 22:50:00,22,50,1,0,7,5
2025-02-04 22:55:00,22,55,1,0,10,11
2025-02-04 23:00:00,23,0,1,0,9,0
2025-02-04 23:05:00,23,5,1,0,7,2
2025-02-04 23:10:00,23,10,1,0,6,5
2025-02-04 23:15:00,23,15,1,0,4,0
2025-02-04 23:20:00,23,20,1,0,12,9
2025-02-04 23:25:00,23,25,1,0,10,7
2025-02-04 23:30:00,23,30,1,0,12,2
2025-02-04 23:35:00,23,35,1,0,7,6
2025-02-04 23:40:00,23,40,1,0,5,9
2025-02-04 23:45:00,23,45,1,0,4,0
2025-02-04 23:50:00,23,50,1,0,10,1
2025-02-04 23:55:00,23,55,1,0,4,5
2025-02-05 00:00:00,0,0,2,0,15,6
2025-02-05 00:05:00,0,5,2,0,3,6
2025-02-05 00:10:00,0,10,2,0,9,10
2025-02-05 00:15:00,0,15,2,0,14,8
2025-02-05 00:20:00,0,20,2,0,10,9
2025-02-05 00:25:00,0,25,2,0,9,0
2025-02-05 00:30:00,0,30,2,0,4,7
2025-02-05 00:35:00,0,35,2,0,2,5
2025-02-05 00:40:00,0,40,2,0,11,12
2025-02-05 00:45:00,0,45,2,0,14,7
2025-02-05 00:50:00,0,50,2,0,6,3
2025-02-05 00:55:00,0,55,2,0,3,9
2025-02-05 01:00:00,1,0,2,0,0,8
2025-02-05 01:05:00,1,5,2,0,4,3
2025-02-05 01:10:00,1,10,2,0,8,5
2025-02-05 01:15:00,1,15,2,0,14,5
2025-02-05 01:20:00,1,20,2,0,11,11
2025-02-05 01:25:00,1,25,2,0,9,7
2025-02-05 01:30:00,1,30,2,0,6,9
2025-02-05 01:35:00,1,35,2,0,6,4
2025-02-05 01:40:00,1,40,2,0,14,7
2025-02-05 01:45:00,1,45,2,0,9,11
2025-02-05 01:50:00,1,50,2,0,0,5
2025-02-05 01:55:00,1,55,2,0,5,6
2025-02-05 02:00:00,2,0,2,0,5,1
2025-02-05 02:05:00,2,5,2,0,6,3
2025-02-05 02:10:00,2,10,2,0,10,5
2025-02-05 02:15:00,2,15,2,0,8,2
2025-02-05 02:20:00,2,20,2,0,8,11
2025-02-05 02:25:00,2,25,2,0,13,3
2025-02-05 02:30:00,2,30,2,0,5,9
2025-02-05 02:35:00,2,35,2,0,16,7
2025-02-05 02:40:00,2,40,2,0,5,6
2025-02-05 02:45:00,2,45,2,0,8,12
2025-02-05 02:50:00,2,50,2,0,7,0
2025-02-05 02:55:00,2,55,2,0,9,5
2025-02-05 03:00:00,3,0,2,0,10,2
2025-02-05 03:05:00,3,5,2,0,10,0
2025-02-05 03:10:00,3,10,2,0,5,1
2025-02-05 03:15:00,3,15,2,0,4,6
2025-02-05 03:20:00,3,20,2,0,18,3
2025-02-05 03:25:00,3,25,2,0,6,10
2025-02-05 03:30:00,3,30,2,0,11,5
2025-02-05 03:35:00,3,35,2,0,2,5
2025-02-05 03:40:00,3,40,2,0,7,5
2025-02-05 03:45:00,3,45,2,0,8,6
2025-02-05 03:50:00,3,50,2,0,11,5
2025-02-05 03:55:00,3,55,2,0,0,3
2025-02-05 04:00:00,4,0,2,0,10,11
2025-02-05 04:05:00,4,5,2,0,5,4
2025-02-05 04:10:00,4,10,2,0,11,5
2025-02-05 04:15:00,4,15,2,0,5,9
2025-02-05 04:20:00,4,20,2,0,6,9
2025-02-05 04:25:00,4,25,2,0,9,4
2025-02-05 04:30:00,4,30,2,0,6,11
2025-02-05 04:35:00,4,35,2,0,9,10
2025-02-05 04:40:00,4,40,2,0,6,9
2025-02-05 04:45:00,4,45,2,0,4,7
2025-02-05 04:50:00,4,50,2,0,16,7
2025-02-05 04:55:00,4,55,2,0,7,8
2025-02-05 05:00:00,5,0,2,0,12,4
2025-02-05 05:05:00,5,5,2,0,16,10
2025-02-05 05:10:00,5,10,2,0,11,14
2025-02-05 05:15:00,5,15,2,0,11,14
2025-02-05 05:20:00,5,20,2,0,16,10
2025-02-05 05:25:00,5,25,2,0,20,16
2025-02-05 05:30:00,5,30,2,0,12,20
2025-02-05 05:35:00,5,35,2,0,17,12
2025-02-05 05:40:00,5,40,2,0,12,16
2025-02-05 05:45:00,5,45,2,0,18,5
2025-02-05 05:50:00,5,50,2,0,20,10
2025-02-05 05:55:00,5,55,2,0,18,16
2025-02-05 06:00:00,6,0,2,0,21,12
2025-02-05 06:05:00,6,5,2,0,18,25
2025-02-05 06:10:00,6,10,2,0,25,20
2025-02-05 06:15:00,6,15,2,0,30,23
2025-02-05 06:20:00,6,20,2,0,22,19
2025-02-05 06:25:00,6,25,2,0,26,16
2025-02-05 06:30:00,6,30,2,0,31,19
2025-02-05 06:35:00,6,35,2,0,35,23
2025-02-05 06:40:00,6,40,2,0,26,20
2025-02-05 06:45:00,6,45,2,0,32,26
2025-02-05 06:50:00,6,50,2,0,35,27
2025-02-05 06:55:00,6,55,2,0,35,25
2025-02-05 07:00:00,7,0,2,0,26,19
2025-02-05 07:05:00,7,5,2,0,39,34
2025-02-05 07:10:00,7,10,2,0,44,27
2025-02-05 07:15:00,7,15,2,0,39,39
2025-02-05 07:20:00,7,20,2,0,36,31
2025-02-05 07:25:00,7,25,2,0,38,28
2025-02-05 07:30:00,7,30,2,0,48,31
2025-02-05 07:35:00,7,35,2,0,45,22
2025-02-05 07:40:00,7,40,2,0,45,34
2025-02-05 07:45:00,7,45,2,0,44,41
2025-02-05 07:50:00,7,50,2,0,40,22
2025-02-05 07:55:00,7,55,2,0,42,30
2025-02-05 08:00:00,8,0,2,0,43,31
2025-02-05 08:05:00,8,5,2,0,45,34
2025-02-05 08:10:00,8,10,2,0,49,39
2025-02-05 08:15:00,8,15,2,0,47,32
2025-02-05 08:20:00,8,20,2,0,36,39
2025-02-05 08:25:00,8,25,2,0,43,31
2025-02-05 08:30:00,8,30,2,0,44,31
2025-02-05 08:35:00,8,35,2,0,43,30
2025-02-05 08:40:00,8,40,2,0,37,34
2025-02-05 08:45:00,8,45,2,0,51,26
2025-02-05 08:50:00,8,50,2,0,33,31
2025-02-05 08:55:00,8,55,2,0,33,22
2025-02-05 09:00:00,9,0,2,0,37,25
2025-02-05 09:05:00,9,5,2,0,43,23
2025-02-05 09:10:00,9,10,2,0,31,25
2025-02-05 09:15:00,9,15,2,0,32,22
2025-02-05 09:20:00,9,20,2,0,36,27
2025-02-05 09:25:00,9,25,2,0,30,19
2025-02-05 09:30:00,9,30,2,0,28,14
2025-02-05 09:35:00,9,35,2,0,30,15
2025-02-05 09:40:00,9,40,2,0,28,24
2025-02-05 09:45:00,9,45,2,0,30,15
2025-02-05 09:50:00,9,50,2,0,30,20
2025-02-05 09:55:00,9,55,2,0,25,16
2025-02-05 10:00:00,10,0,2,0,24,20
2025-02-05 10:05:00,10,5,2,0,22,15
2025-02-05 10:10:00,10,10,2,0,22,26
2025-02-05 10:15:00,10,15,2,0,20,22
2025-02-05 10:20:00,10,20,2,0,19,12
2025-02-05 10:25:00,10,25,2,0,22,11
2025-02-05 10:30:00,10,30,2,0,23,25
2025-02-05 10:35:00,10,35,2,0,10,8
2025-02-05 10:40:00,10,40,2,0,15,11
2025-02-05 10:45:00,10,45,2,0,12,11
2025-02-05 10:50:00,10,50,2,0,13,11
2025-02-05 10:55:00,10,55,2,0,15,3
2025-02-05 11:00:00,11,0,2,0,16,12
2025-02-05 11:05:00,11,5,2,0,12,6
2025-02-05 11:10:00,11,10,2,0,5,15
2025-02-05 11:15:00,11,15,2,0,8,3
2025-02-05 11:20:00,11,20,2,0,15,9
2025-02-05 11:25:00,11,25,2,0,0,0
2025-02-05 11:30:00,11,30,2,0,16,0
2025-02-05 11:35:00,11,35,2,0,13,5
2025-02-05 11:40:00,11,40,2,0,16,6
2025-02-05 11:45:00,11,45,2,0,10,14
2025-02-05 11:50:00,11,50,2,0,2,8
2025-02-05 11:55:00,11,55,2,0,12,14
2025-02-05 12:00:00,12,0,2,0,15,7
2025-02-05 12:05:00,12,5,2,0,14,11
2025-02-05 12:10:00,12,10,2,0,8,6
2025-02-05 12:15:00,12,15,2,0,11,6
2025-02-05 12:20:00,12,20,2,0,8,2
2025-02-05 12:25:00,12,25,2,0,7,11
2025-02-05 12:30:00,12,30,2,0,15,11
2025-02-05 12:35:00,12,35,2,0,6,13
2025-02-05 12:40:00,12,40,2,0,8,11
2025-02-05 12:45:00,12,45,2,0,7,18
2025-02-05 12:50:00,12,50,2,0,6,11
2025-02-05 12:55:00,12,55,2,0,12,15
2025-02-05 13:00:00,13,0,2,0,17,10
2025-02-05 13:05:00,13,5,2,0,12,8
2025-02-05 13:10:00,13,10,2,0,7,15
2025-02-05 13:15:00,13,15,2,0,17,13
2025-02-05 13:20:00,13,20,2,0,20,17
2025-02-05 13:25:00,13,25,2,0,11,15
2025-02-05 13:30:00,13,30,2,0,13,12
2025-02-05 13:35:00,13,35,2,0,17,20
2025-02-05 13:40:00,13,40,2,0,22,13
2025-02-05 13:45:00,13,45,2,0,14,19
2025-02-05 13:50:00,13,50,2,0,11,23
2025-02-05 13:55:00,13,55,2,0,20,17
2025-02-05 14:00:00,14,0,2,0,21,24
2025-02-05 14:05:00,14,5,2,0,18,21
2025-02-05 14:10:00,14,10,2,0,17,24
2025-02-05 14:15:00,14,15,2,0,24,18
2025-02-05 14:20:00,14,20,2,0,22,23
2025-02-05 14:25:00,14,25,2,0,18,18
2025-02-05 14:30:00,14,30,2,0,22,31
2025-02-05 14:35:00,14,35,2,0,17,17
2025-02-05 14:40:00,14,40,2,0,26,25
2025-02-05 14:45:00,14,45,2,0,23,24
2025-02-05 14:50:00,14,50,2,0,23,31
2025-02-05 14:55:00,14,55,2,0,25,37
2025-02-05 15:00:00,15,0,2,0,26,33
2025-02-05 15:05:00,15,5,2,0,31,43
2025-02-05 15:10:00,15,10,2,0,30,27
2025-02-05 15:15:00,15,15,2,0,28,28
2025-02-05 15:20:00,15,20,2,0,32,31
2025-02-05 15:25:00,15,25,2,0,32,36
2025-02-05 15:30:00,15,30,2,0,29,32
2025-02-05 15:35:00,15,35,2,0,31,34
2025-02-05 15:40:00,15,40,2,0,31,41
2025-02-05 15:45:00,15,45,2,0,35,34
2025-02-05 15:50:00,15,50,2,0,32,35
2025-02-05 15:55:00,15,55,2,0,32,39
2025-02-05 16:00:00,16,0,2,0,42,40
2025-02-05 16:05:00,16,5,2,0,39,46
2025-02-05 16:10:00,16,10,2,0,32,39
2025-02-05 16:15:00,16,15,2,0,38,40
2025-02-05 16:20:00,16,20,2,0,37,46
2025-02-05 16:25:00,16,25,2,0,38,48
2025-02-05 16:30:00,16,30,2,0,38,50
2025-02-05 16:35:00,16,35,2,0,42,47
2025-02-05 16:40:00,16,40,2,0,39,46
2025-02-05 16:45:00,16,45,2,0,38,48
2025-02-05 16:50:00,16,50,2,0,42,45
2025-02-05 16:55:00,16,55,2,0,39,45
2025-02-05 17:00:00,17,0,2,0,38,39
2025-02-05 17:05:00,17,5,2,0,39,50
2025-02-05 17:10:00,17,10,2,0,38,47
2025-02-05 17:15:00,17,15,2,0,38,49
2025-02-05 17:20:00,17,20,2,0,35,34
2025-02-05 17:25:00,17,25,2,0,34,45
2025-02-05 17:30:00,17,30,2,0,33,41
2025-02-05 17:35:00,17,35,2,0,31,50
2025-02-05 17:40:00,17,40,2,0,33,46
2025-02-05 17:45:00,17,45,2,0,35,44
2025-02-05 17:50:00,17,50,2,0,36,41
2025-02-05 17:55:00,17,55,2,0,34,44
2025-02-05 18:00:00,18,0,2,0,25,38
2025-02-05 18:05:00,18,5,2,0,40,40
2025-02-05 18:10:00,18,10,2,0,38,37
2025-02-05 18:15:00,18,15,2,0,34,48
2025-02-05 18:20:00,18,20,2,0,40,44
2025-02-05 18:25:00,18,25,2,0,27,41
2025-02-05 18:30:00,18,30,2,0,38,30
2025-02-05 18:35:00,18,35,2,0,26,39
2025-02-05 18:40:00,18,40,2,0,30,35
2025-02-05 18:45:00,18,45,2,0,23,38
2025-02-05 18:50:00,18,50,2,0,28,34
2025-02-05 18:55:00,18,55,2,0,28,31
2025-02-05 19:00:00,19,0,2,0,26,31
2025-02-05 19:05:00,19,5,2,0,28,22
2025-02-05 19:10:00,19,10,2,0,25,25
2025-02-05 19:15:00,19,15,2,0,22,29
2025-02-05 19:20:00,19,20,2,0,21,31
2025-02-05 19:25:00,19,25,2,0,26,23
2025-02-05 19:30:00,19,30,2,0,19,24
2025-02-05 19:35:00,19,35,2,0,25,17
2025-02-05 19:40:00,19,40,2,0,25,28
2025-02-05 19:45:00,19,45,2,0,13,26
2025-02-05 19:50:00,19,50,2,0,24,23
2025-02-05 19:55:00,19,55,2,0,27,21
2025-02-05 20:00:00,20,0,2,0,19,25
2025-02-05 20:05:00,20,5,2,0,20,15
2025-02-05 20:10:00,20,10,2,0,21,14
2025-02-05 20:15:00,20,15,2,0,15,21
2025-02-05 20:20:00,20,20,2,0,16,20
2025-02-05 20:25:00,20,25,2,0,10,11
2025-02-05 20:30:00,20,30,2,0,15,13
2025-02-05 20:35:00,20,35,2,0,16,21
2025-02-05 20:40:00,20,40,2,0,16,15
2025-02-05 20:45:00,20,45,2,0,17,16
2025-02-05 20:50:00,20,50,2,0,10,8
2025-02-05 20:55:00,20,55,2,0,10,15
2025-02-05 21:00:00,21,0,2,0,20,6
2025-02-05 21:05:00,21,5,2,0,11,3
2025-02-05 21:10:00,21,10,2,0,12,13
2025-02-05 21:15:00,21,15,2,0,11,16
2025-02-05 21:20:00,21,20,2,0,8,9
2025-02-05 21:25:00,21,25,2,0,17,7
2025-02-05 21:30:00,21,30,2,0,8,16
2025-02-05 21:35:00,21,35,2,0,6,8
2025-02-05 21:40:00,21,40,2,0,8,8
2025-02-05 21:45:00,21,45,2,0,2,15
2025-02-05 21:50:00,21,50,2,0,7,7
2025-02-05 21:55:00,21,55,2,0,6,5
2025-02-05 22:00:00,22,0,2,0,12,11
2025-02-05 22:05:00,22,5,2,0,6,5
2025-02-05 22:10:00,22,10,2,0,13,7
2025-02-05 22:15:00,22,15,2,0,15,2
2025-02-05 22:20:00,22,20,2,0,12,8
2025-02-05 22:25:00,22,25,2,0,8,7
2025-02-05 22:30:00,22,30,2,0,9,11
2025-02-05 22:35:00,22,35,2,0,3,10
2025-02-05 22:40:00,22,40,2,0,8,9
2025-02-05 22:45:00,22,45,2,0,5,8
2025-02-05 22:50:00,22,50,2,0,11,6
2025-02-05 22:55:00,22,55,2,0,19,9
2025-02-05 23:00:00,23,0,2,0,10,2
2025-02-05 23:05:00,23,5,2,0,0,0
2025-02-05 23:10:00,23,10,2,0,7,11
2025-02-05 23:15:00,23,15,2,0,9,9
2025-02-05 23:20:00,23,20,2,0,9,6
2025-02-05 23:25:00,23,25,2,0,5,11
2025-02-05 23:30:00,23,30,2,0,9,3
2025-02-05 23:35:00,23,35,2,0,3,3
2025-02-05 23:40:00,23,40,2,0,4,3
2025-02-05 23:45:00,23,45,2,0,11,8
2025-02-05 23:50:00,23,50,2,0,4,0
2025-02-05 23:55:00,23,55,2,0,10,3
2025-02-06 00:00:00,0,0,3,0,3,7
2025-02-06 00:05:00,0,5,3,0,15,1
2025-02-06 00:10:00,0,10,3,0,5,3
2025-02-06 00:15:00,0,15,3,0,7,0
2025-02-06 00:20:00,0,20,3,0,9,8
2025-02-06 00:25:00,0,25,3,0,6,3
2025-02-06 00:30:00,0,30,3,0,9,2
2025-02-06 00:35:00,0,35,3,0,10,1
2025-02-06 00:40:00,0,40,3,0,12,4
2025-02-06 00:45:00,0,45,3,0,11,0
2025-02-06 00:50:00,0,50,3,0,7,14
2025-02-06 00:55:00,0,55,3,0,7,0
2025-02-06 01:00:00,1,0,3,0,17,4
2025-02-06 01:05:00,1,5,3,0,12,6
2025-02-06 01:10:00,1,10,3,0,4,3
2025-02-06 01:15:00,1,15,3,0,8,7
2025-02-06 01:20:00,1,20,3,0,7,3
2025-02-06 01:25:00,1,25,3,0,7,12
2025-02-06 01:30:00,1,30,3,0,3,2
2025-02-06 01:35:00,1,35,3,0,6,0
2025-02-06 01:40:00,1,40,3,0,15,1
2025-02-06 01:45:00,1,45,3,0,10,8
2025-02-06 01:50:00,1,50,3,0,0,6
2025-02-06 01:55:00,1,55,3,0,13,9
2025-02-06 02:00:00,2,0,3,0,12,8
2025-02-06 02:05:00,2,5,3,0,7,3
2025-02-06 02:10:00,2,10,3,0,11,4
2025-02-06 02:15:00,2,15,3,0,5,4
2025-02-06 02:20:00,2,20,3,0,6,14
2025-02-06 02:25:00,2,25,3,0,14,9
2025-02-06 02:30:00,2,30,3,0,7,14
2025-02-06 02:35:00,2,35,3,0,1,9
2025-02-06 02:40:00,2,40,3,0,8,6
2025-02-06 02:45:00,2,45,3,0,8,2
2025-02-06 02:50:00,2,50,3,0,13,7
2025-02-06 02:55:00,2,55,3,0,8,6
2025-02-06 03:00:00,3,0,3,0,6,6
2025-02-06 03:05:00,3,5,3,0,12,5
2025-02-06 03:10:00,3,10,3,0,9,0
2025-02-06 03:15:00,3,15,3,0,5,11
2025-02-06 03:20:00,3,20,3,0,13,6
2025-02-06 03:25:00,3,25,3,0,9,1
2025-02-06 03:30:00,3,30,3,0,8,8
2025-02-06 03:35:00,3,35,3,0,9,3
2025-02-06 03:40:00,3,40,3,0,4,9
2025-02-06 03:45:00,3,45,3,0,7,10
2025-02-06 03:50:00,3,50,3,0,9,11
2025-02-06 03:55:00,3,55,3,0,8,6
2025-02-06 04:00:00,4,0,3,0,14,5
2025-02-06 04:05:00,4,5,3,0,10,4
2025-02-06 04:10:00,4,10,3,0,13,4
2025-02-06 04:15:00,4,15,3,0,10,7
2025-02-06 04:20:00,4,20,3,0,14,6
2025-02-06 04:25:00,4,25,3,0,12,4
2025-02-06 04:30:00,4,30,3,0,10,3
2025-02-06 04:35:00,4,35,3,0,11,7
2025-02-06 04:40:00,4,40,3,0,7,6
2025-02-06 04:45:00,4,45,3,0,13,4
2025-02-06 04:50:00,4,50,3,0,12,12
2025-02-06 04:55:00,4,55,3,0,10,16
2025-02-06 05:00:00,5,0,3,0,17,13
2025-02-06 05:05:00,5,5,3,0,8,7
2025-02-06 05:10:00,5,10,3,0,12,10
2025-02-06 05:15:00,5,15,3,0,19,17
2025-02-06 05:20:00,5,20,3,0,16,6
2025-02-06 05:25:00,5,25,3,0,16,15
2025-02-06 05:30:00,5,30,3,0,18,6
2025-02-06 05:35:00,5,35,3,0,18,20
2025-02-06 05:40:00,5,40,3,0,12,12
2025-02-06 05:45:00,5,45,3,0,18,23
2025-02-06 05:50:00,5,50,3,0,27,22
2025-02-06 05:55:00,5,55,3,0,19,15
2025-02-06 06:00:00,6,0,3,0,21,13
2025-02-06 06:05:00,6,5,3,0,21,18
2025-02-06 06:10:00,6,10,3,0,24,17
2025-02-06 06:15:00,6,15,3,0,23,17
2025-02-06 06:20:00,6,20,3,0,29,13
2025-02-06 06:25:00,6,25,3,0,29,18
2025-02-06 06:30:00,6,30,3,0,32,17
2025-02-06 06:35:00,6,35,3,0,26,24
2025-02-06 06:40:00,6,40,3,0,30,27
2025-02-06 06:45:00,6,45,3,0,32,27
2025-02-06 06:50:00,6,50,3,0,36,26
2025-02-06 06:55:00,6,55,3,0,32,22
2025-02-06 07:00:00,7,0,3,0,40,27
2025-02-06 07:05:00,7,5,3,0,42,30
2025-02-06 07:10:00,7,10,3,0,34,25
2025-02-06 07:15:00,7,15,3,0,37,29
2025-02-06 07:20:00,7,20,3,0,38,28
2025-02-06 07:25:00,7,25,3,0,51,36
2025-02-06 07:30:00,7,30,3,0,39,33
2025-02-06 07:35:00,7,35,3,0,48,32
2025-02-06 07:40:00,7,40,3,0,37,24
2025-02-06 07:45:00,7,45,3,0,39,31
2025-02-06 07:50:00,7,50,3,0,40,30
2025-02-06 07:55:00,7,55,3,0,40,30
2025-02-06 08:00:00,8,0,3,0,42,25
2025-02-06 08:05:00,8,5,3,0,40,27
2025-02-06 08:10:00,8,10,3,0,40,31
2025-02-06 08:15:00,8,15,3,0,47,35
2025-02-06 08:20:00,8,20,3,0,47,28
2025-02-06 08:25:00,8,25,3,0,45,28
2025-02-06 08:30:00,8,30,3,0,43,37
2025-02-06 08:35:00,8,35,3,0,41,28
2025-02-06 08:40:00,8,40,3,0,38,28
2025-02-06 08:45:00,8,45,3,0,35,28
2025-02-06 08:50:00,8,50,3,0,39,22
2025-02-06 08:55:00,8,55,3,0,32,29
2025-02-06 09:00:00,9,0,3,0,32,23
2025-02-06 09:05:00,9,5,3,0,40,25
2025-02-06 09:10:00,9,10,3,0,41,26
2025-02-06 09:15:00,9,15,3,0,34,31
2025-02-06 09:20:00,9,20,3,0,36,18
2025-02-06 09:25:00,9,25,3,0,29,25
2025-02-06 09:30:00,9,30,3,0,24,25
2025-02-06 09:35:00,9,35,3,0,31,18
2025-02-06 09:40:00,9,40,3,0,29,22
2025-02-06 09:45:00,9,45,3,0,26,25
2025-02-06 09:50:00,9,50,3,0,24,15
2025-02-06 09:55:00,9,55,3,0,27,18
2025-02-06 10:00:00,10,0,3,0,19,18
2025-02-06 10:05:00,10,5,3,0,18,18
2025-02-06 10:10:00,10,10,3,0,16,18
2025-02-06 10:15:00,10,15,3,0,20,15
2025-02-06 10:20:00,10,20,3,0,14,16
2025-02-06 10:25:00,10,25,3,0,15,9
2025-02-06 10:30:00,10,30,3,0,14,13
2025-02-06 10:35:00,10,35,3,0,15,10
2025-02-06 10:40:00,10,40,3,0,9,6
2025-02-06 10:45:00,10,45,3,0,15,9
2025-02-06 10:50:00,10,50,3,0,19,12
2025-02-06 10:55:00,10,55,3,0,14,12
2025-02-06 11:00:00,11,0,3,0,19,5
2025-02-06 11:05:00,11,5,3,0,18,6
2025-02-06 11:10:00,11,10,3,0,15,12
2025-02-06 11:15:00,11,15,3,0,12,11
2025-02-06 11:20:00,11,20,3,0,12,12
2025-02-06 11:25:00,11,25,3,0,14,14
2025-02-06 11:30:00,11,30,3,0,9,11
2025-02-06 11:35:00,11,35,3,0,3,7
2025-02-06 11:40:00,11,40,3,0,13,9
2025-02-06 11:45:00,11,45,3,0,6,15
2025-02-06 11:50:00,11,50,3,0,7,19
2025-02-06 11:55:00,11,55,3,0,10,10
2025-02-06 12:00:00,12,0,3,0,10,11
2025-02-06 12:05:00,12,5,3,0,5,11
2025-02-06 12:10:00,12,10,3,0,11,9
2025-02-06 12:15:00,12,15,3,0,14,13
2025-02-06 12:20:00,12,20,3,0,6,13
2025-02-06 12:25:00,12,25,3,0,16,11
2025-02-06 12:30:00,12,30,3,0,5,8
2025-02-06 12:35:00,12,35,3,0,19,4
2025-02-06 12:40:00,12,40,3,0,10,13
2025-02-06 12:45:00,12,45,3,0,12,11
2025-02-06 12:50:00,12,50,3,0,4,8
2025-02-06 12:55:00,12,55,3,0,12,7
2025-02-06 13:00:00,13,0,3,0,13,14
2025-02-06 13:05:00,13,5,3,0,12,6
2025-02-06 13:10:00,13,10,3,0,11,14
2025-02-06 13:15:00,13,15,3,0,9,16
2025-02-06 13:20:00,13,20,3,0,18,16
2025-02-06 13:25:00,13,25,3,0,14,13
2025-02-06 13:30:00,13,30,3,0,21,10
2025-02-06 13:35:00,13,35,3,0,13,18
2025-02-06 13:40:00,13,40,3,0,14,21
2025-02-06 13:45:00,13,45,3,0,19,14
2025-02-06 13:50:00,13,50,3,0,10,19
2025-02-06 13:55:00,13,55,3,0,12,25
2025-02-06 14:00:00,14,0,3,0,22,20
2025-02-06 14:05:00,14,5,3,0,14,18
2025-02-06 14:10:00,14,10,3,0,12,25
2025-02-06 14:15:00,14,15,3,0,27,19
2025-02-06 14:20:00,14,20,3,0,15,17
2025-02-06 14:25:00,14,25,3,0,22,27
2025-02-06 14:30:00,14,30,3,0,22,23
2025-02-06 14:35:00,14,35,3,0,11,24
2025-02-06 14:40:00,14,40,3,0,22,24
2025-02-06 14:45:00,14,45,3,0,26,25
2025-02-06 14:50:00,14,50,3,0,26,34
2025-02-06 14:55:00,14,55,3,0,29,36
2025-02-06 15:00:00,15,0,3,0,25,37
2025-02-06 15:05:00,15,5,3,0,30,36
2025-02-06 15:10:00,15,10,3,0,25,34
2025-02-06 15:15:00,15,15,3,0,23,28
2025-02-06 15:20:00,15,20,3,0,24,34
2025-02-06 15:25:00,15,25,3,0,24,44
2025-02-06 15:30:00,15,30,3,0,35,34
2025-02-06 15:35:00,15,35,3,0,25,43
2025-02-06 15:40:00,15,40,3,0,33,38
2025-02-06 15:45:00,15,45,3,0,32,28
2025-02-06 15:50:00,15,50,3,0,33,42
2025-02-06 15:55:00,15,55,3,0,39,46
2025-02-06 16:00:00,16,0,3,0,33,41
2025-02-06 16:05:00,16,5,3,0,37,47
2025-02-06 16:10:00,16,10,3,0,36,36
2025-02-06 16:15:00,16,15,3,0,35,38
2025-02-06 16:20:00,16,20,3,0,46,45
2025-02-06 16:25:00,16,25,3,0,31,46
2025-02-06 16:30:00,16,30,3,0,42,50
2025-02-06 16:35:00,16,35,3,0,40,48
2025-02-06 16:40:00,16,40,3,0,36,41
2025-02-06 16:45:00,16,45,3,0,44,47
2025-02-06 16:50:00,16,50,3,0,31,48
2025-02-06 16:55:00,16,55,3,0,36,38
2025-02-06 17:00:00,17,0,3,0,33,46
2025-02-06 17:05:00,17,5,3,0,40,45
2025-02-06 17:10:00,17,10,3,0,33,43
2025-02-06 17:15:00,17,15,3,0,39,48
2025-02-06 17:20:00,17,20,3,0,37,41
2025-02-06 17:25:00,17,25,3,0,35,47
2025-02-06 17:30:00,17,30,3,0,39,47
2025-02-06 17:35:00,17,35,3,0,36,49
2025-02-06 17:40:00,17,40,3,0,32,39
2025-02-06 17:45:00,17,45,3,0,47,37
2025-02-06 17:50:00,17,50,3,0,34,44
2025-02-06 17:55:00,17,55,3,0,26,41
2025-02-06 18:00:00,18,0,3,0,31,53
2025-02-06 18:05:00,18,5,3,0,29,42
2025-02-06 18:10:00,18,10,3,0,37,40
2025-02-06 18:15:00,18,15,3,0,34,38
2025-02-06 18:20:00,18,20,3,0,34,33
2025-02-06 18:25:00,18,25,3,0,30,39
2025-02-06 18:30:00,18,30,3,0,30,36
2025-02-06 18:35:00,18,35,3,0,28,35
2025-02-06 18:40:00,18,40,3,0,29,35
2025-02-06 18:45:00,18,45,3,0,32,34
2025-02-06 18:50:00,18,50,3,0,29,25
2025-02-06 18:55:00,18,55,3,0,29,35
2025-02-06 19:00:00,19,0,3,0,28,27
2025-02-06 19:05:00,19,5,3,0,29,29
2025-02-06 19:10:00,19,10,3,0,26,33
2025-02-06 19:15:00,19,15,3,0,25,34
2025-02-06 19:20:00,19,20,3,0,28,19
2025-02-06 19:25:00,19,25,3,0,20,25
2025-02-06 19:30:00,19,30,3,0,18,25
2025-02-06 19:35:00,19,35,3,0,16,17
2025-02-06 19:40:00,19,40,3,0,21,26
2025-02-06 19:45:00,19,45,3,0,12,22
2025-02-06 19:50:00,19,50,3,0,21,21
2025-02-06 19:55:00,19,55,3,0,18,16
2025-02-06 20:00:00,20,0,3,0,22,21
2025-02-06 20:05:00,20,5,3,0,14,22
2025-02-06 20:10:00,20,10,3,0,16,18
2025-02-06 20:15:00,20,15,3,0,21,15
2025-02-06 20:20:00,20,20,3,0,21,14
2025-02-06 20:25:00,20,25,3,0,12,16
2025-02-06 20:30:00,20,30,3,0,15,15
2025-02-06 20:35:00,20,35,3,0,15,18
2025-02-06 20:40:00,20,40,3,0,15,12
2025-02-06 20:45:00,20,45,3,0,12,8
2025-02-06 20:50:00,20,50,3,0,18,14
2025-02-06 20:55:00,20,55,3,0,5,10
2025-02-06 21:00:00,21,0,3,0,10,15
2025-02-06 21:05:00,21,5,3,0,14,11
2025-02-06 21:10:00,21,10,3,0,13,13
2025-02-06 21:15:00,21,15,3,0,17,6
2025-02-06 21:20:00,21,20,3,0,16,10
2025-02-06 21:25:00,21,25,3,0,9,7
2025-02-06 21:30:00,21,30,3,0,16,4
2025-02-06 21:35:00,21,35,3,0,7,5
2025-02-06 21:40:00,21,40,3,0,14,6
2025-02-06 21:45:00,21,45,3,0,17,13
2025-02-06 21:50:00,21,50,3,0,14,6
2025-02-06 21:55:00,21,55,3,0,10,3
2025-02-06 22:00:00,22,0,3,0,8,8
2025-02-06 22:05:00,22,5,3,0,3,8
2025-02-06 22:10:00,22,10,3,0,10,5
2025-02-06 22:15:00,22,15,3,0,4,7
2025-02-06 22:20:00,22,20,3,0,6,11
2025-02-06 22:25:00,22,25,3,0,4,10
2025-02-06 22:30:00,22,30,3,0,7,9
2025-02-06 22:35:00,22,35,3,0,8,2
2025-02-06 22:40:00,22,40,3,0,10,18
2025-02-06 22:45:00,22,45,3,0,6,11
2025-02-06 22:50:00,22,50,3,0,13,9
2025-02-06 22:55:00,22,55,3,0,8,2
2025-02-06 23:00:00,23,0,3,0,5,10
2025-02-06 23:05:00,23,5,3,0,9,4
2025-02-06 23:10:00,23,10,3,0,16,6
2025-02-06 23:15:00,23,15,3,0,10,0
2025-02-06 23:20:00,23,20,3,0,7,1
2025-02-06 23:25:00,23,25,3,0,2,8
2025-02-06 23:30:00,23,30,3,0,7,10
2025-02-06 23:35:00,23,35,3,0,9,9
2025-02-06 23:40:00,23,40,3,0,7,9
2025-02-06 23:45:00,23,45,3,0,1,6
2025-02-06 23:50:00,23,50,3,0,5,4
2025-02-06 23:55:00,23,55,3,0,14,7
2025-02-07 00:00:00,0,0,4,0,14,9
2025-02-07 00:05:00,0,5,4,0,4,6
2025-02-07 00:10:00,0,10,4,0,11,11
2025-02-07 00:15:00,0,15,4,0,3,5
2025-02-07 00:20:00,0,20,4,0,14,2
2025-02-07 00:25:00,0,25,4,0,9,6
2025-02-07 00:30:00,0,30,4,0,12,6
2025-02-07 00:35:00,0,35,4,0,1,6
2025-02-07 00:40:00,0,40,4,0,11,11
2025-02-07 00:45:00,0,45,4,0,8,9
2025-02-07 00:50:00,0,50,4,0,11,0
2025-02-07 00:55:00,0,55,4,0,12,12
2025-02-07 01:00:00,1,0,4,0,8,0
2025-02-07 01:05:00,1,5,4,0,6,15
2025-02-07 01:10:00,1,10,4,0,11,5
2025-02-07 01:15:00,1,15,4,0,8,5
2025-02-07 01:20:00,1,20,4,0,5,6
2025-02-07 01:25:00,1,25,4,0,4,8
2025-02-07 01:30:00,1,30,4,0,2,6
2025-02-07 01:35:00,1,35,4,0,6,5
2025-02-07 01:40:00,1,40,4,0,12,11
2025-02-07 01:45:00,1,45,4,0,9,8
2025-02-07 01:50:00,1,50,4,0,6,2
2025-02-07 01:55:00,1,55,4,0,11,9
2025-02-07 02:00:00,2,0,4,0,5,8
2025-02-07 02:05:00,2,5,4,0,8,4
2025-02-07 02:10:00,2,10,4,0,7,9
2025-02-07 02:15:00,2,15,4,0,11,5
2025-02-07 02:20:00,2,20,4,0,2,5
2025-02-07 02:25:00,2,25,4,0,5,5
2025-02-07 02:30:00,2,30,4,0,1,0
2025-02-07 02:35:00,2,35,4,0,7,4
2025-02-07 02:40:00,2,40,4,0,13,9
2025-02-07 02:45:00,2,45,4,0,6,6
2025-02-07 02:50:00,2,50,4,0,6,1
2025-02-07 02:55:00,2,55,4,0,12,10
2025-02-07 03:00:00,3,0,4,0,12,5
2025-02-07 03:05:00,3,5,4,0,8,1
2025-02-07 03:10:00,3,10,4,0,11,15
2025-02-07 03:15:00,3,15,4,0,4,2
2025-02-07 03:20:00,3,20,4,0,14,10
2025-02-07 03:25:00,3,25,4,0,17,3
2025-02-07 03:30:00,3,30,4,0,10,7
2025-02-07 03:35:00,3,35,4,0,0,3
2025-02-07 03:40:00,3,40,4,0,6,1
2025-02-07 03:45:00,3,45,4,0,11,9
2025-02-07 03:50:00,3,50,4,0,7,8
2025-02-07 03:55:00,3,55,4,0,14,11
2025-02-07 04:00:00,4,0,4,0,11,7
2025-02-07 04:05:00,4,5,4,0,6,16
2025-02-07 04:10:00,4,10,4,0,9,8
2025-02-07 04:15:00,4,15,4,0,6,9
2025-02-07 04:20:00,4,20,4,0,9,2
2025-02-07 04:25:00,4,25,4,0,8,5
2025-02-07 04:30:00,4,30,4,0,15,10
2025-02-07 04:35:00,4,35,4,0,19,8
2025-02-07 04:40:00,4,40,4,0,5,9
2025-02-07 04:45:00,4,45,4,0,4,5
2025-02-07 04:50:00,4,50,4,0,11,9
2025-02-07 04:55:00,4,55,4,0,6,9
2025-02-07 05:00:00,5,0,4,0,13,5
2025-02-07 05:05:00,5,5,4,0,16,12
2025-02-07 05:10:00,5,10,4,0,20,3
2025-02-07 05:15:00,5,15,4,0,15,11
2025-02-07 05:20:00,5,20,4,0,14,18
2025-02-07 05:25:00,5,25,4,0,8,14
2025-02-07 05:30:00,5,30,4,0,17,15
2025-02-07 05:35:00,5,35,4,0,18,9
2025-02-07 05:40:00,5,40,4,0,21,21
2025-02-07 05:45:00,5,45,4,0,17,20
2025-02-07 05:50:00,5,50,4,0,19,11
2025-02-07 05:55:00,5,55,4,0,15,14
2025-02-07 06:00:00,6,0,4,0,13,21
2025-02-07 06:05:00,6,5,4,0,19,24
2025-02-07 06:10:00,6,10,4,0,18,13
2025-02-07 06:15:00,6,15,4,0,27,15
2025-02-07 06:20:00,6,20,4,0,25,19
2025-02-07 06:25:00,6,25,4,0,26,12
2025-02-07 06:30:00,6,30,4,0,25,21
2025-02-07 06:35:00,6,35,4,0,17,27
2025-02-07 06:40:00,6,40,4,0,38,17
2025-02-07 06:45:00,6,45,4,0,29,24
2025-02-07 06:50:00,6,50,4,0,32,22
2025-02-07 06:55:00,6,55,4,0,29,32
2025-02-07 07:00:00,7,0,4,0,40,24
2025-02-07 07:05:00,7,5,4,0,38,33
2025-02-07 07:10:00,7,10,4,0,35,25
2025-02-07 07:15:00,7,15,4,0,37,31
2025-02-07 07:20:00,7,20,4,0,46,30
2025-02-07 07:25:00,7,25,4,0,40,29
2025-02-07 07:30:00,7,30,4,0,40,26
2025-02-07 07:35:00,7,35,4,0,38,31
2025-02-07 07:40:00,7,40,4,0,35,29
2025-02-07 07:45:00,7,45,4,0,42,28
2025-02-07 07:50:00,7,50,4,0,44,37
2025-02-07 07:55:00,7,55,4,0,47,33
2025-02-07 08:00:00,8,0,4,0,34,34
2025-02-07 08:05:00,8,5,4,0,38,29
2025-02-07 08:10:00,8,10,4,0,40,30
2025-02-07 08:15:00,8,15,4,0,43,30
2025-02-07 08:20:00,8,20,4,0,42,32
2025-02-07 08:25:00,8,25,4,0,41,33
2025-02-07 08:30:00,8,30,4,0,43,30
2025-02-07 08:35:00,8,35,4,0,37,26
2025-02-07 08:40:00,8,40,4,0,43,32
2025-02-07 08:45:00,8,45,4,0,41,28
2025-02-07 08:50:00,8,50,4,0,37,22
2025-02-07 08:55:00,8,55,4,0,43,18
2025-02-07 09:00:00,9,0,4,0,42,27
2025-02-07 09:05:00,9,5,4,0,39,22
2025-02-07 09:10:00,9,10,4,0,22,26
2025-02-07 09:15:00,9,15,4,0,39,21
2025-02-07 09:20:00,9,20,4,0,35,23
2025-02-07 09:25:00,9,25,4,0,38,21
2025-02-07 09:30:00,9,30,4,0,34,28
2025-02-07 09:35:00,9,35,4,0,34,24
2025-02-07 09:40:00,9,40,4,0,30,25
2025-02-07 09:45:00,9,45,4,0,31,19
2025-02-07 09:50:00,9,50,4,0,33,21
2025-02-07 09:55:00,9,55,4,0,24,17
2025-02-07 10:00:00,10,0,4,0,16,22
2025-02-07 10:05:00,10,5,4,0,20,15
2025-02-07 10:10:00,10,10,4,0,22,9
2025-02-07 10:15:00,10,15,4,0,20,6
2025-02-07 10:20:00,10,20,4,0,14,20
2025-02-07 10:25:00,10,25,4,0,11,15
2025-02-07 10:30:00,10,30,4,0,14,15
2025-02-07 10:35:00,10,35,4,0,19,18
2025-02-07 10:40:00,10,40,4,0,22,5
2025-02-07 10:45:00,10,45,4,0,18,10
2025-02-07 10:50:00,10,50,4,0,18,10
2025-02-07 10:55:00,10,55,4,0,13,13
2025-02-07 11:00:00,11,0,4,0,6,7
2025-02-07 11:05:00,11,5,4,0,11,5
2025-02-07 11:10:00,11,10,4,0,11,4
2025-02-07 11:15:00,11,15,4,0,10,14
2025-02-07 11:20:00,11,20,4,0,12,6
2025-02-07 11:25:00,11,25,4,0,13,6
2025-02-07 11:30:00,11,30,4,0,14,11
2025-02-07 11:35:00,11,35,4,0,10,6
2025-02-07 11:40:00,11,40,4,0,3,2
2025-02-07 11:45:00,11,45,4,0,9,2
2025-02-07 11:50:00,11,50,4,0,11,8
2025-02-07 11:55:00,11,55,4,0,15,10
2025-02-07 12:00:00,12,0,4,0,8,8
2025-02-07 12:05:00,12,5,4,0,12,10
2025-02-07 12:10:00,12,10,4,0,12,2
2025-02-07 12:15:00,12,15,4,0,11,3
2025-02-07 12:20:00,12,20,4,0,14,18
2025-02-07 12:25:00,12,25,4,0,8,14
2025-02-07 12:30:00,12,30,4,0,8,13
2025-02-07 12:35:00,12,35,4,0,11,7
2025-02-07 12:40:00,12,40,4,0,9,9
2025-02-07 12:45:00,12,45,4,0,13,10
2025-02-07 12:50:00,12,50,4,0,9,16
2025-02-07 12:55:00,12,55,4,0,13,13
2025-02-07 13:00:00,13,0,4,0,12,14
2025-02-07 13:05:00,13,5,4,0,13,11
2025-02-07 13:10:00,13,10,4,0,11,16
2025-02-07 13:15:00,13,15,4,0,12,14
2025-02-07 13:20:00,13,20,4,0,14,14
2025-02-07 13:25:00,13,25,4,0,15,11
2025-02-07 13:30:00,13,30,4,0,15,14
2025-02-07 13:35:00,13,35,4,0,22,11
2025-02-07 13:40:00,13,40,4,0,12,16
2025-02-07 13:45:00,13,45,4,0,16,17
2025-02-07 13:50:00,13,50,4,0,10,8
2025-02-07 13:55:00,13,55,4,0,19,17
2025-02-07 14:00:00,14,0,4,0,13,14
2025-02-07 14:05:00,14,5,4,0,17,22
2025-02-07 14:10:00,14,10,4,0,18,23
2025-02-07 14:15:00,14,15,4,0,21,20
2025-02-07 14:20:00,14,20,4,0,18,25
2025-02-07 14:25:00,14,25,4,0,19,26
2025-02-07 14:30:00,14,30,4,0,27,23
2025-02-07 14:35:00,14,35,4,0,24,31
2025-02-07 14:40:00,14,40,4,0,21,23
2025-02-07 14:45:00,14,45,4,0,23,33
2025-02-07 14:50:00,14,50,4,0,31,27
2025-02-07 14:55:00,14,55,4,0,24,26
2025-02-07 15:00:00,15,0,4,0,23,29
2025-02-07 15:05:00,15,5,4,0,24,27
2025-02-07 15:10:00,15,10,4,0,26,35
2025-02-07 15:15:00,15,15,4,0,26,27
2025-02-07 15:20:00,15,20,4,0,24,40
2025-02-07 15:25:00,15,25,4,0,25,31
2025-02-07 15:30:00,15,30,4,0,27,40
2025-02-07 15:35:00,15,35,4,0,34,37
2025-02-07 15:40:00,15,40,4,0,30,39
2025-02-07 15:45:00,15,45,4,0,32,37
2025-02-07 15:50:00,15,50,4,0,38,41
2025-02-07 15:55:00,15,55,4,0,39,41
2025-02-07 16:00:00,16,0,4,0,33,35
2025-02-07 16:05:00,16,5,4,0,32,38
2025-02-07 16:10:00,16,10,4,0,32,41
2025-02-07 16:15:00,16,15,4,0,39,40
2025-02-07 16:20:00,16,20,4,0,36,49
2025-02-07 16:25:00,16,25,4,0,35,44
2025-02-07 16:30:00,16,30,4,0,34,42
2025-02-07 16:35:00,16,35,4,0,34,43
2025-02-07 16:40:00,16,40,4,0,39,43
2025-02-07 16:45:00,16,45,4,0,33,45
2025-02-07 16:50:00,16,50,4,0,42,42
2025-02-07 16:55:00,16,55,4,0,36,43
2025-02-07 17:00:00,17,0,4,0,37,49
2025-02-07 17:05:00,17,5,4,0,33,47
2025-02-07 17:10:00,17,10,4,0,38,45
2025-02-07 17:15:00,17,15,4,0,36,46
2025-02-07 17:20:00,17,20,4,0,37,45
2025-02-07 17:25:00,17,25,4,0,43,44
2025-02-07 17:30:00,17,30,4,0,38,47
2025-02-07 17:35:00,17,35,4,0,34,46
2025-02-07 17:40:00,17,40,4,0,34,38
2025-02-07 17:45:00,17,45,4,0,38,43
2025-02-07 17:50:00,17,50,4,0,41,37
2025-02-07 17:55:00,17,55,4,0,36,45
2025-02-07 18:00:00,18,0,4,0,37,44
2025-02-07 18:05:00,18,5,4,0,36,38
2025-02-07 18:10:00,18,10,4,0,39,39
2025-02-07 18:15:00,18,15,4,0,25,30
2025-02-07 18:20:00,18,20,4,0,35,42
2025-02-07 18:25:00,18,25,4,0,35,40
2025-02-07 18:30:00,18,30,4,0,25,41
2025-02-07 18:35:00,18,35,4,0,26,41
2025-02-07 18:40:00,18,40,4,0,26,29
2025-02-07 18:45:00,18,45,4,0,26,37
2025-02-07 18:50:00,18,50,4,0,26,38
2025-02-07 18:55:00,18,55,4,0,28,25
2025-02-07 19:00:00,19,0,4,0,30,30
2025-02-07 19:05:00,19,5,4,0,30,28
2025-02-07 19:10:00,19,10,4,0,21,32
2025-02-07 19:15:00,19,15,4,0,21,18
2025-02-07 19:20:00,19,20,4,0,28,34
2025-02-07 19:25:00,19,25,4,0,25,25
2025-02-07 19:30:00,19,30,4,0,22,28
2025-02-07 19:35:00,19,35,4,0,23,23
2025-02-07 19:40:00,19,40,4,0,20,24
2025-02-07 19:45:00,19,45,4,0,22,12
2025-02-07 19:50:00,19,50,4,0,18,19
2025-02-07 19:55:00,19,55,4,0,19,23
2025-02-07 20:00:00,20,0,4,0,12,20
2025-02-07 20:05:00,20,5,4,0,14,12
2025-02-07 20:10:00,20,10,4,0,14,18
2025-02-07 20:15:00,20,15,4,0,15,13
2025-02-07 20:20:00,20,20,4,0,12,12
2025-02-07 20:25:00,20,25,4,0,13,9
2025-02-07 20:30:00,20,30,4,0,8,17
2025-02-07 20:35:00,20,35,4,0,16,18
2025-02-07 20:40:00,20,40,4,0,13,22
2025-02-07 20:45:00,20,45,4,0,6,7
2025-02-07 20:50:00,20,50,4,0,9,15
2025-02-07 20:55:00,20,55,4,0,14,15
2025-02-07 21:00:00,21,0,4,0,10,9
2025-02-07 21:05:00,21,5,4,0,9,7
2025-02-07 21:10:00,21,10,4,0,11,6
2025-02-07 21:15:00,21,15,4,0,13,8
2025-02-07 21:20:00,21,20,4,0,5,11
2025-02-07 21:25:00,21,25,4,0,13,15
2025-02-07 21:30:00,21,30,4,0,7,14
2025-02-07 21:35:00,21,35,4,0,10,2
2025-02-07 21:40:00,21,40,4,0,10,5
2025-02-07 21:45:00,21,45,4,0,8,14
2025-02-07 21:50:00,21,50,4,0,6,5
2025-02-07 21:55:00,21,55,4,0,8,8
2025-02-07 22:00:00,22,0,4,0,16,1
2025-02-07 22:05:00,22,5,4,0,4,12
2025-02-07 22:10:00,22,10,4,0,16,0
2025-02-07 22:15:00,22,15,4,0,8,1
2025-02-07 22:20:00,22,20,4,0,9,11
2025-02-07 22:25:00,22,25,4,0,4,15
2025-02-07 22:30:00,22,30,4,0,6,6
2025-02-07 22:35:00,22,35,4,0,7,7
2025-02-07 22:40:00,22,40,4,0,4,10
2025-02-07 22:45:00,22,45,4,0,8,8
2025-02-07 22:50:00,22,50,4,0,7,5
2025-02-07 22:55:00,22,55,4,0,16,5
2025-02-07 23:00:00,23,0,4,0,4,0
2025-02-07 23:05:00,23,5,4,0,9,7
2025-02-07 23:10:00,23,10,4,0,9,6
2025-02-07 23:15:00,23,15,4,0,4,5
2025-02-07 23:20:00,23,20,4,0,11,2
2025-02-07 23:25:00,23,25,4,0,7,3
2025-02-07 23:30:00,23,30,4,0,0,9
2025-02-07 23:35:00,23,35,4,0,11,10
2025-02-07 23:40:00,23,40,4,0,4,5
2025-02-07 23:45:00,23,45,4,0,4,4
2025-02-07 23:50:00,23,50,4,0,11,3
2025-02-07 23:55:00,23,55,4,0,7,10
2025-02-08 00:00:00,0,0,5,1,9,4
2025-02-08 00:05:00,0,5,5,1,10,6
2025-02-08 00:10:00,0,10,5,1,3,6
2025-02-08 00:15:00,0,15,5,1,9,3
2025-02-08 00:20:00,0,20,5,1,3,0
2025-02-08 00:25:00,0,25,5,1,15,0
2025-02-08 00:30:00,0,30,5,1,3,9
2025-02-08 00:35:00,0,35,5,1,10,1
2025-02-08 00:40:00,0,40,5,1,9,3
2025-02-08 00:45:00,0,45,5,1,7,0
2025-02-08 00:50:00,0,50,5,1,3,0
2025-02-08 00:55:00,0,55,5,1,5,1
2025-02-08 01:00:00,1,0,5,1,0,11
2025-02-08 01:05:00,1,5,5,1,6,7
2025-02-08 01:10:00,1,10,5,1,7,2
2025-02-08 01:15:00,1,15,5,1,6,9
2025-02-08 01:20:00,1,20,5,1,0,4
2025-02-08 01:25:00,1,25,5,1,1,10
2025-02-08 01:30:00,1,30,5,1,3,13
2025-02-08 01:35:00,1,35,5,1,7,8
2025-02-08 01:40:00,1,40,5,1,7,5
2025-02-08 01:45:00,1,45,5,1,5,7
2025-02-08 01:50:00,1,50,5,1,8,4
2025-02-08 01:55:00,1,55,5,1,2,0
2025-02-08 02:00:00,2,0,5,1,8,2
2025-02-08 02:05:00,2,5,5,1,8,0
2025-02-08 02:10:00,2,10,5,1,7,2
2025-02-08 02:15:00,2,15,5,1,5,11
2025-02-08 02:20:00,2,20,5,1,13,9
2025-02-08 02:25:00,2,25,5,1,8,6
2025-02-08 02:30:00,2,30,5,1,2,7
2025-02-08 02:35:00,2,35,5,1,7,0
2025-02-08 02:40:00,2,40,5,1,9,7
2025-02-08 02:45:00,2,45,5,1,3,8
2025-02-08 02:50:00,2,50,5,1,10,0
2025-02-08 02:55:00,2,55,5,1,7,7
2025-02-08 03:00:00,3,0,5,1,0,0
2025-02-08 03:05:00,3,5,5,1,7,0
2025-02-08 03:10:00,3,10,5,1,4,10
2025-02-08 03:15:00,3,15,5,1,8,0
2025-02-08 03:20:00,3,20,5,1,10,1
2025-02-08 03:25:00,3,25,5,1,7,8
2025-02-08 03:30:00,3,30,5,1,13,3
2025-02-08 03:35:00,3,35,5,1,5,4
2025-02-08 03:40:00,3,40,5,1,8,4
2025-02-08 03:45:00,3,45,5,1,9,6
2025-02-08 03:50:00,3,50,5,1,6,4
2025-02-08 03:55:00,3,55,5,1,9,5
2025-02-08 04:00:00,4,0,5,1,4,3
2025-02-08 04:05:00,4,5,5,1,5,6
2025-02-08 04:10:00,4,10,5,1,1,6
2025-02-08 04:15:00,4,15,5,1,8,13
2025-02-08 04:20:00,4,20,5,1,8,4
2025-02-08 04:25:00,4,25,5,1,12,4
2025-02-08 04:30:00,4,30,5,1,10,6
2025-02-08 04:35:00,4,35,5,1,6,9
2025-02-08 04:40:00,4,40,5,1,3,1
2025-02-08 04:45:00,4,45,5,1,10,6
2025-02-08 04:50:00,4,50,5,1,13,0
2025-02-08 04:55:00,4,55,5,1,12,5
2025-02-08 05:00:00,5,0,5,1,13,11
2025-02-08 05:05:00,5,5,5,1,8,4
2025-02-08 05:10:00,5,10,5,1,8,8
2025-02-08 05:15:00,5,15,5,1,7,5
2025-02-08 05:20:00,5,20,5,1,10,4
2025-02-08 05:25:00,5,25,5,1,11,12
2025-02-08 05:30:00,5,30,5,1,13,4
2025-02-08 05:35:00,5,35,5,1,12,10
2025-02-08 05:40:00,5,40,5,1,12,11
2025-02-08 05:45:00,5,45,5,1,10,6
2025-02-08 05:50:00,5,50,5,1,18,11
2025-02-08 05:55:00,5,55,5,1,15,7
2025-02-08 06:00:00,6,0,5,1,15,13
2025-02-08 06:05:00,6,5,5,1,13,7
2025-02-08 06:10:00,6,10,5,1,12,11
2025-02-08 06:15:00,6,15,5,1,23,12
2025-02-08 06:20:00,6,20,5,1,21,18
2025-02-08 06:25:00,6,25,5,1,13,15
2025-02-08 06:30:00,6,30,5,1,24,19
2025-02-08 06:35:00,6,35,5,1,25,18
2025-02-08 06:40:00,6,40,5,1,23,18
2025-02-08 06:45:00,6,45,5,1,29,15
2025-02-08 06:50:00,6,50,5,1,25,21
2025-02-08 06:55:00,6,55,5,1,19,16
2025-02-08 07:00:00,7,0,5,1,27,11
2025-02-08 07:05:00,7,5,5,1,27,18
2025-02-08 07:10:00,7,10,5,1,24,21
2025-02-08 07:15:00,7,15,5,1,30,13
2025-02-08 07:20:00,7,20,5,1,21,17
2025-02-08 07:25:00,7,25,5,1,32,16
2025-02-08 07:30:00,7,30,5,1,25,24
2025-02-08 07:35:00,7,35,5,1,25,28
2025-02-08 07:40:00,7,40,5,1,29,20
2025-02-08 07:45:00,7,45,5,1,31,24
2025-02-08 07:50:00,7,50,5,1,31,24
2025-02-08 07:55:00,7,55,5,1,27,28
2025-02-08 08:00:00,8,0,5,1,28,19
2025-02-08 08:05:00,8,5,5,1,26,21
2025-02-08 08:10:00,8,10,5,1,29,20
2025-02-08 08:15:00,8,15,5,1,34,22
2025-02-08 08:20:00,8,20,5,1,29,31
2025-02-08 08:25:00,8,25,5,1,33,21
2025-02-08 08:30:00,8,30,5,1,35,17
2025-02-08 08:35:00,8,35,5,1,26,16
2025-02-08 08:40:00,8,40,5,1,27,25
2025-02-08 08:45:00,8,45,5,1,36,16
2025-02-08 08:50:00,8,50,5,1,32,22
2025-02-08 08:55:00,8,55,5,1,19,16
2025-02-08 09:00:00,9,0,5,1,27,13
2025-02-08 09:05:00,9,5,5,1,24,20
2025-02-08 09:10:00,9,10,5,1,27,15
2025-02-08 09:15:00,9,15,5,1,20,18
2025-02-08 09:20:00,9,20,5,1,19,18
2025-02-08 09:25:00,9,25,5,1,19,18
2025-02-08 09:30:00,9,30,5,1,18,14
2025-02-08 09:35:00,9,35,5,1,23,17
2025-02-08 09:40:00,9,40,5,1,14,10
2025-02-08 09:45:00,9,45,5,1,16,3
2025-02-08 09:50:00,9,50,5,1,10,15
2025-02-08 09:55:00,9,55,5,1,20,13
2025-02-08 10:00:00,10,0,5,1,21,9
2025-02-08 10:05:00,10,5,5,1,14,5
2025-02-08 10:10:00,10,10,5,1,13,2
2025-02-08 10:15:00,10,15,5,1,15,10
2025-02-08 10:20:00,10,20,5,1,19,16
2025-02-08 10:25:00,10,25,5,1,14,9
2025-02-08 10:30:00,10,30,5,1,9,7
2025-02-08 10:35:00,10,35,5,1,5,8
2025-02-08 10:40:00,10,40,5,1,6,17
2025-02-08 10:45:00,10,45,5,1,11,11
2025-02-08 10:50:00,10,50,5,1,7,4
2025-02-08 10:55:00,10,55,5,1,10,7
2025-02-08 11:00:00,11,0,5,1,7,8
2025-02-08 11:05:00,11,5,5,1,5,2
2025-02-08 11:10:00,11,10,5,1,4,10
2025-02-08 11:15:00,11,15,5,1,15,3
2025-02-08 11:20:00,11,20,5,1,12,0
2025-02-08 11:25:00,11,25,5,1,15,6
2025-02-08 11:30:00,11,30,5,1,10,6
2025-02-08 11:35:00,11,35,5,1,6,6
2025-02-08 11:40:00,11,40,5,1,13,3
2025-02-08 11:45:00,11,45,5,1,7,3
2025-02-08 11:50:00,11,50,5,1,8,10
2025-02-08 11:55:00,11,55,5,1,7,8
2025-02-08 12:00:00,12,0,5,1,0,2
2025-02-08 12:05:00,12,5,5,1,14,0
2025-02-08 12:10:00,12,10,5,1,9,2
2025-02-08 12:15:00,12,15,5,1,9,7
2025-02-08 12:20:00,12,20,5,1,7,4
2025-02-08 12:25:00,12,25,5,1,8,4
2025-02-08 12:30:00,12,30,5,1,5,4
2025-02-08 12:35:00,12,35,5,1,10,7
2025-02-08 12:40:00,12,40,5,1,3,10
2025-02-08 12:45:00,12,45,5,1,9,7
2025-02-08 12:50:00,12,50,5,1,10,8
2025-02-08 12:55:00,12,55,5,1,8,7
2025-02-08 13:00:00,13,0,5,1,10,6
2025-02-08 13:05:00,13,5,5,1,5,12
2025-02-08 13:10:00,13,10,5,1,5,12
2025-02-08 13:15:00,13,15,5,1,10,17
2025-02-08 13:20:00,13,20,5,1,12,12
2025-02-08 13:25:00,13,25,5,1,2,8
2025-02-08 13:30:00,13,30,5,1,12,7
2025-02-08 13:35:00,13,35,5,1,8,15
2025-02-08 13:40:00,13,40,5,1,10,8
2025-02-08 13:45:00,13,45,5,1,6,15
2025-02-08 13:50:00,13,50,5,1,8,9
2025-02-08 13:55:00,13,55,5,1,16,14
2025-02-08 14:00:00,14,0,5,1,13,9
2025-02-08 14:05:00,14,5,5,1,11,17
2025-02-08 14:10:00,14,10,5,1,13,10
2025-02-08 14:15:00,14,15,5,1,16,16
2025-02-08 14:20:00,14,20,5,1,16,15
2025-02-08 14:25:00,14,25,5,1,14,17
2025-02-08 14:30:00,14,30,5,1,20,15
2025-02-08 14:35:00,14,35,5,1,20,16
2025-02-08 14:40:00,14,40,5,1,18,19
2025-02-08 14:45:00,14,45,5,1,17,15
2025-02-08 14:50:00,14,50,5,1,20,16
2025-02-08 14:55:00,14,55,5,1,19,19
2025-02-08 15:00:00,15,0,5,1,23,20
2025-02-08 15:05:00,15,5,5,1,22,18
2025-02-08 15:10:00,15,10,5,1,15,26
2025-02-08 15:15:00,15,15,5,1,16,22
2025-02-08 15:20:00,15,20,5,1,18,23
2025-02-08 15:25:00,15,25,5,1,25,19
2025-02-08 15:30:00,15,30,5,1,15,34
2025-02-08 15:35:00,15,35,5,1,24,36
2025-02-08 15:40:00,15,40,5,1,24,23
2025-02-08 15:45:00,15,45,5,1,28,32
2025-02-08 15:50:00,15,50,5,1,24,27
2025-02-08 15:55:00,15,55,5,1,18,35
2025-02-08 16:00:00,16,0,5,1,20,30
2025-02-08 16:05:00,16,5,5,1,20,30
2025-02-08 16:10:00,16,10,5,1,23,20
2025-02-08 16:15:00,16,15,5,1,24,27
2025-02-08 16:20:00,16,20,5,1,21,31
2025-02-08 16:25:00,16,25,5,1,32,32
2025-02-08 16:30:00,16,30,5,1,21,26
2025-02-08 16:35:00,16,35,5,1,32,29
2025-02-08 16:40:00,16,40,5,1,31,34
2025-02-08 16:45:00,16,45,5,1,30,26
2025-02-08 16:50:00,16,50,5,1,24,33
2025-02-08 16:55:00,16,55,5,1,28,37
2025-02-08 17:00:00,17,0,5,1,21,34
2025-02-08 17:05:00,17,5,5,1,30,34
2025-02-08 17:10:00,17,10,5,1,26,24
2025-02-08 17:15:00,17,15,5,1,25,29
2025-02-08 17:20:00,17,20,5,1,21,40
2025-02-08 17:25:00,17,25,5,1,16,29
2025-02-08 17:30:00,17,30,5,1,22,36
2025-02-08 17:35:00,17,35,5,1,30,29
2025-02-08 17:40:00,17,40,5,1,24,30
2025-02-08 17:45:00,17,45,5,1,24,32
2025-02-08 17:50:00,17,50,5,1,27,30
2025-02-08 17:55:00,17,55,5,1,32,31
2025-02-08 18:00:00,18,0,5,1,29,26
2025-02-08 18:05:00,18,5,5,1,20,24
2025-02-08 18:10:00,18,10,5,1,16,24
2025-02-08 18:15:00,18,15,5,1,32,25
2025-02-08 18:20:00,18,20,5,1,31,26
2025-02-08 18:25:00,18,25,5,1,23,30
2025-02-08 18:30:00,18,30,5,1,16,26
2025-02-08 18:35:00,18,35,5,1,25,27
2025-02-08 18:40:00,18,40,5,1,20,25
2025-02-08 18:45:00,18,45,5,1,19,19
2025-02-08 18:50:00,18,50,5,1,23,23
2025-02-08 18:55:00,18,55,5,1,20,22
2025-02-08 19:00:00,19,0,5,1,14,24
2025-02-08 19:05:00,19,5,5,1,17,16
2025-02-08 19:10:00,19,10,5,1,20,12
2025-02-08 19:15:00,19,15,5,1,19,20
2025-02-08 19:20:00,19,20,5,1,17,20
2025-02-08 19:25:00,19,25,5,1,19,17
2025-02-08 19:30:00,19,30,5,1,14,17
2025-02-08 19:35:00,19,35,5,1,15,20
2025-02-08 19:40:00,19,40,5,1,1,14
2025-02-08 19:45:00,19,45,5,1,12,14
2025-02-08 19:50:00,19,50,5,1,16,15
2025-02-08 19:55:00,19,55,5,1,11,9
2025-02-08 20:00:00,20,0,5,1,11,13
2025-02-08 20:05:00,20,5,5,1,8,12
2025-02-08 20:10:00,20,10,5,1,16,19
2025-02-08 20:15:00,20,15,5,1,13,10
2025-02-08 20:20:00,20,20,5,1,14,12
2025-02-08 20:25:00,20,25,5,1,4,14
2025-02-08 20:30:00,20,30,5,1,9,7
2025-02-08 20:35:00,20,35,5,1,9,15
2025-02-08 20:40:00,20,40,5,1,8,16
2025-02-08 20:45:00,20,45,5,1,7,9
2025-02-08 20:50:00,20,50,5,1,8,7
2025-02-08 20:55:00,20,55,5,1,12,15
2025-02-08 21:00:00,21,0,5,1,1,11
2025-02-08 21:05:00,21,5,5,1,15,8
2025-02-08 21:10:00,21,10,5,1,10,13
2025-02-08 21:15:00,21,15,5,1,8,12
2025-02-08 21:20:00,21,20,5,1,11,6
2025-02-08 21:25:00,21,25,5,1,2,8
2025-02-08 21:30:00,21,30,5,1,5,9
2025-02-08 21:35:00,21,35,5,1,7,6
2025-02-08 21:40:00,21,40,5,1,12,0
2025-02-08 21:45:00,21,45,5,1,7,2
2025-02-08 21:50:00,21,50,5,1,9,0
2025-02-08 21:55:00,21,55,5,1,4,8
2025-02-08 22:00:00,22,0,5,1,8,1
2025-02-08 22:05:00,22,5,5,1,13,6
2025-02-08 22:10:00,22,10,5,1,10,13
2025-02-08 22:15:00,22,15,5,1,6,11
2025-02-08 22:20:00,22,20,5,1,9,0
2025-02-08 22:25:00,22,25,5,1,8,0
2025-02-08 22:30:00,22,30,5,1,8,2
2025-02-08 22:35:00,22,35,5,1,10,0
2025-02-08 22:40:00,22,40,5,1,10,0
2025-02-08 22:45:00,22,45,5,1,5,5
2025-02-08 22:50:00,22,50,5,1,8,7
2025-02-08 22:55:00,22,55,5,1,4,8
2025-02-08 23:00:00,23,0,5,1,2,3
2025-02-08 23:05:00,23,5,5,1,5,3
2025-02-08 23:10:00,23,10,5,1,5,6
2025-02-08 23:15:00,23,15,5,1,0,4
2025-02-08 23:20:00,23,20,5,1,9,8
2025-02-08 23:25:00,23,25,5,1,0,6
2025-02-08 23:30:00,23,30,5,1,17,3
2025-02-08 23:35:00,23,35,5,1,12,0
2025-02-08 23:40:00,23,40,5,1,5,10
2025-02-08 23:45:00,23,45,5,1,6,2
2025-02-08 23:50:00,23,50,5,1,7,6
2025-02-08 23:55:00,23,55,5,1,3,0
2025-02-09 00:00:00,0,0,6,1,6,4
2025-02-09 00:05:00,0,5,6,1,5,5
2025-02-09 00:10:00,0,10,6,1,5,5
2025-02-09 00:15:00,0,15,6,1,6,16
2025-02-09 00:20:00,0,20,6,1,0,2
2025-02-09 00:25:00,0,25,6,1,6,7
2025-02-09 00:30:00,0,30,6,1,6,6
2025-02-09 00:35:00,0,35,6,1,6,1
2025-02-09 00:40:00,0,40,6,1,5,7
2025-02-09 00:45:00,0,45,6,1,10,4
2025-02-09 00:50:00,0,50,6,1,4,8
2025-02-09 00:55:00,0,55,6,1,7,12
2025-02-09 01:00:00,1,0,6,1,11,5
2025-02-09 01:05:00,1,5,6,1,5,3
2025-02-09 01:10:00,1,10,6,1,6,8
2025-02-09 01:15:00,1,15,6,1,5,10
2025-02-09 01:20:00,1,20,6,1,11,1
2025-02-09 01:25:00,1,25,6,1,5,2
2025-02-09 01:30:00,1,30,6,1,11,7
2025-02-09 01:35:00,1,35,6,1,5,4
2025-02-09 01:40:00,1,40,6,1,2,0
2025-02-09 01:45:00,1,45,6,1,8,6
2025-02-09 01:50:00,1,50,6,1,4,7
2025-02-09 01:55:00,1,55,6,1,8,3
2025-02-09 02:00:00,2,0,6,1,0,4
2025-02-09 02:05:00,2,5,6,1,6,2
2025-02-09 02:10:00,2,10,6,1,4,0
2025-02-09 02:15:00,2,15,6,1,1,2
2025-02-09 02:20:00,2,20,6,1,3,5
2025-02-09 02:25:00,2,25,6,1,3,0
2025-02-09 02:30:00,2,30,6,1,5,3
2025-02-09 02:35:00,2,35,6,1,0,5
2025-02-09 02:40:00,2,40,6,1,7,9
2025-02-09 02:45:00,2,45,6,1,11,3
2025-02-09 02:50:00,2,50,6,1,7,0
2025-02-09 02:55:00,2,55,6,1,9,3
2025-02-09 03:00:00,3,0,6,1,10,2
2025-02-09 03:05:00,3,5,6,1,11,6
2025-02-09 03:10:00,3,10,6,1,13,3
2025-02-09 03:15:00,3,15,6,1,4,0
2025-02-09 03:20:00,3,20,6,1,3,19
2025-02-09 03:25:00,3,25,6,1,9,5
2025-02-09 03:30:00,3,30,6,1,9,5
2025-02-09 03:35:00,3,35,6,1,9,0
2025-02-09 03:40:00,3,40,6,1,14,0
2025-02-09 03:45:00,3,45,6,1,6,4
2025-02-09 03:50:00,3,50,6,1,8,6
2025-02-09 03:55:00,3,55,6,1,2,7
2025-02-09 04:00:00,4,0,6,1,15,6
2025-02-09 04:05:00,4,5,6,1,5,0
2025-02-09 04:10:00,4,10,6,1,5,0
2025-02-09 04:15:00,4,15,6,1,5,5
2025-02-09 04:20:00,4,20,6,1,4,3
2025-02-09 04:25:00,4,25,6,1,4,0
2025-02-09 04:30:00,4,30,6,1,5,9
2025-02-09 04:35:00,4,35,6,1,2,0
2025-02-09 04:40:00,4,40,6,1,5,8
2025-02-09 04:45:00,4,45,6,1,16,0
2025-02-09 04:50:00,4,50,6,1,11,7
2025-02-09 04:55:00,4,55,6,1,12,10
2025-02-09 05:00:00,5,0,6,1,14,5
2025-02-09 05:05:00,5,5,6,1,17,14
2025-02-09 05:10:00,5,10,6,1,3,15
2025-02-09 05:15:00,5,15,6,1,5,8
2025-02-09 05:20:00,5,20,6,1,7,10
2025-02-09 05:25:00,5,25,6,1,9,12
2025-02-09 05:30:00,5,30,6,1,11,11
2025-02-09 05:35:00,5,35,6,1,11,11
2025-02-09 05:40:00,5,40,6,1,14,7
2025-02-09 05:45:00,5,45,6,1,14,3
2025-02-09 05:50:00,5,50,6,1,11,5
2025-02-09 05:55:00,5,55,6,1,6,20
2025-02-09 06:00:00,6,0,6,1,12,13
2025-02-09 06:05:00,6,5,6,1,14,11
2025-02-09 06:10:00,6,10,6,1,16,18
2025-02-09 06:15:00,6,15,6,1,13,10
2025-02-09 06:20:00,6,20,6,1,17,16
2025-02-09 06:25:00,6,25,6,1,15,15
2025-02-09 06:30:00,6,30,6,1,20,17
2025-02-09 06:35:00,6,35,6,1,17,14
2025-02-09 06:40:00,6,40,6,1,19,12
2025-02-09 06:45:00,6,45,6,1,18,13
2025-02-09 06:50:00,6,50,6,1,23,14
2025-02-09 06:55:00,6,55,6,1,21,18
2025-02-09 07:00:00,7,0,6,1,29,12
2025-02-09 07:05:00,7,5,6,1,28,14
2025-02-09 07:10:00,7,10,6,1,26,20
2025-02-09 07:15:00,7,15,6,1,24,19
2025-02-09 07:20:00,7,20,6,1,29,21
2025-02-09 07:25:00,7,25,6,1,31,20
2025-02-09 07:30:00,7,30,6,1,29,31
2025-02-09 07:35:00,7,35,6,1,36,22
2025-02-09 07:40:00,7,40,6,1,31,20
2025-02-09 07:45:00,7,45,6,1,33,22
2025-02-09 07:50:00,7,50,6,1,30,26
2025-02-09 07:55:00,7,55,6,1,33,21
2025-02-09 08:00:00,8,0,6,1,27,24
2025-02-09 08:05:00,8,5,6,1,28,23
2025-02-09 08:10:00,8,10,6,1,31,20
2025-02-09 08:15:00,8,15,6,1,31,22
2025-02-09 08:20:00,8,20,6,1,32,28
2025-02-09 08:25:00,8,25,6,1,34,22
2025-02-09 08:30:00,8,30,6,1,23,17
2025-02-09 08:35:00,8,35,6,1,24,19
2025-02-09 08:40:00,8,40,6,1,29,12
2025-02-09 08:45:00,8,45,6,1,24,20
2025-02-09 08:50:00,8,50,6,1,40,24
2025-02-09 08:55:00,8,55,6,1,28,13
2025-02-09 09:00:00,9,0,6,1,25,19
2025-02-09 09:05:00,9,5,6,1,22,22
2025-02-09 09:10:00,9,10,6,1,22,22
2025-02-09 09:15:00,9,15,6,1,23,22
2025-02-09 09:20:00,9,20,6,1,23,9
2025-02-09 09:25:00,9,25,6,1,19,17
2025-02-09 09:30:00,9,30,6,1,19,9
2025-02-09 09:35:00,9,35,6,1,25,10
2025-02-09 09:40:00,9,40,6,1,24,17
2025-02-09 09:45:00,9,45,6,1,19,14
2025-02-09 09:50:00,9,50,6,1,12,15
2025-02-09 09:55:00,9,55,6,1,19,8
2025-02-09 10:00:00,10,0,6,1,22,17
2025-02-09 10:05:00,10,5,6,1,20,14
2025-02-09 10:10:00,10,10,6,1,17,14
2025-02-09 10:15:00,10,15,6,1,19,6
2025-02-09 10:20:00,10,20,6,1,13,14
2025-02-09 10:25:00,10,25,6,1,15,8
2025-02-09 10:30:00,10,30,6,1,9,6
2025-02-09 10:35:00,10,35,6,1,12,11
2025-02-09 10:40:00,10,40,6,1,16,10
2025-02-09 10:45:00,10,45,6,1,8,4
2025-02-09 10:50:00,10,50,6,1,6,16
2025-02-09 10:55:00,10,55,6,1,10,14
2025-02-09 11:00:00,11,0,6,1,8,9
2025-02-09 11:05:00,11,5,6,1,11,8
2025-02-09 11:10:00,11,10,6,1,7,8
2025-02-09 11:15:00,11,15,6,1,15,0
2025-02-09 11:20:00,11,20,6,1,3,7
2025-02-09 11:25:00,11,25,6,1,13,6
2025-02-09 11:30:00,11,30,6,1,5,4
2025-02-09 11:35:00,11,35,6,1,0,5
2025-02-09 11:40:00,11,40,6,1,8,0
2025-02-09 11:45:00,11,45,6,1,6,1
2025-02-09 11:50:00,11,50,6,1,3,10
2025-02-09 11:55:00,11,55,6,1,1,13
2025-02-09 12:00:00,12,0,6,1,7,2
2025-02-09 12:05:00,12,5,6,1,11,7
2025-02-09 12:10:00,12,10,6,1,10,10
2025-02-09 12:15:00,12,15,6,1,8,4
2025-02-09 12:20:00,12,20,6,1,9,9
2025-02-09 12:25:00,12,25,6,1,7,6
2025-02-09 12:30:00,12,30,6,1,2,11
2025-02-09 12:35:00,12,35,6,1,2,2
2025-02-09 12:40:00,12,40,6,1,7,3
2025-02-09 12:45:00,12,45,6,1,7,8
2025-02-09 12:50:00,12,50,6,1,12,8
2025-02-09 12:55:00,12,55,6,1,11,8
2025-02-09 13:00:00,13,0,6,1,11,10
2025-02-09 13:05:00,13,5,6,1,8,5
2025-02-09 13:10:00,13,10,6,1,3,3
2025-02-09 13:15:00,13,15,6,1,11,7
2025-02-09 13:20:00,13,20,6,1,12,8
2025-02-09 13:25:00,13,25,6,1,0,9
2025-02-09 13:30:00,13,30,6,1,7,15
2025-02-09 13:35:00,13,35,6,1,8,14
2025-02-09 13:40:00,13,40,6,1,11,13
2025-02-09 13:45:00,13,45,6,1,8,13
2025-02-09 13:50:00,13,50,6,1,11,10
2025-02-09 13:55:00,13,55,6,1,11,9
2025-02-09 14:00:00,14,0,6,1,12,9
2025-02-09 14:05:00,14,5,6,1,10,11
2025-02-09 14:10:00,14,10,6,1,11,14
2025-02-09 14:15:00,14,15,6,1,9,10
2025-02-09 14:20:00,14,20,6,1,16,16
2025-02-09 14:25:00,14,25,6,1,17,16
2025-02-09 14:30:00,14,30,6,1,12,15
2025-02-09 14:35:00,14,35,6,1,22,22
2025-02-09 14:40:00,14,40,6,1,15,9
2025-02-09 14:45:00,14,45,6,1,23,18
2025-02-09 14:50:00,14,50,6,1,15,10
2025-02-09 14:55:00,14,55,6,1,10,21
2025-02-09 15:00:00,15,0,6,1,20,24
2025-02-09 15:05:00,15,5,6,1,20,16
2025-02-09 15:10:00,15,10,6,1,20,18
2025-02-09 15:15:00,15,15,6,1,17,17
2025-02-09 15:20:00,15,20,6,1,20,24
2025-02-09 15:25:00,15,25,6,1,19,23
2025-02-09 15:30:00,15,30,6,1,20,24
2025-02-09 15:35:00,15,35,6,1,25,25
2025-02-09 15:40:00,15,40,6,1,23,23
2025-02-09 15:45:00,15,45,6,1,25,32
2025-02-09 15:50:00,15,50,6,1,22,29
2025-02-09 15:55:00,15,55,6,1,22,24
2025-02-09 16:00:00,16,0,6,1,20,26
2025-02-09 16:05:00,16,5,6,1,23,26
2025-02-09 16:10:00,16,10,6,1,12,35
2025-02-09 16:15:00,16,15,6,1,23,33
2025-02-09 16:20:00,16,20,6,1,25,30
2025-02-09 16:25:00,16,25,6,1,28,38
2025-02-09 16:30:00,16,30,6,1,25,37
2025-02-09 16:35:00,16,35,6,1,28,31
2025-02-09 16:40:00,16,40,6,1,18,30
2025-02-09 16:45:00,16,45,6,1,26,31
2025-02-09 16:50:00,16,50,6,1,20,28
2025-02-09 16:55:00,16,55,6,1,22,39
2025-02-09 17:00:00,17,0,6,1,26,28
2025-02-09 17:05:00,17,5,6,1,32,36
2025-02-09 17:10:00,17,10,6,1,28,35
2025-02-09 17:15:00,17,15,6,1,27,31
2025-02-09 17:20:00,17,20,6,1,26,39
2025-02-09 17:25:00,17,25,6,1,23,25
2025-02-09 17:30:00,17,30,6,1,24,31
2025-02-09 17:35:00,17,35,6,1,27,29
2025-02-09 17:40:00,17,40,6,1,20,35
2025-02-09 17:45:00,17,45,6,1,28,32
2025-02-09 17:50:00,17,50,6,1,23,23
2025-02-09 17:55:00,17,55,6,1,28,34
2025-02-09 18:00:00,18,0,6,1,28,31
2025-02-09 18:05:00,18,5,6,1,17,24
2025-02-09 18:10:00,18,10,6,1,21,26
2025-02-09 18:15:00,18,15,6,1,19,22
2025-02-09 18:20:00,18,20,6,1,15,26
2025-02-09 18:25:00,18,25,6,1,18,27
2025-02-09 18:30:00,18,30,6,1,31,24
2025-02-09 18:35:00,18,35,6,1,23,23
2025-02-09 18:40:00,18,40,6,1,28,18
2025-02-09 18:45:00,18,45,6,1,23,25
2025-02-09 18:50:00,18,50,6,1,16,15
2025-02-09 18:55:00,18,55,6,1,17,22
2025-02-09 19:00:00,19,0,6,1,21,14
2025-02-09 19:05:00,19,5,6,1,20,21
2025-02-09 19:10:00,19,10,6,1,15,20
2025-02-09 19:15:00,19,15,6,1,11,21
2025-02-09 19:20:00,19,20,6,1,29,22
2025-02-09 19:25:00,19,25,6,1,15,22
2025-02-09 19:30:00,19,30,6,1,14,11
2025-02-09 19:35:00,19,35,6,1,15,16
2025-02-09 19:40:00,19,40,6,1,13,24
2025-02-09 19:45:00,19,45,6,1,14,16
2025-02-09 19:50:00,19,50,6,1,18,11
2025-02-09 19:55:00,19,55,6,1,12,14
2025-02-09 20:00:00,20,0,6,1,8,12
2025-02-09 20:05:00,20,5,6,1,11,8
2025-02-09 20:10:00,20,10,6,1,10,16
2025-02-09 20:15:00,20,15,6,1,17,14
2025-02-09 20:20:00,20,20,6,1,16,6
2025-02-09 20:25:00,20,25,6,1,11,10
2025-02-09 20:30:00,20,30,6,1,5,8
2025-02-09 20:35:00,20,35,6,1,5,3
2025-02-09 20:40:00,20,40,6,1,10,4
2025-02-09 20:45:00,20,45,6,1,11,4
2025-02-09 20:50:00,20,50,6,1,7,8
2025-02-09 20:55:00,20,55,6,1,7,6
2025-02-09 21:00:00,21,0,6,1,6,4
2025-02-09 21:05:00,21,5,6,1,8,6
2025-02-09 21:10:00,21,10,6,1,0,10
2025-02-09 21:15:00,21,15,6,1,3,9
2025-02-09 21:20:00,21,20,6,1,5,11
2025-02-09 21:25:00,21,25,6,1,12,6
2025-02-09 21:30:00,21,30,6,1,4,13
2025-02-09 21:35:00,21,35,6,1,8,8
2025-02-09 21:40:00,21,40,6,1,8,4
2025-02-09 21:45:00,21,45,6,1,12,6
2025-02-09 21:50:00,21,50,6,1,12,1
2025-02-09 21:55:00,21,55,6,1,6,4
2025-02-09 22:00:00,22,0,6,1,5,7
2025-02-09 22:05:00,22,5,6,1,4,8
2025-02-09 22:10:00,22,10,6,1,5,4
2025-02-09 22:15:00,22,15,6,1,5,16
2025-02-09 22:20:00,22,20,6,1,8,4
2025-02-09 22:25:00,22,25,6,1,8,0
2025-02-09 22:30:00,22,30,6,1,8,10
2025-02-09 22:35:00,22,35,6,1,11,7
2025-02-09 22:40:00,22,40,6,1,13,6
2025-02-09 22:45:00,22,45,6,1,6,3
2025-02-09 22:50:00,22,50,6,1,10,6
2025-02-09 22:55:00,22,55,6,1,4,11
2025-02-09 23:00:00,23,0,6,1,11,5
2025-02-09 23:05:00,23,5,6,1,10,0
2025-02-09 23:10:00,23,10,6,1,10,0
2025-02-09 23:15:00,23,15,6,1,6,6
2025-02-09 23:20:00,23,20,6,1,3,0
2025-02-09 23:25:00,23,25,6,1,0,4
2025-02-09 23:30:00,23,30,6,1,6,1
2025-02-09 23:35:00,23,35,6,1,12,1
2025-02-09 23:40:00,23,40,6,1,4,1
2025-02-09 23:45:00,23,45,6,1,9,2
2025-02-09 23:50:00,23,50,6,1,9,7
2025-02-09 23:55:00,23,55,6,1,5,7
2025-02-10 00:00:00,0,0,0,0,13,1
2025-02-10 00:05:00,0,5,0,0,0,2
2025-02-10 00:10:00,0,10,0,0,3,8
2025-02-10 00:15:00,0,15,0,0,4,10
2025-02-10 00:20:00,0,20,0,0,5,10
2025-02-10 00:25:00,0,25,0,0,9,2
2025-02-10 00:30:00,0,30,0,0,9,10
2025-02-10 00:35:00,0,35,0,0,10,0
2025-02-10 00:40:00,0,40,0,0,10,5
2025-02-10 00:45:00,0,45,0,0,4,8
2025-02-10 00:50:00,0,50,0,0,3,0
2025-02-10 00:55:00,0,55,0,0,10,14
2025-02-10 01:00:00,1,0,0,0,5,11
2025-02-10 01:05:00,1,5,0,0,2,9
2025-02-10 01:10:00,1,10,0,0,12,2
2025-02-10 01:15:00,1,15,0,0,14,6
2025-02-10 01:20:00,1,20,0,0,14,9
2025-02-10 01:25:00,1,25,0,0,9,2
2025-02-10 01:30:00,1,30,0,0,11,5
2025-02-10 01:35:00,1,35,0,0,13,10
2025-02-10 01:40:00,1,40,0,0,5,0
2025-02-10 01:45:00,1,45,0,0,12,7
2025-02-10 01:50:00,1,50,0,0,9,0
2025-02-10 01:55:00,1,55,0,0,12,2
2025-02-10 02:00:00,2,0,0,0,9,4
2025-02-10 02:05:00,2,5,0,0,13,8
2025-02-10 02:10:00,2,10,0,0,9,3
2025-02-10 02:15:00,2,15,0,0,2,7
2025-02-10 02:20:00,2,20,0,0,14,3
2025-02-10 02:25:00,2,25,0,0,4,4
2025-02-10 02:30:00,2,30,0,0,13,11
2025-02-10 02:35:00,2,35,0,0,8,1
2025-02-10 02:40:00,2,40,0,0,13,9
2025-02-10 02:45:00,2,45,0,0,13,6
2025-02-10 02:50:00,2,50,0,0,10,4
2025-02-10 02:55:00,2,55,0,0,10,1
2025-02-10 03:00:00,3,0,0,0,10,2
2025-02-10 03:05:00,3,5,0,0,0,3
2025-02-10 03:10:00,3,10,0,0,9,6
2025-02-10 03:15:00,3,15,0,0,4,9
2025-02-10 03:20:00,3,20,0,0,9,5
2025-02-10 03:25:00,3,25,0,0,4,5
2025-02-10 03:30:00,3,30,0,0,4,6
2025-02-10 03:35:00,3,35,0,0,15,8
2025-02-10 03:40:00,3,40,0,0,13,9
2025-02-10 03:45:00,3,45,0,0,9,1
2025-02-10 03:50:00,3,50,0,0,9,5
2025-02-10 03:55:00,3,55,0,0,8,12
2025-02-10 04:00:00,4,0,0,0,11,1
2025-02-10 04:05:00,4,5,0,0,6,7
2025-02-10 04:10:00,4,10,0,0,13,6
2025-02-10 04:15:00,4,15,0,0,9,5
2025-02-10 04:20:00,4,20,0,0,8,14
2025-02-10 04:25:00,4,25,0,0,10,8
2025-02-10 04:30:00,4,30,0,0,8,14
2025-02-10 04:35:00,4,35,0,0,12,8
2025-02-10 04:40:00,4,40,0,0,9,10
2025-02-10 04:45:00,4,45,0,0,13,6
2025-02-10 04:50:00,4,50,0,0,17,6
2025-02-10 04:55:00,4,55,0,0,9,11
2025-02-10 05:00:00,5,0,0,0,12,11
2025-02-10 05:05:00,5,5,0,0,15,12
2025-02-10 05:10:00,5,10,0,0,12,12
2025-02-10 05:15:00,5,15,0,0,16,5
2025-02-10 05:20:00,5,20,0,0,17,8
2025-02-10 05:25:00,5,25,0,0,20,15
2025-02-10 05:30:00,5,30,0,0,14,4
2025-02-10 05:35:00,5,35,0,0,14,14
2025-02-10 05:40:00,5,40,0,0,17,13
2025-02-10 05:45:00,5,45,0,0,15,18
2025-02-10 05:50:00,5,50,0,0,23,16
2025-02-10 05:55:00,5,55,0,0,17,13
2025-02-10 06:00:00,6,0,0,0,32,13
2025-02-10 06:05:00,6,5,0,0,29,15
2025-02-10 06:10:00,6,10,0,0,25,20
2025-02-10 06:15:00,6,15,0,0,29,9
2025-02-10 06:20:00,6,20,0,0,20,20
2025-02-10 06:25:00,6,25,0,0,38,17
2025-02-10 06:30:00,6,30,0,0,27,22
2025-02-10 06:35:00,6,35,0,0,30,23
2025-02-10 06:40:00,6,40,0,0,24,16
2025-02-10 06:45:00,6,45,0,0,35,23
2025-02-10 06:50:00,6,50,0,0,29,25
2025-02-10 06:55:00,6,55,0,0,35,26
2025-02-10 07:00:00,7,0,0,0,34,26
2025-02-10 07:05:00,7,5,0,0,33,22
2025-02-10 07:10:00,7,10,0,0,35,23
2025-02-10 07:15:00,7,15,0,0,40,23
2025-02-10 07:20:00,7,20,0,0,35,31
2025-02-10 07:25:00,7,25,0,0,37,29
2025-02-10 07:30:00,7,30,0,0,44,29
2025-02-10 07:35:00,7,35,0,0,52,23
2025-02-10 07:40:00,7,40,0,0,44,30
2025-02-10 07:45:00,7,45,0,0,39,33
2025-02-10 07:50:00,7,50,0,0,41,23
2025-02-10 07:55:00,7,55,0,0,43,29
2025-02-10 08:00:00,8,0,0,0,42,25
2025-02-10 08:05:00,8,5,0,0,47,29
2025-02-10 08:10:00,8,10,0,0,44,27
2025-02-10 08:15:00,8,15,0,0,46,32
2025-02-10 08:20:00,8,20,0,0,41,31
2025-02-10 08:25:00,8,25,0,0,47,35
2025-02-10 08:30:00,8,30,0,0,40,29
2025-02-10 08:35:00,8,35,0,0,37,31
2025-02-10 08:40:00,8,40,0,0,48,26
2025-02-10 08:45:00,8,45,0,0,32,24
2025-02-10 08:50:00,8,50,0,0,35,31
2025-02-10 08:55:00,8,55,0,0,35,32
2025-02-10 09:00:00,9,0,0,0,46,29
2025-02-10 09:05:00,9,5,0,0,42,26
2025-02-10 09:10:00,9,10,0,0,40,21
2025-02-10 09:15:00,9,15,0,0,31,28
2025-02-10 09:20:00,9,20,0,0,41,25
2025-02-10 09:25:00,9,25,0,0,32,30
2025-02-10 09:30:00,9,30,0,0,33,17
2025-02-10 09:35:00,9,35,0,0,29,24
2025-02-10 09:40:00,9,40,0,0,27,22
2025-02-10 09:45:00,9,45,0,0,25,17
2025-02-10 09:50:00,9,50,0,0,24,23
2025-02-10 09:55:00,9,55,0,0,26,19
2025-02-10 10:00:00,10,0,0,0,24,13
2025-02-10 10:05:00,10,5,0,0,21,15
2025-02-10 10:10:00,10,10,0,0,26,11
2025-02-10 10:15:00,10,15,0,0,8,12
2025-02-10 10:20:00,10,20,0,0,21,16
2025-02-10 10:25:00,10,25,0,0,21,17
2025-02-10 10:30:00,10,30,0,0,21,13
2025-02-10 10:35:00,10,35,0,0,16,9
2025-02-10 10:40:00,10,40,0,0,16,13
2025-02-10 10:45:00,10,45,0,0,19,14
2025-02-10 10:50:00,10,50,0,0,20,3
2025-02-10 10:55:00,10,55,0,0,12,11
2025-02-10 11:00:00,11,0,0,0,14,9
2025-02-10 11:05:00,11,5,0,0,19,13
2025-02-10 11:10:00,11,10,0,0,4,11
2025-02-10 11:15:00,11,15,0,0,9,11
2025-02-10 11:20:00,11,20,0,0,17,7
2025-02-10 11:25:00,11,25,0,0,16,9
2025-02-10 11:30:00,11,30,0,0,13,12
2025-02-10 11:35:00,11,35,0,0,9,8
2025-02-10 11:40:00,11,40,0,0,7,9
2025-02-10 11:45:00,11,45,0,0,8,2
2025-02-10 11:50:00,11,50,0,0,17,8
2025-02-10 11:55:00,11,55,0,0,8,0
2025-02-10 12:00:00,12,0,0,0,11,6
2025-02-10 12:05:00,12,5,0,0,7,9
2025-02-10 12:10:00,12,10,0,0,14,12
2025-02-10 12:15:00,12,15,0,0,8,5
2025-02-10 12:20:00,12,20,0,0,10,11
2025-02-10 12:25:00,12,25,0,0,4,15
2025-02-10 12:30:00,12,30,0,0,4,7
2025-02-10 12:35:00,12,35,0,0,11,4
2025-02-10 12:40:00,12,40,0,0,6,11
2025-02-10 12:45:00,12,45,0,0,20,6
2025-02-10 12:50:00,12,50,0,0,3,7
2025-02-10 12:55:00,12,55,0,0,9,15
2025-02-10 13:00:00,13,0,0,0,12,19
2025-02-10 13:05:00,13,5,0,0,11,8
2025-02-10 13:10:00,13,10,0,0,8,9
2025-02-10 13:15:00,13,15,0,0,9,11
2025-02-10 13:20:00,13,20,0,0,10,11
2025-02-10 13:25:00,13,25,0,0,13,22
2025-02-10 13:30:00,13,30,0,0,22,13
2025-02-10 13:35:00,13,35,0,0,15,14
2025-02-10 13:40:00,13,40,0,0,20,22
2025-02-10 13:45:00,13,45,0,0,18,19
2025-02-10 13:50:00,13,50,0,0,21,21
2025-02-10 13:55:00,13,55,0,0,6,15
2025-02-10 14:00:00,14,0,0,0,17,17
2025-02-10 14:05:00,14,5,0,0,24,16
2025-02-10 14:10:00,14,10,0,0,17,24
2025-02-10 14:15:00,14,15,0,0,27,26
2025-02-10 14:20:00,14,20,0,0,26,20
2025-02-10 14:25:00,14,25,0,0,19,22
2025-02-10 14:30:00,14,30,0,0,20,23
2025-02-10 14:35:00,14,35,0,0,18,19
2025-02-10 14:40:00,14,40,0,0,21,24
2025-02-10 14:45:00,14,45,0,0,19,30
2025-02-10 14:50:00,14,50,0,0,26,25
2025-02-10 14:55:00,14,55,0,0,20,30
2025-02-10 15:00:00,15,0,0,0,29,25
2025-02-10 15:05:00,15,5,0,0,29,31
2025-02-10 15:10:00,15,10,0,0,21,30
2025-02-10 15:15:00,15,15,0,0,35,28
2025-02-10 15:20:00,15,20,0,0,31,37
2025-02-10 15:25:00,15,25,0,0,33,39
2025-02-10 15:30:00,15,30,0,0,28,32
2025-02-10 15:35:00,15,35,0,0,34,36
2025-02-10 15:40:00,15,40,0,0,37,38
2025-02-10 15:45:00,15,45,0,0,32,32
2025-02-10 15:50:00,15,50,0,0,41,34
2025-02-10 15:55:00,15,55,0,0,34,46
2025-02-10 16:00:00,16,0,0,0,39,37
2025-02-10 16:05:00,16,5,0,0,36,47
2025-02-10 16:10:00,16,10,0,0,38,37
2025-02-10 16:15:00,16,15,0,0,29,46
2025-02-10 16:20:00,16,20,0,0,38,43
2025-02-10 16:25:00,16,25,0,0,34,44
2025-02-10 16:30:00,16,30,0,0,34,52
2025-02-10 16:35:00,16,35,0,0,44,40
2025-02-10 16:40:00,16,40,0,0,37,48
2025-02-10 16:45:00,16,45,0,0,34,48
2025-02-10 16:50:00,16,50,0,0,36,59
2025-02-10 16:55:00,16,55,0,0,33,42
2025-02-10 17:00:00,17,0,0,0,44,43
2025-02-10 17:05:00,17,5,0,0,35,49
2025-02-10 17:10:00,17,10,0,0,40,45
2025-02-10 17:15:00,17,15,0,0,43,44
2025-02-10 17:20:00,17,20,0,0,36,49
2025-02-10 17:25:00,17,25,0,0,39,44
2025-02-10 17:30:00,17,30,0,0,33,41
2025-02-10 17:35:00,17,35,0,0,47,47
2025-02-10 17:40:00,17,40,0,0,40,45
2025-02-10 17:45:00,17,45,0,0,35,42
2025-02-10 17:50:00,17,50,0,0,32,41
2025-02-10 17:55:00,17,55,0,0,35,38
2025-02-10 18:00:00,18,0,0,0,33,44
2025-02-10 18:05:00,18,5,0,0,42,39
2025-02-10 18:10:00,18,10,0,0,28,37
2025-02-10 18:15:00,18,15,0,0,33,34
2025-02-10 18:20:00,18,20,0,0,32,40
2025-02-10 18:25:00,18,25,0,0,31,35
2025-02-10 18:30:00,18,30,0,0,30,28
2025-02-10 18:35:00,18,35,0,0,29,30
2025-02-10 18:40:00,18,40,0,0,33,33
2025-02-10 18:45:00,18,45,0,0,31,32
2025-02-10 18:50:00,18,50,0,0,29,31
2025-02-10 18:55:00,18,55,0,0,15,30
2025-02-10 19:00:00,19,0,0,0,27,24
2025-02-10 19:05:00,19,5,0,0,19,26
2025-02-10 19:10:00,19,10,0,0,27,33
2025-02-10 19:15:00,19,15,0,0,30,31
2025-02-10 19:20:00,19,20,0,0,19,29
2025-02-10 19:25:00,19,25,0,0,21,27
2025-02-10 19:30:00,19,30,0,0,19,28
2025-02-10 19:35:00,19,35,0,0,26,19
2025-02-10 19:40:00,19,40,0,0,21,23
2025-02-10 19:45:00,19,45,0,0,27,17
2025-02-10 19:50:00,19,50,0,0,21,16
2025-02-10 19:55:00,19,55,0,0,19,21
2025-02-10 20:00:00,20,0,0,0,18,23
2025-02-10 20:05:00,20,5,0,0,20,17
2025-02-10 20:10:00,20,10,0,0,10,24
2025-02-10 20:15:00,20,15,0,0,16,18
2025-02-10 20:20:00,20,20,0,0,15,13
2025-02-10 20:25:00,20,25,0,0,18,11
2025-02-10 20:30:00,20,30,0,0,14,19
2025-02-10 20:35:00,20,35,0,0,10,15
2025-02-10 20:40:00,20,40,0,0,14,16
2025-02-10 20:45:00,20,45,0,0,9,2
2025-02-10 20:50:00,20,50,0,0,5,13
2025-02-10 20:55:00,20,55,0,0,15,10
2025-02-10 21:00:00,21,0,0,0,14,6
2025-02-10 21:05:00,21,5,0,0,14,11
2025-02-10 21:10:00,21,10,0,0,17,15
2025-02-10 21:15:00,21,15,0,0,8,19
2025-02-10 21:20:00,21,20,0,0,5,11
2025-02-10 21:25:00,21,25,0,0,10,7
2025-02-10 21:30:00,21,30,0,0,9,6
2025-02-10 21:35:00,21,35,0,0,7,13
2025-02-10 21:40:00,21,40,0,0,10,5
2025-02-10 21:45:00,21,45,0,0,7,11
2025-02-10 21:50:00,21,50,0,0,2,9
2025-02-10 21:55:00,21,55,0,0,8,9
2025-02-10 22:00:00,22,0,0,0,5,1
2025-02-10 22:05:00,22,5,0,0,10,6
2025-02-10 22:10:00,22,10,0,0,6,2
2025-02-10 22:15:00,22,15,0,0,13,5
2025-02-10 22:20:00,22,20,0,0,15,11
2025-02-10 22:25:00,22,25,0,0,11,12
2025-02-10 22:30:00,22,30,0,0,2,8
2025-02-10 22:35:00,22,35,0,0,15,5
2025-02-10 22:40:00,22,40,0,0,15,13
2025-02-10 22:45:00,22,45,0,0,9,4
2025-02-10 22:50:00,22,50,0,0,14,2
2025-02-10 22:55:00,22,55,0,0,6,9
2025-02-10 23:00:00,23,0,0,0,1,8
2025-02-10 23:05:00,23,5,0,0,5,4
2025-02-10 23:10:00,23,10,0,0,15,7
2025-02-10 23:15:00,23,15,0,0,2,8
2025-02-10 23:20:00,23,20,0,0,8,7
2025-02-10 23:25:00,23,25,0,0,8,8
2025-02-10 23:30:00,23,30,0,0,6,4
2025-02-10 23:35:00,23,35,0,0,6,8
2025-02-10 23:40:00,23,40,0,0,8,6
2025-02-10 23:45:00,23,45,0,0,6,4
2025-02-10 23:50:00,23,50,0,0,2,5
2025-02-10 23:55:00,23,55,0,0,9,6
2025-02-11 00:00:00,0,0,1,0,12,0
2025-02-11 00:05:00,0,5,1,0,11,3
2025-02-11 00:10:00,0,10,1,0,5,6
2025-02-11 00:15:00,0,15,1,0,3,1
2025-02-11 00:20:00,0,20,1,0,7,4
2025-02-11 00:25:00,0,25,1,0,14,16
2025-02-11 00:30:00,0,30,1,0,11,1
2025-02-11 00:35:00,0,35,1,0,11,4
2025-02-11 00:40:00,0,40,1,0,12,3
2025-02-11 00:45:00,0,45,1,0,10,6
2025-02-11 00:50:00,0,50,1,0,8,3
2025-02-11 00:55:00,0,55,1,0,11,5
2025-02-11 01:00:00,1,0,1,0,6,3
2025-02-11 01:05:00,1,5,1,0,2,10
2025-02-11 01:10:00,1,10,1,0,11,6
2025-02-11 01:15:00,1,15,1,0,13,2
2025-02-11 01:20:00,1,20,1,0,4,9
2025-02-11 01:25:00,1,25,1,0,11,2
2025-02-11 01:30:00,1,30,1,0,15,0
2025-02-11 01:35:00,1,35,1,0,8,6
2025-02-11 01:40:00,1,40,1,0,5,14
2025-02-11 01:45:00,1,45,1,0,8,0
2025-02-11 01:50:00,1,50,1,0,6,1
2025-02-11 01:55:00,1,55,1,0,6,9
2025-02-11 02:00:00,2,0,1,0,10,3
2025-02-11 02:05:00,2,5,1,0,2,8
2025-02-11 02:10:00,2,10,1,0,2,3
2025-02-11 02:15:00,2,15,1,0,8,7
2025-02-11 02:20:00,2,20,1,0,8,13
2025-02-11 02:25:00,2,25,1,0,9,1
2025-02-11 02:30:00,2,30,1,0,16,10
2025-02-11 02:35:00,2,35,1,0,8,9
2025-02-11 02:40:00,2,40,1,0,10,0
2025-02-11 02:45:00,2,45,1,0,4,8
2025-02-11 02:50:00,2,50,1,0,11,6
2025-02-11 02:55:00,2,55,1,0,6,6
2025-02-11 03:00:00,3,0,1,0,8,7
2025-02-11 03:05:00,3,5,1,0,8,5
2025-02-11 03:10:00,3,10,1,0,12,6
2025-02-11 03:15:00,3,15,1,0,3,7
2025-02-11 03:20:00,3,20,1,0,0,9
2025-02-11 03:25:00,3,25,1,0,7,0
2025-02-11 03:30:00,3,30,1,0,10,11
2025-02-11 03:35:00,3,35,1,0,9,2
2025-02-11 03:40:00,3,40,1,0,13,9
2025-02-11 03:45:00,3,45,1,0,10,7
2025-02-11 03:50:00,3,50,1,0,6,1
2025-02-11 03:55:00,3,55,1,0,0,9
2025-02-11 04:00:00,4,0,1,0,8,3
2025-02-11 04:05:00,4,5,1,0,13,11
2025-02-11 04:10:00,4,10,1,0,8,4
2025-02-11 04:15:00,4,15,1,0,10,1
2025-02-11 04:20:00,4,20,1,0,11,13
2025-02-11 04:25:00,4,25,1,0,6,8
2025-02-11 04:30:00,4,30,1,0,13,11
2025-02-11 04:35:00,4,35,1,0,17,4
2025-02-11 04:40:00,4,40,1,0,10,1
2025-02-11 04:45:00,4,45,1,0,7,15
2025-02-11 04:50:00,4,50,1,0,12,9
2025-02-11 04:55:00,4,55,1,0,3,11
2025-02-11 05:00:00,5,0,1,0,14,12
2025-02-11 05:05:00,5,5,1,0,15,8
2025-02-11 05:10:00,5,10,1,0,21,11
2025-02-11 05:15:00,5,15,1,0,14,17
2025-02-11 05:20:00,5,20,1,0,17,11
2025-02-11 05:25:00,5,25,1,0,12,15
2025-02-11 05:30:00,5,30,1,0,15,4
2025-02-11 05:35:00,5,35,1,0,11,17
2025-02-11 05:40:00,5,40,1,0,18,7
2025-02-11 05:45:00,5,45,1,0,18,18
2025-02-11 05:50:00,5,50,1,0,22,16
2025-02-11 05:55:00,5,55,1,0,19,15
2025-02-11 06:00:00,6,0,1,0,23,16
2025-02-11 06:05:00,6,5,1,0,22,16
2025-02-11 06:10:00,6,10,1,0,23,15
2025-02-11 06:15:00,6,15,1,0,26,18
2025-02-11 06:20:00,6,20,1,0,27,28
2025-02-11 06:25:00,6,25,1,0,31,26
2025-02-11 06:30:00,6,30,1,0,29,18
2025-02-11 06:35:00,6,35,1,0,29,23
2025-02-11 06:40:00,6,40,1,0,31,23
2025-02-11 06:45:00,6,45,1,0,30,23
2025-02-11 06:50:00,6,50,1,0,32,20
2025-02-11 06:55:00,6,55,1,0,43,27
2025-02-11 07:00:00,7,0,1,0,32,29
2025-02-11 07:05:00,7,5,1,0,36,23
2025-02-11 07:10:00,7,10,1,0,36,35
2025-02-11 07:15:00,7,15,1,0,38,34
2025-02-11 07:20:00,7,20,1,0,38,31
2025-02-11 07:25:00,7,25,1,0,42,24
2025-02-11 07:30:00,7,30,1,0,34,31
2025-02-11 07:35:00,7,35,1,0,46,31
2025-02-11 07:40:00,7,40,1,0,45,32
2025-02-11 07:45:00,7,45,1,0,38,37
2025-02-11 07:50:00,7,50,1,0,34,30
2025-02-11 07:55:00,7,55,1,0,39,39
2025-02-11 08:00:00,8,0,1,0,42,33
2025-02-11 08:05:00,8,5,1,0,53,30
2025-02-11 08:10:00,8,10,1,0,45,40
2025-02-11 08:15:00,8,15,1,0,35,34
2025-02-11 08:20:00,8,20,1,0,39,29
2025-02-11 08:25:00,8,25,1,0,41,30
2025-02-11 08:30:00,8,30,1,0,42,32
2025-02-11 08:35:00,8,35,1,0,35,29
2025-02-11 08:40:00,8,40,1,0,39,29
2025-02-11 08:45:00,8,45,1,0,36,25
2025-02-11 08:50:00,8,50,1,0,34,21
2025-02-11 08:55:00,8,55,1,0,38,27
2025-02-11 09:00:00,9,0,1,0,39,27
2025-02-11 09:05:00,9,5,1,0,38,27
2025-02-11 09:10:00,9,10,1,0,36,22
2025-02-11 09:15:00,9,15,1,0,31,18
2025-02-11 09:20:00,9,20,1,0,34,19
2025-02-11 09:25:00,9,25,1,0,32,26
2025-02-11 09:30:00,9,30,1,0,30,19
2025-02-11 09:35:00,9,35,1,0,26,19
2025-02-11 09:40:00,9,40,1,0,25,18
2025-02-11 09:45:00,9,45,1,0,26,16
2025-02-11 09:50:00,9,50,1,0,34,15
2025-02-11 09:55:00,9,55,1,0,25,14
2025-02-11 10:00:00,10,0,1,0,20,22
2025-02-11 10:05:00,10,5,1,0,18,18
2025-02-11 10:10:00,10,10,1,0,18,20
2025-02-11 10:15:00,10,15,1,0,28,20
2025-02-11 10:20:00,10,20,1,0,17,4
2025-02-11 10:25:00,10,25,1,0,21,14
2025-02-11 10:30:00,10,30,1,0,15,10
2025-02-11 10:35:00,10,35,1,0,17,16
2025-02-11 10:40:00,10,40,1,0,19,8
2025-02-11 10:45:00,10,45,1,0,12,7
2025-02-11 10:50:00,10,50,1,0,12,5
2025-02-11 10:55:00,10,55,1,0,20,9
2025-02-11 11:00:00,11,0,1,0,17,13
2025-02-11 11:05:00,11,5,1,0,16,11
2025-02-11 11:10:00,11,10,1,0,15,4
2025-02-11 11:15:00,11,15,1,0,14,18
2025-02-11 11:20:00,11,20,1,0,20,11
2025-02-11 11:25:00,11,25,1,0,11,12
2025-02-11 11:30:00,11,30,1,0,13,14
2025-02-11 11:35:00,11,35,1,0,5,2
2025-02-11 11:40:00,11,40,1,0,7,5
2025-02-11 11:45:00,11,45,1,0,6,12
2025-02-11 11:50:00,11,50,1,0,15,5
2025-02-11 11:55:00,11,55,1,0,0,7
2025-02-11 12:00:00,12,0,1,0,9,8
2025-02-11 12:05:00,12,5,1,0,0,3
2025-02-11 12:10:00,12,10,1,0,7,7
2025-02-11 12:15:00,12,15,1,0,8,12
2025-02-11 12:20:00,12,20,1,0,16,12
2025-02-11 12:25:00,12,25,1,0,12,14
2025-02-11 12:30:00,12,30,1,0,7,13
2025-02-11 12:35:00,12,35,1,0,15,11
2025-02-11 12:40:00,12,40,1,0,11,11
2025-02-11 12:45:00,12,45,1,0,12,11
2025-02-11 12:50:00,12,50,1,0,7,8
2025-02-11 12:55:00,12,55,1,0,8,7
2025-02-11 13:00:00,13,0,1,0,9,9
2025-02-11 13:05:00,13,5,1,0,13,11
2025-02-11 13:10:00,13,10,1,0,13,10
2025-02-11 13:15:00,13,15,1,0,19,15
2025-02-11 13:20:00,13,20,1,0,15,14
2025-02-11 13:25:00,13,25,1,0,3,15
2025-02-11 13:30:00,13,30,1,0,16,16
2025-02-11 13:35:00,13,35,1,0,9,20
2025-02-11 13:40:00,13,40,1,0,12,16
2025-02-11 13:45:00,13,45,1,0,13,21
2025-02-11 13:50:00,13,50,1,0,14,19
2025-02-11 13:55:00,13,55,1,0,12,23
2025-02-11 14:00:00,14,0,1,0,19,25
2025-02-11 14:05:00,14,5,1,0,13,22
2025-02-11 14:10:00,14,10,1,0,20,21
2025-02-11 14:15:00,14,15,1,0,29,22
2025-02-11 14:20:00,14,20,1,0,15,21
2025-02-11 14:25:00,14,25,1,0,20,21
2025-02-11 14:30:00,14,30,1,0,12,28
2025-02-11 14:35:00,14,35,1,0,21,21
2025-02-11 14:40:00,14,40,1,0,26,33
2025-02-11 14:45:00,14,45,1,0,27,27
2025-02-11 14:50:00,14,50,1,0,25,40
2025-02-11 14:55:00,14,55,1,0,29,26
2025-02-11 15:00:00,15,0,1,0,36,31
2025-02-11 15:05:00,15,5,1,0,34,30
2025-02-11 15:10:00,15,10,1,0,26,29
2025-02-11 15:15:00,15,15,1,0,23,38
2025-02-11 15:20:00,15,20,1,0,28,30
2025-02-11 15:25:00,15,25,1,0,26,33
2025-02-11 15:30:00,15,30,1,0,32,39
2025-02-11 15:35:00,15,35,1,0,27,40
2025-02-11 15:40:00,15,40,1,0,32,32
2025-02-11 15:45:00,15,45,1,0,36,41
2025-02-11 15:50:00,15,50,1,0,33,40
2025-02-11 15:55:00,15,55,1,0,30,37
2025-02-11 16:00:00,16,0,1,0,39,38
2025-02-11 16:05:00,16,5,1,0,27,34
2025-02-11 16:10:00,16,10,1,0,34,50
2025-02-11 16:15:00,16,15,1,0,36,47
2025-02-11 16:20:00,16,20,1,0,36,39
2025-02-11 16:25:00,16,25,1,0,37,48
2025-02-11 16:30:00,16,30,1,0,40,42
2025-02-11 16:35:00,16,35,1,0,37,49
2025-02-11 16:40:00,16,40,1,0,36,43
2025-02-11 16:45:00,16,45,1,0,36,44
2025-02-11 16:50:00,16,50,1,0,35,45
2025-02-11 16:55:00,16,55,1,0,41,43
2025-02-11 17:00:00,17,0,1,0,35,52
2025-02-11 17:05:00,17,5,1,0,41,50
2025-02-11 17:10:00,17,10,1,0,38,46
2025-02-11 17:15:00,17,15,1,0,36,50
2025-02-11 17:20:00,17,20,1,0,40,39
2025-02-11 17:25:00,17,25,1,0,34,40
2025-02-11 17:30:00,17,30,1,0,40,47
2025-02-11 17:35:00,17,35,1,0,38,47
2025-02-11 17:40:00,17,40,1,0,34,45
2025-02-11 17:45:00,17,45,1,0,38,36
2025-02-11 17:50:00,17,50,1,0,38,38
2025-02-11 17:55:00,17,55,1,0,40,44
2025-02-11 18:00:00,18,0,1,0,38,51
2025-02-11 18:05:00,18,5,1,0,36,45
2025-02-11 18:10:00,18,10,1,0,29,46
2025-02-11 18:15:00,18,15,1,0,42,40
2025-02-11 18:20:00,18,20,1,0,26,39
2025-02-11 18:25:00,18,25,1,0,35,33
2025-02-11 18:30:00,18,30,1,0,32,40
2025-02-11 18:35:00,18,35,1,0,25,35
2025-02-11 18:40:00,18,40,1,0,29,37
2025-02-11 18:45:00,18,45,1,0,28,33
2025-02-11 18:50:00,18,50,1,0,33,33
2025-02-11 18:55:00,18,55,1,0,24,31
2025-02-11 19:00:00,19,0,1,0,25,31
2025-02-11 19:05:00,19,5,1,0,16,33
2025-02-11 19:10:00,19,10,1,0,32,23
2025-02-11 19:15:00,19,15,1,0,20,21
2025-02-11 19:20:00,19,20,1,0,24,28
2025-02-11 19:25:00,19,25,1,0,22,31
2025-02-11 19:30:00,19,30,1,0,21,31
2025-02-11 19:35:00,19,35,1,0,24,18
2025-02-11 19:40:00,19,40,1,0,27,21
2025-02-11 19:45:00,19,45,1,0,21,16
2025-02-11 19:50:00,19,50,1,0,22,18
2025-02-11 19:55:00,19,55,1,0,20,24
2025-02-11 20:00:00,20,0,1,0,22,19
2025-02-11 20:05:00,20,5,1,0,15,17
2025-02-11 20:10:00,20,10,1,0,21,20
2025-02-11 20:15:00,20,15,1,0,20,14
2025-02-11 20:20:00,20,20,1,0,20,22
2025-02-11 20:25:00,20,25,1,0,12,15
2025-02-11 20:30:00,20,30,1,0,14,13
2025-02-11 20:35:00,20,35,1,0,15,16
2025-02-11 20:40:00,20,40,1,0,8,17
2025-02-11 20:45:00,20,45,1,0,20,19
2025-02-11 20:50:00,20,50,1,0,13,12
2025-02-11 20:55:00,20,55,1,0,14,16
2025-02-11 21:00:00,21,0,1,0,10,12
2025-02-11 21:05:00,21,5,1,0,6,9
2025-02-11 21:10:00,21,10,1,0,9,7
2025-02-11 21:15:00,21,15,1,0,12,6
2025-02-11 21:20:00,21,20,1,0,14,7
2025-02-11 21:25:00,21,25,1,0,11,14
2025-02-11 21:30:00,21,30,1,0,12,12
2025-02-11 21:35:00,21,35,1,0,9,4
2025-02-11 21:40:00,21,40,1,0,12,2
2025-02-11 21:45:00,21,45,1,0,16,4
2025-02-11 21:50:00,21,50,1,0,12,5
2025-02-11 21:55:00,21,55,1,0,13,7
2025-02-11 22:00:00,22,0,1,0,10,12
2025-02-11 22:05:00,22,5,1,0,3,5
2025-02-11 22:10:00,22,10,1,0,5,14
2025-02-11 22:15:00,22,15,1,0,11,1
2025-02-11 22:20:00,22,20,1,0,9,6
2025-02-11 22:25:00,22,25,1,0,11,10
2025-02-11 22:30:00,22,30,1,0,15,10
2025-02-11 22:35:00,22,35,1,0,12,5
2025-02-11 22:40:00,22,40,1,0,14,11
2025-02-11 22:45:00,22,45,1,0,9,10
2025-02-11 22:50:00,22,50,1,0,5,4
2025-02-11 22:55:00,22,55,1,0,8,8
2025-02-11 23:00:00,23,0,1,0,5,9
2025-02-11 23:05:00,23,5,1,0,15,4
2025-02-11 23:10:00,23,10,1,0,11,13
2025-02-11 23:15:00,23,15,1,0,10,3
2025-02-11 23:20:00,23,20,1,0,13,7
2025-02-11 23:25:00,23,25,1,0,0,1
2025-02-11 23:30:00,23,30,1,0,11,7
2025-02-11 23:35:00,23,35,1,0,3,2
2025-02-11 23:40:00,23,40,1,0,8,5
2025-02-11 23:45:00,23,45,1,0,7,0
2025-02-11 23:50:00,23,50,1,0,11,9
2025-02-11 23:55:00,23,55,1,0,9,8
2025-02-12 00:00:00,0,0,2,0,13,10
2025-02-12 00:05:00,0,5,2,0,6,5
2025-02-12 00:10:00,0,10,2,0,11,11
2025-02-12 00:15:00,0,15,2,0,9,6
2025-02-12 00:20:00,0,20,2,0,1,6
2025-02-12 00:25:00,0,25,2,0,4,14
2025-02-12 00:30:00,0,30,2,0,7,4
2025-02-12 00:35:00,0,35,2,0,12,11
2025-02-12 00:40:00,0,40,2,0,10,8
2025-02-12 00:45:00,0,45,2,0,3,4
2025-02-12 00:50:00,0,50,2,0,7,1
2025-02-12 00:55:00,0,55,2,0,16,2
2025-02-12 01:00:00,1,0,2,0,8,11
2025-02-12 01:05:00,1,5,2,0,7,13
2025-02-12 01:10:00,1,10,2,0,10,6
2025-02-12 01:15:00,1,15,2,0,11,7
2025-02-12 01:20:00,1,20,2,0,6,9
2025-02-12 01:25:00,1,25,2,0,10,6
2025-02-12 01:30:00,1,30,2,0,7,10
2025-02-12 01:35:00,1,35,2,0,11,7
2025-02-12 01:40:00,1,40,2,0,9,7
2025-02-12 01:45:00,1,45,2,0,10,3
2025-02-12 01:50:00,1,50,2,0,5,2
2025-02-12 01:55:00,1,55,2,0,5,0
2025-02-12 02:00:00,2,0,2,0,12,11
2025-02-12 02:05:00,2,5,2,0,8,5
2025-02-12 02:10:00,2,10,2,0,9,4
2025-02-12 02:15:00,2,15,2,0,7,0
2025-02-12 02:20:00,2,20,2,0,12,3
2025-02-12 02:25:00,2,25,2,0,6,3
2025-02-12 02:30:00,2,30,2,0,7,3
2025-02-12 02:35:00,2,35,2,0,11,7
2025-02-12 02:40:00,2,40,2,0,13,7
2025-02-12 02:45:00,2,45,2,0,6,1
2025-02-12 02:50:00,2,50,2,0,16,1
2025-02-12 02:55:00,2,55,2,0,9,1
2025-02-12 03:00:00,3,0,2,0,4,13
2025-02-12 03:05:00,3,5,2,0,10,12
2025-02-12 03:10:00,3,10,2,0,7,3
2025-02-12 03:15:00,3,15,2,0,10,0
2025-02-12 03:20:00,3,20,2,0,8,7
2025-02-12 03:25:00,3,25,2,0,9,6
2025-02-12 03:30:00,3,30,2,0,5,8
2025-02-12 03:35:00,3,35,2,0,12,9
2025-02-12 03:40:00,3,40,2,0,4,8
2025-02-12 03:45:00,3,45,2,0,4,2
2025-02-12 03:50:00,3,50,2,0,10,8
2025-02-12 03:55:00,3,55,2,0,15,10
2025-02-12 04:00:00,4,0,2,0,8,4
2025-02-12 04:05:00,4,5,2,0,12,8
2025-02-12 04:10:00,4,10,2,0,14,5
2025-02-12 04:15:00,4,15,2,0,13,15
2025-02-12 04:20:00,4,20,2,0,9,2
2025-02-12 04:25:00,4,25,2,0,6,12
2025-02-12 04:30:00,4,30,2,0,1,1
2025-02-12 04:35:00,4,35,2,0,10,15
2025-02-12 04:40:00,4,40,2,0,16,4
2025-02-12 04:45:00,4,45,2,0,7,9
2025-02-12 04:50:00,4,50,2,0,15,2
2025-02-12 04:55:00,4,55,2,0,8,4
2025-02-12 05:00:00,5,0,2,0,13,13
2025-02-12 05:05:00,5,5,2,0,16,14
2025-02-12 05:10:00,5,10,2,0,11,11
2025-02-12 05:15:00,5,15,2,0,15,14
2025-02-12 05:20:00,5,20,2,0,14,15
2025-02-12 05:25:00,5,25,2,0,19,9
2025-02-12 05:30:00,5,30,2,0,18,7
2025-02-12 05:35:00,5,35,2,0,18,13
2025-02-12 05:40:00,5,40,2,0,25,11
2025-02-12 05:45:00,5,45,2,0,22,16
2025-02-12 05:50:00,5,50,2,0,18,17
2025-02-12 05:55:00,5,55,2,0,21,13
2025-02-12 06:00:00,6,0,2,0,22,19
2025-02-12 06:05:00,6,5,2,0,24,20
2025-02-12 06:10:00,6,10,2,0,35,21
2025-02-12 06:15:00,6,15,2,0,27,17
2025-02-12 06:20:00,6,20,2,0,19,23
2025-02-12 06:25:00,6,25,2,0,26,22
2025-02-12 06:30:00,6,30,2,0,21,24
2025-02-12 06:35:00,6,35,2,0,29,29
2025-02-12 06:40:00,6,40,2,0,24,24
2025-02-12 06:45:00,6,45,2,0,29,21
2025-02-12 06:50:00,6,50,2,0,28,20
2025-02-12 06:55:00,6,55,2,0,37,30
2025-02-12 07:00:00,7,0,2,0,36,27
2025-02-12 07:05:00,7,5,2,0,38,33
2025-02-12 07:10:00,7,10,2,0,38,19
2025-02-12 07:15:00,7,15,2,0,33,32
2025-02-12 07:20:00,7,20,2,0,42,28
2025-02-12 07:25:00,7,25,2,0,48,28
2025-02-12 07:30:00,7,30,2,0,43,27
2025-02-12 07:35:00,7,35,2,0,40,34
2025-02-12 07:40:00,7,40,2,0,36,33
2025-02-12 07:45:00,7,45,2,0,39,26
2025-02-12 07:50:00,7,50,2,0,45,32
2025-02-12 07:55:00,7,55,2,0,47,34
2025-02-12 08:00:00,8,0,2,0,44,32
2025-02-12 08:05:00,8,5,2,0,46,35
2025-02-12 08:10:00,8,10,2,0,46,30
2025-02-12 08:15:00,8,15,2,0,45,22
2025-02-12 08:20:00,8,20,2,0,40,31
2025-02-12 08:25:00,8,25,2,0,42,31
2025-02-12 08:30:00,8,30,2,0,38,31
2025-02-12 08:35:00,8,35,2,0,41,34
2025-02-12 08:40:00,8,40,2,0,41,21
2025-02-12 08:45:00,8,45,2,0,46,27
2025-02-12 08:50:00,8,50,2,0,33,24
2025-02-12 08:55:00,8,55,2,0,39,22
2025-02-12 09:00:00,9,0,2,0,42,26
2025-02-12 09:05:00,9,5,2,0,38,28
2025-02-12 09:10:00,9,10,2,0,37,26
2025-02-12 09:15:00,9,15,2,0,35,21
2025-02-12 09:20:00,9,20,2,0,37,22
2025-02-12 09:25:00,9,25,2,0,26,26
2025-02-12 09:30:00,9,30,2,0,24,24
2025-02-12 09:35:00,9,35,2,0,28,18
2025-02-12 09:40:00,9,40,2,0,18,17
2025-02-12 09:45:00,9,45,2,0,31,12
2025-02-12 09:50:00,9,50,2,0,30,16
2025-02-12 09:55:00,9,55,2,0,22,10
2025-02-12 10:00:00,10,0,2,0,21,25
2025-02-12 10:05:00,10,5,2,0,21,12
2025-02-12 10:10:00,10,10,2,0,21,19
2025-02-12 10:15:00,10,15,2,0,20,22
2025-02-12 10:20:00,10,20,2,0,21,14
2025-02-12 10:25:00,10,25,2,0,17,13
2025-02-12 10:30:00,10,30,2,0,21,7
2025-02-12 10:35:00,10,35,2,0,18,10
2025-02-12 10:40:00,10,40,2,0,13,18
2025-02-12 10:45:00,10,45,2,0,20,12
2025-02-12 10:50:00,10,50,2,0,9,11
2025-02-12 10:55:00,10,55,2,0,13,15
2025-02-12 11:00:00,11,0,2,0,17,13
2025-02-12 11:05:00,11,5,2,0,10,9
2025-02-12 11:10:00,11,10,2,0,13,10
2025-02-12 11:15:00,11,15,2,0,14,6
2025-02-12 11:20:00,11,20,2,0,8,7
2025-02-12 11:25:00,11,25,2,0,11,8
2025-02-12 11:30:00,11,30,2,0,10,11
2025-02-12 11:35:00,11,35,2,0,9,3
2025-02-12 11:40:00,11,40,2,0,20,9
2025-02-12 11:45:00,11,45,2,0,7,7
2025-02-12 11:50:00,11,50,2,0,14,5
2025-02-12 11:55:00,11,55,2,0,9,7
2025-02-12 12:00:00,12,0,2,0,6,0
2025-02-12 12:05:00,12,5,2,0,11,6
2025-02-12 12:10:00,12,10,2,0,13,4
2025-02-12 12:15:00,12,15,2,0,14,8
2025-02-12 12:20:00,12,20,2,0,17,0
2025-02-12 12:25:00,12,25,2,0,22,10
2025-02-12 12:30:00,12,30,2,0,12,13
2025-02-12 12:35:00,12,35,2,0,8,9
2025-02-12 12:40:00,12,40,2,0,13,12
2025-02-12 12:45:00,12,45,2,0,10,8
2025-02-12 12:50:00,12,50,2,0,15,4
2025-02-12 12:55:00,12,55,2,0,7,11
2025-02-12 13:00:00,13,0,2,0,22,14
2025-02-12 13:05:00,13,5,2,0,16,7
2025-02-12 13:10:00,13,10,2,0,6,11
2025-02-12 13:15:00,13,15,2,0,10,12
2025-02-12 13:20:00,13,20,2,0,17,25
2025-02-12 13:25:00,13,25,2,0,19,15
2025-02-12 13:30:00,13,30,2,0,9,7
2025-02-12 13:35:00,13,35,2,0,18,7
2025-02-12 13:40:00,13,40,2,0,8,19
2025-02-12 13:45:00,13,45,2,0,16,27
2025-02-12 13:50:00,13,50,2,0,21,16
2025-02-12 13:55:00,13,55,2,0,15,17
2025-02-12 14:00:00,14,0,2,0,12,21
2025-02-12 14:05:00,14,5,2,0,19,17
2025-02-12 14:10:00,14,10,2,0,17,10
2025-02-12 14:15:00,14,15,2,0,22,26
2025-02-12 14:20:00,14,20,2,0,17,20
2025-02-12 14:25:00,14,25,2,0,18,28
2025-02-12 14:30:00,14,30,2,0,14,21
2025-02-12 14:35:00,14,35,2,0,23,26
2025-02-12 14:40:00,14,40,2,0,23,30
2025-02-12 14:45:00,14,45,2,0,19,32
2025-02-12 14:50:00,14,50,2,0,25,29
2025-02-12 14:55:00,14,55,2,0,30,30
2025-02-12 15:00:00,15,0,2,0,25,33
2025-02-12 15:05:00,15,5,2,0,28,33
2025-02-12 15:10:00,15,10,2,0,29,27
2025-02-12 15:15:00,15,15,2,0,24,28
2025-02-12 15:20:00,15,20,2,0,37,26
2025-02-12 15:25:00,15,25,2,0,28,38
2025-02-12 15:30:00,15,30,2,0,33,35
2025-02-12 15:35:00,15,35,2,0,34,40
2025-02-12 15:40:00,15,40,2,0,31,40
2025-02-12 15:45:00,15,45,2,0,35,35
2025-02-12 15:50:00,15,50,2,0,34,39
2025-02-12 15:55:00,15,55,2,0,28,39
2025-02-12 16:00:00,16,0,2,0,33,39
2025-02-12 16:05:00,16,5,2,0,33,46
2025-02-12 16:10:00,16,10,2,0,34,53
2025-02-12 16:15:00,16,15,2,0,31,48
2025-02-12 16:20:00,16,20,2,0,41,44
2025-02-12 16:25:00,16,25,2,0,43,49
2025-02-12 16:30:00,16,30,2,0,41,52
2025-02-12 16:35:00,16,35,2,0,42,40
2025-02-12 16:40:00,16,40,2,0,36,50
2025-02-12 16:45:00,16,45,2,0,35,49
2025-02-12 16:50:00,16,50,2,0,35,51
2025-02-12 16:55:00,16,55,2,0,41,49
2025-02-12 17:00:00,17,0,2,0,39,45
2025-02-12 17:05:00,17,5,2,0,38,54
2025-02-12 17:10:00,17,10,2,0,43,47
2025-02-12 17:15:00,17,15,2,0,39,44
2025-02-12 17:20:00,17,20,2,0,34,47
2025-02-12 17:25:00,17,25,2,0,35,49
2025-02-12 17:30:00,17,30,2,0,40,45
2025-02-12 17:35:00,17,35,2,0,41,46
2025-02-12 17:40:00,17,40,2,0,39,44
2025-02-12 17:45:00,17,45,2,0,44,41
2025-02-12 17:50:00,17,50,2,0,42,39
2025-02-12 17:55:00,17,55,2,0,37,36
2025-02-12 18:00:00,18,0,2,0,31,47
2025-02-12 18:05:00,18,5,2,0,29,40
2025-02-12 18:10:00,18,10,2,0,32,26
2025-02-12 18:15:00,18,15,2,0,36,40
2025-02-12 18:20:00,18,20,2,0,39,40
2025-02-12 18:25:00,18,25,2,0,33,30
2025-02-12 18:30:00,18,30,2,0,35,33
2025-02-12 18:35:00,18,35,2,0,29,32
2025-02-12 18:40:00,18,40,2,0,32,31
2025-02-12 18:45:00,18,45,2,0,32,38
2025-02-12 18:50:00,18,50,2,0,20,32
2025-02-12 18:55:00,18,55,2,0,25,30
2025-02-12 19:00:00,19,0,2,0,30,35
2025-02-12 19:05:00,19,5,2,0,27,31
2025-02-12 19:10:00,19,10,2,0,20,21
2025-02-12 19:15:00,19,15,2,0,14,25
2025-02-12 19:20:00,19,20,2,0,22,28
2025-02-12 19:25:00,19,25,2,0,22,22
2025-02-12 19:30:00,19,30,2,0,18,32
2025-02-12 19:35:00,19,35,2,0,22,24
2025-02-12 19:40:00,19,40,2,0,22,19
2025-02-12 19:45:00,19,45,2,0,22,17
2025-02-12 19:50:00,19,50,2,0,10,24
2025-02-12 19:55:00,19,55,2,0,13,17
2025-02-12 20:00:00,20,0,2,0,17,21
2025-02-12 20:05:00,20,5,2,0,19,14
2025-02-12 20:10:00,20,10,2,0,19,18
2025-02-12 20:15:00,20,15,2,0,18,14
2025-02-12 20:20:00,20,20,2,0,14,15
2025-02-12 20:25:00,20,25,2,0,14,12
2025-02-12 20:30:00,20,30,2,0,12,19
2025-02-12 20:35:00,20,35,2,0,17,12
2025-02-12 20:40:00,20,40,2,0,10,13
2025-02-12 20:45:00,20,45,2,0,17,13
2025-02-12 20:50:00,20,50,2,0,14,19
2025-02-12 20:55:00,20,55,2,0,12,15
2025-02-12 21:00:00,21,0,2,0,9,15
2025-02-12 21:05:00,21,5,2,0,6,5
2025-02-12 21:10:00,21,10,2,0,9,8
2025-02-12 21:15:00,21,15,2,0,10,15
2025-02-12 21:20:00,21,20,2,0,1,5
2025-02-12 21:25:00,21,25,2,0,10,10
2025-02-12 21:30:00,21,30,2,0,14,5
2025-02-12 21:35:00,21,35,2,0,12,5
2025-02-12 21:40:00,21,40,2,0,8,15
2025-02-12 21:45:00,21,45,2,0,10,11
2025-02-12 21:50:00,21,50,2,0,7,12
2025-02-12 21:55:00,21,55,2,0,10,11
2025-02-12 22:00:00,22,0,2,0,15,7
2025-02-12 22:05:00,22,5,2,0,13,5
2025-02-12 22:10:00,22,10,2,0,11,6
2025-02-12 22:15:00,22,15,2,0,7,7
2025-02-12 22:20:00,22,20,2,0,12,14
2025-02-12 22:25:00,22,25,2,0,2,2
2025-02-12 22:30:00,22,30,2,0,8,5
2025-02-12 22:35:00,22,35,2,0,11,3
2025-02-12 22:40:00,22,40,2,0,12,11
2025-02-12 22:45:00,22,45,2,0,11,14
2025-02-12 22:50:00,22,50,2,0,10,8
2025-02-12 22:55:00,22,55,2,0,8,8
2025-02-12 23:00:00,23,0,2,0,10,7
2025-02-12 23:05:00,23,5,2,0,4,8
2025-02-12 23:10:00,23,10,2,0,5,9
2025-02-12 23:15:00,23,15,2,0,8,8
2025-02-12 23:20:00,23,20,2,0,9,8
2025-02-12 23:25:00,23,25,2,0,1,9
2025-02-12 23:30:00,23,30,2,0,10,0
2025-02-12 23:35:00,23,35,2,0,11,6
2025-02-12 23:40:00,23,40,2,0,8,7
2025-02-12 23:45:00,23,45,2,0,18,8
2025-02-12 23:50:00,23,50,2,0,5,5
2025-02-12 23:55:00,23,55,2,0,7,7
2025-02-13 00:00:00,0,0,3,0,6,3
2025-02-13 00:05:00,0,5,3,0,8,0
2025-02-13 00:10:00,0,10,3,0,7,10
2025-02-13 00:15:00,0,15,3,0,2,1
2025-02-13 00:20:00,0,20,3,0,6,5
2025-02-13 00:25:00,0,25,3,0,8,3
2025-02-13 00:30:00,0,30,3,0,13,12
2025-02-13 00:35:00,0,35,3,0,17,6
2025-02-13 00:40:00,0,40,3,0,13,5
2025-02-13 00:45:00,0,45,3,0,5,9
2025-02-13 00:50:00,0,50,3,0,5,15
2025-02-13 00:55:00,0,55,3,0,7,8
2025-02-13 01:00:00,1,0,3,0,15,4
2025-02-13 01:05:00,1,5,3,0,7,9
2025-02-13 01:10:00,1,10,3,0,3,0
2025-02-13 01:15:00,1,15,3,0,6,6
2025-02-13 01:20:00,1,20,3,0,11,14
2025-02-13 01:25:00,1,25,3,0,11,7
2025-02-13 01:30:00,1,30,3,0,7,6
2025-02-13 01:35:00,1,35,3,0,11,6
2025-02-13 01:40:00,1,40,3,0,0,4
2025-02-13 01:45:00,1,45,3,0,8,7
2025-02-13 01:50:00,1,50,3,0,11,9
2025-02-13 01:55:00,1,55,3,0,5,5
2025-02-13 02:00:00,2,0,3,0,5,0
2025-02-13 02:05:00,2,5,3,0,1,8
2025-02-13 02:10:00,2,10,3,0,14,15
2025-02-13 02:15:00,2,15,3,0,5,5
2025-02-13 02:20:00,2,20,3,0,9,0
2025-02-13 02:25:00,2,25,3,0,10,9
2025-02-13 02:30:00,2,30,3,0,14,13
2025-02-13 02:35:00,2,35,3,0,7,8
2025-02-13 02:40:00,2,40,3,0,6,13
2025-02-13 02:45:00,2,45,3,0,9,9
2025-02-13 02:50:00,2,50,3,0,13,9
2025-02-13 02:55:00,2,55,3,0,7,4
2025-02-13 03:00:00,3,0,3,0,4,7
2025-02-13 03:05:00,3,5,3,0,2,6
2025-02-13 03:10:00,3,10,3,0,3,6
2025-02-13 03:15:00,3,15,3,0,12,5
2025-02-13 03:20:00,3,20,3,0,7,7
2025-02-13 03:25:00,3,25,3,0,6,1
2025-02-13 03:30:00,3,30,3,0,6,10
2025-02-13 03:35:00,3,35,3,0,9,3
2025-02-13 03:40:00,3,40,3,0,8,5
2025-02-13 03:45:00,3,45,3,0,8,8
2025-02-13 03:50:00,3,50,3,0,14,3
2025-02-13 03:55:00,3,55,3,0,15,0
2025-02-13 04:00:00,4,0,3,0,3,5
2025-02-13 04:05:00,4,5,3,0,10,1
2025-02-13 04:10:00,4,10,3,0,6,10
2025-02-13 04:15:00,4,15,3,0,9,2
2025-02-13 04:20:00,4,20,3,0,11,13
2025-02-13 04:25:00,4,25,3,0,9,7
2025-02-13 04:30:00,4,30,3,0,11,8
2025-02-13 04:35:00,4,35,3,0,13,0
2025-02-13 04:40:00,4,40,3,0,12,9
2025-02-13 04:45:00,4,45,3,0,9,8
2025-02-13 04:50:00,4,50,3,0,9,3
2025-02-13 04:55:00,4,55,3,0,6,9
2025-02-13 05:00:00,5,0,3,0,9,8
2025-02-13 05:05:00,5,5,3,0,21,9
2025-02-13 05:10:00,5,10,3,0,11,10
2025-02-13 05:15:00,5,15,3,0,10,9
2025-02-13 05:20:00,5,20,3,0,16,12
2025-02-13 05:25:00,5,25,3,0,16,11
2025-02-13 05:30:00,5,30,3,0,16,14
2025-02-13 05:35:00,5,35,3,0,23,11
2025-02-13 05:40:00,5,40,3,0,21,9
2025-02-13 05:45:00,5,45,3,0,17,11
2025-02-13 05:50:00,5,50,3,0,19,21
2025-02-13 05:55:00,5,55,3,0,19,19
2025-02-13 06:00:00,6,0,3,0,26,21
2025-02-13 06:05:00,6,5,3,0,22,22
2025-02-13 06:10:00,6,10,3,0,17,16
2025-02-13 06:15:00,6,15,3,0,26,20
2025-02-13 06:20:00,6,20,3,0,21,20
2025-02-13 06:25:00,6,25,3,0,37,23
2025-02-13 06:30:00,6,30,3,0,25,20
2025-02-13 06:35:00,6,35,3,0,30,22
2025-02-13 06:40:00,6,40,3,0,33,23
2025-02-13 06:45:00,6,45,3,0,32,26
2025-02-13 06:50:00,6,50,3,0,33,27
2025-02-13 06:55:00,6,55,3,0,37,26
2025-02-13 07:00:00,7,0,3,0,42,27
2025-02-13 07:05:00,7,5,3,0,40,28
2025-02-13 07:10:00,7,10,3,0,44,34
2025-02-13 07:15:00,7,15,3,0,35,21
2025-02-13 07:20:00,7,20,3,0,41,25
2025-02-13 07:25:00,7,25,3,0,41,32
2025-02-13 07:30:00,7,30,3,0,43,31
2025-02-13 07:35:00,7,35,3,0,47,31
2025-02-13 07:40:00,7,40,3,0,41,33
2025-02-13 07:45:00,7,45,3,0,41,32
2025-02-13 07:50:00,7,50,3,0,45,29
2025-02-13 07:55:00,7,55,3,0,36,33
2025-02-13 08:00:00,8,0,3,0,42,31
2025-02-13 08:05:00,8,5,3,0,42,29
2025-02-13 08:10:00,8,10,3,0,39,34
2025-02-13 08:15:00,8,15,3,0,47,33
2025-02-13 08:20:00,8,20,3,0,38,31
2025-02-13 08:25:00,8,25,3,0,41,37
2025-02-13 08:30:00,8,30,3,0,42,35
2025-02-13 08:35:00,8,35,3,0,46,33
2025-02-13 08:40:00,8,40,3,0,40,39
2025-02-13 08:45:00,8,45,3,0,43,27
2025-02-13 08:50:00,8,50,3,0,41,26
2025-02-13 08:55:00,8,55,3,0,38,30
2025-02-13 09:00:00,9,0,3,0,32,25
2025-02-13 09:05:00,9,5,3,0,29,25
2025-02-13 09:10:00,9,10,3,0,34,21
2025-02-13 09:15:00,9,15,3,0,31,26
2025-02-13 09:20:00,9,20,3,0,35,17
2025-02-13 09:25:00,9,25,3,0,33,22
2025-02-13 09:30:00,9,30,3,0,29,21
2025-02-13 09:35:00,9,35,3,0,23,19
2025-02-13 09:40:00,9,40,3,0,29,13
2025-02-13 09:45:00,9,45,3,0,22,12
2025-02-13 09:50:00,9,50,3,0,22,15
2025-02-13 09:55:00,9,55,3,0,20,19
2025-02-13 10:00:00,10,0,3,0,22,18
2025-02-13 10:05:00,10,5,3,0,26,16
2025-02-13 10:10:00,10,10,3,0,20,11
2025-02-13 10:15:00,10,15,3,0,18,16
2025-02-13 10:20:00,10,20,3,0,12,6
2025-02-13 10:25:00,10,25,3,0,20,3
2025-02-13 10:30:00,10,30,3,0,14,11
2025-02-13 10:35:00,10,35,3,0,17,10
2025-02-13 10:40:00,10,40,3,0,14,15
2025-02-13 10:45:00,10,45,3,0,18,12
2025-02-13 10:50:00,10,50,3,0,14,17
2025-02-13 10:55:00,10,55,3,0,13,8
2025-02-13 11:00:00,11,0,3,0,15,12
2025-02-13 11:05:00,11,5,3,0,21,9
2025-02-13 11:10:00,11,10,3,0,16,15
2025-02-13 11:15:00,11,15,3,0,11,8
2025-02-13 11:20:00,11,20,3,0,12,12
2025-02-13 11:25:00,11,25,3,0,9,4
2025-02-13 11:30:00,11,30,3,0,7,7
2025-02-13 11:35:00,11,35,3,0,9,8
2025-02-13 11:40:00,11,40,3,0,8,13
2025-02-13 11:45:00,11,45,3,0,13,0
2025-02-13 11:50:00,11,50,3,0,6,7
2025-02-13 11:55:00,11,55,3,0,16,7
2025-02-13 12:00:00,12,0,3,0,13,0
2025-02-13 12:05:00,12,5,3,0,10,7
2025-02-13 12:10:00,12,10,3,0,10,3
2025-02-13 12:15:00,12,15,3,0,8,0
2025-02-13 12:20:00,12,20,3,0,12,8
2025-02-13 12:25:00,12,25,3,0,15,8
2025-02-13 12:30:00,12,30,3,0,8,8
2025-02-13 12:35:00,12,35,3,0,5,11
2025-02-13 12:40:00,12,40,3,0,14,7
2025-02-13 12:45:00,12,45,3,0,13,18
2025-02-13 12:50:00,12,50,3,0,7,11
2025-02-13 12:55:00,12,55,3,0,9,16
2025-02-13 13:00:00,13,0,3,0,9,5
2025-02-13 13:05:00,13,5,3,0,10,9
2025-02-13 13:10:00,13,10,3,0,12,15
2025-02-13 13:15:00,13,15,3,0,12,12
2025-02-13 13:20:00,13,20,3,0,11,9
2025-02-13 13:25:00,13,25,3,0,11,7
2025-02-13 13:30:00,13,30,3,0,14,18
2025-02-13 13:35:00,13,35,3,0,16,18
2025-02-13 13:40:00,13,40,3,0,14,17
2025-02-13 13:45:00,13,45,3,0,21,15
2025-02-13 13:50:00,13,50,3,0,19,13
2025-02-13 13:55:00,13,55,3,0,11,18
2025-02-13 14:00:00,14,0,3,0,20,14
2025-02-13 14:05:00,14,5,3,0,21,17
2025-02-13 14:10:00,14,10,3,0,17,26
2025-02-13 14:15:00,14,15,3,0,14,14
2025-02-13 14:20:00,14,20,3,0,20,25
2025-02-13 14:25:00,14,25,3,0,21,29
2025-02-13 14:30:00,14,30,3,0,17,28
2025-02-13 14:35:00,14,35,3,0,17,27
2025-02-13 14:40:00,14,40,3,0,23,24
2025-02-13 14:45:00,14,45,3,0,23,25
2025-02-13 14:50:00,14,50,3,0,23,19
2025-02-13 14:55:00,14,55,3,0,25,29
2025-02-13 15:00:00,15,0,3,0,22,29
2025-02-13 15:05:00,15,5,3,0,25,28
2025-02-13 15:10:00,15,10,3,0,30,32
2025-02-13 15:15:00,15,15,3,0,27,34
2025-02-13 15:20:00,15,20,3,0,23,32
2025-02-13 15:25:00,15,25,3,0,28,42
2025-02-13 15:30:00,15,30,3,0,26,39
2025-02-13 15:35:00,15,35,3,0,32,41
2025-02-13 15:40:00,15,40,3,0,33,38
2025-02-13 15:45:00,15,45,3,0,26,41
2025-02-13 15:50:00,15,50,3,0,36,36
2025-02-13 15:55:00,15,55,3,0,29,43
2025-02-13 16:00:00,16,0,3,0,41,40
2025-02-13 16:05:00,16,5,3,0,35,38
2025-02-13 16:10:00,16,10,3,0,31,43
2025-02-13 16:15:00,16,15,3,0,31,42
2025-02-13 16:20:00,16,20,3,0,38,53
2025-02-13 16:25:00,16,25,3,0,35,46
2025-02-13 16:30:00,16,30,3,0,37,51
2025-02-13 16:35:00,16,35,3,0,44,50
2025-02-13 16:40:00,16,40,3,0,35,46
2025-02-13 16:45:00,16,45,3,0,38,44
2025-02-13 16:50:00,16,50,3,0,44,39
2025-02-13 16:55:00,16,55,3,0,39,42
2025-02-13 17:00:00,17,0,3,0,32,49
2025-02-13 17:05:00,17,5,3,0,40,45
2025-02-13 17:10:00,17,10,3,0,33,47
2025-02-13 17:15:00,17,15,3,0,43,38
2025-02-13 17:20:00,17,20,3,0,34,47
2025-02-13 17:25:00,17,25,3,0,49,50
2025-02-13 17:30:00,17,30,3,0,43,38
2025-02-13 17:35:00,17,35,3,0,34,46
2025-02-13 17:40:00,17,40,3,0,36,49
2025-02-13 17:45:00,17,45,3,0,39,50
2025-02-13 17:50:00,17,50,3,0,39,41
2025-02-13 17:55:00,17,55,3,0,37,45
2025-02-13 18:00:00,18,0,3,0,39,47
2025-02-13 18:05:00,18,5,3,0,33,42
2025-02-13 18:10:00,18,10,3,0,32,45
2025-02-13 18:15:00,18,15,3,0,31,39
2025-02-13 18:20:00,18,20,3,0,35,40
2025-02-13 18:25:00,18,25,3,0,33,35
2025-02-13 18:30:00,18,30,3,0,32,36
2025-02-13 18:35:00,18,35,3,0,33,37
2025-02-13 18:40:00,18,40,3,0,21,31
2025-02-13 18:45:00,18,45,3,0,30,32
2025-02-13 18:50:00,18,50,3,0,29,35
2025-02-13 18:55:00,18,55,3,0,34,39
2025-02-13 19:00:00,19,0,3,0,20,22
2025-02-13 19:05:00,19,5,3,0,32,37
2025-02-13 19:10:00,19,10,3,0,25,27
2025-02-13 19:15:00,19,15,3,0,26,31
2025-02-13 19:20:00,19,20,3,0,30,31
2025-02-13 19:25:00,19,25,3,0,25,32
2025-02-13 19:30:00,19,30,3,0,23,21
2025-02-13 19:35:00,19,35,3,0,22,22
2025-02-13 19:40:00,19,40,3,0,18,22
2025-02-13 19:45:00,19,45,3,0,20,20
2025-02-13 19:50:00,19,50,3,0,16,26
2025-02-13 19:55:00,19,55,3,0,18,20
2025-02-13 20:00:00,20,0,3,0,8,13
2025-02-13 20:05:00,20,5,3,0,19,16
2025-02-13 20:10:00,20,10,3,0,16,11
2025-02-13 20:15:00,20,15,3,0,15,16
2025-02-13 20:20:00,20,20,3,0,16,19
2025-02-13 20:25:00,20,25,3,0,9,13
2025-02-13 20:30:00,20,30,3,0,22,13
2025-02-13 20:35:00,20,35,3,0,14,13
2025-02-13 20:40:00,20,40,3,0,13,14
2025-02-13 20:45:00,20,45,3,0,9,15
2025-02-13 20:50:00,20,50,3,0,13,16
2025-02-13 20:55:00,20,55,3,0,18,21
2025-02-13 21:00:00,21,0,3,0,16,12
2025-02-13 21:05:00,21,5,3,0,15,14
2025-02-13 21:10:00,21,10,3,0,14,4
2025-02-13 21:15:00,21,15,3,0,10,9
2025-02-13 21:20:00,21,20,3,0,5,9
2025-02-13 21:25:00,21,25,3,0,10,5
2025-02-13 21:30:00,21,30,3,0,9,7
2025-02-13 21:35:00,21,35,3,0,14,8
2025-02-13 21:40:00,21,40,3,0,11,7
2025-02-13 21:45:00,21,45,3,0,16,19
2025-02-13 21:50:00,21,50,3,0,14,10
2025-02-13 21:55:00,21,55,3,0,8,16
2025-02-13 22:00:00,22,0,3,0,2,14
2025-02-13 22:05:00,22,5,3,0,15,5
2025-02-13 22:10:00,22,10,3,0,15,8
2025-02-13 22:15:00,22,15,3,0,3,6
2025-02-13 22:20:00,22,20,3,0,15,6
2025-02-13 22:25:00,22,25,3,0,10,3
2025-02-13 22:30:00,22,30,3,0,9,5
2025-02-13 22:35:00,22,35,3,0,15,8
2025-02-13 22:40:00,22,40,3,0,14,8
2025-02-13 22:45:00,22,45,3,0,11,8
2025-02-13 22:50:00,22,50,3,0,10,6
2025-02-13 22:55:00,22,55,3,0,11,10
2025-02-13 23:00:00,23,0,3,0,7,5
2025-02-13 23:05:00,23,5,3,0,8,12
2025-02-13 23:10:00,23,10,3,0,5,0
2025-02-13 23:15:00,23,15,3,0,7,9
2025-02-13 23:20:00,23,20,3,0,7,8
2025-02-13 23:25:00,23,25,3,0,6,4
2025-02-13 23:30:00,23,30,3,0,9,5
2025-02-13 23:35:00,23,35,3,0,7,8
2025-02-13 23:40:00,23,40,3,0,10,10
2025-02-13 23:45:00,23,45,3,0,2,0
2025-02-13 23:50:00,23,50,3,0,8,9
2025-02-13 23:55:00,23,55,3,0,9,4
2025-02-14 00:00:00,0,0,4,0,7,11
2025-02-14 00:05:00,0,5,4,0,7,0
2025-02-14 00:10:00,0,10,4,0,2,16
2025-02-14 00:15:00,0,15,4,0,9,2
2025-02-14 00:20:00,0,20,4,0,11,12
2025-02-14 00:25:00,0,25,4,0,10,6
2025-02-14 00:30:00,0,30,4,0,12,3
2025-02-14 00:35:00,0,35,4,0,9,7
2025-02-14 00:40:00,0,40,4,0,10,10
2025-02-14 00:45:00,0,45,4,0,9,0
2025-02-14 00:50:00,0,50,4,0,11,9
2025-02-14 00:55:00,0,55,4,0,2,6
2025-02-14 01:00:00,1,0,4,0,4,8
2025-02-14 01:05:00,1,5,4,0,14,6
2025-02-14 01:10:00,1,10,4,0,0,4
2025-02-14 01:15:00,1,15,4,0,7,2
2025-02-14 01:20:00,1,20,4,0,13,9
2025-02-14 01:25:00,1,25,4,0,8,9
2025-02-14 01:30:00,1,30,4,0,6,9
2025-02-14 01:35:00,1,35,4,0,9,8
2025-02-14 01:40:00,1,40,4,0,7,10
2025-02-14 01:45:00,1,45,4,0,8,12
2025-02-14 01:50:00,1,50,4,0,5,0
2025-02-14 01:55:00,1,55,4,0,12,0
2025-02-14 02:00:00,2,0,4,0,14,13
2025-02-14 02:05:00,2,5,4,0,7,1
2025-02-14 02:10:00,2,10,4,0,2,2
2025-02-14 02:15:00,2,15,4,0,6,5
2025-02-14 02:20:00,2,20,4,0,7,0
2025-02-14 02:25:00,2,25,4,0,10,4
2025-02-14 02:30:00,2,30,4,0,4,2
2025-02-14 02:35:00,2,35,4,0,5,5
2025-02-14 02:40:00,2,40,4,0,10,7
2025-02-14 02:45:00,2,45,4,0,12,5
2025-02-14 02:50:00,2,50,4,0,6,4
2025-02-14 02:55:00,2,55,4,0,3,7
2025-02-14 03:00:00,3,0,4,0,21,10
2025-02-14 03:05:00,3,5,4,0,11,13
2025-02-14 03:10:00,3,10,4,0,7,5
2025-02-14 03:15:00,3,15,4,0,12,13
2025-02-14 03:20:00,3,20,4,0,8,10
2025-02-14 03:25:00,3,25,4,0,12,1
2025-02-14 03:30:00,3,30,4,0,9,1
2025-02-14 03:35:00,3,35,4,0,9,4
2025-02-14 03:40:00,3,40,4,0,8,12
2025-02-14 03:45:00,3,45,4,0,3,4
2025-02-14 03:50:00,3,50,4,0,16,0
2025-02-14 03:55:00,3,55,4,0,5,6
2025-02-14 04:00:00,4,0,4,0,4,0
2025-02-14 04:05:00,4,5,4,0,8,3
2025-02-14 04:10:00,4,10,4,0,5,5
2025-02-14 04:15:00,4,15,4,0,9,8
2025-02-14 04:20:00,4,20,4,0,13,11
2025-02-14 04:25:00,4,25,4,0,14,10
2025-02-14 04:30:00,4,30,4,0,14,3
2025-02-14 04:35:00,4,35,4,0,9,6
2025-02-14 04:40:00,4,40,4,0,11,8
2025-02-14 04:45:00,4,45,4,0,13,7
2025-02-14 04:50:00,4,50,4,0,5,8
2025-02-14 04:55:00,4,55,4,0,15,2
2025-02-14 05:00:00,5,0,4,0,7,5
2025-02-14 05:05:00,5,5,4,0,21,8
2025-02-14 05:10:00,5,10,4,0,12,0
2025-02-14 05:15:00,5,15,4,0,14,13
2025-02-14 05:20:00,5,20,4,0,12,6
2025-02-14 05:25:00,5,25,4,0,13,14
2025-02-14 05:30:00,5,30,4,0,26,15
2025-02-14 05:35:00,5,35,4,0,21,11
2025-02-14 05:40:00,5,40,4,0,12,17
2025-02-14 05:45:00,5,45,4,0,25,17
2025-02-14 05:50:00,5,50,4,0,25,14
2025-02-14 05:55:00,5,55,4,0,20,14
2025-02-14 06:00:00,6,0,4,0,24,21
2025-02-14 06:05:00,6,5,4,0,23,18
2025-02-14 06:10:00,6,10,4,0,32,22
2025-02-14 06:15:00,6,15,4,0,23,9
2025-02-14 06:20:00,6,20,4,0,27,20
2025-02-14 06:25:00,6,25,4,0,26,14
2025-02-14 06:30:00,6,30,4,0,23,21
2025-02-14 06:35:00,6,35,4,0,39,25
2025-02-14 06:40:00,6,40,4,0,27,30
2025-02-14 06:45:00,6,45,4,0,34,20
2025-02-14 06:50:00,6,50,4,0,27,22
2025-02-14 06:55:00,6,55,4,0,33,25
2025-02-14 07:00:00,7,0,4,0,38,22
2025-02-14 07:05:00,7,5,4,0,34,31
2025-02-14 07:10:00,7,10,4,0,40,27
2025-02-14 07:15:00,7,15,4,0,38,29
2025-02-14 07:20:00,7,20,4,0,44,31
2025-02-14 07:25:00,7,25,4,0,46,29
2025-02-14 07:30:00,7,30,4,0,39,26
2025-02-14 07:35:00,7,35,4,0,42,30
2025-02-14 07:40:00,7,40,4,0,43,27
2025-02-14 07:45:00,7,45,4,0,45,31
2025-02-14 07:50:00,7,50,4,0,43,35
2025-02-14 07:55:00,7,55,4,0,44,26
2025-02-14 08:00:00,8,0,4,0,42,25
2025-02-14 08:05:00,8,5,4,0,43,31
2025-02-14 08:10:00,8,10,4,0,48,28
2025-02-14 08:15:00,8,15,4,0,45,31
2025-02-14 08:20:00,8,20,4,0,45,32
2025-02-14 08:25:00,8,25,4,0,45,21
2025-02-14 08:30:00,8,30,4,0,40,32
2025-02-14 08:35:00,8,35,4,0,42,25
2025-02-14 08:40:00,8,40,4,0,35,29
2025-02-14 08:45:00,8,45,4,0,44,25
2025-02-14 08:50:00,8,50,4,0,27,25
2025-02-14 08:55:00,8,55,4,0,37,34
2025-02-14 09:00:00,9,0,4,0,41,27
2025-02-14 09:05:00,9,5,4,0,30,29
2025-02-14 09:10:00,9,10,4,0,35,25
2025-02-14 09:15:00,9,15,4,0,30,26
2025-02-14 09:20:00,9,20,4,0,30,25
2025-02-14 09:25:00,9,25,4,0,34,23
2025-02-14 09:30:00,9,30,4,0,30,26
2025-02-14 09:35:00,9,35,4,0,20,21
2025-02-14 09:40:00,9,40,4,0,23,29
2025-02-14 09:45:00,9,45,4,0,30,23
2025-02-14 09:50:00,9,50,4,0,26,13
2025-02-14 09:55:00,9,55,4,0,31,16
2025-02-14 10:00:00,10,0,4,0,29,18
2025-02-14 10:05:00,10,5,4,0,20,16
2025-02-14 10:10:00,10,10,4,0,30,18
2025-02-14 10:15:00,10,15,4,0,20,17
2025-02-14 10:20:00,10,20,4,0,15,8
2025-02-14 10:25:00,10,25,4,0,15,18
2025-02-14 10:30:00,10,30,4,0,8,10
2025-02-14 10:35:00,10,35,4,0,23,10
2025-02-14 10:40:00,10,40,4,0,22,9
2025-02-14 10:45:00,10,45,4,0,11,14
2025-02-14 10:50:00,10,50,4,0,13,9
2025-02-14 10:55:00,10,55,4,0,14,8
2025-02-14 11:00:00,11,0,4,0,9,8
2025-02-14 11:05:00,11,5,4,0,6,2
2025-02-14 11:10:00,11,10,4,0,11,6
2025-02-14 11:15:00,11,15,4,0,11,4
2025-02-14 11:20:00,11,20,4,0,10,8
2025-02-14 11:25:00,11,25,4,0,12,11
2025-02-14 11:30:00,11,30,4,0,17,11
2025-02-14 11:35:00,11,35,4,0,10,13
2025-02-14 11:40:00,11,40,4,0,11,13
2025-02-14 11:45:00,11,45,4,0,13,6
2025-02-14 11:50:00,11,50,4,0,13,8
2025-02-14 11:55:00,11,55,4,0,8,8
2025-02-14 12:00:00,12,0,4,0,11,0
2025-02-14 12:05:00,12,5,4,0,13,4
2025-02-14 12:10:00,12,10,4,0,6,8
2025-02-14 12:15:00,12,15,4,0,15,8
2025-02-14 12:20:00,12,20,4,0,16,11
2025-02-14 12:25:00,12,25,4,0,8,11
2025-02-14 12:30:00,12,30,4,0,12,2
2025-02-14 12:35:00,12,35,4,0,14,12
2025-02-14 12:40:00,12,40,4,0,9,11
2025-02-14 12:45:00,12,45,4,0,13,13
2025-02-14 12:50:00,12,50,4,0,12,15
2025-02-14 12:55:00,12,55,4,0,6,11
2025-02-14 13:00:00,13,0,4,0,14,16
2025-02-14 13:05:00,13,5,4,0,8,8
2025-02-14 13:10:00,13,10,4,0,17,9
2025-02-14 13:15:00,13,15,4,0,11,15
2025-02-14 13:20:00,13,20,4,0,13,12
2025-02-14 13:25:00,13,25,4,0,20,15
2025-02-14 13:30:00,13,30,4,0,17,23
2025-02-14 13:35:00,13,35,4,0,11,17
2025-02-14 13:40:00,13,40,4,0,11,17
2025-02-14 13:45:00,13,45,4,0,14,13
2025-02-14 13:50:00,13,50,4,0,18,11
2025-02-14 13:55:00,13,55,4,0,19,18
2025-02-14 14:00:00,14,0,4,0,14,23
2025-02-14 14:05:00,14,5,4,0,14,19
2025-02-14 14:10:00,14,10,4,0,20,22
2025-02-14 14:15:00,14,15,4,0,19,27
2025-02-14 14:20:00,14,20,4,0,29,28
2025-02-14 14:25:00,14,25,4,0,21,25
2025-02-14 14:30:00,14,30,4,0,29,25
2025-02-14 14:35:00,14,35,4,0,18,19
2025-02-14 14:40:00,14,40,4,0,17,24
2025-02-14 14:45:00,14,45,4,0,19,26
2025-02-14 14:50:00,14,50,4,0,29,25
2025-02-14 14:55:00,14,55,4,0,32,30
2025-02-14 15:00:00,15,0,4,0,23,38
2025-02-14 15:05:00,15,5,4,0,25,37
2025-02-14 15:10:00,15,10,4,0,23,33
2025-02-14 15:15:00,15,15,4,0,21,36
2025-02-14 15:20:00,15,20,4,0,32,31
2025-02-14 15:25:00,15,25,4,0,31,41
2025-02-14 15:30:00,15,30,4,0,31,30
2025-02-14 15:35:00,15,35,4,0,26,41
2025-02-14 15:40:00,15,40,4,0,39,40
2025-02-14 15:45:00,15,45,4,0,31,36
2025-02-14 15:50:00,15,50,4,0,35,39
2025-02-14 15:55:00,15,55,4,0,28,36
2025-02-14 16:00:00,16,0,4,0,34,37
2025-02-14 16:05:00,16,5,4,0,36,36
2025-02-14 16:10:00,16,10,4,0,37,46
2025-02-14 16:15:00,16,15,4,0,37,48
2025-02-14 16:20:00,16,20,4,0,38,35
2025-02-14 16:25:00,16,25,4,0,32,52
2025-02-14 16:30:00,16,30,4,0,38,45
2025-02-14 16:35:00,16,35,4,0,38,46
2025-02-14 16:40:00,16,40,4,0,39,40
2025-02-14 16:45:00,16,45,4,0,38,51
2025-02-14 16:50:00,16,50,4,0,33,47
2025-02-14 16:55:00,16,55,4,0,33,51
2025-02-14 17:00:00,17,0,4,0,29,51
2025-02-14 17:05:00,17,5,4,0,41,51
2025-02-14 17:10:00,17,10,4,0,41,43
2025-02-14 17:15:00,17,15,4,0,41,45
2025-02-14 17:20:00,17,20,4,0,39,43
2025-02-14 17:25:00,17,25,4,0,29,49
2025-02-14 17:30:00,17,30,4,0,33,46
2025-02-14 17:35:00,17,35,4,0,37,49
2025-02-14 17:40:00,17,40,4,0,37,48
2025-02-14 17:45:00,17,45,4,0,35,36
2025-02-14 17:50:00,17,50,4,0,37,48
2025-02-14 17:55:00,17,55,4,0,35,46
2025-02-14 18:00:00,18,0,4,0,35,40
2025-02-14 18:05:00,18,5,4,0,31,42
2025-02-14 18:10:00,18,10,4,0,37,39
2025-02-14 18:15:00,18,15,4,0,31,41
2025-02-14 18:20:00,18,20,4,0,27,37
2025-02-14 18:25:00,18,25,4,0,28,39
2025-02-14 18:30:00,18,30,4,0,29,36
2025-02-14 18:35:00,18,35,4,0,34,34
2025-02-14 18:40:00,18,40,4,0,29,35
2025-02-14 18:45:00,18,45,4,0,28,44
2025-02-14 18:50:00,18,50,4,0,23,30
2025-02-14 18:55:00,18,55,4,0,30,30
2025-02-14 19:00:00,19,0,4,0,24,28
2025-02-14 19:05:00,19,5,4,0,25,27
2025-02-14 19:10:00,19,10,4,0,31,32
2025-02-14 19:15:00,19,15,4,0,26,30
2025-02-14 19:20:00,19,20,4,0,17,26
2025-02-14 19:25:00,19,25,4,0,15,29
2025-02-14 19:30:00,19,30,4,0,21,27
2025-02-14 19:35:00,19,35,4,0,16,23
2025-02-14 19:40:00,19,40,4,0,23,16
2025-02-14 19:45:00,19,45,4,0,20,25
2025-02-14 19:50:00,19,50,4,0,20,21
2025-02-14 19:55:00,19,55,4,0,16,20
2025-02-14 20:00:00,20,0,4,0,25,17
2025-02-14 20:05:00,20,5,4,0,29,21
2025-02-14 20:10:00,20,10,4,0,15,19
2025-02-14 20:15:00,20,15,4,0,17,16
2025-02-14 20:20:00,20,20,4,0,16,11
2025-02-14 20:25:00,20,25,4,0,14,20
2025-02-14 20:30:00,20,30,4,0,11,17
2025-02-14 20:35:00,20,35,4,0,10,15
2025-02-14 20:40:00,20,40,4,0,9,3
2025-02-14 20:45:00,20,45,4,0,15,13
2025-02-14 20:50:00,20,50,4,0,11,11
2025-02-14 20:55:00,20,55,4,0,2,9
2025-02-14 21:00:00,21,0,4,0,14,14
2025-02-14 21:05:00,21,5,4,0,12,14
2025-02-14 21:10:00,21,10,4,0,17,12
2025-02-14 21:15:00,21,15,4,0,13,14
2025-02-14 21:20:00,21,20,4,0,5,6
2025-02-14 21:25:00,21,25,4,0,2,8
2025-02-14 21:30:00,21,30,4,0,8,9
2025-02-14 21:35:00,21,35,4,0,8,6
2025-02-14 21:40:00,21,40,4,0,14,12
2025-02-14 21:45:00,21,45,4,0,10,6
2025-02-14 21:50:00,21,50,4,0,14,13
2025-02-14 21:55:00,21,55,4,0,4,4
2025-02-14 22:00:00,22,0,4,0,13,16
2025-02-14 22:05:00,22,5,4,0,12,16
2025-02-14 22:10:00,22,10,4,0,1,7
2025-02-14 22:15:00,22,15,4,0,14,12
2025-02-14 22:20:00,22,20,4,0,9,6
2025-02-14 22:25:00,22,25,4,0,10,11
2025-02-14 22:30:00,22,30,4,0,5,6
2025-02-14 22:35:00,22,35,4,0,14,2
2025-02-14 22:40:00,22,40,4,0,4,0
2025-02-14 22:45:00,22,45,4,0,12,6
2025-02-14 22:50:00,22,50,4,0,12,8
2025-02-14 22:55:00,22,55,4,0,4,12
2025-02-14 23:00:00,23,0,4,0,16,7
2025-02-14 23:05:00,23,5,4,0,9,10
2025-02-14 23:10:00,23,10,4,0,11,5
2025-02-14 23:15:00,23,15,4,0,2,5
2025-02-14 23:20:00,23,20,4,0,17,10
2025-02-14 23:25:00,23,25,4,0,3,0
2025-02-14 23:30:00,23,30,4,0,12,6
2025-02-14 23:35:00,23,35,4,0,4,5
2025-02-14 23:40:00,23,40,4,0,6,12
2025-02-14 23:45:00,23,45,4,0,11,4
2025-02-14 23:50:00,23,50,4,0,12,8
2025-02-14 23:55:00,23,55,4,0,3,10
2025-02-15 00:00:00,0,0,5,1,10,0
2025-02-15 00:05:00,0,5,5,1,10,4
2025-02-15 00:10:00,0,10,5,1,2,2
2025-02-15 00:15:00,0,15,5,1,12,8
2025-02-15 00:20:00,0,20,5,1,0,7
2025-02-15 00:25:00,0,25,5,1,3,3
2025-02-15 00:30:00,0,30,5,1,8,0
2025-02-15 00:35:00,0,35,5,1,2,8
2025-02-15 00:40:00,0,40,5,1,7,4
2025-02-15 00:45:00,0,45,5,1,7,0
2025-02-15 00:50:00,0,50,5,1,5,0
2025-02-15 00:55:00,0,55,5,1,9,6
2025-02-15 01:00:00,1,0,5,1,5,0
2025-02-15 01:05:00,1,5,5,1,7,12
2025-02-15 01:10:00,1,10,5,1,10,0
2025-02-15 01:15:00,1,15,5,1,9,4
2025-02-15 01:20:00,1,20,5,1,9,5
2025-02-15 01:25:00,1,25,5,1,1,1
2025-02-15 01:30:00,1,30,5,1,8,0
2025-02-15 01:35:00,1,35,5,1,2,5
2025-02-15 01:40:00,1,40,5,1,0,1
2025-02-15 01:45:00,1,45,5,1,5,5
2025-02-15 01:50:00,1,50,5,1,2,4
2025-02-15 01:55:00,1,55,5,1,9,5
2025-02-15 02:00:00,2,0,5,1,9,10
2025-02-15 02:05:00,2,5,5,1,0,2
2025-02-15 02:10:00,2,10,5,1,2,2
2025-02-15 02:15:00,2,15,5,1,0,0
2025-02-15 02:20:00,2,20,5,1,4,3
2025-02-15 02:25:00,2,25,5,1,7,6
2025-02-15 02:30:00,2,30,5,1,5,2
2025-02-15 02:35:00,2,35,5,1,3,6
2025-02-15 02:40:00,2,40,5,1,11,4
2025-02-15 02:45:00,2,45,5,1,0,0
2025-02-15 02:50:00,2,50,5,1,11,5
2025-02-15 02:55:00,2,55,5,1,4,3
2025-02-15 03:00:00,3,0,5,1,5,5
2025-02-15 03:05:00,3,5,5,1,4,2
2025-02-15 03:10:00,3,10,5,1,12,2
2025-02-15 03:15:00,3,15,5,1,1,5
2025-02-15 03:20:00,3,20,5,1,6,3
2025-02-15 03:25:00,3,25,5,1,8,11
2025-02-15 03:30:00,3,30,5,1,0,8
2025-02-15 03:35:00,3,35,5,1,2,7
2025-02-15 03:40:00,3,40,5,1,5,4
2025-02-15 03:45:00,3,45,5,1,2,0
2025-02-15 03:50:00,3,50,5,1,3,1
2025-02-15 03:55:00,3,55,5,1,5,2
2025-02-15 04:00:00,4,0,5,1,9,4
2025-02-15 04:05:00,4,5,5,1,5,5
2025-02-15 04:10:00,4,10,5,1,11,7
2025-02-15 04:15:00,4,15,5,1,3,6
2025-02-15 04:20:00,4,20,5,1,2,10
2025-02-15 04:25:00,4,25,5,1,15,4
2025-02-15 04:30:00,4,30,5,1,5,6
2025-02-15 04:35:00,4,35,5,1,2,7
2025-02-15 04:40:00,4,40,5,1,1,7
2025-02-15 04:45:00,4,45,5,1,12,11
2025-02-15 04:50:00,4,50,5,1,7,9
2025-02-15 04:55:00,4,55,5,1,8,1
2025-02-15 05:00:00,5,0,5,1,8,6
2025-02-15 05:05:00,5,5,5,1,13,7
2025-02-15 05:10:00,5,10,5,1,9,16
2025-02-15 05:15:00,5,15,5,1,20,6
2025-02-15 05:20:00,5,20,5,1,11,4
2025-02-15 05:25:00,5,25,5,1,15,10
2025-02-15 05:30:00,5,30,5,1,15,11
2025-02-15 05:35:00,5,35,5,1,12,9
2025-02-15 05:40:00,5,40,5,1,11,9
2025-02-15 05:45:00,5,45,5,1,15,14
2025-02-15 05:50:00,5,50,5,1,16,7
2025-02-15 05:55:00,5,55,5,1,13,10
2025-02-15 06:00:00,6,0,5,1,16,9
2025-02-15 06:05:00,6,5,5,1,21,16
2025-02-15 06:10:00,6,10,5,1,25,14
2025-02-15 06:15:00,6,15,5,1,21,9
2025-02-15 06:20:00,6,20,5,1,26,10
2025-02-15 06:25:00,6,25,5,1,17,22
2025-02-15 06:30:00,6,30,5,1,23,19
2025-02-15 06:35:00,6,35,5,1,27,19
2025-02-15 06:40:00,6,40,5,1,19,16
2025-02-15 06:45:00,6,45,5,1,21,23
2025-02-15 06:50:00,6,50,5,1,31,13
2025-02-15 06:55:00,6,55,5,1,21,21
2025-02-15 07:00:00,7,0,5,1,20,16
2025-02-15 07:05:00,7,5,5,1,32,18
2025-02-15 07:10:00,7,10,5,1,31,22
2025-02-15 07:15:00,7,15,5,1,29,19
2025-02-15 07:20:00,7,20,5,1,28,18
2025-02-15 07:25:00,7,25,5,1,27,18
2025-02-15 07:30:00,7,30,5,1,30,13
2025-02-15 07:35:00,7,35,5,1,35,24
2025-02-15 07:40:00,7,40,5,1,30,17
2025-02-15 07:45:00,7,45,5,1,38,29
2025-02-15 07:50:00,7,50,5,1,26,20
2025-02-15 07:55:00,7,55,5,1,30,27
2025-02-15 08:00:00,8,0,5,1,29,14
2025-02-15 08:05:00,8,5,5,1,26,25
2025-02-15 08:10:00,8,10,5,1,29,26
2025-02-15 08:15:00,8,15,5,1,31,27
2025-02-15 08:20:00,8,20,5,1,32,15
2025-02-15 08:25:00,8,25,5,1,38,18
2025-02-15 08:30:00,8,30,5,1,31,23
2025-02-15 08:35:00,8,35,5,1,33,21
2025-02-15 08:40:00,8,40,5,1,28,21
2025-02-15 08:45:00,8,45,5,1,34,18
2025-02-15 08:50:00,8,50,5,1,36,25
2025-02-15 08:55:00,8,55,5,1,28,29
2025-02-15 09:00:00,9,0,5,1,21,19
2025-02-15 09:05:00,9,5,5,1,22,20
2025-02-15 09:10:00,9,10,5,1,25,17
2025-02-15 09:15:00,9,15,5,1,25,22
2025-02-15 09:20:00,9,20,5,1,25,19
2025-02-15 09:25:00,9,25,5,1,23,11
2025-02-15 09:30:00,9,30,5,1,21,12
2025-02-15 09:35:00,9,35,5,1,17,10
2025-02-15 09:40:00,9,40,5,1,20,24
2025-02-15 09:45:00,9,45,5,1,25,16
2025-02-15 09:50:00,9,50,5,1,21,10
2025-02-15 09:55:00,9,55,5,1,19,9
2025-02-15 10:00:00,10,0,5,1,20,15
2025-02-15 10:05:00,10,5,5,1,14,15
2025-02-15 10:10:00,10,10,5,1,12,14
2025-02-15 10:15:00,10,15,5,1,11,8
2025-02-15 10:20:00,10,20,5,1,12,11
2025-02-15 10:25:00,10,25,5,1,11,10
2025-02-15 10:30:00,10,30,5,1,17,5
2025-02-15 10:35:00,10,35,5,1,9,5
2025-02-15 10:40:00,10,40,5,1,8,10
2025-02-15 10:45:00,10,45,5,1,18,8
2025-02-15 10:50:00,10,50,5,1,8,10
2025-02-15 10:55:00,10,55,5,1,10,10
2025-02-15 11:00:00,11,0,5,1,11,13
2025-02-15 11:05:00,11,5,5,1,4,4
2025-02-15 11:10:00,11,10,5,1,13,9
2025-02-15 11:15:00,11,15,5,1,11,9
2025-02-15 11:20:00,11,20,5,1,14,5
2025-02-15 11:25:00,11,25,5,1,5,7
2025-02-15 11:30:00,11,30,5,1,8,5
2025-02-15 11:35:00,11,35,5,1,8,14
2025-02-15 11:40:00,11,40,5,1,8,6
2025-02-15 11:45:00,11,45,5,1,2,8
2025-02-15 11:50:00,11,50,5,1,8,5
2025-02-15 11:55:00,11,55,5,1,2,4
2025-02-15 12:00:00,12,0,5,1,9,1
2025-02-15 12:05:00,12,5,5,1,0,10
2025-02-15 12:10:00,12,10,5,1,0,9
2025-02-15 12:15:00,12,15,5,1,11,5
2025-02-15 12:20:00,12,20,5,1,5,3
2025-02-15 12:25:00,12,25,5,1,3,7
2025-02-15 12:30:00,12,30,5,1,13,5
2025-02-15 12:35:00,12,35,5,1,9,6
2025-02-15 12:40:00,12,40,5,1,11,2
2025-02-15 12:45:00,12,45,5,1,7,8
2025-02-15 12:50:00,12,50,5,1,19,8
2025-02-15 12:55:00,12,55,5,1,6,12
2025-02-15 13:00:00,13,0,5,1,16,7
2025-02-15 13:05:00,13,5,5,1,9,7
2025-02-15 13:10:00,13,10,5,1,2,2
2025-02-15 13:15:00,13,15,5,1,11,13
2025-02-15 13:20:00,13,20,5,1,11,13
2025-02-15 13:25:00,13,25,5,1,6,10
2025-02-15 13:30:00,13,30,5,1,6,5
2025-02-15 13:35:00,13,35,5,1,10,6
2025-02-15 13:40:00,13,40,5,1,12,9
2025-02-15 13:45:00,13,45,5,1,1,16
2025-02-15 13:50:00,13,50,5,1,16,13
2025-02-15 13:55:00,13,55,5,1,10,7
2025-02-15 14:00:00,14,0,5,1,7,15
2025-02-15 14:05:00,14,5,5,1,17,11
2025-02-15 14:10:00,14,10,5,1,13,12
2025-02-15 14:15:00,14,15,5,1,19,19
2025-02-15 14:20:00,14,20,5,1,16,19
2025-02-15 14:25:00,14,25,5,1,15,21
2025-02-15 14:30:00,14,30,5,1,15,17
2025-02-15 14:35:00,14,35,5,1,18,21
2025-02-15 14:40:00,14,40,5,1,15,16
2025-02-15 14:45:00,14,45,5,1,13,18
2025-02-15 14:50:00,14,50,5,1,20,18
2025-02-15 14:55:00,14,55,5,1,17,21
2025-02-15 15:00:00,15,0,5,1,18,16
2025-02-15 15:05:00,15,5,5,1,23,21
2025-02-15 15:10:00,15,10,5,1,19,28
2025-02-15 15:15:00,15,15,5,1,20,19
2025-02-15 15:20:00,15,20,5,1,18,19
2025-02-15 15:25:00,15,25,5,1,23,20
2025-02-15 15:30:00,15,30,5,1,23,36
2025-02-15 15:35:00,15,35,5,1,26,28
2025-02-15 15:40:00,15,40,5,1,20,26
2025-02-15 15:45:00,15,45,5,1,21,28
2025-02-15 15:50:00,15,50,5,1,26,29
2025-02-15 15:55:00,15,55,5,1,25,26
2025-02-15 16:00:00,16,0,5,1,21,27
2025-02-15 16:05:00,16,5,5,1,30,29
2025-02-15 16:10:00,16,10,5,1,18,27
2025-02-15 16:15:00,16,15,5,1,28,29
2025-02-15 16:20:00,16,20,5,1,20,32
2025-02-15 16:25:00,16,25,5,1,33,27
2025-02-15 16:30:00,16,30,5,1,20,42
2025-02-15 16:35:00,16,35,5,1,31,35
2025-02-15 16:40:00,16,40,5,1,26,27
2025-02-15 16:45:00,16,45,5,1,25,22
2025-02-15 16:50:00,16,50,5,1,27,29
2025-02-15 16:55:00,16,55,5,1,29,35
2025-02-15 17:00:00,17,0,5,1,23,34
2025-02-15 17:05:00,17,5,5,1,23,32
2025-02-15 17:10:00,17,10,5,1,29,30
2025-02-15 17:15:00,17,15,5,1,20,28
2025-02-15 17:20:00,17,20,5,1,24,30
2025-02-15 17:25:00,17,25,5,1,38,28
2025-02-15 17:30:00,17,30,5,1,22,30
2025-02-15 17:35:00,17,35,5,1,30,36
2025-02-15 17:40:00,17,40,5,1,23,28
2025-02-15 17:45:00,17,45,5,1,27,33
2025-02-15 17:50:00,17,50,5,1,27,33
2025-02-15 17:55:00,17,55,5,1,29,25
2025-02-15 18:00:00,18,0,5,1,23,26
2025-02-15 18:05:00,18,5,5,1,32,33
2025-02-15 18:10:00,18,10,5,1,21,24
2025-02-15 18:15:00,18,15,5,1,24,27
2025-02-15 18:20:00,18,20,5,1,23,35
2025-02-15 18:25:00,18,25,5,1,17,30
2025-02-15 18:30:00,18,30,5,1,20,26
2025-02-15 18:35:00,18,35,5,1,22,28
2025-02-15 18:40:00,18,40,5,1,19,24
2025-02-15 18:45:00,18,45,5,1,30,27
2025-02-15 18:50:00,18,50,5,1,16,14
2025-02-15 18:55:00,18,55,5,1,24,21
2025-02-15 19:00:00,19,0,5,1,22,13
2025-02-15 19:05:00,19,5,5,1,18,21
2025-02-15 19:10:00,19,10,5,1,14,19
2025-02-15 19:15:00,19,15,5,1,14,25
2025-02-15 19:20:00,19,20,5,1,14,21
2025-02-15 19:25:00,19,25,5,1,9,16
2025-02-15 19:30:00,19,30,5,1,11,15
2025-02-15 19:35:00,19,35,5,1,9,18
2025-02-15 19:40:00,19,40,5,1,20,13
2025-02-15 19:45:00,19,45,5,1,16,15
2025-02-15 19:50:00,19,50,5,1,16,20
2025-02-15 19:55:00,19,55,5,1,15,11
2025-02-15 20:00:00,20,0,5,1,13,11
2025-02-15 20:05:00,20,5,5,1,18,12
2025-02-15 20:10:00,20,10,5,1,9,25
2025-02-15 20:15:00,20,15,5,1,12,14
2025-02-15 20:20:00,20,20,5,1,14,16
2025-02-15 20:25:00,20,25,5,1,5,14
2025-02-15 20:30:00,20,30,5,1,23,14
2025-02-15 20:35:00,20,35,5,1,10,12
2025-02-15 20:40:00,20,40,5,1,10,11
2025-02-15 20:45:00,20,45,5,1,14,3
2025-02-15 20:50:00,20,50,5,1,13,10
2025-02-15 20:55:00,20,55,5,1,9,8
2025-02-15 21:00:00,21,0,5,1,9,10
2025-02-15 21:05:00,21,5,5,1,2,7
2025-02-15 21:10:00,21,10,5,1,6,10
2025-02-15 21:15:00,21,15,5,1,10,11
2025-02-15 21:20:00,21,20,5,1,9,0
2025-02-15 21:25:00,21,25,5,1,12,5
2025-02-15 21:30:00,21,30,5,1,7,0
2025-02-15 21:35:00,21,35,5,1,2,7
2025-02-15 21:40:00,21,40,5,1,11,5
2025-02-15 21:45:00,21,45,5,1,13,11
2025-02-15 21:50:00,21,50,5,1,10,7
2025-02-15 21:55:00,21,55,5,1,6,4
2025-02-15 22:00:00,22,0,5,1,11,9
2025-02-15 22:05:00,22,5,5,1,20,4
2025-02-15 22:10:00,22,10,5,1,7,3
2025-02-15 22:15:00,22,15,5,1,1,7
2025-02-15 22:20:00,22,20,5,1,4,11
2025-02-15 22:25:00,22,25,5,1,9,8
2025-02-15 22:30:00,22,30,5,1,0,7
2025-02-15 22:35:00,22,35,5,1,7,16
2025-02-15 22:40:00,22,40,5,1,8,2
2025-02-15 22:45:00,22,45,5,1,12,2
2025-02-15 22:50:00,22,50,5,1,11,5
2025-02-15 22:55:00,22,55,5,1,9,11
2025-02-15 23:00:00,23,0,5,1,0,1
2025-02-15 23:05:00,23,5,5,1,9,11
2025-02-15 23:10:00,23,10,5,1,9,0
2025-02-15 23:15:00,23,15,5,1,7,4
2025-02-15 23:20:00,23,20,5,1,0,5
2025-02-15 23:25:00,23,25,5,1,3,1
2025-02-15 23:30:00,23,30,5,1,1,2
2025-02-15 23:35:00,23,35,5,1,0,8
2025-02-15 23:40:00,23,40,5,1,6,10
2025-02-15 23:45:00,23,45,5,1,2,0
2025-02-15 23:50:00,23,50,5,1,16,5
2025-02-15 23:55:00,23,55,5,1,5,4
2025-02-16 00:00:00,0,0,6,1,11,5
2025-02-16 00:05:00,0,5,6,1,0,3
2025-02-16 00:10:00,0,10,6,1,3,0
2025-02-16 00:15:00,0,15,6,1,6,10
2025-02-16 00:20:00,0,20,6,1,2,9
2025-02-16 00:25:00,0,25,6,1,4,4
2025-02-16 00:30:00,0,30,6,1,5,2
2025-02-16 00:35:00,0,35,6,1,5,2
2025-02-16 00:40:00,0,40,6,1,13,0
2025-02-16 00:45:00,0,45,6,1,7,6
2025-02-16 00:50:00,0,50,6,1,8,7
2025-02-16 00:55:00,0,55,6,1,8,5
2025-02-16 01:00:00,1,0,6,1,8,4
2025-02-16 01:05:00,1,5,6,1,5,5
2025-02-16 01:10:00,1,10,6,1,4,1
2025-02-16 01:15:00,1,15,6,1,6,2
2025-02-16 01:20:00,1,20,6,1,10,4
2025-02-16 01:25:00,1,25,6,1,10,7
2025-02-16 01:30:00,1,30,6,1,5,10
2025-02-16 01:35:00,1,35,6,1,9,3
2025-02-16 01:40:00,1,40,6,1,5,0
2025-02-16 01:45:00,1,45,6,1,6,4
2025-02-16 01:50:00,1,50,6,1,4,12
2025-02-16 01:55:00,1,55,6,1,5,0
2025-02-16 02:00:00,2,0,6,1,11,8
2025-02-16 02:05:00,2,5,6,1,6,10
2025-02-16 02:10:00,2,10,6,1,6,3
2025-02-16 02:15:00,2,15,6,1,0,1
2025-02-16 02:20:00,2,20,6,1,4,7
2025-02-16 02:25:00,2,25,6,1,5,6
2025-02-16 02:30:00,2,30,6,1,2,7
2025-02-16 02:35:00,2,35,6,1,6,13
2025-02-16 02:40:00,2,40,6,1,4,5
2025-02-16 02:45:00,2,45,6,1,6,0
2025-02-16 02:50:00,2,50,6,1,6,5
2025-02-16 02:55:00,2,55,6,1,2,5
2025-02-16 03:00:00,3,0,6,1,4,9
2025-02-16 03:05:00,3,5,6,1,6,3
2025-02-16 03:10:00,3,10,6,1,10,3
2025-02-16 03:15:00,3,15,6,1,7,0
2025-02-16 03:20:00,3,20,6,1,3,7
2025-02-16 03:25:00,3,25,6,1,7,18
2025-02-16 03:30:00,3,30,6,1,13,4
2025-02-16 03:35:00,3,35,6,1,10,6
2025-02-16 03:40:00,3,40,6,1,8,2
2025-02-16 03:45:00,3,45,6,1,9,0
2025-02-16 03:50:00,3,50,6,1,12,6
2025-02-16 03:55:00,3,55,6,1,11,5
2025-02-16 04:00:00,4,0,6,1,9,0
2025-02-16 04:05:00,4,5,6,1,11,11
2025-02-16 04:10:00,4,10,6,1,2,7
2025-02-16 04:15:00,4,15,6,1,1,5
2025-02-16 04:20:00,4,20,6,1,7,3
2025-02-16 04:25:00,4,25,6,1,7,7
2025-02-16 04:30:00,4,30,6,1,5,7
2025-02-16 04:35:00,4,35,6,1,11,7
2025-02-16 04:40:00,4,40,6,1,0,10
2025-02-16 04:45:00,4,45,6,1,6,11
2025-02-16 04:50:00,4,50,6,1,6,14
2025-02-16 04:55:00,4,55,6,1,2,3
2025-02-16 05:00:00,5,0,6,1,15,4
2025-02-16 05:05:00,5,5,6,1,4,8
2025-02-16 05:10:00,5,10,6,1,7,4
2025-02-16 05:15:00,5,15,6,1,14,5
2025-02-16 05:20:00,5,20,6,1,13,10
2025-02-16 05:25:00,5,25,6,1,7,12
2025-02-16 05:30:00,5,30,6,1,14,14
2025-02-16 05:35:00,5,35,6,1,13,8
2025-02-16 05:40:00,5,40,6,1,22,11
2025-02-16 05:45:00,5,45,6,1,15,11
2025-02-16 05:50:00,5,50,6,1,14,10
2025-02-16 05:55:00,5,55,6,1,12,8
2025-02-16 06:00:00,6,0,6,1,13,8
2025-02-16 06:05:00,6,5,6,1,13,15
2025-02-16 06:10:00,6,10,6,1,23,9
2025-02-16 06:15:00,6,15,6,1,18,6
2025-02-16 06:20:00,6,20,6,1,21,14
2025-02-16 06:25:00,6,25,6,1,26,20
2025-02-16 06:30:00,6,30,6,1,11,4
2025-02-16 06:35:00,6,35,6,1,26,14
2025-02-16 06:40:00,6,40,6,1,22,19
2025-02-16 06:45:00,6,45,6,1,25,9
2025-02-16 06:50:00,6,50,6,1,20,16
2025-02-16 06:55:00,6,55,6,1,21,13
2025-02-16 07:00:00,7,0,6,1,27,14
2025-02-16 07:05:00,7,5,6,1,35,17
2025-02-16 07:10:00,7,10,6,1,31,15
2025-02-16 07:15:00,7,15,6,1,32,15
2025-02-16 07:20:00,7,20,6,1,27,20
2025-02-16 07:25:00,7,25,6,1,26,29
2025-02-16 07:30:00,7,30,6,1,26,24
2025-02-16 07:35:00,7,35,6,1,27,25
2025-02-16 07:40:00,7,40,6,1,21,24
2025-02-16 07:45:00,7,45,6,1,27,19
2025-02-16 07:50:00,7,50,6,1,28,23
2025-02-16 07:55:00,7,55,6,1,29,26
2025-02-16 08:00:00,8,0,6,1,31,25
2025-02-16 08:05:00,8,5,6,1,32,22
2025-02-16 08:10:00,8,10,6,1,30,24
2025-02-16 08:15:00,8,15,6,1,27,31
2025-02-16 08:20:00,8,20,6,1,22,25
2025-02-16 08:25:00,8,25,6,1,27,20
2025-02-16 08:30:00,8,30,6,1,25,20
2025-02-16 08:35:00,8,35,6,1,30,16
2025-02-16 08:40:00,8,40,6,1,31,29
2025-02-16 08:45:00,8,45,6,1,31,26
2025-02-16 08:50:00,8,50,6,1,30,20
2025-02-16 08:55:00,8,55,6,1,25,27
2025-02-16 09:00:00,9,0,6,1,23,21
2025-02-16 09:05:00,9,5,6,1,21,16
2025-02-16 09:10:00,9,10,6,1,18,21
2025-02-16 09:15:00,9,15,6,1,27,18
2025-02-16 09:20:00,9,20,6,1,21,19
2025-02-16 09:25:00,9,25,6,1,16,10
2025-02-16 09:30:00,9,30,6,1,17,12
2025-02-16 09:35:00,9,35,6,1,16,20
2025-02-16 09:40:00,9,40,6,1,19,20
2025-02-16 09:45:00,9,45,6,1,22,19
2025-02-16 09:50:00,9,50,6,1,16,21
2025-02-16 09:55:00,9,55,6,1,7,14
2025-02-16 10:00:00,10,0,6,1,15,13
2025-02-16 10:05:00,10,5,6,1,14,7
2025-02-16 10:10:00,10,10,6,1,13,8
2025-02-16 10:15:00,10,15,6,1,11,2
2025-02-16 10:20:00,10,20,6,1,14,8
2025-02-16 10:25:00,10,25,6,1,13,1
2025-02-16 10:30:00,10,30,6,1,12,13
2025-02-16 10:35:00,10,35,6,1,13,10
2025-02-16 10:40:00,10,40,6,1,9,0
2025-02-16 10:45:00,10,45,6,1,8,7
2025-02-16 10:50:00,10,50,6,1,15,15
2025-02-16 10:55:00,10,55,6,1,12,7
2025-02-16 11:00:00,11,0,6,1,12,3
2025-02-16 11:05:00,11,5,6,1,14,0
2025-02-16 11:10:00,11,10,6,1,11,0
2025-02-16 11:15:00,11,15,6,1,12,8
2025-02-16 11:20:00,11,20,6,1,2,4
2025-02-16 11:25:00,11,25,6,1,9,5
2025-02-16 11:30:00,11,30,6,1,7,4
2025-02-16 11:35:00,11,35,6,1,14,5
2025-02-16 11:40:00,11,40,6,1,11,1
2025-02-16 11:45:00,11,45,6,1,5,7
2025-02-16 11:50:00,11,50,6,1,9,0
2025-02-16 11:55:00,11,55,6,1,8,3
2025-02-16 12:00:00,12,0,6,1,9,10
2025-02-16 12:05:00,12,5,6,1,3,7
2025-02-16 12:10:00,12,10,6,1,9,9
2025-02-16 12:15:00,12,15,6,1,6,15
2025-02-16 12:20:00,12,20,6,1,8,6
2025-02-16 12:25:00,12,25,6,1,5,7
2025-02-16 12:30:00,12,30,6,1,5,6
2025-02-16 12:35:00,12,35,6,1,12,5
2025-02-16 12:40:00,12,40,6,1,4,3
2025-02-16 12:45:00,12,45,6,1,4,8
2025-02-16 12:50:00,12,50,6,1,8,9
2025-02-16 12:55:00,12,55,6,1,5,9
2025-02-16 13:00:00,13,0,6,1,5,8
2025-02-16 13:05:00,13,5,6,1,9,12
2025-02-16 13:10:00,13,10,6,1,3,9
2025-02-16 13:15:00,13,15,6,1,5,7
2025-02-16 13:20:00,13,20,6,1,18,6
2025-02-16 13:25:00,13,25,6,1,12,4
2025-02-16 13:30:00,13,30,6,1,7,16
2025-02-16 13:35:00,13,35,6,1,12,8
2025-02-16 13:40:00,13,40,6,1,13,7
2025-02-16 13:45:00,13,45,6,1,15,10
2025-02-16 13:50:00,13,50,6,1,11,11
2025-02-16 13:55:00,13,55,6,1,16,19
2025-02-16 14:00:00,14,0,6,1,4,12
2025-02-16 14:05:00,14,5,6,1,9,24
2025-02-16 14:10:00,14,10,6,1,14,15
2025-02-16 14:15:00,14,15,6,1,15,23
2025-02-16 14:20:00,14,20,6,1,11,19
2025-02-16 14:25:00,14,25,6,1,16,18
2025-02-16 14:30:00,14,30,6,1,13,23
2025-02-16 14:35:00,14,35,6,1,15,22
2025-02-16 14:40:00,14,40,6,1,20,21
2025-02-16 14:45:00,14,45,6,1,20,28
2025-02-16 14:50:00,14,50,6,1,13,18
2025-02-16 14:55:00,14,55,6,1,14,16
2025-02-16 15:00:00,15,0,6,1,17,18
2025-02-16 15:05:00,15,5,6,1,19,29
2025-02-16 15:10:00,15,10,6,1,17,28
2025-02-16 15:15:00,15,15,6,1,24,21
2025-02-16 15:20:00,15,20,6,1,22,15
2025-02-16 15:25:00,15,25,6,1,23,24
2025-02-16 15:30:00,15,30,6,1,16,21
2025-02-16 15:35:00,15,35,6,1,27,24
2025-02-16 15:40:00,15,40,6,1,11,22
2025-02-16 15:45:00,15,45,6,1,26,21
2025-02-16 15:50:00,15,50,6,1,27,35
2025-02-16 15:55:00,15,55,6,1,22,26
2025-02-16 16:00:00,16,0,6,1,29,35
2025-02-16 16:05:00,16,5,6,1,24,29
2025-02-16 16:10:00,16,10,6,1,25,25
2025-02-16 16:15:00,16,15,6,1,27,32
2025-02-16 16:20:00,16,20,6,1,38,29
2025-02-16 16:25:00,16,25,6,1,31,30
2025-02-16 16:30:00,16,30,6,1,29,32
2025-02-16 16:35:00,16,35,6,1,22,28
2025-02-16 16:40:00,16,40,6,1,27,25
2025-02-16 16:45:00,16,45,6,1,23,32
2025-02-16 16:50:00,16,50,6,1,30,36
2025-02-16 16:55:00,16,55,6,1,27,29
2025-02-16 17:00:00,17,0,6,1,22,33
2025-02-16 17:05:00,17,5,6,1,27,38
2025-02-16 17:10:00,17,10,6,1,23,32
2025-02-16 17:15:00,17,15,6,1,27,32
2025-02-16 17:20:00,17,20,6,1,23,32
2025-02-16 17:25:00,17,25,6,1,26,29
2025-02-16 17:30:00,17,30,6,1,29,27
2025-02-16 17:35:00,17,35,6,1,26,27
2025-02-16 17:40:00,17,40,6,1,24,32
2025-02-16 17:45:00,17,45,6,1,26,33
2025-02-16 17:50:00,17,50,6,1,28,33
2025-02-16 17:55:00,17,55,6,1,20,28
2025-02-16 18:00:00,18,0,6,1,25,33
2025-02-16 18:05:00,18,5,6,1,29,30
2025-02-16 18:10:00,18,10,6,1,26,28
2025-02-16 18:15:00,18,15,6,1,23,14
2025-02-16 18:20:00,18,20,6,1,25,23
2025-02-16 18:25:00,18,25,6,1,24,20
2025-02-16 18:30:00,18,30,6,1,24,28
2025-02-16 18:35:00,18,35,6,1,13,25
2025-02-16 18:40:00,18,40,6,1,14,20
2025-02-16 18:45:00,18,45,6,1,24,25
2025-02-16 18:50:00,18,50,6,1,13,17
2025-02-16 18:55:00,18,55,6,1,20,18
2025-02-16 19:00:00,19,0,6,1,17,18
2025-02-16 19:05:00,19,5,6,1,14,23
2025-02-16 19:10:00,19,10,6,1,19,25
2025-02-16 19:15:00,19,15,6,1,18,17
2025-02-16 19:20:00,19,20,6,1,25,24
2025-02-16 19:25:00,19,25,6,1,13,18
2025-02-16 19:30:00,19,30,6,1,21,18
2025-02-16 19:35:00,19,35,6,1,16,16
2025-02-16 19:40:00,19,40,6,1,12,15
2025-02-16 19:45:00,19,45,6,1,17,17
2025-02-16 19:50:00,19,50,6,1,16,17
2025-02-16 19:55:00,19,55,6,1,13,10
2025-02-16 20:00:00,20,0,6,1,13,13
2025-02-16 20:05:00,20,5,6,1,10,19
2025-02-16 20:10:00,20,10,6,1,8,13
2025-02-16 20:15:00,20,15,6,1,14,13
2025-02-16 20:20:00,20,20,6,1,10,16
2025-02-16 20:25:00,20,25,6,1,10,9
2025-02-16 20:30:00,20,30,6,1,11,10
2025-02-16 20:35:00,20,35,6,1,11,13
2025-02-16 20:40:00,20,40,6,1,4,14
2025-02-16 20:45:00,20,45,6,1,14,0
2025-02-16 20:50:00,20,50,6,1,9,6
2025-02-16 20:55:00,20,55,6,1,8,4
2025-02-16 21:00:00,21,0,6,1,10,7
2025-02-16 21:05:00,21,5,6,1,9,4
2025-02-16 21:10:00,21,10,6,1,11,10
2025-02-16 21:15:00,21,15,6,1,10,8
2025-02-16 21:20:00,21,20,6,1,10,10
2025-02-16 21:25:00,21,25,6,1,13,10
2025-02-16 21:30:00,21,30,6,1,11,9
2025-02-16 21:35:00,21,35,6,1,6,5
2025-02-16 21:40:00,21,40,6,1,2,6
2025-02-16 21:45:00,21,45,6,1,14,4
2025-02-16 21:50:00,21,50,6,1,6,0
2025-02-16 21:55:00,21,55,6,1,5,9
2025-02-16 22:00:00,22,0,6,1,0,5
2025-02-16 22:05:00,22,5,6,1,8,0
2025-02-16 22:10:00,22,10,6,1,7,7
2025-02-16 22:15:00,22,15,6,1,0,4
2025-02-16 22:20:00,22,20,6,1,8,0
2025-02-16 22:25:00,22,25,6,1,4,0
2025-02-16 22:30:00,22,30,6,1,17,2
2025-02-16 22:35:00,22,35,6,1,4,6
2025-02-16 22:40:00,22,40,6,1,4,8
2025-02-16 22:45:00,22,45,6,1,2,8
2025-02-16 22:50:00,22,50,6,1,11,7
2025-02-16 22:55:00,22,55,6,1,4,4
2025-02-16 23:00:00,23,0,6,1,3,11
2025-02-16 23:05:00,23,5,6,1,9,7
2025-02-16 23:10:00,23,10,6,1,0,5
2025-02-16 23:15:00,23,15,6,1,8,7
2025-02-16 23:20:00,23,20,6,1,13,3
2025-02-16 23:25:00,23,25,6,1,8,4
2025-02-16 23:30:00,23,30,6,1,8,0
2025-02-16 23:35:00,23,35,6,1,9,3
2025-02-16 23:40:00,23,40,6,1,13,11
2025-02-16 23:45:00,23,45,6,1,11,5
2025-02-16 23:50:00,23,50,6,1,7,5
2025-02-16 23:55:00,23,55,6,1,9,8
2025-02-17 00:00:00,0,0,0,0,4,7
2025-02-17 00:05:00,0,5,0,0,11,3
2025-02-17 00:10:00,0,10,0,0,4,6
2025-02-17 00:15:00,0,15,0,0,7,1
2025-02-17 00:20:00,0,20,0,0,0,7
2025-02-17 00:25:00,0,25,0,0,10,3
2025-02-17 00:30:00,0,30,0,0,5,10
2025-02-17 00:35:00,0,35,0,0,12,4
2025-02-17 00:40:00,0,40,0,0,10,3
2025-02-17 00:45:00,0,45,0,0,12,6
2025-02-17 00:50:00,0,50,0,0,4,7
2025-02-17 00:55:00,0,55,0,0,12,1
2025-02-17 01:00:00,1,0,0,0,16,4
2025-02-17 01:05:00,1,5,0,0,11,6
2025-02-17 01:10:00,1,10,0,0,11,11
2025-02-17 01:15:00,1,15,0,0,9,0
2025-02-17 01:20:00,1,20,0,0,6,8
2025-02-17 01:25:00,1,25,0,0,11,4
2025-02-17 01:30:00,1,30,0,0,2,4
2025-02-17 01:35:00,1,35,0,0,6,3
2025-02-17 01:40:00,1,40,0,0,1,5
2025-02-17 01:45:00,1,45,0,0,5,8
2025-02-17 01:50:00,1,50,0,0,11,4
2025-02-17 01:55:00,1,55,0,0,10,13
2025-02-17 02:00:00,2,0,0,0,8,9
2025-02-17 02:05:00,2,5,0,0,9,7
2025-02-17 02:10:00,2,10,0,0,0,5
2025-02-17 02:15:00,2,15,0,0,7,11
2025-02-17 02:20:00,2,20,0,0,5,11
2025-02-17 02:25:00,2,25,0,0,5,1
2025-02-17 02:30:00,2,30,0,0,10,3
2025-02-17 02:35:00,2,35,0,0,5,9
2025-02-17 02:40:00,2,40,0,0,6,10
2025-02-17 02:45:00,2,45,0,0,0,5
2025-02-17 02:50:00,2,50,0,0,7,3
2025-02-17 02:55:00,2,55,0,0,4,6
2025-02-17 03:00:00,3,0,0,0,8,12
2025-02-17 03:05:00,3,5,0,0,4,6
2025-02-17 03:10:00,3,10,0,0,9,1
2025-02-17 03:15:00,3,15,0,0,8,7
2025-02-17 03:20:00,3,20,0,0,15,9
2025-02-17 03:25:00,3,25,0,0,10,6
2025-02-17 03:30:00,3,30,0,0,1,11
2025-02-17 03:35:00,3,35,0,0,3,10
2025-02-17 03:40:00,3,40,0,0,9,6
2025-02-17 03:45:00,3,45,0,0,5,7
2025-02-17 03:50:00,3,50,0,0,0,0
2025-02-17 03:55:00,3,55,0,0,14,11
2025-02-17 04:00:00,4,0,0,0,12,5
2025-02-17 04:05:00,4,5,0,0,11,5
2025-02-17 04:10:00,4,10,0,0,7,5
2025-02-17 04:15:00,4,15,0,0,11,9
2025-02-17 04:20:00,4,20,0,0,7,3
2025-02-17 04:25:00,4,25,0,0,11,4
2025-02-17 04:30:00,4,30,0,0,7,7
2025-02-17 04:35:00,4,35,0,0,17,5
2025-02-17 04:40:00,4,40,0,0,5,9
2025-02-17 04:45:00,4,45,0,0,16,6
2025-02-17 04:50:00,4,50,0,0,12,15
2025-02-17 04:55:00,4,55,0,0,10,12
2025-02-17 05:00:00,5,0,0,0,13,12
2025-02-17 05:05:00,5,5,0,0,16,7
2025-02-17 05:10:00,5,10,0,0,19,20
2025-02-17 05:15:00,5,15,0,0,16,9
2025-02-17 05:20:00,5,20,0,0,12,8
2025-02-17 05:25:00,5,25,0,0,16,15
2025-02-17 05:30:00,5,30,0,0,24,13
2025-02-17 05:35:00,5,35,0,0,23,10
2025-02-17 05:40:00,5,40,0,0,22,22
2025-02-17 05:45:00,5,45,0,0,23,18
2025-02-17 05:50:00,5,50,0,0,23,15
2025-02-17 05:55:00,5,55,0,0,26,25
2025-02-17 06:00:00,6,0,0,0,21,20
2025-02-17 06:05:00,6,5,0,0,18,17
2025-02-17 06:10:00,6,10,0,0,25,27
2025-02-17 06:15:00,6,15,0,0,22,21
2025-02-17 06:20:00,6,20,0,0,23,22
2025-02-17 06:25:00,6,25,0,0,25,19
2025-02-17 06:30:00,6,30,0,0,39,21
2025-02-17 06:35:00,6,35,0,0,31,20
2025-02-17 06:40:00,6,40,0,0,33,29
2025-02-17 06:45:00,6,45,0,0,28,17
2025-02-17 06:50:00,6,50,0,0,26,30
2025-02-17 06:55:00,6,55,0,0,32,22
2025-02-17 07:00:00,7,0,0,0,42,26
2025-02-17 07:05:00,7,5,0,0,38,26
2025-02-17 07:10:00,7,10,0,0,40,25
2025-02-17 07:15:00,7,15,0,0,42,31
2025-02-17 07:20:00,7,20,0,0,37,29
2025-02-17 07:25:00,7,25,0,0,46,27
2025-02-17 07:30:00,7,30,0,0,39,30
2025-02-17 07:35:00,7,35,0,0,47,27
2025-02-17 07:40:00,7,40,0,0,44,28
2025-02-17 07:45:00,7,45,0,0,35,25
2025-02-17 07:50:00,7,50,0,0,40,29
2025-02-17 07:55:00,7,55,0,0,36,33
2025-02-17 08:00:00,8,0,0,0,48,31
2025-02-17 08:05:00,8,5,0,0,43,38
2025-02-17 08:10:00,8,10,0,0,34,41
2025-02-17 08:15:00,8,15,0,0,44,29
2025-02-17 08:20:00,8,20,0,0,40,27
2025-02-17 08:25:00,8,25,0,0,36,35
2025-02-17 08:30:00,8,30,0,0,48,31
2025-02-17 08:35:00,8,35,0,0,41,34
2025-02-17 08:40:00,8,40,0,0,39,30
2025-02-17 08:45:00,8,45,0,0,37,27
2025-02-17 08:50:00,8,50,0,0,32,27
2025-02-17 08:55:00,8,55,0,0,32,28
2025-02-17 09:00:00,9,0,0,0,41,25
2025-02-17 09:05:00,9,5,0,0,33,30
2025-02-17 09:10:00,9,10,0,0,34,19
2025-02-17 09:15:00,9,15,0,0,25,29
2025-02-17 09:20:00,9,20,0,0,26,15
2025-02-17 09:25:00,9,25,0,0,33,23
2025-02-17 09:30:00,9,30,0,0,31,20
2025-02-17 09:35:00,9,35,0,0,35,14
2025-02-17 09:40:00,9,40,0,0,32,11
2025-02-17 09:45:00,9,45,0,0,25,14
2025-02-17 09:50:00,9,50,0,0,27,18
2025-02-17 09:55:00,9,55,0,0,22,15
2025-02-17 10:00:00,10,0,0,0,31,12
2025-02-17 10:05:00,10,5,0,0,26,21
2025-02-17 10:10:00,10,10,0,0,21,10
2025-02-17 10:15:00,10,15,0,0,20,17
2025-02-17 10:20:00,10,20,0,0,24,10
2025-02-17 10:25:00,10,25,0,0,20,9
2025-02-17 10:30:00,10,30,0,0,23,10
2025-02-17 10:35:00,10,35,0,0,7,14
2025-02-17 10:40:00,10,40,0,0,17,6
2025-02-17 10:45:00,10,45,0,0,13,12
2025-02-17 10:50:00,10,50,0,0,21,7
2025-02-17 10:55:00,10,55,0,0,20,7
2025-02-17 11:00:00,11,0,0,0,13,11
2025-02-17 11:05:00,11,5,0,0,19,18
2025-02-17 11:10:00,11,10,0,0,19,6
2025-02-17 11:15:00,11,15,0,0,12,12
2025-02-17 11:20:00,11,20,0,0,21,8
2025-02-17 11:25:00,11,25,0,0,11,7
2025-02-17 11:30:00,11,30,0,0,10,13
2025-02-17 11:35:00,11,35,0,0,14,5
2025-02-17 11:40:00,11,40,0,0,9,4
2025-02-17 11:45:00,11,45,0,0,11,10
2025-02-17 11:50:00,11,50,0,0,16,15
2025-02-17 11:55:00,11,55,0,0,10,11
2025-02-17 12:00:00,12,0,0,0,4,3
2025-02-17 12:05:00,12,5,0,0,12,6
2025-02-17 12:10:00,12,10,0,0,8,13
2025-02-17 12:15:00,12,15,0,0,14,15
2025-02-17 12:20:00,12,20,0,0,13,10
2025-02-17 12:25:00,12,25,0,0,17,7
2025-02-17 12:30:00,12,30,0,0,14,16
2025-02-17 12:35:00,12,35,0,0,15,9
2025-02-17 12:40:00,12,40,0,0,8,8
2025-02-17 12:45:00,12,45,0,0,15,7
2025-02-17 12:50:00,12,50,0,0,19,6
2025-02-17 12:55:00,12,55,0,0,9,22
2025-02-17 13:00:00,13,0,0,0,19,17
2025-02-17 13:05:00,13,5,0,0,10,9
2025-02-17 13:10:00,13,10,0,0,9,19
2025-02-17 13:15:00,13,15,0,0,14,15
2025-02-17 13:20:00,13,20,0,0,17,15
2025-02-17 13:25:00,13,25,0,0,18,11
2025-02-17 13:30:00,13,30,0,0,11,13
2025-02-17 13:35:00,13,35,0,0,17,15
2025-02-17 13:40:00,13,40,0,0,13,8
2025-02-17 13:45:00,13,45,0,0,10,15
2025-02-17 13:50:00,13,50,0,0,13,17
2025-02-17 13:55:00,13,55,0,0,14,23
2025-02-17 14:00:00,14,0,0,0,20,17
2025-02-17 14:05:00,14,5,0,0,23,23
2025-02-17 14:10:00,14,10,0,0,13,12
2025-02-17 14:15:00,14,15,0,0,21,26
2025-02-17 14:20:00,14,20,0,0,16,19
2025-02-17 14:25:00,14,25,0,0,24,24
2025-02-17 14:30:00,14,30,0,0,19,26
2025-02-17 14:35:00,14,35,0,0,18,26
2025-02-17 14:40:00,14,40,0,0,26,26
2025-02-17 14:45:00,14,45,0,0,22,22
2025-02-17 14:50:00,14,50,0,0,23,25
2025-02-17 14:55:00,14,55,0,0,17,33
2025-02-17 15:00:00,15,0,0,0,30,28
2025-02-17 15:05:00,15,5,0,0,30,31
2025-02-17 15:10:00,15,10,0,0,28,26
2025-02-17 15:15:00,15,15,0,0,22,37
2025-02-17 15:20:00,15,20,0,0,34,29
2025-02-17 15:25:00,15,25,0,0,27,39
2025-02-17 15:30:00,15,30,0,0,29,32
2025-02-17 15:35:00,15,35,0,0,41,41
2025-02-17 15:40:00,15,40,0,0,29,38
2025-02-17 15:45:00,15,45,0,0,36,37
2025-02-17 15:50:00,15,50,0,0,36,46
2025-02-17 15:55:00,15,55,0,0,35,40
2025-02-17 16:00:00,16,0,0,0,36,40
2025-02-17 16:05:00,16,5,0,0,37,46
2025-02-17 16:10:00,16,10,0,0,37,37
2025-02-17 16:15:00,16,15,0,0,36,33
2025-02-17 16:20:00,16,20,0,0,42,48
2025-02-17 16:25:00,16,25,0,0,32,41
2025-02-17 16:30:00,16,30,0,0,41,48
2025-02-17 16:35:00,16,35,0,0,41,45
2025-02-17 16:40:00,16,40,0,0,40,41
2025-02-17 16:45:00,16,45,0,0,42,48
2025-02-17 16:50:00,16,50,0,0,38,44
2025-02-17 16:55:00,16,55,0,0,30,42
2025-02-17 17:00:00,17,0,0,0,38,42
2025-02-17 17:05:00,17,5,0,0,34,39
2025-02-17 17:10:00,17,10,0,0,35,47
2025-02-17 17:15:00,17,15,0,0,33,42
2025-02-17 17:20:00,17,20,0,0,36,45
2025-02-17 17:25:00,17,25,0,0,35,44
2025-02-17 17:30:00,17,30,0,0,28,41
2025-02-17 17:35:00,17,35,0,0,40,38
2025-02-17 17:40:00,17,40,0,0,45,54
2025-02-17 17:45:00,17,45,0,0,38,43
2025-02-17 17:50:00,17,50,0,0,35,50
2025-02-17 17:55:00,17,55,0,0,35,47
2025-02-17 18:00:00,18,0,0,0,33,40
2025-02-17 18:05:00,18,5,0,0,34,41
2025-02-17 18:10:00,18,10,0,0,33,40
2025-02-17 18:15:00,18,15,0,0,29,46
2025-02-17 18:20:00,18,20,0,0,39,41
2025-02-17 18:25:00,18,25,0,0,25,34
2025-02-17 18:30:00,18,30,0,0,34,38
2025-02-17 18:35:00,18,35,0,0,30,38
2025-02-17 18:40:00,18,40,0,0,37,30
2025-02-17 18:45:00,18,45,0,0,30,35
2025-02-17 18:50:00,18,50,0,0,26,38
2025-02-17 18:55:00,18,55,0,0,26,28
2025-02-17 19:00:00,19,0,0,0,26,27
2025-02-17 19:05:00,19,5,0,0,21,34
2025-02-17 19:10:00,19,10,0,0,22,27
2025-02-17 19:15:00,19,15,0,0,17,23
2025-02-17 19:20:00,19,20,0,0,19,30
2025-02-17 19:25:00,19,25,0,0,23,28
2025-02-17 19:30:00,19,30,0,0,23,25
2025-02-17 19:35:00,19,35,0,0,13,28
2025-02-17 19:40:00,19,40,0,0,20,27
2025-02-17 19:45:00,19,45,0,0,22,21
2025-02-17 19:50:00,19,50,0,0,18,29
2025-02-17 19:55:00,19,55,0,0,16,26
2025-02-17 20:00:00,20,0,0,0,16,11
2025-02-17 20:05:00,20,5,0,0,15,14
2025-02-17 20:10:00,20,10,0,0,14,8
2025-02-17 20:15:00,20,15,0,0,17,15
2025-02-17 20:20:00,20,20,0,0,25,11
2025-02-17 20:25:00,20,25,0,0,12,12
2025-02-17 20:30:00,20,30,0,0,13,19
2025-02-17 20:35:00,20,35,0,0,14,7
2025-02-17 20:40:00,20,40,0,0,11,14
2025-02-17 20:45:00,20,45,0,0,18,13
2025-02-17 20:50:00,20,50,0,0,3,12
2025-02-17 20:55:00,20,55,0,0,10,12
2025-02-17 21:00:00,21,0,0,0,15,2
2025-02-17 21:05:00,21,5,0,0,11,8
2025-02-17 21:10:00,21,10,0,0,8,17
2025-02-17 21:15:00,21,15,0,0,13,5
2025-02-17 21:20:00,21,20,0,0,14,16
2025-02-17 21:25:00,21,25,0,0,11,4
2025-02-17 21:30:00,21,30,0,0,7,3
2025-02-17 21:35:00,21,35,0,0,12,5
2025-02-17 21:40:00,21,40,0,0,8,13
2025-02-17 21:45:00,21,45,0,0,13,6
2025-02-17 21:50:00,21,50,0,0,16,10
2025-02-17 21:55:00,21,55,0,0,0,8
2025-02-17 22:00:00,22,0,0,0,10,8
2025-02-17 22:05:00,22,5,0,0,2,13
2025-02-17 22:10:00,22,10,0,0,19,11
2025-02-17 22:15:00,22,15,0,0,7,3
2025-02-17 22:20:00,22,20,0,0,12,6
2025-02-17 22:25:00,22,25,0,0,9,14
2025-02-17 22:30:00,22,30,0,0,5,8
2025-02-17 22:35:00,22,35,0,0,5,1
2025-02-17 22:40:00,22,40,0,0,15,1
2025-02-17 22:45:00,22,45,0,0,12,10
2025-02-17 22:50:00,22,50,0,0,16,9
2025-02-17 22:55:00,22,55,0,0,9,3
2025-02-17 23:00:00,23,0,0,0,9,9
2025-02-17 23:05:00,23,5,0,0,7,13
2025-02-17 23:10:00,23,10,0,0,7,12
2025-02-17 23:15:00,23,15,0,0,4,13
2025-02-17 23:20:00,23,20,0,0,9,8
2025-02-17 23:25:00,23,25,0,0,5,6
2025-02-17 23:30:00,23,30,0,0,10,5
2025-02-17 23:35:00,23,35,0,0,9,6
2025-02-17 23:40:00,23,40,0,0,9,3
2025-02-17 23:45:00,23,45,0,0,15,5
2025-02-17 23:50:00,23,50,0,0,8,11
2025-02-17 23:55:00,23,55,0,0,11,0
2025-02-18 00:00:00,0,0,1,0,16,0
2025-02-18 00:05:00,0,5,1,0,13,9
2025-02-18 00:10:00,0,10,1,0,13,5
2025-02-18 00:15:00,0,15,1,0,7,0
2025-02-18 00:20:00,0,20,1,0,9,6
2025-02-18 00:25:00,0,25,1,0,3,5
2025-02-18 00:30:00,0,30,1,0,10,4
2025-02-18 00:35:00,0,35,1,0,9,9
2025-02-18 00:40:00,0,40,1,0,8,1
2025-02-18 00:45:00,0,45,1,0,12,6
2025-02-18 00:50:00,0,50,1,0,3,5
2025-02-18 00:55:00,0,55,1,0,15,6
2025-02-18 01:00:00,1,0,1,0,12,0
2025-02-18 01:05:00,1,5,1,0,8,4
2025-02-18 01:10:00,1,10,1,0,7,6
2025-02-18 01:15:00,1,15,1,0,10,8
2025-02-18 01:20:00,1,20,1,0,14,13
2025-02-18 01:25:00,1,25,1,0,8,9
2025-02-18 01:30:00,1,30,1,0,9,8
2025-02-18 01:35:00,1,35,1,0,8,11
2025-02-18 01:40:00,1,40,1,0,15,5
2025-02-18 01:45:00,1,45,1,0,7,12
2025-02-18 01:50:00,1,50,1,0,8,10
2025-02-18 01:55:00,1,55,1,0,14,4
2025-02-18 02:00:00,2,0,1,0,9,14
2025-02-18 02:05:00,2,5,1,0,13,8
2025-02-18 02:10:00,2,10,1,0,4,15
2025-02-18 02:15:00,2,15,1,0,7,7
2025-02-18 02:20:00,2,20,1,0,14,4
2025-02-18 02:25:00,2,25,1,0,5,3
2025-02-18 02:30:00,2,30,1,0,7,5
2025-02-18 02:35:00,2,35,1,0,9,4
2025-02-18 02:40:00,2,40,1,0,4,11
2025-02-18 02:45:00,2,45,1,0,6,6
2025-02-18 02:50:00,2,50,1,0,9,0
2025-02-18 02:55:00,2,55,1,0,8,7
2025-02-18 03:00:00,3,0,1,0,13,7
2025-02-18 03:05:00,3,5,1,0,14,4
2025-02-18 03:10:00,3,10,1,0,5,7
2025-02-18 03:15:00,3,15,1,0,9,6
2025-02-18 03:20:00,3,20,1,0,11,9
2025-02-18 03:25:00,3,25,1,0,14,9
2025-02-18 03:30:00,3,30,1,0,11,8
2025-02-18 03:35:00,3,35,1,0,10,1
2025-02-18 03:40:00,3,40,1,0,11,15
2025-02-18 03:45:00,3,45,1,0,11,0
2025-02-18 03:50:00,3,50,1,0,5,6
2025-02-18 03:55:00,3,55,1,0,10,2
2025-02-18 04:00:00,4,0,1,0,15,8
2025-02-18 04:05:00,4,5,1,0,8,7
2025-02-18 04:10:00,4,10,1,0,10,6
2025-02-18 04:15:00,4,15,1,0,9,13
2025-02-18 04:20:00,4,20,1,0,1,12
2025-02-18 04:25:00,4,25,1,0,10,6
2025-02-18 04:30:00,4,30,1,0,12,11
2025-02-18 04:35:00,4,35,1,0,9,14
2025-02-18 04:40:00,4,40,1,0,6,13
2025-02-18 04:45:00,4,45,1,0,8,8
2025-02-18 04:50:00,4,50,1,0,15,2
2025-02-18 04:55:00,4,55,1,0,20,10
2025-02-18 05:00:00,5,0,1,0,18,12
2025-02-18 05:05:00,5,5,1,0,8,7
2025-02-18 05:10:00,5,10,1,0,17,10
2025-02-18 05:15:00,5,15,1,0,12,10
2025-02-18 05:20:00,5,20,1,0,13,17
2025-02-18 05:25:00,5,25,1,0,14,19
2025-02-18 05:30:00,5,30,1,0,20,17
2025-02-18 05:35:00,5,35,1,0,21,12
2025-02-18 05:40:00,5,40,1,0,18,18
2025-02-18 05:45:00,5,45,1,0,19,17
2025-02-18 05:50:00,5,50,1,0,22,15
2025-02-18 05:55:00,5,55,1,0,24,24
2025-02-18 06:00:00,6,0,1,0,27,13
2025-02-18 06:05:00,6,5,1,0,18,19
2025-02-18 06:10:00,6,10,1,0,25,21
2025-02-18 06:15:00,6,15,1,0,21,18
2025-02-18 06:20:00,6,20,1,0,27,22
2025-02-18 06:25:00,6,25,1,0,27,24
2025-02-18 06:30:00,6,30,1,0,29,22
2025-02-18 06:35:00,6,35,1,0,27,24
2025-02-18 06:40:00,6,40,1,0,26,23
2025-02-18 06:45:00,6,45,1,0,24,27
2025-02-18 06:50:00,6,50,1,0,33,24
2025-02-18 06:55:00,6,55,1,0,33,24
2025-02-18 07:00:00,7,0,1,0,33,26
2025-02-18 07:05:00,7,5,1,0,42,31
2025-02-18 07:10:00,7,10,1,0,35,20
2025-02-18 07:15:00,7,15,1,0,45,24
2025-02-18 07:20:00,7,20,1,0,46,38
2025-02-18 07:25:00,7,25,1,0,33,30
2025-02-18 07:30:00,7,30,1,0,41,28
2025-02-18 07:35:00,7,35,1,0,40,33
2025-02-18 07:40:00,7,40,1,0,30,27
2025-02-18 07:45:00,7,45,1,0,37,22
2025-02-18 07:50:00,7,50,1,0,46,32
2025-02-18 07:55:00,7,55,1,0,51,28
2025-02-18 08:00:00,8,0,1,0,47,31
2025-02-18 08:05:00,8,5,1,0,44,32
2025-02-18 08:10:00,8,10,1,0,43,31
2025-02-18 08:15:00,8,15,1,0,49,24
2025-02-18 08:20:00,8,20,1,0,51,30
2025-02-18 08:25:00,8,25,1,0,39,32
2025-02-18 08:30:00,8,30,1,0,33,24
2025-02-18 08:35:00,8,35,1,0,32,23
2025-02-18 08:40:00,8,40,1,0,45,24
2025-02-18 08:45:00,8,45,1,0,39,31
2025-02-18 08:50:00,8,50,1,0,39,19
2025-02-18 08:55:00,8,55,1,0,30,30
2025-02-18 09:00:00,9,0,1,0,33,28
2025-02-18 09:05:00,9,5,1,0,34,24
2025-02-18 09:10:00,9,10,1,0,35,19
2025-02-18 09:15:00,9,15,1,0,31,21
2025-02-18 09:20:00,9,20,1,0,27,26
2025-02-18 09:25:00,9,25,1,0,27,27
2025-02-18 09:30:00,9,30,1,0,34,17
2025-02-18 09:35:00,9,35,1,0,29,25
2025-02-18 09:40:00,9,40,1,0,29,22
2025-02-18 09:45:00,9,45,1,0,22,19
2025-02-18 09:50:00,9,50,1,0,13,15
2025-02-18 09:55:00,9,55,1,0,21,15
2025-02-18 10:00:00,10,0,1,0,19,24
2025-02-18 10:05:00,10,5,1,0,23,16
2025-02-18 10:10:00,10,10,1,0,34,20
2025-02-18 10:15:00,10,15,1,0,22,15
2025-02-18 10:20:00,10,20,1,0,29,12
2025-02-18 10:25:00,10,25,1,0,20,15
2025-02-18 10:30:00,10,30,1,0,14,21
2025-02-18 10:35:00,10,35,1,0,18,9
2025-02-18 10:40:00,10,40,1,0,23,15
2025-02-18 10:45:00,10,45,1,0,22,12
2025-02-18 10:50:00,10,50,1,0,12,5
2025-02-18 10:55:00,10,55,1,0,15,4
2025-02-18 11:00:00,11,0,1,0,7,8
2025-02-18 11:05:00,11,5,1,0,16,11
2025-02-18 11:10:00,11,10,1,0,18,13
2025-02-18 11:15:00,11,15,1,0,12,3
2025-02-18 11:20:00,11,20,1,0,9,11
2025-02-18 11:25:00,11,25,1,0,13,8
2025-02-18 11:30:00,11,30,1,0,13,9
2025-02-18 11:35:00,11,35,1,0,11,11
2025-02-18 11:40:00,11,40,1,0,11,15
2025-02-18 11:45:00,11,45,1,0,10,10
2025-02-18 11:50:00,11,50,1,0,14,3
2025-02-18 11:55:00,11,55,1,0,13,8
2025-02-18 12:00:00,12,0,1,0,6,12
2025-02-18 12:05:00,12,5,1,0,6,12
2025-02-18 12:10:00,12,10,1,0,9,11
2025-02-18 12:15:00,12,15,1,0,13,7
2025-02-18 12:20:00,12,20,1,0,11,4
2025-02-18 12:25:00,12,25,1,0,8,12
2025-02-18 12:30:00,12,30,1,0,12,5
2025-02-18 12:35:00,12,35,1,0,10,12
2025-02-18 12:40:00,12,40,1,0,15,13
2025-02-18 12:45:00,12,45,1,0,13,8
2025-02-18 12:50:00,12,50,1,0,10,10
2025-02-18 12:55:00,12,55,1,0,13,12
2025-02-18 13:00:00,13,0,1,0,17,9
2025-02-18 13:05:00,13,5,1,0,10,6
2025-02-18 13:10:00,13,10,1,0,14,12
2025-02-18 13:15:00,13,15,1,0,13,13
2025-02-18 13:20:00,13,20,1,0,15,19
2025-02-18 13:25:00,13,25,1,0,11,11
2025-02-18 13:30:00,13,30,1,0,15,19
2025-02-18 13:35:00,13,35,1,0,19,11
2025-02-18 13:40:00,13,40,1,0,12,11
2025-02-18 13:45:00,13,45,1,0,11,15
2025-02-18 13:50:00,13,50,1,0,11,14
2025-02-18 13:55:00,13,55,1,0,12,13
2025-02-18 14:00:00,14,0,1,0,20,27
2025-02-18 14:05:00,14,5,1,0,13,18
2025-02-18 14:10:00,14,10,1,0,18,30
2025-02-18 14:15:00,14,15,1,0,22,18
2025-02-18 14:20:00,14,20,1,0,22,16
2025-02-18 14:25:00,14,25,1,0,19,29
2025-02-18 14:30:00,14,30,1,0,23,21
2025-02-18 14:35:00,14,35,1,0,23,26
2025-02-18 14:40:00,14,40,1,0,22,21
2025-02-18 14:45:00,14,45,1,0,23,27
2025-02-18 14:50:00,14,50,1,0,34,23
2025-02-18 14:55:00,14,55,1,0,29,29
2025-02-18 15:00:00,15,0,1,0,36,28
2025-02-18 15:05:00,15,5,1,0,25,32
2025-02-18 15:10:00,15,10,1,0,27,35
2025-02-18 15:15:00,15,15,1,0,23,34
2025-02-18 15:20:00,15,20,1,0,26,36
2025-02-18 15:25:00,15,25,1,0,38,35
2025-02-18 15:30:00,15,30,1,0,29,34
2025-02-18 15:35:00,15,35,1,0,39,39
2025-02-18 15:40:00,15,40,1,0,27,38
2025-02-18 15:45:00,15,45,1,0,28,39
2025-02-18 15:50:00,15,50,1,0,32,41
2025-02-18 15:55:00,15,55,1,0,34,36
2025-02-18 16:00:00,16,0,1,0,38,47
2025-02-18 16:05:00,16,5,1,0,37,41
2025-02-18 16:10:00,16,10,1,0,34,43
2025-02-18 16:15:00,16,15,1,0,35,43
2025-02-18 16:20:00,16,20,1,0,35,46
2025-02-18 16:25:00,16,25,1,0,33,46
2025-02-18 16:30:00,16,30,1,0,34,45
2025-02-18 16:35:00,16,35,1,0,41,51
2025-02-18 16:40:00,16,40,1,0,30,33
2025-02-18 16:45:00,16,45,1,0,44,51
2025-02-18 16:50:00,16,50,1,0,37,50
2025-02-18 16:55:00,16,55,1,0,35,39
2025-02-18 17:00:00,17,0,1,0,41,50
2025-02-18 17:05:00,17,5,1,0,44,50
2025-02-18 17:10:00,17,10,1,0,42,48
2025-02-18 17:15:00,17,15,1,0,40,39
2025-02-18 17:20:00,17,20,1,0,42,48
2025-02-18 17:25:00,17,25,1,0,30,49
2025-02-18 17:30:00,17,30,1,0,35,42
2025-02-18 17:35:00,17,35,1,0,33,46
2025-02-18 17:40:00,17,40,1,0,41,42
2025-02-18 17:45:00,17,45,1,0,34,47
2025-02-18 17:50:00,17,50,1,0,39,41
2025-02-18 17:55:00,17,55,1,0,37,40
2025-02-18 18:00:00,18,0,1,0,31,41
2025-02-18 18:05:00,18,5,1,0,32,35
2025-02-18 18:10:00,18,10,1,0,38,39
2025-02-18 18:15:00,18,15,1,0,30,40
2025-02-18 18:20:00,18,20,1,0,33,42
2025-02-18 18:25:00,18,25,1,0,28,38
2025-02-18 18:30:00,18,30,1,0,29,30
2025-02-18 18:35:00,18,35,1,0,30,41
2025-02-18 18:40:00,18,40,1,0,26,40
2025-02-18 18:45:00,18,45,1,0,25,34
2025-02-18 18:50:00,18,50,1,0,29,29
2025-02-18 18:55:00,18,55,1,0,24,29
2025-02-18 19:00:00,19,0,1,0,23,29
2025-02-18 19:05:00,19,5,1,0,22,30
2025-02-18 19:10:00,19,10,1,0,24,27
2025-02-18 19:15:00,19,15,1,0,28,24
2025-02-18 19:20:00,19,20,1,0,29,30
2025-02-18 19:25:00,19,25,1,0,20,26
2025-02-18 19:30:00,19,30,1,0,30,20
2025-02-18 19:35:00,19,35,1,0,17,25
2025-02-18 19:40:00,19,40,1,0,25,23
2025-02-18 19:45:00,19,45,1,0,17,19
2025-02-18 19:50:00,19,50,1,0,16,25
2025-02-18 19:55:00,19,55,1,0,15,20
2025-02-18 20:00:00,20,0,1,0,18,18
2025-02-18 20:05:00,20,5,1,0,19,18
2025-02-18 20:10:00,20,10,1,0,19,19
2025-02-18 20:15:00,20,15,1,0,12,16
2025-02-18 20:20:00,20,20,1,0,12,16
2025-02-18 20:25:00,20,25,1,0,11,20
2025-02-18 20:30:00,20,30,1,0,14,9
2025-02-18 20:35:00,20,35,1,0,13,9
2025-02-18 20:40:00,20,40,1,0,10,17
2025-02-18 20:45:00,20,45,1,0,14,23
2025-02-18 20:50:00,20,50,1,0,22,16
2025-02-18 20:55:00,20,55,1,0,10,19
2025-02-18 21:00:00,21,0,1,0,10,10
2025-02-18 21:05:00,21,5,1,0,14,8
2025-02-18 21:10:00,21,10,1,0,9,12
2025-02-18 21:15:00,21,15,1,0,14,14
2025-02-18 21:20:00,21,20,1,0,8,5
2025-02-18 21:25:00,21,25,1,0,18,9
2025-02-18 21:30:00,21,30,1,0,12,9
2025-02-18 21:35:00,21,35,1,0,8,6
2025-02-18 21:40:00,21,40,1,0,8,6
2025-02-18 21:45:00,21,45,1,0,8,12
2025-02-18 21:50:00,21,50,1,0,15,10
2025-02-18 21:55:00,21,55,1,0,4,11
2025-02-18 22:00:00,22,0,1,0,7,9
2025-02-18 22:05:00,22,5,1,0,7,4
2025-02-18 22:10:00,22,10,1,0,9,9
2025-02-18 22:15:00,22,15,1,0,8,3
2025-02-18 22:20:00,22,20,1,0,3,6
2025-02-18 22:25:00,22,25,1,0,7,3
2025-02-18 22:30:00,22,30,1,0,8,4
2025-02-18 22:35:00,22,35,1,0,6,7
2025-02-18 22:40:00,22,40,1,0,11,5
2025-02-18 22:45:00,22,45,1,0,12,3
2025-02-18 22:50:00,22,50,1,0,8,11
2025-02-18 22:55:00,22,55,1,0,9,6
2025-02-18 23:00:00,23,0,1,0,0,4
2025-02-18 23:05:00,23,5,1,0,7,2
2025-02-18 23:10:00,23,10,1,0,12,0
2025-02-18 23:15:00,23,15,1,0,7,5
2025-02-18 23:20:00,23,20,1,0,5,1
2025-02-18 23:25:00,23,25,1,0,17,9
2025-02-18 23:30:00,23,30,1,0,15,6
2025-02-18 23:35:00,23,35,1,0,10,12
2025-02-18 23:40:00,23,40,1,0,13,7
2025-02-18 23:45:00,23,45,1,0,0,3
2025-02-18 23:50:00,23,50,1,0,5,0
2025-02-18 23:55:00,23,55,1,0,6,9
2025-02-19 00:00:00,0,0,2,0,7,1
2025-02-19 00:05:00,0,5,2,0,6,4
2025-02-19 00:10:00,0,10,2,0,0,13
2025-02-19 00:15:00,0,15,2,0,10,8
2025-02-19 00:20:00,0,20,2,0,10,8
2025-02-19 00:25:00,0,25,2,0,14,10
2025-02-19 00:30:00,0,30,2,0,5,10
2025-02-19 00:35:00,0,35,2,0,5,12
2025-02-19 00:40:00,0,40,2,0,0,4
2025-02-19 00:45:00,0,45,2,0,7,4
2025-02-19 00:50:00,0,50,2,0,12,2
2025-02-19 00:55:00,0,55,2,0,6,6
2025-02-19 01:00:00,1,0,2,0,17,5
2025-02-19 01:05:00,1,5,2,0,7,0
2025-02-19 01:10:00,1,10,2,0,9,3
2025-02-19 01:15:00,1,15,2,0,3,12
2025-02-19 01:20:00,1,20,2,0,9,7
2025-02-19 01:25:00,1,25,2,0,0,9
2025-02-19 01:30:00,1,30,2,0,11,6
2025-02-19 01:35:00,1,35,2,0,11,0
2025-02-19 01:40:00,1,40,2,0,13,5
2025-02-19 01:45:00,1,45,2,0,4,10
2025-02-19 01:50:00,1,50,2,0,9,1
2025-02-19 01:55:00,1,55,2,0,10,9
2025-02-19 02:00:00,2,0,2,0,10,0
2025-02-19 02:05:00,2,5,2,0,5,6
2025-02-19 02:10:00,2,10,2,0,0,8
2025-02-19 02:15:00,2,15,2,0,9,5
2025-02-19 02:20:00,2,20,2,0,7,16
2025-02-19 02:25:00,2,25,2,0,6,4
2025-02-19 02:30:00,2,30,2,0,11,4
2025-02-19 02:35:00,2,35,2,0,8,7
2025-02-19 02:40:00,2,40,2,0,3,3
2025-02-19 02:45:00,2,45,2,0,0,0
2025-02-19 02:50:00,2,50,2,0,4,2
2025-02-19 02:55:00,2,55,2,0,18,9
2025-02-19 03:00:00,3,0,2,0,11,5
2025-02-19 03:05:00,3,5,2,0,9,13
2025-02-19 03:10:00,3,10,2,0,7,4
2025-02-19 03:15:00,3,15,2,0,7,9
2025-02-19 03:20:00,3,20,2,0,13,8
2025-02-19 03:25:00,3,25,2,0,6,4
2025-02-19 03:30:00,3,30,2,0,11,3
2025-02-19 03:35:00,3,35,2,0,7,0
2025-02-19 03:40:00,3,40,2,0,16,9
2025-02-19 03:45:00,3,45,2,0,12,11
2025-02-19 03:50:00,3,50,2,0,14,0
2025-02-19 03:55:00,3,55,2,0,7,5
2025-02-19 04:00:00,4,0,2,0,13,4
2025-02-19 04:05:00,4,5,2,0,8,9
2025-02-19 04:10:00,4,10,2,0,10,6
2025-02-19 04:15:00,4,15,2,0,16,12
2025-02-19 04:20:00,4,20,2,0,6,6
2025-02-19 04:25:00,4,25,2,0,11,2
2025-02-19 04:30:00,4,30,2,0,12,6
2025-02-19 04:35:00,4,35,2,0,13,6
2025-02-19 04:40:00,4,40,2,0,9,10
2025-02-19 04:45:00,4,45,2,0,20,7
2025-02-19 04:50:00,4,50,2,0,7,10
2025-02-19 04:55:00,4,55,2,0,18,6
2025-02-19 05:00:00,5,0,2,0,18,8
2025-02-19 05:05:00,5,5,2,0,21,7
2025-02-19 05:10:00,5,10,2,0,8,7
2025-02-19 05:15:00,5,15,2,0,11,16
2025-02-19 05:20:00,5,20,2,0,21,8
2025-02-19 05:25:00,5,25,2,0,8,10
2025-02-19 05:30:00,5,30,2,0,10,16
2025-02-19 05:35:00,5,35,2,0,16,16
2025-02-19 05:40:00,5,40,2,0,19,20
2025-02-19 05:45:00,5,45,2,0,26,16
2025-02-19 05:50:00,5,50,2,0,20,12
2025-02-19 05:55:00,5,55,2,0,19,24
2025-02-19 06:00:00,6,0,2,0,24,19
2025-02-19 06:05:00,6,5,2,0,25,16
2025-02-19 06:10:00,6,10,2,0,26,18
2025-02-19 06:15:00,6,15,2,0,25,19
2025-02-19 06:20:00,6,20,2,0,19,19
2025-02-19 06:25:00,6,25,2,0,24,15
2025-02-19 06:30:00,6,30,2,0,35,28
2025-02-19 06:35:00,6,35,2,0,31,22
2025-02-19 06:40:00,6,40,2,0,30,24
2025-02-19 06:45:00,6,45,2,0,37,32
2025-02-19 06:50:00,6,50,2,0,29,22
2025-02-19 06:55:00,6,55,2,0,34,28
2025-02-19 07:00:00,7,0,2,0,37,23
2025-02-19 07:05:00,7,5,2,0,35,28
2025-02-19 07:10:00,7,10,2,0,38,28
2025-02-19 07:15:00,7,15,2,0,38,31
2025-02-19 07:20:00,7,20,2,0,34,33
2025-02-19 07:25:00,7,25,2,0,41,27
2025-02-19 07:30:00,7,30,2,0,36,35
2025-02-19 07:35:00,7,35,2,0,42,36
2025-02-19 07:40:00,7,40,2,0,48,29
2025-02-19 07:45:00,7,45,2,0,41,31
2025-02-19 07:50:00,7,50,2,0,38,29
2025-02-19 07:55:00,7,55,2,0,42,30
2025-02-19 08:00:00,8,0,2,0,40,26
2025-02-19 08:05:00,8,5,2,0,45,34
2025-02-19 08:10:00,8,10,2,0,42,23
2025-02-19 08:15:00,8,15,2,0,49,28
2025-02-19 08:20:00,8,20,2,0,47,30
2025-02-19 08:25:00,8,25,2,0,41,35
2025-02-19 08:30:00,8,30,2,0,44,27
2025-02-19 08:35:00,8,35,2,0,39,31
2025-02-19 08:40:00,8,40,2,0,40,28
2025-02-19 08:45:00,8,45,2,0,37,32
2025-02-19 08:50:00,8,50,2,0,41,29
2025-02-19 08:55:00,8,55,2,0,43,30
2025-02-19 09:00:00,9,0,2,0,39,24
2025-02-19 09:05:00,9,5,2,0,39,21
2025-02-19 09:10:00,9,10,2,0,38,26
2025-02-19 09:15:00,9,15,2,0,35,22
2025-02-19 09:20:00,9,20,2,0,27,23
2025-02-19 09:25:00,9,25,2,0,37,23
2025-02-19 09:30:00,9,30,2,0,36,26
2025-02-19 09:35:00,9,35,2,0,27,24
2025-02-19 09:40:00,9,40,2,0,25,17
2025-02-19 09:45:00,9,45,2,0,28,14
2025-02-19 09:50:00,9,50,2,0,27,25
2025-02-19 09:55:00,9,55,2,0,23,11
2025-02-19 10:00:00,10,0,2,0,17,15
2025-02-19 10:05:00,10,5,2,0,23,18
2025-02-19 10:10:00,10,10,2,0,23,21
2025-02-19 10:15:00,10,15,2,0,22,13
2025-02-19 10:20:00,10,20,2,0,20,14
2025-02-19 10:25:00,10,25,2,0,17,10
2025-02-19 10:30:00,10,30,2,0,21,13
2025-02-19 10:35:00,10,35,2,0,16,7
2025-02-19 10:40:00,10,40,2,0,14,8
2025-02-19 10:45:00,10,45,2,0,14,14
2025-02-19 10:50:00,10,50,2,0,7,9
2025-02-19 10:55:00,10,55,2,0,13,14
2025-02-19 11:00:00,11,0,2,0,16,9
2025-02-19 11:05:00,11,5,2,0,14,4
2025-02-19 11:10:00,11,10,2,0,18,14
2025-02-19 11:15:00,11,15,2,0,11,4
2025-02-19 11:20:00,11,20,2,0,13,6
2025-02-19 11:25:00,11,25,2,0,14,8
2025-02-19 11:30:00,11,30,2,0,20,13
2025-02-19 11:35:00,11,35,2,0,11,6
2025-02-19 11:40:00,11,40,2,0,6,5
2025-02-19 11:45:00,11,45,2,0,14,9
2025-02-19 11:50:00,11,50,2,0,18,8
2025-02-19 11:55:00,11,55,2,0,9,7
2025-02-19 12:00:00,12,0,2,0,14,9
2025-02-19 12:05:00,12,5,2,0,15,4
2025-02-19 12:10:00,12,10,2,0,14,2
2025-02-19 12:15:00,12,15,2,0,11,17
2025-02-19 12:20:00,12,20,2,0,8,9
2025-02-19 12:25:00,12,25,2,0,10,10
2025-02-19 12:30:00,12,30,2,0,13,6
2025-02-19 12:35:00,12,35,2,0,15,13
2025-02-19 12:40:00,12,40,2,0,12,8
2025-02-19 12:45:00,12,45,2,0,10,0
2025-02-19 12:50:00,12,50,2,0,14,8
2025-02-19 12:55:00,12,55,2,0,15,10
2025-02-19 13:00:00,13,0,2,0,14,11
2025-02-19 13:05:00,13,5,2,0,9,11
2025-02-19 13:10:00,13,10,2,0,12,10
2025-02-19 13:15:00,13,15,2,0,17,10
2025-02-19 13:20:00,13,20,2,0,8,12
2025-02-19 13:25:00,13,25,2,0,6,7
2025-02-19 13:30:00,13,30,2,0,21,7
2025-02-19 13:35:00,13,35,2,0,17,16
2025-02-19 13:40:00,13,40,2,0,18,16
2025-02-19 13:45:00,13,45,2,0,12,20
2025-02-19 13:50:00,13,50,2,0,20,16
2025-02-19 13:55:00,13,55,2,0,18,13
2025-02-19 14:00:00,14,0,2,0,11,11
2025-02-19 14:05:00,14,5,2,0,24,16
2025-02-19 14:10:00,14,10,2,0,20,22
2025-02-19 14:15:00,14,15,2,0,18,27
2025-02-19 14:20:00,14,20,2,0,19,23
2025-02-19 14:25:00,14,25,2,0,13,19
2025-02-19 14:30:00,14,30,2,0,24,21
2025-02-19 14:35:00,14,35,2,0,24,22
2025-02-19 14:40:00,14,40,2,0,22,25
2025-02-19 14:45:00,14,45,2,0,29,32
2025-02-19 14:50:00,14,50,2,0,19,33
2025-02-19 14:55:00,14,55,2,0,23,29
2025-02-19 15:00:00,15,0,2,0,23,31
2025-02-19 15:05:00,15,5,2,0,26,28
2025-02-19 15:10:00,15,10,2,0,28,25
2025-02-19 15:15:00,15,15,2,0,30,40
2025-02-19 15:20:00,15,20,2,0,28,25
2025-02-19 15:25:00,15,25,2,0,26,28
2025-02-19 15:30:00,15,30,2,0,37,43
2025-02-19 15:35:00,15,35,2,0,41,37
2025-02-19 15:40:00,15,40,2,0,33,34
2025-02-19 15:45:00,15,45,2,0,30,42
2025-02-19 15:50:00,15,50,2,0,39,43
2025-02-19 15:55:00,15,55,2,0,28,35
2025-02-19 16:00:00,16,0,2,0,33,39
2025-02-19 16:05:00,16,5,2,0,32,46
2025-02-19 16:10:00,16,10,2,0,31,39
2025-02-19 16:15:00,16,15,2,0,35,44
2025-02-19 16:20:00,16,20,2,0,33,50
2025-02-19 16:25:00,16,25,2,0,37,35
2025-02-19 16:30:00,16,30,2,0,37,43
2025-02-19 16:35:00,16,35,2,0,35,46
2025-02-19 16:40:00,16,40,2,0,36,38
2025-02-19 16:45:00,16,45,2,0,37,44
2025-02-19 16:50:00,16,50,2,0,41,50
2025-02-19 16:55:00,16,55,2,0,37,43
2025-02-19 17:00:00,17,0,2,0,41,40
2025-02-19 17:05:00,17,5,2,0,40,50
2025-02-19 17:10:00,17,10,2,0,40,48
2025-02-19 17:15:00,17,15,2,0,43,45
2025-02-19 17:20:00,17,20,2,0,33,45
2025-02-19 17:25:00,17,25,2,0,35,49
2025-02-19 17:30:00,17,30,2,0,44,46
2025-02-19 17:35:00,17,35,2,0,36,47
2025-02-19 17:40:00,17,40,2,0,25,41
2025-02-19 17:45:00,17,45,2,0,35,36
2025-02-19 17:50:00,17,50,2,0,36,45
2025-02-19 17:55:00,17,55,2,0,25,46
2025-02-19 18:00:00,18,0,2,0,40,40
2025-02-19 18:05:00,18,5,2,0,31,44
2025-02-19 18:10:00,18,10,2,0,35,38
2025-02-19 18:15:00,18,15,2,0,32,39
2025-02-19 18:20:00,18,20,2,0,27,45
2025-02-19 18:25:00,18,25,2,0,27,36
2025-02-19 18:30:00,18,30,2,0,27,35
2025-02-19 18:35:00,18,35,2,0,34,28
2025-02-19 18:40:00,18,40,2,0,29,37
2025-02-19 18:45:00,18,45,2,0,26,30
2025-02-19 18:50:00,18,50,2,0,24,33
2025-02-19 18:55:00,18,55,2,0,32,30
2025-02-19 19:00:00,19,0,2,0,32,28
2025-02-19 19:05:00,19,5,2,0,30,29
2025-02-19 19:10:00,19,10,2,0,27,28
2025-02-19 19:15:00,19,15,2,0,25,32
2025-02-19 19:20:00,19,20,2,0,18,32
2025-02-19 19:25:00,19,25,2,0,21,28
2025-02-19 19:30:00,19,30,2,0,19,29
2025-02-19 19:35:00,19,35,2,0,14,27
2025-02-19 19:40:00,19,40,2,0,25,24
2025-02-19 19:45:00,19,45,2,0,17,27
2025-02-19 19:50:00,19,50,2,0,24,15
2025-02-19 19:55:00,19,55,2,0,22,17
2025-02-19 20:00:00,20,0,2,0,20,16
2025-02-19 20:05:00,20,5,2,0,20,17
2025-02-19 20:10:00,20,10,2,0,14,20
2025-02-19 20:15:00,20,15,2,0,23,12
2025-02-19 20:20:00,20,20,2,0,16,18
2025-02-19 20:25:00,20,25,2,0,16,13
2025-02-19 20:30:00,20,30,2,0,12,13
2025-02-19 20:35:00,20,35,2,0,10,15
2025-02-19 20:40:00,20,40,2,0,15,20
2025-02-19 20:45:00,20,45,2,0,14,10
2025-02-19 20:50:00,20,50,2,0,10,12
2025-02-19 20:55:00,20,55,2,0,7,8
2025-02-19 21:00:00,21,0,2,0,7,9
2025-02-19 21:05:00,21,5,2,0,17,7
2025-02-19 21:10:00,21,10,2,0,9,12
2025-02-19 21:15:00,21,15,2,0,10,12
2025-02-19 21:20:00,21,20,2,0,17,13
2025-02-19 21:25:00,21,25,2,0,6,6
2025-02-19 21:30:00,21,30,2,0,7,11
2025-02-19 21:35:00,21,35,2,0,7,9
2025-02-19 21:40:00,21,40,2,0,16,8
2025-02-19 21:45:00,21,45,2,0,18,3
2025-02-19 21:50:00,21,50,2,0,13,9
2025-02-19 21:55:00,21,55,2,0,13,9
2025-02-19 22:00:00,22,0,2,0,7,8
2025-02-19 22:05:00,22,5,2,0,17,9
2025-02-19 22:10:00,22,10,2,0,10,10
2025-02-19 22:15:00,22,15,2,0,12,3
2025-02-19 22:20:00,22,20,2,0,8,6
2025-02-19 22:25:00,22,25,2,0,8,9
2025-02-19 22:30:00,22,30,2,0,15,6
2025-02-19 22:35:00,22,35,2,0,11,11
2025-02-19 22:40:00,22,40,2,0,14,7
2025-02-19 22:45:00,22,45,2,0,10,0
2025-02-19 22:50:00,22,50,2,0,5,10
2025-02-19 22:55:00,22,55,2,0,6,6
2025-02-19 23:00:00,23,0,2,0,9,0
2025-02-19 23:05:00,23,5,2,0,6,5
2025-02-19 23:10:00,23,10,2,0,4,1
2025-02-19 23:15:00,23,15,2,0,13,9
2025-02-19 23:20:00,23,20,2,0,6,6
2025-02-19 23:25:00,23,25,2,0,9,3
2025-02-19 23:30:00,23,30,2,0,9,9
2025-02-19 23:35:00,23,35,2,0,6,8
2025-02-19 23:40:00,23,40,2,0,14,5
2025-02-19 23:45:00,23,45,2,0,4,1
2025-02-19 23:50:00,23,50,2,0,9,3
2025-02-19 23:55:00,23,55,2,0,9,3
2025-02-20 00:00:00,0,0,3,0,8,9
2025-02-20 00:05:00,0,5,3,0,3,0
2025-02-20 00:10:00,0,10,3,0,11,6
2025-02-20 00:15:00,0,15,3,0,11,5
2025-02-20 00:20:00,0,20,3,0,5,10
2025-02-20 00:25:00,0,25,3,0,11,7
2025-02-20 00:30:00,0,30,3,0,9,8
2025-02-20 00:35:00,0,35,3,0,3,4
2025-02-20 00:40:00,0,40,3,0,5,1
2025-02-20 00:45:00,0,45,3,0,13,5
2025-02-20 00:50:00,0,50,3,0,9,9
2025-02-20 00:55:00,0,55,3,0,6,9
2025-02-20 01:00:00,1,0,3,0,5,4
2025-02-20 01:05:00,1,5,3,0,6,3
2025-02-20 01:10:00,1,10,3,0,6,2
2025-02-20 01:15:00,1,15,3,0,5,5
2025-02-20 01:20:00,1,20,3,0,1,7
2025-02-20 01:25:00,1,25,3,0,13,12
2025-02-20 01:30:00,1,30,3,0,12,6
2025-02-20 01:35:00,1,35,3,0,3,8
2025-02-20 01:40:00,1,40,3,0,9,3
2025-02-20 01:45:00,1,45,3,0,4,6
2025-02-20 01:50:00,1,50,3,0,7,7
2025-02-20 01:55:00,1,55,3,0,7,5
2025-02-20 02:00:00,2,0,3,0,6,6
2025-02-20 02:05:00,2,5,3,0,16,7
2025-02-20 02:10:00,2,10,3,0,6,8
2025-02-20 02:15:00,2,15,3,0,5,11
2025-02-20 02:20:00,2,20,3,0,5,0
2025-02-20 02:25:00,2,25,3,0,12,10
2025-02-20 02:30:00,2,30,3,0,1,0
2025-02-20 02:35:00,2,35,3,0,5,7
2025-02-20 02:40:00,2,40,3,0,14,15
2025-02-20 02:45:00,2,45,3,0,9,6
2025-02-20 02:50:00,2,50,3,0,9,7
2025-02-20 02:55:00,2,55,3,0,17,5
2025-02-20 03:00:00,3,0,3,0,9,9
2025-02-20 03:05:00,3,5,3,0,5,8
2025-02-20 03:10:00,3,10,3,0,7,3
2025-02-20 03:15:00,3,15,3,0,4,6
2025-02-20 03:20:00,3,20,3,0,13,2
2025-02-20 03:25:00,3,25,3,0,11,6
2025-02-20 03:30:00,3,30,3,0,13,5
2025-02-20 03:35:00,3,35,3,0,13,7
2025-02-20 03:40:00,3,40,3,0,7,4
2025-02-20 03:45:00,3,45,3,0,5,6
2025-02-20 03:50:00,3,50,3,0,9,7
2025-02-20 03:55:00,3,55,3,0,5,7
2025-02-20 04:00:00,4,0,3,0,10,8
2025-02-20 04:05:00,4,5,3,0,14,6
2025-02-20 04:10:00,4,10,3,0,9,4
2025-02-20 04:15:00,4,15,3,0,10,7
2025-02-20 04:20:00,4,20,3,0,9,7
2025-02-20 04:25:00,4,25,3,0,13,12
2025-02-20 04:30:00,4,30,3,0,8,12
2025-02-20 04:35:00,4,35,3,0,2,2
2025-02-20 04:40:00,4,40,3,0,13,11
2025-02-20 04:45:00,4,45,3,0,15,12
2025-02-20 04:50:00,4,50,3,0,14,3
2025-02-20 04:55:00,4,55,3,0,10,11
2025-02-20 05:00:00,5,0,3,0,8,13
2025-02-20 05:05:00,5,5,3,0,15,6
2025-02-20 05:10:00,5,10,3,0,14,9
2025-02-20 05:15:00,5,15,3,0,14,11
2025-02-20 05:20:00,5,20,3,0,22,13
2025-02-20 05:25:00,5,25,3,0,12,8
2025-02-20 05:30:00,5,30,3,0,24,17
2025-02-20 05:35:00,5,35,3,0,18,5
2025-02-20 05:40:00,5,40,3,0,11,19
2025-02-20 05:45:00,5,45,3,0,19,16
2025-02-20 05:50:00,5,50,3,0,24,12
2025-02-20 05:55:00,5,55,3,0,20,19
2025-02-20 06:00:00,6,0,3,0,16,12
2025-02-20 06:05:00,6,5,3,0,23,18
2025-02-20 06:10:00,6,10,3,0,21,19
2025-02-20 06:15:00,6,15,3,0,28,20
2025-02-20 06:20:00,6,20,3,0,30,16
2025-02-20 06:25:00,6,25,3,0,24,18
2025-02-20 06:30:00,6,30,3,0,26,22
2025-02-20 06:35:00,6,35,3,0,33,19
2025-02-20 06:40:00,6,40,3,0,28,24
2025-02-20 06:45:00,6,45,3,0,28,21
2025-02-20 06:50:00,6,50,3,0,29,28
2025-02-20 06:55:00,6,55,3,0,36,32
2025-02-20 07:00:00,7,0,3,0,37,25
2025-02-20 07:05:00,7,5,3,0,34,30
2025-02-20 07:10:00,7,10,3,0,38,27
2025-02-20 07:15:00,7,15,3,0,45,24
2025-02-20 07:20:00,7,20,3,0,36,27
2025-02-20 07:25:00,7,25,3,0,33,30
2025-02-20 07:30:00,7,30,3,0,43,23
2025-02-20 07:35:00,7,35,3,0,41,33
2025-02-20 07:40:00,7,40,3,0,39,31
2025-02-20 07:45:00,7,45,3,0,45,35
2025-02-20 07:50:00,7,50,3,0,46,33
2025-02-20 07:55:00,7,55,3,0,34,31
2025-02-20 08:00:00,8,0,3,0,40,30
2025-02-20 08:05:00,8,5,3,0,52,37
2025-02-20 08:10:00,8,10,3,0,45,40
2025-02-20 08:15:00,8,15,3,0,45,29
2025-02-20 08:20:00,8,20,3,0,47,35
2025-02-20 08:25:00,8,25,3,0,42,27
2025-02-20 08:30:00,8,30,3,0,44,27
2025-02-20 08:35:00,8,35,3,0,43,28
2025-02-20 08:40:00,8,40,3,0,42,31
2025-02-20 08:45:00,8,45,3,0,38,24
2025-02-20 08:50:00,8,50,3,0,39,34
2025-02-20 08:55:00,8,55,3,0,35,31
2025-02-20 09:00:00,9,0,3,0,36,29
2025-02-20 09:05:00,9,5,3,0,30,24
2025-02-20 09:10:00,9,10,3,0,31,28
2025-02-20 09:15:00,9,15,3,0,32,12
2025-02-20 09:20:00,9,20,3,0,28,25
2025-02-20 09:25:00,9,25,3,0,28,23
2025-02-20 09:30:00,9,30,3,0,29,14
2025-02-20 09:35:00,9,35,3,0,30,22
2025-02-20 09:40:00,9,40,3,0,31,22
2025-02-20 09:45:00,9,45,3,0,24,11
2025-02-20 09:50:00,9,50,3,0,30,13
2025-02-20 09:55:00,9,55,3,0,27,25
2025-02-20 10:00:00,10,0,3,0,24,16
2025-02-20 10:05:00,10,5,3,0,22,20
2025-02-20 10:10:00,10,10,3,0,22,19
2025-02-20 10:15:00,10,15,3,0,24,16
2025-02-20 10:20:00,10,20,3,0,23,18
2025-02-20 10:25:00,10,25,3,0,23,5
2025-02-20 10:30:00,10,30,3,0,17,12
2025-02-20 10:35:00,10,35,3,0,18,0
2025-02-20 10:40:00,10,40,3,0,21,4
2025-02-20 10:45:00,10,45,3,0,12,9
2025-02-20 10:50:00,10,50,3,0,13,8
2025-02-20 10:55:00,10,55,3,0,14,10
2025-02-20 11:00:00,11,0,3,0,17,10
2025-02-20 11:05:00,11,5,3,0,16,10
2025-02-20 11:10:00,11,10,3,0,11,10
2025-02-20 11:15:00,11,15,3,0,6,10
2025-02-20 11:20:00,11,20,3,0,12,5
2025-02-20 11:25:00,11,25,3,0,8,6
2025-02-20 11:30:00,11,30,3,0,5,8
2025-02-20 11:35:00,11,35,3,0,6,8
2025-02-20 11:40:00,11,40,3,0,12,4
2025-02-20 11:45:00,11,45,3,0,16,13
2025-02-20 11:50:00,11,50,3,0,11,11
2025-02-20 11:55:00,11,55,3,0,11,5
2025-02-20 12:00:00,12,0,3,0,15,8
2025-02-20 12:05:00,12,5,3,0,4,17
2025-02-20 12:10:00,12,10,3,0,12,9
2025-02-20 12:15:00,12,15,3,0,10,10
2025-02-20 12:20:00,12,20,3,0,13,7
2025-02-20 12:25:00,12,25,3,0,9,8
2025-02-20 12:30:00,12,30,3,0,8,16
2025-02-20 12:35:00,12,35,3,0,12,10
2025-02-20 12:40:00,12,40,3,0,18,10
2025-02-20 12:45:00,12,45,3,0,15,10
2025-02-20 12:50:00,12,50,3,0,10,21
2025-02-20 12:55:00,12,55,3,0,7,11
2025-02-20 13:00:00,13,0,3,0,5,8
2025-02-20 13:05:00,13,5,3,0,18,9
2025-02-20 13:10:00,13,10,3,0,9,16
2025-02-20 13:15:00,13,15,3,0,12,7
2025-02-20 13:20:00,13,20,3,0,19,15
2025-02-20 13:25:00,13,25,3,0,8,11
2025-02-20 13:30:00,13,30,3,0,20,7
2025-02-20 13:35:00,13,35,3,0,14,11
2025-02-20 13:40:00,13,40,3,0,11,16
2025-02-20 13:45:00,13,45,3,0,15,22
2025-02-20 13:50:00,13,50,3,0,14,21
2025-02-20 13:55:00,13,55,3,0,19,17
2025-02-20 14:00:00,14,0,3,0,15,23
2025-02-20 14:05:00,14,5,3,0,11,18
2025-02-20 14:10:00,14,10,3,0,18,15
2025-02-20 14:15:00,14,15,3,0,14,22
2025-02-20 14:20:00,14,20,3,0,21,16
2025-02-20 14:25:00,14,25,3,0,16,27
2025-02-20 14:30:00,14,30,3,0,20,28
2025-02-20 14:35:00,14,35,3,0,23,22
2025-02-20 14:40:00,14,40,3,0,22,27
2025-02-20 14:45:00,14,45,3,0,25,28
2025-02-20 14:50:00,14,50,3,0,27,32
2025-02-20 14:55:00,14,55,3,0,21,24
2025-02-20 15:00:00,15,0,3,0,26,33
2025-02-20 15:05:00,15,5,3,0,14,26
2025-02-20 15:10:00,15,10,3,0,29,35
2025-02-20 15:15:00,15,15,3,0,27,38
2025-02-20 15:20:00,15,20,3,0,25,32
2025-02-20 15:25:00,15,25,3,0,31,40
2025-02-20 15:30:00,15,30,3,0,35,30
2025-02-20 15:35:00,15,35,3,0,29,42
2025-02-20 15:40:00,15,40,3,0,28,44
2025-02-20 15:45:00,15,45,3,0,33,40
2025-02-20 15:50:00,15,50,3,0,28,39
2025-02-20 15:55:00,15,55,3,0,31,42
2025-02-20 16:00:00,16,0,3,0,39,39
2025-02-20 16:05:00,16,5,3,0,35,53
2025-02-20 16:10:00,16,10,3,0,28,40
2025-02-20 16:15:00,16,15,3,0,29,49
2025-02-20 16:20:00,16,20,3,0,37,41
2025-02-20 16:25:00,16,25,3,0,40,51
2025-02-20 16:30:00,16,30,3,0,31,53
2025-02-20 16:35:00,16,35,3,0,39,47
2025-02-20 16:40:00,16,40,3,0,43,47
2025-02-20 16:45:00,16,45,3,0,45,42
2025-02-20 16:50:00,16,50,3,0,39,42
2025-02-20 16:55:00,16,55,3,0,40,47
2025-02-20 17:00:00,17,0,3,0,29,52
2025-02-20 17:05:00,17,5,3,0,46,44
2025-02-20 17:10:00,17,10,3,0,36,55
2025-02-20 17:15:00,17,15,3,0,34,43
2025-02-20 17:20:00,17,20,3,0,37,46
2025-02-20 17:25:00,17,25,3,0,43,46
2025-02-20 17:30:00,17,30,3,0,46,44
2025-02-20 17:35:00,17,35,3,0,37,36
2025-02-20 17:40:00,17,40,3,0,40,41
2025-02-20 17:45:00,17,45,3,0,36,44
2025-02-20 17:50:00,17,50,3,0,31,42
2025-02-20 17:55:00,17,55,3,0,41,45
2025-02-20 18:00:00,18,0,3,0,32,44
2025-02-20 18:05:00,18,5,3,0,40,40
2025-02-20 18:10:00,18,10,3,0,39,36
2025-02-20 18:15:00,18,15,3,0,35,45
2025-02-20 18:20:00,18,20,3,0,39,33
2025-02-20 18:25:00,18,25,3,0,40,35
2025-02-20 18:30:00,18,30,3,0,30,33
2025-02-20 18:35:00,18,35,3,0,27,38
2025-02-20 18:40:00,18,40,3,0,22,40
2025-02-20 18:45:00,18,45,3,0,37,33
2025-02-20 18:50:00,18,50,3,0,26,33
2025-02-20 18:55:00,18,55,3,0,31,33
2025-02-20 19:00:00,19,0,3,0,23,37
2025-02-20 19:05:00,19,5,3,0,32,22
2025-02-20 19:10:00,19,10,3,0,22,31
2025-02-20 19:15:00,19,15,3,0,19,29
2025-02-20 19:20:00,19,20,3,0,22,25
2025-02-20 19:25:00,19,25,3,0,20,27
2025-02-20 19:30:00,19,30,3,0,24,27
2025-02-20 19:35:00,19,35,3,0,21,26
2025-02-20 19:40:00,19,40,3,0,23,31
2025-02-20 19:45:00,19,45,3,0,18,22
2025-02-20 19:50:00,19,50,3,0,16,21
2025-02-20 19:55:00,19,55,3,0,16,19
2025-02-20 20:00:00,20,0,3,0,26,21
2025-02-20 20:05:00,20,5,3,0,18,18
2025-02-20 20:10:00,20,10,3,0,9,17
2025-02-20 20:15:00,20,15,3,0,14,17
2025-02-20 20:20:00,20,20,3,0,16,15
2025-02-20 20:25:00,20,25,3,0,22,13
2025-02-20 20:30:00,20,30,3,0,19,16
2025-02-20 20:35:00,20,35,3,0,10,13
2025-02-20 20:40:00,20,40,3,0,23,16
2025-02-20 20:45:00,20,45,3,0,13,13
2025-02-20 20:50:00,20,50,3,0,18,11
2025-02-20 20:55:00,20,55,3,0,8,18
2025-02-20 21:00:00,21,0,3,0,2,11
2025-02-20 21:05:00,21,5,3,0,6,13
2025-02-20 21:10:00,21,10,3,0,0,8
2025-02-20 21:15:00,21,15,3,0,20,2
2025-02-20 21:20:00,21,20,3,0,12,8
2025-02-20 21:25:00,21,25,3,0,7,1
2025-02-20 21:30:00,21,30,3,0,12,8
2025-02-20 21:35:00,21,35,3,0,11,15
2025-02-20 21:40:00,21,40,3,0,12,5
2025-02-20 21:45:00,21,45,3,0,15,0
2025-02-20 21:50:00,21,50,3,0,8,14
2025-02-20 21:55:00,21,55,3,0,6,6
2025-02-20 22:00:00,22,0,3,0,13,8
2025-02-20 22:05:00,22,5,3,0,12,11
2025-02-20 22:10:00,22,10,3,0,9,10
2025-02-20 22:15:00,22,15,3,0,18,10
2025-02-20 22:20:00,22,20,3,0,7,11
2025-02-20 22:25:00,22,25,3,0,5,0
2025-02-20 22:30:00,22,30,3,0,10,1
2025-02-20 22:35:00,22,35,3,0,6,11
2025-02-20 22:40:00,22,40,3,0,11,4
2025-02-20 22:45:00,22,45,3,0,5,4
2025-02-20 22:50:00,22,50,3,0,7,2
2025-02-20 22:55:00,22,55,3,0,16,5
2025-02-20 23:00:00,23,0,3,0,7,5
2025-02-20 23:05:00,23,5,3,0,5,3
2025-02-20 23:10:00,23,10,3,0,13,2
2025-02-20 23:15:00,23,15,3,0,4,8
2025-02-20 23:20:00,23,20,3,0,5,3
2025-02-20 23:25:00,23,25,3,0,10,4
2025-02-20 23:30:00,23,30,3,0,12,0
2025-02-20 23:35:00,23,35,3,0,13,14
2025-02-20 23:40:00,23,40,3,0,5,10
2025-02-20 23:45:00,23,45,3,0,10,4
2025-02-20 23:50:00,23,50,3,0,6,3
2025-02-20 23:55:00,23,55,3,0,6,6
2025-02-21 00:00:00,0,0,4,0,13,6
2025-02-21 00:05:00,0,5,4,0,6,1
2025-02-21 00:10:00,0,10,4,0,9,0
2025-02-21 00:15:00,0,15,4,0,9,4
2025-02-21 00:20:00,0,20,4,0,4,0
2025-02-21 00:25:00,0,25,4,0,12,7
2025-02-21 00:30:00,0,30,4,0,10,7
2025-02-21 00:35:00,0,35,4,0,0,2
2025-02-21 00:40:00,0,40,4,0,9,4
2025-02-21 00:45:00,0,45,4,0,5,13
2025-02-21 00:50:00,0,50,4,0,12,9
2025-02-21 00:55:00,0,55,4,0,2,4
2025-02-21 01:00:00,1,0,4,0,7,15
2025-02-21 01:05:00,1,5,4,0,9,1
2025-02-21 01:10:00,1,10,4,0,8,3
2025-02-21 01:15:00,1,15,4,0,11,6
2025-02-21 01:20:00,1,20,4,0,2,0
2025-02-21 01:25:00,1,25,4,0,15,13
2025-02-21 01:30:00,1,30,4,0,10,7
2025-02-21 01:35:00,1,35,4,0,13,3
2025-02-21 01:40:00,1,40,4,0,12,8
2025-02-21 01:45:00,1,45,4,0,8,7
2025-02-21 01:50:00,1,50,4,0,3,5
2025-02-21 01:55:00,1,55,4,0,6,1
2025-02-21 02:00:00,2,0,4,0,14,0
2025-02-21 02:05:00,2,5,4,0,14,15
2025-02-21 02:10:00,2,10,4,0,6,1
2025-02-21 02:15:00,2,15,4,0,0,13
2025-02-21 02:20:00,2,20,4,0,7,3
2025-02-21 02:25:00,2,25,4,0,7,9
2025-02-21 02:30:00,2,30,4,0,7,8
2025-02-21 02:35:00,2,35,4,0,10,9
2025-02-21 02:40:00,2,40,4,0,12,9
2025-02-21 02:45:00,2,45,4,0,12,0
2025-02-21 02:50:00,2,50,4,0,10,3
2025-02-21 02:55:00,2,55,4,0,1,1
2025-02-21 03:00:00,3,0,4,0,7,7
2025-02-21 03:05:00,3,5,4,0,17,1
2025-02-21 03:10:00,3,10,4,0,10,0
2025-02-21 03:15:00,3,15,4,0,10,5
2025-02-21 03:20:00,3,20,4,0,10,0
2025-02-21 03:25:00,3,25,4,0,10,7
2025-02-21 03:30:00,3,30,4,0,0,1
2025-02-21 03:35:00,3,35,4,0,8,3
2025-02-21 03:40:00,3,40,4,0,8,0
2025-02-21 03:45:00,3,45,4,0,14,13
2025-02-21 03:50:00,3,50,4,0,9,1
2025-02-21 03:55:00,3,55,4,0,2,5
2025-02-21 04:00:00,4,0,4,0,11,0
2025-02-21 04:05:00,4,5,4,0,6,3
2025-02-21 04:10:00,4,10,4,0,4,14
2025-02-21 04:15:00,4,15,4,0,6,8
2025-02-21 04:20:00,4,20,4,0,12,4
2025-02-21 04:25:00,4,25,4,0,15,7
2025-02-21 04:30:00,4,30,4,0,12,5
2025-02-21 04:35:00,4,35,4,0,13,7
2025-02-21 04:40:00,4,40,4,0,13,11
2025-02-21 04:45:00,4,45,4,0,12,7
2025-02-21 04:50:00,4,50,4,0,15,10
2025-02-21 04:55:00,4,55,4,0,3,10
2025-02-21 05:00:00,5,0,4,0,13,8
2025-02-21 05:05:00,5,5,4,0,9,7
2025-02-21 05:10:00,5,10,4,0,19,8
2025-02-21 05:15:00,5,15,4,0,14,13
2025-02-21 05:20:00,5,20,4,0,15,14
2025-02-21 05:25:00,5,25,4,0,10,7
2025-02-21 05:30:00,5,30,4,0,21,11
2025-02-21 05:35:00,5,35,4,0,20,10
2025-02-21 05:40:00,5,40,4,0,21,17
2025-02-21 05:45:00,5,45,4,0,16,12
2025-02-21 05:50:00,5,50,4,0,17,24
2025-02-21 05:55:00,5,55,4,0,22,16
2025-02-21 06:00:00,6,0,4,0,20,21
2025-02-21 06:05:00,6,5,4,0,25,13
2025-02-21 06:10:00,6,10,4,0,16,18
2025-02-21 06:15:00,6,15,4,0,24,21
2025-02-21 06:20:00,6,20,4,0,34,15
2025-02-21 06:25:00,6,25,4,0,30,20
2025-02-21 06:30:00,6,30,4,0,30,25
2025-02-21 06:35:00,6,35,4,0,38,21
2025-02-21 06:40:00,6,40,4,0,22,19
2025-02-21 06:45:00,6,45,4,0,29,31
2025-02-21 06:50:00,6,50,4,0,32,20
2025-02-21 06:55:00,6,55,4,0,38,26
2025-02-21 07:00:00,7,0,4,0,40,23
2025-02-21 07:05:00,7,5,4,0,34,23
2025-02-21 07:10:00,7,10,4,0,42,30
2025-02-21 07:15:00,7,15,4,0,37,27
2025-02-21 07:20:00,7,20,4,0,45,30
2025-02-21 07:25:00,7,25,4,0,36,20
2025-02-21 07:30:00,7,30,4,0,41,32
2025-02-21 07:35:00,7,35,4,0,40,27
2025-02-21 07:40:00,7,40,4,0,46,23
2025-02-21 07:45:00,7,45,4,0,40,38
2025-02-21 07:50:00,7,50,4,0,43,33
2025-02-21 07:55:00,7,55,4,0,45,32
2025-02-21 08:00:00,8,0,4,0,45,36
2025-02-21 08:05:00,8,5,4,0,46,32
2025-02-21 08:10:00,8,10,4,0,44,28
2025-02-21 08:15:00,8,15,4,0,41,30
2025-02-21 08:20:00,8,20,4,0,41,28
2025-02-21 08:25:00,8,25,4,0,42,28
2025-02-21 08:30:00,8,30,4,0,42,25
2025-02-21 08:35:00,8,35,4,0,40,25
2025-02-21 08:40:00,8,40,4,0,40,32
2025-02-21 08:45:00,8,45,4,0,33,29
2025-02-21 08:50:00,8,50,4,0,41,25
2025-02-21 08:55:00,8,55,4,0,38,23
2025-02-21 09:00:00,9,0,4,0,40,24
2025-02-21 09:05:00,9,5,4,0,35,19
2025-02-21 09:10:00,9,10,4,0,27,25
2025-02-21 09:15:00,9,15,4,0,31,27
2025-02-21 09:20:00,9,20,4,0,31,32
2025-02-21 09:25:00,9,25,4,0,33,18
2025-02-21 09:30:00,9,30,4,0,21,25
2025-02-21 09:35:00,9,35,4,0,28,18
2025-02-21 09:40:00,9,40,4,0,29,15
2025-02-21 09:45:00,9,45,4,0,23,14
2025-02-21 09:50:00,9,50,4,0,25,18
2025-02-21 09:55:00,9,55,4,0,21,13
2025-02-21 10:00:00,10,0,4,0,20,14
2025-02-21 10:05:00,10,5,4,0,20,14
2025-02-21 10:10:00,10,10,4,0,18,12
2025-02-21 10:15:00,10,15,4,0,22,11
2025-02-21 10:20:00,10,20,4,0,16,4
2025-02-21 10:25:00,10,25,4,0,14,13
2025-02-21 10:30:00,10,30,4,0,24,13
2025-02-21 10:35:00,10,35,4,0,20,9
2025-02-21 10:40:00,10,40,4,0,8,13
2025-02-21 10:45:00,10,45,4,0,12,17
2025-02-21 10:50:00,10,50,4,0,15,11
2025-02-21 10:55:00,10,55,4,0,15,15
2025-02-21 11:00:00,11,0,4,0,7,19
2025-02-21 11:05:00,11,5,4,0,17,20
2025-02-21 11:10:00,11,10,4,0,15,5
2025-02-21 11:15:00,11,15,4,0,14,4
2025-02-21 11:20:00,11,20,4,0,17,7
2025-02-21 11:25:00,11,25,4,0,13,9
2025-02-21 11:30:00,11,30,4,0,13,15
2025-02-21 11:35:00,11,35,4,0,17,11
2025-02-21 11:40:00,11,40,4,0,15,4
2025-02-21 11:45:00,11,45,4,0,7,6
2025-02-21 11:50:00,11,50,4,0,13,8
2025-02-21 11:55:00,11,55,4,0,8,2
2025-02-21 12:00:00,12,0,4,0,12,9
2025-02-21 12:05:00,12,5,4,0,12,4
2025-02-21 12:10:00,12,10,4,0,5,2
2025-02-21 12:15:00,12,15,4,0,10,5
2025-02-21 12:20:00,12,20,4,0,12,11
2025-02-21 12:25:00,12,25,4,0,9,11
2025-02-21 12:30:00,12,30,4,0,12,10
2025-02-21 12:35:00,12,35,4,0,14,14
2025-02-21 12:40:00,12,40,4,0,11,14
2025-02-21 12:45:00,12,45,4,0,12,11
2025-02-21 12:50:00,12,50,4,0,17,11
2025-02-21 12:55:00,12,55,4,0,14,12
2025-02-21 13:00:00,13,0,4,0,13,11
2025-02-21 13:05:00,13,5,4,0,9,3
2025-02-21 13:10:00,13,10,4,0,16,17
2025-02-21 13:15:00,13,15,4,0,15,15
2025-02-21 13:20:00,13,20,4,0,19,9
2025-02-21 13:25:00,13,25,4,0,14,20
2025-02-21 13:30:00,13,30,4,0,7,12
2025-02-21 13:35:00,13,35,4,0,8,15
2025-02-21 13:40:00,13,40,4,0,18,20
2025-02-21 13:45:00,13,45,4,0,14,18
2025-02-21 13:50:00,13,50,4,0,18,23
2025-02-21 13:55:00,13,55,4,0,18,17
2025-02-21 14:00:00,14,0,4,0,17,26
2025-02-21 14:05:00,14,5,4,0,18,17
2025-02-21 14:10:00,14,10,4,0,16,26
2025-02-21 14:15:00,14,15,4,0,20,12
2025-02-21 14:20:00,14,20,4,0,18,18
2025-02-21 14:25:00,14,25,4,0,20,25
2025-02-21 14:30:00,14,30,4,0,20,23
2025-02-21 14:35:00,14,35,4,0,22,25
2025-02-21 14:40:00,14,40,4,0,27,26
2025-02-21 14:45:00,14,45,4,0,23,22
2025-02-21 14:50:00,14,50,4,0,29,24
2025-02-21 14:55:00,14,55,4,0,32,30
2025-02-21 15:00:00,15,0,4,0,30,28
2025-02-21 15:05:00,15,5,4,0,29,37
2025-02-21 15:10:00,15,10,4,0,29,32
2025-02-21 15:15:00,15,15,4,0,32,36
2025-02-21 15:20:00,15,20,4,0,30,36
2025-02-21 15:25:00,15,25,4,0,34,33
2025-02-21 15:30:00,15,30,4,0,33,28
2025-02-21 15:35:00,15,35,4,0,30,42
2025-02-21 15:40:00,15,40,4,0,36,34
2025-02-21 15:45:00,15,45,4,0,33,37
2025-02-21 15:50:00,15,50,4,0,33,39
2025-02-21 15:55:00,15,55,4,0,32,40
2025-02-21 16:00:00,16,0,4,0,35,45
2025-02-21 16:05:00,16,5,4,0,39,42
2025-02-21 16:10:00,16,10,4,0,39,42
2025-02-21 16:15:00,16,15,4,0,37,47
2025-02-21 16:20:00,16,20,4,0,39,46
2025-02-21 16:25:00,16,25,4,0,42,41
2025-02-21 16:30:00,16,30,4,0,36,40
2025-02-21 16:35:00,16,35,4,0,33,42
2025-02-21 16:40:00,16,40,4,0,43,45
2025-02-21 16:45:00,16,45,4,0,36,41
2025-02-21 16:50:00,16,50,4,0,35,46
2025-02-21 16:55:00,16,55,4,0,31,45
2025-02-21 17:00:00,17,0,4,0,40,36
2025-02-21 17:05:00,17,5,4,0,31,40
2025-02-21 17:10:00,17,10,4,0,35,34
2025-02-21 17:15:00,17,15,4,0,40,44
2025-02-21 17:20:00,17,20,4,0,40,50
2025-02-21 17:25:00,17,25,4,0,35,38
2025-02-21 17:30:00,17,30,4,0,37,39
2025-02-21 17:35:00,17,35,4,0,33,44
2025-02-21 17:40:00,17,40,4,0,34,40
2025-02-21 17:45:00,17,45,4,0,37,39
2025-02-21 17:50:00,17,50,4,0,33,45
2025-02-21 17:55:00,17,55,4,0,34,40
2025-02-21 18:00:00,18,0,4,0,29,35
2025-02-21 18:05:00,18,5,4,0,38,32
2025-02-21 18:10:00,18,10,4,0,35,49
2025-02-21 18:15:00,18,15,4,0,36,43
2025-02-21 18:20:00,18,20,4,0,37,36
2025-02-21 18:25:00,18,25,4,0,28,37
2025-02-21 18:30:00,18,30,4,0,29,34
2025-02-21 18:35:00,18,35,4,0,22,37
2025-02-21 18:40:00,18,40,4,0,42,31
2025-02-21 18:45:00,18,45,4,0,28,31
2025-02-21 18:50:00,18,50,4,0,32,34
2025-02-21 18:55:00,18,55,4,0,22,37
2025-02-21 19:00:00,19,0,4,0,30,33
2025-02-21 19:05:00,19,5,4,0,33,34
2025-02-21 19:10:00,19,10,4,0,24,27
2025-02-21 19:15:00,19,15,4,0,20,25
2025-02-21 19:20:00,19,20,4,0,23,18
2025-02-21 19:25:00,19,25,4,0,14,26
2025-02-21 19:30:00,19,30,4,0,22,26
2025-02-21 19:35:00,19,35,4,0,24,22
2025-02-21 19:40:00,19,40,4,0,20,19
2025-02-21 19:45:00,19,45,4,0,19,27
2025-02-21 19:50:00,19,50,4,0,21,23
2025-02-21 19:55:00,19,55,4,0,21,25
2025-02-21 20:00:00,20,0,4,0,11,15
2025-02-21 20:05:00,20,5,4,0,17,15
2025-02-21 20:10:00,20,10,4,0,26,22
2025-02-21 20:15:00,20,15,4,0,11,16
2025-02-21 20:20:00,20,20,4,0,15,14
2025-02-21 20:25:00,20,25,4,0,23,13
2025-02-21 20:30:00,20,30,4,0,19,15
2025-02-21 20:35:00,20,35,4,0,12,18
2025-02-21 20:40:00,20,40,4,0,14,13
2025-02-21 20:45:00,20,45,4,0,13,16
2025-02-21 20:50:00,20,50,4,0,10,14
2025-02-21 20:55:00,20,55,4,0,12,8
2025-02-21 21:00:00,21,0,4,0,11,8
2025-02-21 21:05:00,21,5,4,0,12,9
2025-02-21 21:10:00,21,10,4,0,8,5
2025-02-21 21:15:00,21,15,4,0,6,8
2025-02-21 21:20:00,21,20,4,0,11,16
2025-02-21 21:25:00,21,25,4,0,17,9
2025-02-21 21:30:00,21,30,4,0,11,6
2025-02-21 21:35:00,21,35,4,0,9,17
2025-02-21 21:40:00,21,40,4,0,13,5
2025-02-21 21:45:00,21,45,4,0,9,5
2025-02-21 21:50:00,21,50,4,0,17,13
2025-02-21 21:55:00,21,55,4,0,9,11
2025-02-21 22:00:00,22,0,4,0,12,7
2025-02-21 22:05:00,22,5,4,0,6,11
2025-02-21 22:10:00,22,10,4,0,11,9
2025-02-21 22:15:00,22,15,4,0,10,3
2025-02-21 22:20:00,22,20,4,0,9,0
2025-02-21 22:25:00,22,25,4,0,7,5
2025-02-21 22:30:00,22,30,4,0,6,11
2025-02-21 22:35:00,22,35,4,0,10,5
2025-02-21 22:40:00,22,40,4,0,11,9
2025-02-21 22:45:00,22,45,4,0,8,7
2025-02-21 22:50:00,22,50,4,0,10,0
2025-02-21 22:55:00,22,55,4,0,8,5
2025-02-21 23:00:00,23,0,4,0,9,8
2025-02-21 23:05:00,23,5,4,0,7,3
2025-02-21 23:10:00,23,10,4,0,8,5
2025-02-21 23:15:00,23,15,4,0,19,8
2025-02-21 23:20:00,23,20,4,0,9,7
2025-02-21 23:25:00,23,25,4,0,11,10
2025-02-21 23:30:00,23,30,4,0,10,8
2025-02-21 23:35:00,23,35,4,0,7,2
2025-02-21 23:40:00,23,40,4,0,13,4
2025-02-21 23:45:00,23,45,4,0,7,6
2025-02-21 23:50:00,23,50,4,0,12,11
2025-02-21 23:55:00,23,55,4,0,7,4
2025-02-22 00:00:00,0,0,5,1,2,0
2025-02-22 00:05:00,0,5,5,1,7,6
2025-02-22 00:10:00,0,10,5,1,1,1
2025-02-22 00:15:00,0,15,5,1,8,0
2025-02-22 00:20:00,0,20,5,1,1,4
2025-02-22 00:25:00,0,25,5,1,4,8
2025-02-22 00:30:00,0,30,5,1,0,2
2025-02-22 00:35:00,0,35,5,1,17,6
2025-02-22 00:40:00,0,40,5,1,0,7
2025-02-22 00:45:00,0,45,5,1,6,7
2025-02-22 00:50:00,0,50,5,1,10,1
2025-02-22 00:55:00,0,55,5,1,10,0
2025-02-22 01:00:00,1,0,5,1,9,0
2025-02-22 01:05:00,1,5,5,1,4,7
2025-02-22 01:10:00,1,10,5,1,11,7
2025-02-22 01:15:00,1,15,5,1,9,0
2025-02-22 01:20:00,1,20,5,1,6,13
2025-02-22 01:25:00,1,25,5,1,7,0
2025-02-22 01:30:00,1,30,5,1,4,8
2025-02-22 01:35:00,1,35,5,1,2,10
2025-02-22 01:40:00,1,40,5,1,11,5
2025-02-22 01:45:00,1,45,5,1,11,1
2025-02-22 01:50:00,1,50,5,1,2,1
2025-02-22 01:55:00,1,55,5,1,5,3
2025-02-22 02:00:00,2,0,5,1,5,9
2025-02-22 02:05:00,2,5,5,1,5,0
2025-02-22 02:10:00,2,10,5,1,6,0
2025-02-22 02:15:00,2,15,5,1,9,6
2025-02-22 02:20:00,2,20,5,1,3,7
2025-02-22 02:25:00,2,25,5,1,2,12
2025-02-22 02:30:00,2,30,5,1,11,0
2025-02-22 02:35:00,2,35,5,1,4,4
2025-02-22 02:40:00,2,40,5,1,1,9
2025-02-22 02:45:00,2,45,5,1,4,5
2025-02-22 02:50:00,2,50,5,1,4,3
2025-02-22 02:55:00,2,55,5,1,12,7
2025-02-22 03:00:00,3,0,5,1,9,2
2025-02-22 03:05:00,3,5,5,1,10,8
2025-02-22 03:10:00,3,10,5,1,9,0
2025-02-22 03:15:00,3,15,5,1,10,0
2025-02-22 03:20:00,3,20,5,1,3,3
2025-02-22 03:25:00,3,25,5,1,5,0
2025-02-22 03:30:00,3,30,5,1,2,5
2025-02-22 03:35:00,3,35,5,1,5,0
2025-02-22 03:40:00,3,40,5,1,9,6
2025-02-22 03:45:00,3,45,5,1,7,5
2025-02-22 03:50:00,3,50,5,1,11,4
2025-02-22 03:55:00,3,55,5,1,2,6
2025-02-22 04:00:00,4,0,5,1,8,6
2025-02-22 04:05:00,4,5,5,1,1,4
2025-02-22 04:10:00,4,10,5,1,7,12
2025-02-22 04:15:00,4,15,5,1,10,7
2025-02-22 04:20:00,4,20,5,1,6,8
2025-02-22 04:25:00,4,25,5,1,9,10
2025-02-22 04:30:00,4,30,5,1,3,8
2025-02-22 04:35:00,4,35,5,1,1,14
2025-02-22 04:40:00,4,40,5,1,10,6
2025-02-22 04:45:00,4,45,5,1,15,6
2025-02-22 04:50:00,4,50,5,1,4,3
2025-02-22 04:55:00,4,55,5,1,13,5
2025-02-22 05:00:00,5,0,5,1,9,4
2025-02-22 05:05:00,5,5,5,1,4,10
2025-02-22 05:10:00,5,10,5,1,5,3
2025-02-22 05:15:00,5,15,5,1,10,8
2025-02-22 05:20:00,5,20,5,1,9,10
2025-02-22 05:25:00,5,25,5,1,6,9
2025-02-22 05:30:00,5,30,5,1,5,5
2025-02-22 05:35:00,5,35,5,1,9,12
2025-02-22 05:40:00,5,40,5,1,14,9
2025-02-22 05:45:00,5,45,5,1,14,0
2025-02-22 05:50:00,5,50,5,1,12,6
2025-02-22 05:55:00,5,55,5,1,16,16
2025-02-22 06:00:00,6,0,5,1,20,17
2025-02-22 06:05:00,6,5,5,1,18,14
2025-02-22 06:10:00,6,10,5,1,17,16
2025-02-22 06:15:00,6,15,5,1,22,10
2025-02-22 06:20:00,6,20,5,1,15,13
2025-02-22 06:25:00,6,25,5,1,19,19
2025-02-22 06:30:00,6,30,5,1,20,17
2025-02-22 06:35:00,6,35,5,1,16,16
2025-02-22 06:40:00,6,40,5,1,20,15
2025-02-22 06:45:00,6,45,5,1,15,21
2025-02-22 06:50:00,6,50,5,1,31,22
2025-02-22 06:55:00,6,55,5,1,21,20
2025-02-22 07:00:00,7,0,5,1,32,18
2025-02-22 07:05:00,7,5,5,1,26,17
2025-02-22 07:10:00,7,10,5,1,29,22
2025-02-22 07:15:00,7,15,5,1,25,15
2025-02-22 07:20:00,7,20,5,1,29,16
2025-02-22 07:25:00,7,25,5,1,31,15
2025-02-22 07:30:00,7,30,5,1,31,26
2025-02-22 07:35:00,7,35,5,1,32,18
2025-02-22 07:40:00,7,40,5,1,28,23
2025-02-22 07:45:00,7,45,5,1,28,21
2025-02-22 07:50:00,7,50,5,1,24,33
2025-02-22 07:55:00,7,55,5,1,32,23
2025-02-22 08:00:00,8,0,5,1,34,14
2025-02-22 08:05:00,8,5,5,1,37,26
2025-02-22 08:10:00,8,10,5,1,31,20
2025-02-22 08:15:00,8,15,5,1,27,21
2025-02-22 08:20:00,8,20,5,1,23,19
2025-02-22 08:25:00,8,25,5,1,33,22
2025-02-22 08:30:00,8,30,5,1,22,21
2025-02-22 08:35:00,8,35,5,1,27,18
2025-02-22 08:40:00,8,40,5,1,27,18
2025-02-22 08:45:00,8,45,5,1,27,20
2025-02-22 08:50:00,8,50,5,1,27,10
2025-02-22 08:55:00,8,55,5,1,26,13
2025-02-22 09:00:00,9,0,5,1,16,25
2025-02-22 09:05:00,9,5,5,1,25,19
2025-02-22 09:10:00,9,10,5,1,15,15
2025-02-22 09:15:00,9,15,5,1,26,10
2025-02-22 09:20:00,9,20,5,1,20,16
2025-02-22 09:25:00,9,25,5,1,13,19
2025-02-22 09:30:00,9,30,5,1,17,25
2025-02-22 09:35:00,9,35,5,1,17,22
2025-02-22 09:40:00,9,40,5,1,24,10
2025-02-22 09:45:00,9,45,5,1,19,11
2025-02-22 09:50:00,9,50,5,1,19,7
2025-02-22 09:55:00,9,55,5,1,21,9
2025-02-22 10:00:00,10,0,5,1,15,11
2025-02-22 10:05:00,10,5,5,1,18,9
2025-02-22 10:10:00,10,10,5,1,17,19
2025-02-22 10:15:00,10,15,5,1,8,5
2025-02-22 10:20:00,10,20,5,1,19,9
2025-02-22 10:25:00,10,25,5,1,7,1
2025-02-22 10:30:00,10,30,5,1,15,10
2025-02-22 10:35:00,10,35,5,1,5,3
2025-02-22 10:40:00,10,40,5,1,13,12
2025-02-22 10:45:00,10,45,5,1,18,7
2025-02-22 10:50:00,10,50,5,1,9,2
2025-02-22 10:55:00,10,55,5,1,8,0
2025-02-22 11:00:00,11,0,5,1,12,3
2025-02-22 11:05:00,11,5,5,1,8,8
2025-02-22 11:10:00,11,10,5,1,16,8
2025-02-22 11:15:00,11,15,5,1,9,4
2025-02-22 11:20:00,11,20,5,1,7,10
2025-02-22 11:25:00,11,25,5,1,6,2
2025-02-22 11:30:00,11,30,5,1,4,0
2025-02-22 11:35:00,11,35,5,1,5,7
2025-02-22 11:40:00,11,40,5,1,6,11
2025-02-22 11:45:00,11,45,5,1,5,11
2025-02-22 11:50:00,11,50,5,1,5,1
2025-02-22 11:55:00,11,55,5,1,16,4
2025-02-22 12:00:00,12,0,5,1,3,9
2025-02-22 12:05:00,12,5,5,1,8,3
2025-02-22 12:10:00,12,10,5,1,10,7
2025-02-22 12:15:00,12,15,5,1,10,3
2025-02-22 12:20:00,12,20,5,1,7,2
2025-02-22 12:25:00,12,25,5,1,6,3
2025-02-22 12:30:00,12,30,5,1,9,10
2025-02-22 12:35:00,12,35,5,1,9,7
2025-02-22 12:40:00,12,40,5,1,7,12
2025-02-22 12:45:00,12,45,5,1,2,9
2025-02-22 12:50:00,12,50,5,1,6,14
2025-02-22 12:55:00,12,55,5,1,4,11
2025-02-22 13:00:00,13,0,5,1,6,11
2025-02-22 13:05:00,13,5,5,1,9,8
2025-02-22 13:10:00,13,10,5,1,10,21
2025-02-22 13:15:00,13,15,5,1,16,10
2025-02-22 13:20:00,13,20,5,1,7,2
2025-02-22 13:25:00,13,25,5,1,13,11
2025-02-22 13:30:00,13,30,5,1,11,6
2025-02-22 13:35:00,13,35,5,1,16,15
2025-02-22 13:40:00,13,40,5,1,13,14
2025-02-22 13:45:00,13,45,5,1,7,11
2025-02-22 13:50:00,13,50,5,1,5,9
2025-02-22 13:55:00,13,55,5,1,13,13
2025-02-22 14:00:00,14,0,5,1,10,11
2025-02-22 14:05:00,14,5,5,1,9,17
2025-02-22 14:10:00,14,10,5,1,8,17
2025-02-22 14:15:00,14,15,5,1,14,27
2025-02-22 14:20:00,14,20,5,1,20,14
2025-02-22 14:25:00,14,25,5,1,13,15
2025-02-22 14:30:00,14,30,5,1,18,16
2025-02-22 14:35:00,14,35,5,1,15,17
2025-02-22 14:40:00,14,40,5,1,11,22
2025-02-22 14:45:00,14,45,5,1,20,18
2025-02-22 14:50:00,14,50,5,1,13,28
2025-02-22 14:55:00,14,55,5,1,18,23
2025-02-22 15:00:00,15,0,5,1,17,19
2025-02-22 15:05:00,15,5,5,1,22,19
2025-02-22 15:10:00,15,10,5,1,15,27
2025-02-22 15:15:00,15,15,5,1,21,23
2025-02-22 15:20:00,15,20,5,1,17,24
2025-02-22 15:25:00,15,25,5,1,19,22
2025-02-22 15:30:00,15,30,5,1,7,25
2025-02-22 15:35:00,15,35,5,1,30,23
2025-02-22 15:40:00,15,40,5,1,25,32
2025-02-22 15:45:00,15,45,5,1,20,30
2025-02-22 15:50:00,15,50,5,1,19,27
2025-02-22 15:55:00,15,55,5,1,22,28
2025-02-22 16:00:00,16,0,5,1,27,29
2025-02-22 16:05:00,16,5,5,1,17,29
2025-02-22 16:10:00,16,10,5,1,24,26
2025-02-22 16:15:00,16,15,5,1,32,23
2025-02-22 16:20:00,16,20,5,1,21,27
2025-02-22 16:25:00,16,25,5,1,26,31
2025-02-22 16:30:00,16,30,5,1,35,28
2025-02-22 16:35:00,16,35,5,1,29,35
2025-02-22 16:40:00,16,40,5,1,27,31
2025-02-22 16:45:00,16,45,5,1,28,39
2025-02-22 16:50:00,16,50,5,1,25,30
2025-02-22 16:55:00,16,55,5,1,32,33
2025-02-22 17:00:00,17,0,5,1,25,31
2025-02-22 17:05:00,17,5,5,1,19,34
2025-02-22 17:10:00,17,10,5,1,25,36
2025-02-22 17:15:00,17,15,5,1,23,34
2025-02-22 17:20:00,17,20,5,1,25,24
2025-02-22 17:25:00,17,25,5,1,25,34
2025-02-22 17:30:00,17,30,5,1,31,27
2025-02-22 17:35:00,17,35,5,1,29,30
2025-02-22 17:40:00,17,40,5,1,27,33
2025-02-22 17:45:00,17,45,5,1,25,26
2025-02-22 17:50:00,17,50,5,1,21,34
2025-02-22 17:55:00,17,55,5,1,16,28
2025-02-22 18:00:00,18,0,5,1,25,38
2025-02-22 18:05:00,18,5,5,1,27,29
2025-02-22 18:10:00,18,10,5,1,23,35
2025-02-22 18:15:00,18,15,5,1,21,32
2025-02-22 18:20:00,18,20,5,1,24,24
2025-02-22 18:25:00,18,25,5,1,22,21
2025-02-22 18:30:00,18,30,5,1,28,26
2025-02-22 18:35:00,18,35,5,1,26,22
2025-02-22 18:40:00,18,40,5,1,24,30
2025-02-22 18:45:00,18,45,5,1,23,22
2025-02-22 18:50:00,18,50,5,1,14,21
2025-02-22 18:55:00,18,55,5,1,22,16
2025-02-22 19:00:00,19,0,5,1,20,23
2025-02-22 19:05:00,19,5,5,1,20,16
2025-02-22 19:10:00,19,10,5,1,19,22
2025-02-22 19:15:00,19,15,5,1,19,21
2025-02-22 19:20:00,19,20,5,1,27,15
2025-02-22 19:25:00,19,25,5,1,15,22
2025-02-22 19:30:00,19,30,5,1,19,16
2025-02-22 19:35:00,19,35,5,1,13,10
2025-02-22 19:40:00,19,40,5,1,17,22
2025-02-22 19:45:00,19,45,5,1,18,11
2025-02-22 19:50:00,19,50,5,1,15,16
2025-02-22 19:55:00,19,55,5,1,20,16
2025-02-22 20:00:00,20,0,5,1,9,15
2025-02-22 20:05:00,20,5,5,1,10,14
2025-02-22 20:10:00,20,10,5,1,12,8
2025-02-22 20:15:00,20,15,5,1,15,18
2025-02-22 20:20:00,20,20,5,1,12,15
2025-02-22 20:25:00,20,25,5,1,16,13
2025-02-22 20:30:00,20,30,5,1,7,5
2025-02-22 20:35:00,20,35,5,1,5,6
2025-02-22 20:40:00,20,40,5,1,11,12
2025-02-22 20:45:00,20,45,5,1,9,1
2025-02-22 20:50:00,20,50,5,1,11,10
2025-02-22 20:55:00,20,55,5,1,9,3
2025-02-22 21:00:00,21,0,5,1,7,5
2025-02-22 21:05:00,21,5,5,1,8,2
2025-02-22 21:10:00,21,10,5,1,8,8
2025-02-22 21:15:00,21,15,5,1,7,12
2025-02-22 21:20:00,21,20,5,1,7,8
2025-02-22 21:25:00,21,25,5,1,6,8
2025-02-22 21:30:00,21,30,5,1,11,7
2025-02-22 21:35:00,21,35,5,1,8,9
2025-02-22 21:40:00,21,40,5,1,16,8
2025-02-22 21:45:00,21,45,5,1,7,0
2025-02-22 21:50:00,21,50,5,1,5,9
2025-02-22 21:55:00,21,55,5,1,17,9
2025-02-22 22:00:00,22,0,5,1,8,4
2025-02-22 22:05:00,22,5,5,1,10,0
2025-02-22 22:10:00,22,10,5,1,9,6
2025-02-22 22:15:00,22,15,5,1,9,6
2025-02-22 22:20:00,22,20,5,1,8,3
2025-02-22 22:25:00,22,25,5,1,2,6
2025-02-22 22:30:00,22,30,5,1,8,9
2025-02-22 22:35:00,22,35,5,1,1,14
2025-02-22 22:40:00,22,40,5,1,5,5
2025-02-22 22:45:00,22,45,5,1,3,6
2025-02-22 22:50:00,22,50,5,1,7,1
2025-02-22 22:55:00,22,55,5,1,7,3
2025-02-22 23:00:00,23,0,5,1,8,4
2025-02-22 23:05:00,23,5,5,1,7,9
2025-02-22 23:10:00,23,10,5,1,3,8
2025-02-22 23:15:00,23,15,5,1,5,12
2025-02-22 23:20:00,23,20,5,1,9,0
2025-02-22 23:25:00,23,25,5,1,10,0
2025-02-22 23:30:00,23,30,5,1,1,9
2025-02-22 23:35:00,23,35,5,1,0,10
2025-02-22 23:40:00,23,40,5,1,3,4
2025-02-22 23:45:00,23,45,5,1,10,0
2025-02-22 23:50:00,23,50,5,1,11,1
2025-02-22 23:55:00,23,55,5,1,2,6
2025-02-23 00:00:00,0,0,6,1,7,1
2025-02-23 00:05:00,0,5,6,1,13,5
2025-02-23 00:10:00,0,10,6,1,7,12
2025-02-23 00:15:00,0,15,6,1,11,10
2025-02-23 00:20:00,0,20,6,1,10,7
2025-02-23 00:25:00,0,25,6,1,2,4
2025-02-23 00:30:00,0,30,6,1,5,2
2025-02-23 00:35:00,0,35,6,1,6,7
2025-02-23 00:40:00,0,40,6,1,6,4
2025-02-23 00:45:00,0,45,6,1,9,4
2025-02-23 00:50:00,0,50,6,1,7,0
2025-02-23 00:55:00,0,55,6,1,0,1
2025-02-23 01:00:00,1,0,6,1,0,7
2025-02-23 01:05:00,1,5,6,1,0,0
2025-02-23 01:10:00,1,10,6,1,6,5
2025-02-23 01:15:00,1,15,6,1,7,6
2025-02-23 01:20:00,1,20,6,1,7,6
2025-02-23 01:25:00,1,25,6,1,2,6
2025-02-23 01:30:00,1,30,6,1,8,7
2025-02-23 01:35:00,1,35,6,1,8,2
2025-02-23 01:40:00,1,40,6,1,1,0
2025-02-23 01:45:00,1,45,6,1,0,1
2025-02-23 01:50:00,1,50,6,1,6,7
2025-02-23 01:55:00,1,55,6,1,13,0
2025-02-23 02:00:00,2,0,6,1,12,0
2025-02-23 02:05:00,2,5,6,1,8,0
2025-02-23 02:10:00,2,10,6,1,3,0
2025-02-23 02:15:00,2,15,6,1,9,0
2025-02-23 02:20:00,2,20,6,1,4,8
2025-02-23 02:25:00,2,25,6,1,3,1
2025-02-23 02:30:00,2,30,6,1,0,0
2025-02-23 02:35:00,2,35,6,1,6,2
2025-02-23 02:40:00,2,40,6,1,3,6
2025-02-23 02:45:00,2,45,6,1,6,0
2025-02-23 02:50:00,2,50,6,1,0,8
2025-02-23 02:55:00,2,55,6,1,6,0
2025-02-23 03:00:00,3,0,6,1,0,3
2025-02-23 03:05:00,3,5,6,1,10,3
2025-02-23 03:10:00,3,10,6,1,8,2
2025-02-23 03:15:00,3,15,6,1,5,4
2025-02-23 03:20:00,3,20,6,1,8,7
2025-02-23 03:25:00,3,25,6,1,2,4
2025-02-23 03:30:00,3,30,6,1,6,2
2025-02-23 03:35:00,3,35,6,1,9,6
2025-02-23 03:40:00,3,40,6,1,0,5
2025-02-23 03:45:00,3,45,6,1,4,2
2025-02-23 03:50:00,3,50,6,1,6,5
2025-02-23 03:55:00,3,55,6,1,5,2
2025-02-23 04:00:00,4,0,6,1,12,1
2025-02-23 04:05:00,4,5,6,1,2,8
2025-02-23 04:10:00,4,10,6,1,4,7
2025-02-23 04:15:00,4,15,6,1,0,8
2025-02-23 04:20:00,4,20,6,1,13,8
2025-02-23 04:25:00,4,25,6,1,6,2
2025-02-23 04:30:00,4,30,6,1,5,9
2025-02-23 04:35:00,4,35,6,1,7,4
2025-02-23 04:40:00,4,40,6,1,10,9
2025-02-23 04:45:00,4,45,6,1,9,5
2025-02-23 04:50:00,4,50,6,1,19,7
2025-02-23 04:55:00,4,55,6,1,10,8
2025-02-23 05:00:00,5,0,6,1,7,10
2025-02-23 05:05:00,5,5,6,1,7,0
2025-02-23 05:10:00,5,10,6,1,8,1
2025-02-23 05:15:00,5,15,6,1,4,10
2025-02-23 05:20:00,5,20,6,1,11,9
2025-02-23 05:25:00,5,25,6,1,14,5
2025-02-23 05:30:00,5,30,6,1,9,10
2025-02-23 05:35:00,5,35,6,1,9,3
2025-02-23 05:40:00,5,40,6,1,19,22
2025-02-23 05:45:00,5,45,6,1,8,15
2025-02-23 05:50:00,5,50,6,1,6,13
2025-02-23 05:55:00,5,55,6,1,10,11
2025-02-23 06:00:00,6,0,6,1,10,9
2025-02-23 06:05:00,6,5,6,1,18,7
2025-02-23 06:10:00,6,10,6,1,16,12
2025-02-23 06:15:00,6,15,6,1,17,10
2025-02-23 06:20:00,6,20,6,1,23,10
2025-02-23 06:25:00,6,25,6,1,17,9
2025-02-23 06:30:00,6,30,6,1,24,16
2025-02-23 06:35:00,6,35,6,1,27,14
2025-02-23 06:40:00,6,40,6,1,20,18
2025-02-23 06:45:00,6,45,6,1,26,18
2025-02-23 06:50:00,6,50,6,1,23,18
2025-02-23 06:55:00,6,55,6,1,28,28
2025-02-23 07:00:00,7,0,6,1,19,22
2025-02-23 07:05:00,7,5,6,1,19,14
2025-02-23 07:10:00,7,10,6,1,25,21
2025-02-23 07:15:00,7,15,6,1,24,19
2025-02-23 07:20:00,7,20,6,1,26,15
2025-02-23 07:25:00,7,25,6,1,27,15
2025-02-23 07:30:00,7,30,6,1,32,23
2025-02-23 07:35:00,7,35,6,1,28,24
2025-02-23 07:40:00,7,40,6,1,26,17
2025-02-23 07:45:00,7,45,6,1,28,25
2025-02-23 07:50:00,7,50,6,1,27,23
2025-02-23 07:55:00,7,55,6,1,26,26
2025-02-23 08:00:00,8,0,6,1,24,26
2025-02-23 08:05:00,8,5,6,1,30,21
2025-02-23 08:10:00,8,10,6,1,28,28
2025-02-23 08:15:00,8,15,6,1,34,17
2025-02-23 08:20:00,8,20,6,1,24,31
2025-02-23 08:25:00,8,25,6,1,27,18
2025-02-23 08:30:00,8,30,6,1,36,21
2025-02-23 08:35:00,8,35,6,1,25,18
2025-02-23 08:40:00,8,40,6,1,27,19
2025-02-23 08:45:00,8,45,6,1,22,31
2025-02-23 08:50:00,8,50,6,1,21,17
2025-02-23 08:55:00,8,55,6,1,32,22
2025-02-23 09:00:00,9,0,6,1,26,17
2025-02-23 09:05:00,9,5,6,1,25,21
2025-02-23 09:10:00,9,10,6,1,17,15
2025-02-23 09:15:00,9,15,6,1,24,18
2025-02-23 09:20:00,9,20,6,1,27,19
2025-02-23 09:25:00,9,25,6,1,26,13
2025-02-23 09:30:00,9,30,6,1,23,26
2025-02-23 09:35:00,9,35,6,1,15,17
2025-02-23 09:40:00,9,40,6,1,20,13
2025-02-23 09:45:00,9,45,6,1,21,10
2025-02-23 09:50:00,9,50,6,1,10,13
2025-02-23 09:55:00,9,55,6,1,12,7
2025-02-23 10:00:00,10,0,6,1,19,19
2025-02-23 10:05:00,10,5,6,1,18,13
2025-02-23 10:10:00,10,10,6,1,8,10
2025-02-23 10:15:00,10,15,6,1,17,14
2025-02-23 10:20:00,10,20,6,1,13,7
2025-02-23 10:25:00,10,25,6,1,16,4
2025-02-23 10:30:00,10,30,6,1,9,8
2025-02-23 10:35:00,10,35,6,1,14,9
2025-02-23 10:40:00,10,40,6,1,14,10
2025-02-23 10:45:00,10,45,6,1,9,2
2025-02-23 10:50:00,10,50,6,1,10,6
2025-02-23 10:55:00,10,55,6,1,7,0
2025-02-23 11:00:00,11,0,6,1,16,2
2025-02-23 11:05:00,11,5,6,1,8,10
2025-02-23 11:10:00,11,10,6,1,5,10
2025-02-23 11:15:00,11,15,6,1,5,2
2025-02-23 11:20:00,11,20,6,1,9,5
2025-02-23 11:25:00,11,25,6,1,11,6
2025-02-23 11:30:00,11,30,6,1,2,10
2025-02-23 11:35:00,11,35,6,1,15,12
2025-02-23 11:40:00,11,40,6,1,9,6
2025-02-23 11:45:00,11,45,6,1,9,5
2025-02-23 11:50:00,11,50,6,1,7,0
2025-02-23 11:55:00,11,55,6,1,7,6
2025-02-23 12:00:00,12,0,6,1,7,14
2025-02-23 12:05:00,12,5,6,1,11,11
2025-02-23 12:10:00,12,10,6,1,7,7
2025-02-23 12:15:00,12,15,6,1,10,7
2025-02-23 12:20:00,12,20,6,1,6,4
2025-02-23 12:25:00,12,25,6,1,8,5
2025-02-23 12:30:00,12,30,6,1,4,7
2025-02-23 12:35:00,12,35,6,1,13,7
2025-02-23 12:40:00,12,40,6,1,4,11
2025-02-23 12:45:00,12,45,6,1,7,11
2025-02-23 12:50:00,12,50,6,1,7,10
2025-02-23 12:55:00,12,55,6,1,7,4
2025-02-23 13:00:00,13,0,6,1,11,4
2025-02-23 13:05:00,13,5,6,1,7,5
2025-02-23 13:10:00,13,10,6,1,15,10
2025-02-23 13:15:00,13,15,6,1,6,1
2025-02-23 13:20:00,13,20,6,1,10,9
2025-02-23 13:25:00,13,25,6,1,7,15
2025-02-23 13:30:00,13,30,6,1,12,13
2025-02-23 13:35:00,13,35,6,1,10,9
2025-02-23 13:40:00,13,40,6,1,10,8
2025-02-23 13:45:00,13,45,6,1,16,15
2025-02-23 13:50:00,13,50,6,1,9,13
2025-02-23 13:55:00,13,55,6,1,14,12
2025-02-23 14:00:00,14,0,6,1,9,11
2025-02-23 14:05:00,14,5,6,1,13,14
2025-02-23 14:10:00,14,10,6,1,9,13
2025-02-23 14:15:00,14,15,6,1,11,18
2025-02-23 14:20:00,14,20,6,1,14,21
2025-02-23 14:25:00,14,25,6,1,22,11
2025-02-23 14:30:00,14,30,6,1,16,12
2025-02-23 14:35:00,14,35,6,1,22,23
2025-02-23 14:40:00,14,40,6,1,17,19
2025-02-23 14:45:00,14,45,6,1,15,15
2025-02-23 14:50:00,14,50,6,1,23,24
2025-02-23 14:55:00,14,55,6,1,20,22
2025-02-23 15:00:00,15,0,6,1,16,30
2025-02-23 15:05:00,15,5,6,1,21,21
2025-02-23 15:10:00,15,10,6,1,18,27
2025-02-23 15:15:00,15,15,6,1,12,17
2025-02-23 15:20:00,15,20,6,1,24,30
2025-02-23 15:25:00,15,25,6,1,25,28
2025-02-23 15:30:00,15,30,6,1,29,32
2025-02-23 15:35:00,15,35,6,1,24,30
2025-02-23 15:40:00,15,40,6,1,21,26
2025-02-23 15:45:00,15,45,6,1,26,23
2025-02-23 15:50:00,15,50,6,1,27,25
2025-02-23 15:55:00,15,55,6,1,30,21
2025-02-23 16:00:00,16,0,6,1,24,25
2025-02-23 16:05:00,16,5,6,1,24,31
2025-02-23 16:10:00,16,10,6,1,22,30
2025-02-23 16:15:00,16,15,6,1,27,29
2025-02-23 16:20:00,16,20,6,1,19,28
2025-02-23 16:25:00,16,25,6,1,29,24
2025-02-23 16:30:00,16,30,6,1,28,32
2025-02-23 16:35:00,16,35,6,1,28,33
2025-02-23 16:40:00,16,40,6,1,27,28
2025-02-23 16:45:00,16,45,6,1,33,30
2025-02-23 16:50:00,16,50,6,1,30,38
2025-02-23 16:55:00,16,55,6,1,24,37
2025-02-23 17:00:00,17,0,6,1,24,26
2025-02-23 17:05:00,17,5,6,1,23,32
2025-02-23 17:10:00,17,10,6,1,29,38
2025-02-23 17:15:00,17,15,6,1,22,31
2025-02-23 17:20:00,17,20,6,1,31,31
2025-02-23 17:25:00,17,25,6,1,31,36
2025-02-23 17:30:00,17,30,6,1,22,35
2025-02-23 17:35:00,17,35,6,1,25,35
2025-02-23 17:40:00,17,40,6,1,26,30
2025-02-23 17:45:00,17,45,6,1,29,33
2025-02-23 17:50:00,17,50,6,1,31,36
2025-02-23 17:55:00,17,55,6,1,18,29
2025-02-23 18:00:00,18,0,6,1,23,27
2025-02-23 18:05:00,18,5,6,1,23,33
2025-02-23 18:10:00,18,10,6,1,18,36
2025-02-23 18:15:00,18,15,6,1,21,36
2025-02-23 18:20:00,18,20,6,1,24,25
2025-02-23 18:25:00,18,25,6,1,21,25
2025-02-23 18:30:00,18,30,6,1,15,21
2025-02-23 18:35:00,18,35,6,1,32,25
2025-02-23 18:40:00,18,40,6,1,22,20
2025-02-23 18:45:00,18,45,6,1,20,21
2025-02-23 18:50:00,18,50,6,1,15,25
2025-02-23 18:55:00,18,55,6,1,20,23
2025-02-23 19:00:00,19,0,6,1,18,14
2025-02-23 19:05:00,19,5,6,1,10,27
2025-02-23 19:10:00,19,10,6,1,13,15
2025-02-23 19:15:00,19,15,6,1,20,15
2025-02-23 19:20:00,19,20,6,1,24,13
2025-02-23 19:25:00,19,25,6,1,17,15
2025-02-23 19:30:00,19,30,6,1,20,13
2025-02-23 19:35:00,19,35,6,1,14,13
2025-02-23 19:40:00,19,40,6,1,14,6
2025-02-23 19:45:00,19,45,6,1,18,16
2025-02-23 19:50:00,19,50,6,1,20,15
2025-02-23 19:55:00,19,55,6,1,18,23
2025-02-23 20:00:00,20,0,6,1,8,15
2025-02-23 20:05:00,20,5,6,1,12,11
2025-02-23 20:10:00,20,10,6,1,13,7
2025-02-23 20:15:00,20,15,6,1,10,11
2025-02-23 20:20:00,20,20,6,1,12,13
2025-02-23 20:25:00,20,25,6,1,14,9
2025-02-23 20:30:00,20,30,6,1,14,10
2025-02-23 20:35:00,20,35,6,1,17,17
2025-02-23 20:40:00,20,40,6,1,8,8
2025-02-23 20:45:00,20,45,6,1,4,1
2025-02-23 20:50:00,20,50,6,1,10,12
2025-02-23 20:55:00,20,55,6,1,16,10
2025-02-23 21:00:00,21,0,6,1,7,1
2025-02-23 21:05:00,21,5,6,1,11,9
2025-02-23 21:10:00,21,10,6,1,11,3
2025-02-23 21:15:00,21,15,6,1,9,9
2025-02-23 21:20:00,21,20,6,1,8,15
2025-02-23 21:25:00,21,25,6,1,4,6
2025-02-23 21:30:00,21,30,6,1,0,11
2025-02-23 21:35:00,21,35,6,1,3,1
2025-02-23 21:40:00,21,40,6,1,5,0
2025-02-23 21:45:00,21,45,6,1,11,14
2025-02-23 21:50:00,21,50,6,1,6,7
2025-02-23 21:55:00,21,55,6,1,5,8
2025-02-23 22:00:00,22,0,6,1,3,10
2025-02-23 22:05:00,22,5,6,1,9,3
2025-02-23 22:10:00,22,10,6,1,12,8
2025-02-23 22:15:00,22,15,6,1,11,8
2025-02-23 22:20:00,22,20,6,1,9,0
2025-02-23 22:25:00,22,25,6,1,0,11
2025-02-23 22:30:00,22,30,6,1,5,10
2025-02-23 22:35:00,22,35,6,1,14,0
2025-02-23 22:40:00,22,40,6,1,10,6
2025-02-23 22:45:00,22,45,6,1,0,4
2025-02-23 22:50:00,22,50,6,1,6,10
2025-02-23 22:55:00,22,55,6,1,7,0
2025-02-23 23:00:00,23,0,6,1,3,19
2025-02-23 23:05:00,23,5,6,1,0,4
2025-02-23 23:10:00,23,10,6,1,6,7
2025-02-23 23:15:00,23,15,6,1,3,10
2025-02-23 23:20:00,23,20,6,1,3,4
2025-02-23 23:25:00,23,25,6,1,4,4
2025-02-23 23:30:00,23,30,6,1,5,2
2025-02-23 23:35:00,23,35,6,1,6,1
2025-02-23 23:40:00,23,40,6,1,2,5
2025-02-23 23:45:00,23,45,6,1,5,4
2025-02-23 23:50:00,23,50,6,1,0,2
2025-02-23 23:55:00,23,55,6,1,7,2
2025-02-24 00:00:00,0,0,0,0,0,8
2025-02-24 00:05:00,0,5,0,0,7,3
2025-02-24 00:10:00,0,10,0,0,12,5
2025-02-24 00:15:00,0,15,0,0,4,10
2025-02-24 00:20:00,0,20,0,0,11,7
2025-02-24 00:25:00,0,25,0,0,13,2
2025-02-24 00:30:00,0,30,0,0,0,6
2025-02-24 00:35:00,0,35,0,0,7,8
2025-02-24 00:40:00,0,40,0,0,0,10
2025-02-24 00:45:00,0,45,0,0,8,3
2025-02-24 00:50:00,0,50,0,0,8,4
2025-02-24 00:55:00,0,55,0,0,0,3
2025-02-24 01:00:00,1,0,0,0,16,3
2025-02-24 01:05:00,1,5,0,0,9,8
2025-02-24 01:10:00,1,10,0,0,5,8
2025-02-24 01:15:00,1,15,0,0,14,10
2025-02-24 01:20:00,1,20,0,0,1,6
2025-02-24 01:25:00,1,25,0,0,3,0
2025-02-24 01:30:00,1,30,0,0,0,9
2025-02-24 01:35:00,1,35,0,0,15,7
2025-02-24 01:40:00,1,40,0,0,9,6
2025-02-24 01:45:00,1,45,0,0,11,1
2025-02-24 01:50:00,1,50,0,0,9,5
2025-02-24 01:55:00,1,55,0,0,10,1
2025-02-24 02:00:00,2,0,0,0,8,8
2025-02-24 02:05:00,2,5,0,0,9,4
2025-02-24 02:10:00,2,10,0,0,8,4
2025-02-24 02:15:00,2,15,0,0,6,0
2025-02-24 02:20:00,2,20,0,0,8,10
2025-02-24 02:25:00,2,25,0,0,9,5
2025-02-24 02:30:00,2,30,0,0,8,6
2025-02-24 02:35:00,2,35,0,0,2,3
2025-02-24 02:40:00,2,40,0,0,3,0
2025-02-24 02:45:00,2,45,0,0,12,4
2025-02-24 02:50:00,2,50,0,0,7,5
2025-02-24 02:55:00,2,55,0,0,10,7
2025-02-24 03:00:00,3,0,0,0,4,5
2025-02-24 03:05:00,3,5,0,0,2,3
2025-02-24 03:10:00,3,10,0,0,5,0
2025-02-24 03:15:00,3,15,0,0,7,6
2025-02-24 03:20:00,3,20,0,0,6,3
2025-02-24 03:25:00,3,25,0,0,14,12
2025-02-24 03:30:00,3,30,0,0,9,7
2025-02-24 03:35:00,3,35,0,0,16,9
2025-02-24 03:40:00,3,40,0,0,10,5
2025-02-24 03:45:00,3,45,0,0,0,7
2025-02-24 03:50:00,3,50,0,0,13,3
2025-02-24 03:55:00,3,55,0,0,3,2
2025-02-24 04:00:00,4,0,0,0,10,7
2025-02-24 04:05:00,4,5,0,0,6,9
2025-02-24 04:10:00,4,10,0,0,18,0
2025-02-24 04:15:00,4,15,0,0,15,5
2025-02-24 04:20:00,4,20,0,0,7,15
2025-02-24 04:25:00,4,25,0,0,10,9
2025-02-24 04:30:00,4,30,0,0,11,14
2025-02-24 04:35:00,4,35,0,0,14,5
2025-02-24 04:40:00,4,40,0,0,11,6
2025-02-24 04:45:00,4,45,0,0,7,12
2025-02-24 04:50:00,4,50,0,0,9,11
2025-02-24 04:55:00,4,55,0,0,12,9
2025-02-24 05:00:00,5,0,0,0,18,4
2025-02-24 05:05:00,5,5,0,0,15,14
2025-02-24 05:10:00,5,10,0,0,11,20
2025-02-24 05:15:00,5,15,0,0,17,4
2025-02-24 05:20:00,5,20,0,0,14,17
2025-02-24 05:25:00,5,25,0,0,20,10
2025-02-24 05:30:00,5,30,0,0,27,11
2025-02-24 05:35:00,5,35,0,0,16,14
2025-02-24 05:40:00,5,40,0,0,22,9
2025-02-24 05:45:00,5,45,0,0,16,14
2025-02-24 05:50:00,5,50,0,0,20,8
2025-02-24 05:55:00,5,55,0,0,21,17
2025-02-24 06:00:00,6,0,0,0,22,25
2025-02-24 06:05:00,6,5,0,0,33,14
2025-02-24 06:10:00,6,10,0,0,23,17
2025-02-24 06:15:00,6,15,0,0,28,18
2025-02-24 06:20:00,6,20,0,0,19,23
2025-02-24 06:25:00,6,25,0,0,30,22
2025-02-24 06:30:00,6,30,0,0,34,25
2025-02-24 06:35:00,6,35,0,0,28,20
2025-02-24 06:40:00,6,40,0,0,22,25
2025-02-24 06:45:00,6,45,0,0,33,10
2025-02-24 06:50:00,6,50,0,0,34,27
2025-02-24 06:55:00,6,55,0,0,38,20
2025-02-24 07:00:00,7,0,0,0,44,25
2025-02-24 07:05:00,7,5,0,0,36,30
2025-02-24 07:10:00,7,10,0,0,35,21
2025-02-24 07:15:00,7,15,0,0,34,32
2025-02-24 07:20:00,7,20,0,0,41,28
2025-02-24 07:25:00,7,25,0,0,42,35
2025-02-24 07:30:00,7,30,0,0,39,26
2025-02-24 07:35:00,7,35,0,0,45,23
2025-02-24 07:40:00,7,40,0,0,44,30
2025-02-24 07:45:00,7,45,0,0,43,33
2025-02-24 07:50:00,7,50,0,0,39,34
2025-02-24 07:55:00,7,55,0,0,41,26
2025-02-24 08:00:00,8,0,0,0,33,25
2025-02-24 08:05:00,8,5,0,0,44,30
2025-02-24 08:10:00,8,10,0,0,43,33
2025-02-24 08:15:00,8,15,0,0,43,33
2025-02-24 08:20:00,8,20,0,0,44,37
2025-02-24 08:25:00,8,25,0,0,43,29
2025-02-24 08:30:00,8,30,0,0,41,22
2025-02-24 08:35:00,8,35,0,0,41,34
2025-02-24 08:40:00,8,40,0,0,34,29
2025-02-24 08:45:00,8,45,0,0,37,29
2025-02-24 08:50:00,8,50,0,0,38,31
2025-02-24 08:55:00,8,55,0,0,34,32
2025-02-24 09:00:00,9,0,0,0,39,26
2025-02-24 09:05:00,9,5,0,0,32,30
2025-02-24 09:10:00,9,10,0,0,35,27
2025-02-24 09:15:00,9,15,0,0,33,21
2025-02-24 09:20:00,9,20,0,0,35,22
2025-02-24 09:25:00,9,25,0,0,34,25
2025-02-24 09:30:00,9,30,0,0,32,18
2025-02-24 09:35:00,9,35,0,0,20,24
2025-02-24 09:40:00,9,40,0,0,32,20
2025-02-24 09:45:00,9,45,0,0,32,20
2025-02-24 09:50:00,9,50,0,0,23,24
2025-02-24 09:55:00,9,55,0,0,24,19
2025-02-24 10:00:00,10,0,0,0,19,17
2025-02-24 10:05:00,10,5,0,0,14,15
2025-02-24 10:10:00,10,10,0,0,17,14
2025-02-24 10:15:00,10,15,0,0,17,15
2025-02-24 10:20:00,10,20,0,0,17,19
2025-02-24 10:25:00,10,25,0,0,14,11
2025-02-24 10:30:00,10,30,0,0,14,10
2025-02-24 10:35:00,10,35,0,0,16,17
2025-02-24 10:40:00,10,40,0,0,12,9
2025-02-24 10:45:00,10,45,0,0,17,12
2025-02-24 10:50:00,10,50,0,0,17,8
2025-02-24 10:55:00,10,55,0,0,23,3
2025-02-24 11:00:00,11,0,0,0,18,11
2025-02-24 11:05:00,11,5,0,0,14,14
2025-02-24 11:10:00,11,10,0,0,10,9
2025-02-24 11:15:00,11,15,0,0,13,3
2025-02-24 11:20:00,11,20,0,0,13,9
2025-02-24 11:25:00,11,25,0,0,9,6
2025-02-24 11:30:00,11,30,0,0,14,0
2025-02-24 11:35:00,11,35,0,0,5,8
2025-02-24 11:40:00,11,40,0,0,10,10
2025-02-24 11:45:00,11,45,0,0,13,13
2025-02-24 11:50:00,11,50,0,0,9,15
2025-02-24 11:55:00,11,55,0,0,10,11
2025-02-24 12:00:00,12,0,0,0,10,12
2025-02-24 12:05:00,12,5,0,0,7,3
2025-02-24 12:10:00,12,10,0,0,15,15
2025-02-24 12:15:00,12,15,0,0,6,14
2025-02-24 12:20:00,12,20,0,0,12,8
2025-02-24 12:25:00,12,25,0,0,12,12
2025-02-24 12:30:00,12,30,0,0,7,12
2025-02-24 12:35:00,12,35,0,0,11,16
2025-02-24 12:40:00,12,40,0,0,8,9
2025-02-24 12:45:00,12,45,0,0,17,7
2025-02-24 12:50:00,12,50,0,0,7,9
2025-02-24 12:55:00,12,55,0,0,9,15
2025-02-24 13:00:00,13,0,0,0,7,4
2025-02-24 13:05:00,13,5,0,0,7,0
2025-02-24 13:10:00,13,10,0,0,19,16
2025-02-24 13:15:00,13,15,0,0,15,14
2025-02-24 13:20:00,13,20,0,0,14,14
2025-02-24 13:25:00,13,25,0,0,11,9
2025-02-24 13:30:00,13,30,0,0,18,8
2025-02-24 13:35:00,13,35,0,0,12,13
2025-02-24 13:40:00,13,40,0,0,19,17
2025-02-24 13:45:00,13,45,0,0,13,14
2025-02-24 13:50:00,13,50,0,0,14,21
2025-02-24 13:55:00,13,55,0,0,20,14
2025-02-24 14:00:00,14,0,0,0,21,17
2025-02-24 14:05:00,14,5,0,0,21,23
2025-02-24 14:10:00,14,10,0,0,15,19
2025-02-24 14:15:00,14,15,0,0,18,20
2025-02-24 14:20:00,14,20,0,0,21,20
2025-02-24 14:25:00,14,25,0,0,18,20
2025-02-24 14:30:00,14,30,0,0,27,26
2025-02-24 14:35:00,14,35,0,0,13,27
2025-02-24 14:40:00,14,40,0,0,20,27
2025-02-24 14:45:00,14,45,0,0,22,25
2025-02-24 14:50:00,14,50,0,0,13,27
2025-02-24 14:55:00,14,55,0,0,20,36
2025-02-24 15:00:00,15,0,0,0,29,25
2025-02-24 15:05:00,15,5,0,0,27,39
2025-02-24 15:10:00,15,10,0,0,34,33
2025-02-24 15:15:00,15,15,0,0,35,33
2025-02-24 15:20:00,15,20,0,0,31,38
2025-02-24 15:25:00,15,25,0,0,31,27
2025-02-24 15:30:00,15,30,0,0,31,42
2025-02-24 15:35:00,15,35,0,0,21,45
2025-02-24 15:40:00,15,40,0,0,26,42
2025-02-24 15:45:00,15,45,0,0,33,30
2025-02-24 15:50:00,15,50,0,0,36,43
2025-02-24 15:55:00,15,55,0,0,35,47
2025-02-24 16:00:00,16,0,0,0,31,47
2025-02-24 16:05:00,16,5,0,0,39,36
2025-02-24 16:10:00,16,10,0,0,41,47
2025-02-24 16:15:00,16,15,0,0,40,50
2025-02-24 16:20:00,16,20,0,0,40,44
2025-02-24 16:25:00,16,25,0,0,35,39
2025-02-24 16:30:00,16,30,0,0,41,48
2025-02-24 16:35:00,16,35,0,0,38,49
2025-02-24 16:40:00,16,40,0,0,40,45
2025-02-24 16:45:00,16,45,0,0,39,41
2025-02-24 16:50:00,16,50,0,0,37,50
2025-02-24 16:55:00,16,55,0,0,35,43
2025-02-24 17:00:00,17,0,0,0,38,48
2025-02-24 17:05:00,17,5,0,0,42,52
2025-02-24 17:10:00,17,10,0,0,36,39
2025-02-24 17:15:00,17,15,0,0,41,49
2025-02-24 17:20:00,17,20,0,0,41,45
2025-02-24 17:25:00,17,25,0,0,36,44
2025-02-24 17:30:00,17,30,0,0,43,47
2025-02-24 17:35:00,17,35,0,0,35,41
2025-02-24 17:40:00,17,40,0,0,42,39
2025-02-24 17:45:00,17,45,0,0,38,36
2025-02-24 17:50:00,17,50,0,0,35,48
2025-02-24 17:55:00,17,55,0,0,31,41
2025-02-24 18:00:00,18,0,0,0,34,44
2025-02-24 18:05:00,18,5,0,0,33,39
2025-02-24 18:10:00,18,10,0,0,28,35
2025-02-24 18:15:00,18,15,0,0,32,42
2025-02-24 18:20:00,18,20,0,0,29,39
2025-02-24 18:25:00,18,25,0,0,34,36
2025-02-24 18:30:00,18,30,0,0,36,37
2025-02-24 18:35:00,18,35,0,0,25,31
2025-02-24 18:40:00,18,40,0,0,36,39
2025-02-24 18:45:00,18,45,0,0,28,38
2025-02-24 18:50:00,18,50,0,0,24,35
2025-02-24 18:55:00,18,55,0,0,30,30
2025-02-24 19:00:00,19,0,0,0,24,30
2025-02-24 19:05:00,19,5,0,0,25,36
2025-02-24 19:10:00,19,10,0,0,23,33
2025-02-24 19:15:00,19,15,0,0,21,35
2025-02-24 19:20:00,19,20,0,0,26,23
2025-02-24 19:25:00,19,25,0,0,21,22
2025-02-24 19:30:00,19,30,0,0,16,25
2025-02-24 19:35:00,19,35,0,0,23,25
2025-02-24 19:40:00,19,40,0,0,16,22
2025-02-24 19:45:00,19,45,0,0,15,20
2025-02-24 19:50:00,19,50,0,0,24,26
2025-02-24 19:55:00,19,55,0,0,14,19
2025-02-24 20:00:00,20,0,0,0,8,14
2025-02-24 20:05:00,20,5,0,0,20,14
2025-02-24 20:10:00,20,10,0,0,15,18
2025-02-24 20:15:00,20,15,0,0,15,29
2025-02-24 20:20:00,20,20,0,0,14,12
2025-02-24 20:25:00,20,25,0,0,16,14
2025-02-24 20:30:00,20,30,0,0,11,24
2025-02-24 20:35:00,20,35,0,0,20,12
2025-02-24 20:40:00,20,40,0,0,8,15
2025-02-24 20:45:00,20,45,0,0,15,20
2025-02-24 20:50:00,20,50,0,0,15,9
2025-02-24 20:55:00,20,55,0,0,9,11
2025-02-24 21:00:00,21,0,0,0,8,9
2025-02-24 21:05:00,21,5,0,0,16,5
2025-02-24 21:10:00,21,10,0,0,7,17
2025-02-24 21:15:00,21,15,0,0,9,8
2025-02-24 21:20:00,21,20,0,0,14,6
2025-02-24 21:25:00,21,25,0,0,11,8
2025-02-24 21:30:00,21,30,0,0,3,13
2025-02-24 21:35:00,21,35,0,0,17,9
2025-02-24 21:40:00,21,40,0,0,8,5
2025-02-24 21:45:00,21,45,0,0,8,10
2025-02-24 21:50:00,21,50,0,0,11,11
2025-02-24 21:55:00,21,55,0,0,12,8
2025-02-24 22:00:00,22,0,0,0,17,7
2025-02-24 22:05:00,22,5,0,0,3,12
2025-02-24 22:10:00,22,10,0,0,12,7
2025-02-24 22:15:00,22,15,0,0,12,14
2025-02-24 22:20:00,22,20,0,0,8,4
2025-02-24 22:25:00,22,25,0,0,12,4
2025-02-24 22:30:00,22,30,0,0,12,3
2025-02-24 22:35:00,22,35,0,0,3,6
2025-02-24 22:40:00,22,40,0,0,16,7
2025-02-24 22:45:00,22,45,0,0,2,1
2025-02-24 22:50:00,22,50,0,0,4,7
2025-02-24 22:55:00,22,55,0,0,7,9
2025-02-24 23:00:00,23,0,0,0,16,1
2025-02-24 23:05:00,23,5,0,0,7,4
2025-02-24 23:10:00,23,10,0,0,8,9
2025-02-24 23:15:00,23,15,0,0,14,2
2025-02-24 23:20:00,23,20,0,0,7,5
2025-02-24 23:25:00,23,25,0,0,3,11
2025-02-24 23:30:00,23,30,0,0,6,13
2025-02-24 23:35:00,23,35,0,0,14,8
2025-02-24 23:40:00,23,40,0,0,8,5
2025-02-24 23:45:00,23,45,0,0,16,4
2025-02-24 23:50:00,23,50,0,0,11,10
2025-02-24 23:55:00,23,55,0,0,5,11
2025-02-25 00:00:00,0,0,1,0,8,1
2025-02-25 00:05:00,0,5,1,0,5,10
2025-02-25 00:10:00,0,10,1,0,5,4
2025-02-25 00:15:00,0,15,1,0,26,3
2025-02-25 00:20:00,0,20,1,0,12,5
2025-02-25 00:25:00,0,25,1,0,11,10
2025-02-25 00:30:00,0,30,1,0,6,7
2025-02-25 00:35:00,0,35,1,0,14,7
2025-02-25 00:40:00,0,40,1,0,12,7
2025-02-25 00:45:00,0,45,1,0,16,8
2025-02-25 00:50:00,0,50,1,0,15,6
2025-02-25 00:55:00,0,55,1,0,2,9
2025-02-25 01:00:00,1,0,1,0,4,3
2025-02-25 01:05:00,1,5,1,0,4,9
2025-02-25 01:10:00,1,10,1,0,4,9
2025-02-25 01:15:00,1,15,1,0,9,9
2025-02-25 01:20:00,1,20,1,0,6,9
2025-02-25 01:25:00,1,25,1,0,16,8
2025-02-25 01:30:00,1,30,1,0,16,11
2025-02-25 01:35:00,1,35,1,0,8,0
2025-02-25 01:40:00,1,40,1,0,16,9
2025-02-25 01:45:00,1,45,1,0,14,14
2025-02-25 01:50:00,1,50,1,0,6,4
2025-02-25 01:55:00,1,55,1,0,0,3
2025-02-25 02:00:00,2,0,1,0,7,11
2025-02-25 02:05:00,2,5,1,0,5,2
2025-02-25 02:10:00,2,10,1,0,9,3
2025-02-25 02:15:00,2,15,1,0,8,7
2025-02-25 02:20:00,2,20,1,0,8,3
2025-02-25 02:25:00,2,25,1,0,10,10
2025-02-25 02:30:00,2,30,1,0,3,3
2025-02-25 02:35:00,2,35,1,0,10,7
2025-02-25 02:40:00,2,40,1,0,6,7
2025-02-25 02:45:00,2,45,1,0,9,13
2025-02-25 02:50:00,2,50,1,0,12,11
2025-02-25 02:55:00,2,55,1,0,3,4
2025-02-25 03:00:00,3,0,1,0,7,1
2025-02-25 03:05:00,3,5,1,0,8,9
2025-02-25 03:10:00,3,10,1,0,6,4
2025-02-25 03:15:00,3,15,1,0,12,5
2025-02-25 03:20:00,3,20,1,0,5,2
2025-02-25 03:25:00,3,25,1,0,6,9
2025-02-25 03:30:00,3,30,1,0,6,4
2025-02-25 03:35:00,3,35,1,0,13,6
2025-02-25 03:40:00,3,40,1,0,7,6
2025-02-25 03:45:00,3,45,1,0,10,7
2025-02-25 03:50:00,3,50,1,0,17,9
2025-02-25 03:55:00,3,55,1,0,9,6
2025-02-25 04:00:00,4,0,1,0,13,4
2025-02-25 04:05:00,4,5,1,0,16,0
2025-02-25 04:10:00,4,10,1,0,13,7
2025-02-25 04:15:00,4,15,1,0,9,6
2025-02-25 04:20:00,4,20,1,0,12,4
2025-02-25 04:25:00,4,25,1,0,5,8
2025-02-25 04:30:00,4,30,1,0,7,11
2025-02-25 04:35:00,4,35,1,0,8,12
2025-02-25 04:40:00,4,40,1,0,20,2
2025-02-25 04:45:00,4,45,1,0,8,7
2025-02-25 04:50:00,4,50,1,0,8,13
2025-02-25 04:55:00,4,55,1,0,8,15
2025-02-25 05:00:00,5,0,1,0,15,6
2025-02-25 05:05:00,5,5,1,0,14,15
2025-02-25 05:10:00,5,10,1,0,18,5
2025-02-25 05:15:00,5,15,1,0,17,15
2025-02-25 05:20:00,5,20,1,0,10,10
2025-02-25 05:25:00,5,25,1,0,13,18
2025-02-25 05:30:00,5,30,1,0,22,10
2025-02-25 05:35:00,5,35,1,0,17,12
2025-02-25 05:40:00,5,40,1,0,23,13
2025-02-25 05:45:00,5,45,1,0,19,8
2025-02-25 05:50:00,5,50,1,0,16,8
2025-02-25 05:55:00,5,55,1,0,20,18
2025-02-25 06:00:00,6,0,1,0,19,20
2025-02-25 06:05:00,6,5,1,0,21,19
2025-02-25 06:10:00,6,10,1,0,25,13
2025-02-25 06:15:00,6,15,1,0,28,21
2025-02-25 06:20:00,6,20,1,0,21,16
2025-02-25 06:25:00,6,25,1,0,28,22
2025-02-25 06:30:00,6,30,1,0,27,26
2025-02-25 06:35:00,6,35,1,0,28,23
2025-02-25 06:40:00,6,40,1,0,32,29
2025-02-25 06:45:00,6,45,1,0,31,23
2025-02-25 06:50:00,6,50,1,0,39,24
2025-02-25 06:55:00,6,55,1,0,40,26
2025-02-25 07:00:00,7,0,1,0,41,21
2025-02-25 07:05:00,7,5,1,0,35,25
2025-02-25 07:10:00,7,10,1,0,34,26
2025-02-25 07:15:00,7,15,1,0,39,27
2025-02-25 07:20:00,7,20,1,0,39,30
2025-02-25 07:25:00,7,25,1,0,38,23
2025-02-25 07:30:00,7,30,1,0,36,25
2025-02-25 07:35:00,7,35,1,0,42,35
2025-02-25 07:40:00,7,40,1,0,41,22
2025-02-25 07:45:00,7,45,1,0,45,33
2025-02-25 07:50:00,7,50,1,0,45,29
2025-02-25 07:55:00,7,55,1,0,47,32
2025-02-25 08:00:00,8,0,1,0,38,37
2025-02-25 08:05:00,8,5,1,0,45,30
2025-02-25 08:10:00,8,10,1,0,40,33
2025-02-25 08:15:00,8,15,1,0,38,31
2025-02-25 08:20:00,8,20,1,0,40,30
2025-02-25 08:25:00,8,25,1,0,46,29
2025-02-25 08:30:00,8,30,1,0,40,32
2025-02-25 08:35:00,8,35,1,0,47,26
2025-02-25 08:40:00,8,40,1,0,42,24
2025-02-25 08:45:00,8,45,1,0,37,28
2025-02-25 08:50:00,8,50,1,0,43,28
2025-02-25 08:55:00,8,55,1,0,39,19
2025-02-25 09:00:00,9,0,1,0,32,26
2025-02-25 09:05:00,9,5,1,0,42,20
2025-02-25 09:10:00,9,10,1,0,35,27
2025-02-25 09:15:00,9,15,1,0,33,16
2025-02-25 09:20:00,9,20,1,0,28,31
2025-02-25 09:25:00,9,25,1,0,35,21
2025-02-25 09:30:00,9,30,1,0,31,18
2025-02-25 09:35:00,9,35,1,0,31,19
2025-02-25 09:40:00,9,40,1,0,25,22
2025-02-25 09:45:00,9,45,1,0,29,22
2025-02-25 09:50:00,9,50,1,0,28,17
2025-02-25 09:55:00,9,55,1,0,21,11
2025-02-25 10:00:00,10,0,1,0,17,12
2025-02-25 10:05:00,10,5,1,0,24,17
2025-02-25 10:10:00,10,10,1,0,14,19
2025-02-25 10:15:00,10,15,1,0,20,19
2025-02-25 10:20:00,10,20,1,0,17,14
2025-02-25 10:25:00,10,25,1,0,23,17
2025-02-25 10:30:00,10,30,1,0,15,20
2025-02-25 10:35:00,10,35,1,0,21,17
2025-02-25 10:40:00,10,40,1,0,13,15
2025-02-25 10:45:00,10,45,1,0,19,8
2025-02-25 10:50:00,10,50,1,0,22,14
2025-02-25 10:55:00,10,55,1,0,9,12
2025-02-25 11:00:00,11,0,1,0,14,12
2025-02-25 11:05:00,11,5,1,0,24,15
2025-02-25 11:10:00,11,10,1,0,12,11
2025-02-25 11:15:00,11,15,1,0,12,9
2025-02-25 11:20:00,11,20,1,0,15,5
2025-02-25 11:25:00,11,25,1,0,11,7
2025-02-25 11:30:00,11,30,1,0,4,9
2025-02-25 11:35:00,11,35,1,0,15,10
2025-02-25 11:40:00,11,40,1,0,3,9
2025-02-25 11:45:00,11,45,1,0,9,12
2025-02-25 11:50:00,11,50,1,0,15,12
2025-02-25 11:55:00,11,55,1,0,9,8
2025-02-25 12:00:00,12,0,1,0,8,5
2025-02-25 12:05:00,12,5,1,0,14,10
2025-02-25 12:10:00,12,10,1,0,7,18
2025-02-25 12:15:00,12,15,1,0,6,10
2025-02-25 12:20:00,12,20,1,0,12,8
2025-02-25 12:25:00,12,25,1,0,10,11
2025-02-25 12:30:00,12,30,1,0,6,12
2025-02-25 12:35:00,12,35,1,0,13,12
2025-02-25 12:40:00,12,40,1,0,13,16
2025-02-25 12:45:00,12,45,1,0,10,12
2025-02-25 12:50:00,12,50,1,0,10,16
2025-02-25 12:55:00,12,55,1,0,14,12
2025-02-25 13:00:00,13,0,1,0,17,18
2025-02-25 13:05:00,13,5,1,0,11,17
2025-02-25 13:10:00,13,10,1,0,15,16
2025-02-25 13:15:00,13,15,1,0,16,16
2025-02-25 13:20:00,13,20,1,0,17,23
2025-02-25 13:25:00,13,25,1,0,14,18
2025-02-25 13:30:00,13,30,1,0,11,11
2025-02-25 13:35:00,13,35,1,0,13,16
2025-02-25 13:40:00,13,40,1,0,17,15
2025-02-25 13:45:00,13,45,1,0,23,25
2025-02-25 13:50:00,13,50,1,0,15,22
2025-02-25 13:55:00,13,55,1,0,20,26
2025-02-25 14:00:00,14,0,1,0,16,16
2025-02-25 14:05:00,14,5,1,0,19,24
2025-02-25 14:10:00,14,10,1,0,25,15
2025-02-25 14:15:00,14,15,1,0,23,15
2025-02-25 14:20:00,14,20,1,0,15,21
2025-02-25 14:25:00,14,25,1,0,19,29
2025-02-25 14:30:00,14,30,1,0,27,20
2025-02-25 14:35:00,14,35,1,0,23,25
2025-02-25 14:40:00,14,40,1,0,19,31
2025-02-25 14:45:00,14,45,1,0,21,31
2025-02-25 14:50:00,14,50,1,0,27,37
2025-02-25 14:55:00,14,55,1,0,29,29
2025-02-25 15:00:00,15,0,1,0,26,28
2025-02-25 15:05:00,15,5,1,0,37,27
2025-02-25 15:10:00,15,10,1,0,31,31
2025-02-25 15:15:00,15,15,1,0,27,29
2025-02-25 15:20:00,15,20,1,0,26,27
2025-02-25 15:25:00,15,25,1,0,26,43
2025-02-25 15:30:00,15,30,1,0,32,36
2025-02-25 15:35:00,15,35,1,0,29,47
2025-02-25 15:40:00,15,40,1,0,39,35
2025-02-25 15:45:00,15,45,1,0,39,37
2025-02-25 15:50:00,15,50,1,0,36,37
2025-02-25 15:55:00,15,55,1,0,29,38
2025-02-25 16:00:00,16,0,1,0,32,45
2025-02-25 16:05:00,16,5,1,0,40,44
2025-02-25 16:10:00,16,10,1,0,33,46
2025-02-25 16:15:00,16,15,1,0,40,49
2025-02-25 16:20:00,16,20,1,0,38,48
2025-02-25 16:25:00,16,25,1,0,37,40
2025-02-25 16:30:00,16,30,1,0,34,43
2025-02-25 16:35:00,16,35,1,0,37,46
2025-02-25 16:40:00,16,40,1,0,38,60
2025-02-25 16:45:00,16,45,1,0,42,49
2025-02-25 16:50:00,16,50,1,0,34,46
2025-02-25 16:55:00,16,55,1,0,37,49
2025-02-25 17:00:00,17,0,1,0,38,44
2025-02-25 17:05:00,17,5,1,0,41,47
2025-02-25 17:10:00,17,10,1,0,34,50
2025-02-25 17:15:00,17,15,1,0,33,46
2025-02-25 17:20:00,17,20,1,0,40,42
2025-02-25 17:25:00,17,25,1,0,31,45
2025-02-25 17:30:00,17,30,1,0,42,43
2025-02-25 17:35:00,17,35,1,0,36,39
2025-02-25 17:40:00,17,40,1,0,30,42
2025-02-25 17:45:00,17,45,1,0,34,38
2025-02-25 17:50:00,17,50,1,0,37,38
2025-02-25 17:55:00,17,55,1,0,33,37
2025-02-25 18:00:00,18,0,1,0,35,45
2025-02-25 18:05:00,18,5,1,0,37,46
2025-02-25 18:10:00,18,10,1,0,32,34
2025-02-25 18:15:00,18,15,1,0,29,45
2025-02-25 18:20:00,18,20,1,0,31,34
2025-02-25 18:25:00,18,25,1,0,37,40
2025-02-25 18:30:00,18,30,1,0,37,37
2025-02-25 18:35:00,18,35,1,0,22,38
2025-02-25 18:40:00,18,40,1,0,34,30
2025-02-25 18:45:00,18,45,1,0,29,26
2025-02-25 18:50:00,18,50,1,0,31,29
2025-02-25 18:55:00,18,55,1,0,25,33
2025-02-25 19:00:00,19,0,1,0,19,38
2025-02-25 19:05:00,19,5,1,0,28,25
2025-02-25 19:10:00,19,10,1,0,21,28
2025-02-25 19:15:00,19,15,1,0,18,24
2025-02-25 19:20:00,19,20,1,0,18,26
2025-02-25 19:25:00,19,25,1,0,25,18
2025-02-25 19:30:00,19,30,1,0,22,30
2025-02-25 19:35:00,19,35,1,0,24,23
2025-02-25 19:40:00,19,40,1,0,23,26
2025-02-25 19:45:00,19,45,1,0,18,21
2025-02-25 19:50:00,19,50,1,0,19,21
2025-02-25 19:55:00,19,55,1,0,16,24
2025-02-25 20:00:00,20,0,1,0,17,20
2025-02-25 20:05:00,20,5,1,0,13,19
2025-02-25 20:10:00,20,10,1,0,18,14
2025-02-25 20:15:00,20,15,1,0,20,15
2025-02-25 20:20:00,20,20,1,0,12,12
2025-02-25 20:25:00,20,25,1,0,20,12
2025-02-25 20:30:00,20,30,1,0,15,20
2025-02-25 20:35:00,20,35,1,0,15,21
2025-02-25 20:40:00,20,40,1,0,7,8
2025-02-25 20:45:00,20,45,1,0,6,14
2025-02-25 20:50:00,20,50,1,0,13,11
2025-02-25 20:55:00,20,55,1,0,16,17
2025-02-25 21:00:00,21,0,1,0,9,12
2025-02-25 21:05:00,21,5,1,0,18,11
2025-02-25 21:10:00,21,10,1,0,14,8
2025-02-25 21:15:00,21,15,1,0,8,4
2025-02-25 21:20:00,21,20,1,0,11,13
2025-02-25 21:25:00,21,25,1,0,21,11
2025-02-25 21:30:00,21,30,1,0,5,11
2025-02-25 21:35:00,21,35,1,0,12,6
2025-02-25 21:40:00,21,40,1,0,9,8
2025-02-25 21:45:00,21,45,1,0,13,12
2025-02-25 21:50:00,21,50,1,0,15,12
2025-02-25 21:55:00,21,55,1,0,8,3
2025-02-25 22:00:00,22,0,1,0,14,5
2025-02-25 22:05:00,22,5,1,0,18,2
2025-02-25 22:10:00,22,10,1,0,9,8
2025-02-25 22:15:00,22,15,1,0,12,11
2025-02-25 22:20:00,22,20,1,0,6,6
2025-02-25 22:25:00,22,25,1,0,9,4
2025-02-25 22:30:00,22,30,1,0,8,6
2025-02-25 22:35:00,22,35,1,0,12,16
2025-02-25 22:40:00,22,40,1,0,13,11
2025-02-25 22:45:00,22,45,1,0,8,10
2025-02-25 22:50:00,22,50,1,0,15,8
2025-02-25 22:55:00,22,55,1,0,14,6
2025-02-25 23:00:00,23,0,1,0,12,3
2025-02-25 23:05:00,23,5,1,0,6,2
2025-02-25 23:10:00,23,10,1,0,6,4
2025-02-25 23:15:00,23,15,1,0,5,2
2025-02-25 23:20:00,23,20,1,0,12,4
2025-02-25 23:25:00,23,25,1,0,3,6
2025-02-25 23:30:00,23,30,1,0,11,6
2025-02-25 23:35:00,23,35,1,0,4,4
2025-02-25 23:40:00,23,40,1,0,11,8
2025-02-25 23:45:00,23,45,1,0,8,5
2025-02-25 23:50:00,23,50,1,0,13,7
2025-02-25 23:55:00,23,55,1,0,13,3
2025-02-26 00:00:00,0,0,2,0,14,9
2025-02-26 00:05:00,0,5,2,0,14,4
2025-02-26 00:10:00,0,10,2,0,9,12
2025-02-26 00:15:00,0,15,2,0,3,5
2025-02-26 00:20:00,0,20,2,0,4,6
2025-02-26 00:25:00,0,25,2,0,0,8
2025-02-26 00:30:00,0,30,2,0,4,9
2025-02-26 00:35:00,0,35,2,0,8,10
2025-02-26 00:40:00,0,40,2,0,6,13
2025-02-26 00:45:00,0,45,2,0,7,9
2025-02-26 00:50:00,0,50,2,0,10,6
2025-02-26 00:55:00,0,55,2,0,7,4
2025-02-26 01:00:00,1,0,2,0,4,5
2025-02-26 01:05:00,1,5,2,0,8,12
2025-02-26 01:10:00,1,10,2,0,4,0
2025-02-26 01:15:00,1,15,2,0,7,3
2025-02-26 01:20:00,1,20,2,0,13,5
2025-02-26 01:25:00,1,25,2,0,7,3
2025-02-26 01:30:00,1,30,2,0,15,4
2025-02-26 01:35:00,1,35,2,0,14,13
2025-02-26 01:40:00,1,40,2,0,6,5
2025-02-26 01:45:00,1,45,2,0,4,8
2025-02-26 01:50:00,1,50,2,0,8,0
2025-02-26 01:55:00,1,55,2,0,13,2
2025-02-26 02:00:00,2,0,2,0,6,10
2025-02-26 02:05:00,2,5,2,0,12,13
2025-02-26 02:10:00,2,10,2,0,13,7
2025-02-26 02:15:00,2,15,2,0,5,5
2025-02-26 02:20:00,2,20,2,0,5,8
2025-02-26 02:25:00,2,25,2,0,11,0
2025-02-26 02:30:00,2,30,2,0,9,7
2025-02-26 02:35:00,2,35,2,0,5,2
2025-02-26 02:40:00,2,40,2,0,7,9
2025-02-26 02:45:00,2,45,2,0,8,0
2025-02-26 02:50:00,2,50,2,0,2,4
2025-02-26 02:55:00,2,55,2,0,11,6
2025-02-26 03:00:00,3,0,2,0,6,3
2025-02-26 03:05:00,3,5,2,0,0,5
2025-02-26 03:10:00,3,10,2,0,8,10
2025-02-26 03:15:00,3,15,2,0,5,6
2025-02-26 03:20:00,3,20,2,0,15,2
2025-02-26 03:25:00,3,25,2,0,6,10
2025-02-26 03:30:00,3,30,2,0,4,7
2025-02-26 03:35:00,3,35,2,0,10,7
2025-02-26 03:40:00,3,40,2,0,6,3
2025-02-26 03:45:00,3,45,2,0,6,0
2025-02-26 03:50:00,3,50,2,0,11,3
2025-02-26 03:55:00,3,55,2,0,5,3
2025-02-26 04:00:00,4,0,2,0,3,4
2025-02-26 04:05:00,4,5,2,0,16,3
2025-02-26 04:10:00,4,10,2,0,12,7
2025-02-26 04:15:00,4,15,2,0,8,11
2025-02-26 04:20:00,4,20,2,0,10,12
2025-02-26 04:25:00,4,25,2,0,12,11
2025-02-26 04:30:00,4,30,2,0,14,4
2025-02-26 04:35:00,4,35,2,0,8,8
2025-02-26 04:40:00,4,40,2,0,12,14
2025-02-26 04:45:00,4,45,2,0,9,2
2025-02-26 04:50:00,4,50,2,0,11,14
2025-02-26 04:55:00,4,55,2,0,13,5
2025-02-26 05:00:00,5,0,2,0,13,11
2025-02-26 05:05:00,5,5,2,0,16,11
2025-02-26 05:10:00,5,10,2,0,16,11
2025-02-26 05:15:00,5,15,2,0,8,20
2025-02-26 05:20:00,5,20,2,0,10,10
2025-02-26 05:25:00,5,25,2,0,14,5
2025-02-26 05:30:00,5,30,2,0,24,14
2025-02-26 05:35:00,5,35,2,0,14,12
2025-02-26 05:40:00,5,40,2,0,18,16
2025-02-26 05:45:00,5,45,2,0,17,18
2025-02-26 05:50:00,5,50,2,0,18,15
2025-02-26 05:55:00,5,55,2,0,22,17
2025-02-26 06:00:00,6,0,2,0,28,17
2025-02-26 06:05:00,6,5,2,0,25,24
2025-02-26 06:10:00,6,10,2,0,21,16
2025-02-26 06:15:00,6,15,2,0,37,16
2025-02-26 06:20:00,6,20,2,0,27,23
2025-02-26 06:25:00,6,25,2,0,26,17
2025-02-26 06:30:00,6,30,2,0,35,23
2025-02-26 06:35:00,6,35,2,0,29,21
2025-02-26 06:40:00,6,40,2,0,38,22
2025-02-26 06:45:00,6,45,2,0,29,33
2025-02-26 06:50:00,6,50,2,0,40,29
2025-02-26 06:55:00,6,55,2,0,36,29
2025-02-26 07:00:00,7,0,2,0,41,28
2025-02-26 07:05:00,7,5,2,0,45,24
2025-02-26 07:10:00,7,10,2,0,33,28
2025-02-26 07:15:00,7,15,2,0,44,30
2025-02-26 07:20:00,7,20,2,0,34,29
2025-02-26 07:25:00,7,25,2,0,36,30
2025-02-26 07:30:00,7,30,2,0,38,28
2025-02-26 07:35:00,7,35,2,0,44,31
2025-02-26 07:40:00,7,40,2,0,42,28
2025-02-26 07:45:00,7,45,2,0,42,33
2025-02-26 07:50:00,7,50,2,0,43,23
2025-02-26 07:55:00,7,55,2,0,45,36
2025-02-26 08:00:00,8,0,2,0,46,26
2025-02-26 08:05:00,8,5,2,0,47,27
2025-02-26 08:10:00,8,10,2,0,50,32
2025-02-26 08:15:00,8,15,2,0,42,33
2025-02-26 08:20:00,8,20,2,0,40,39
2025-02-26 08:25:00,8,25,2,0,44,31
2025-02-26 08:30:00,8,30,2,0,37,29
2025-02-26 08:35:00,8,35,2,0,38,30
2025-02-26 08:40:00,8,40,2,0,44,35
2025-02-26 08:45:00,8,45,2,0,38,38
2025-02-26 08:50:00,8,50,2,0,33,27
2025-02-26 08:55:00,8,55,2,0,31,29
2025-02-26 09:00:00,9,0,2,0,36,26
2025-02-26 09:05:00,9,5,2,0,40,25
2025-02-26 09:10:00,9,10,2,0,38,32
2025-02-26 09:15:00,9,15,2,0,33,20
2025-02-26 09:20:00,9,20,2,0,40,14
2025-02-26 09:25:00,9,25,2,0,30,23
2025-02-26 09:30:00,9,30,2,0,29,26
2025-02-26 09:35:00,9,35,2,0,18,21
2025-02-26 09:40:00,9,40,2,0,25,22
2025-02-26 09:45:00,9,45,2,0,29,22
2025-02-26 09:50:00,9,50,2,0,31,18
2025-02-26 09:55:00,9,55,2,0,20,19
2025-02-26 10:00:00,10,0,2,0,24,19
2025-02-26 10:05:00,10,5,2,0,26,8
2025-02-26 10:10:00,10,10,2,0,20,15
2025-02-26 10:15:00,10,15,2,0,10,8
2025-02-26 10:20:00,10,20,2,0,20,13
2025-02-26 10:25:00,10,25,2,0,21,11
2025-02-26 10:30:00,10,30,2,0,13,17
2025-02-26 10:35:00,10,35,2,0,15,13
2025-02-26 10:40:00,10,40,2,0,11,13
2025-02-26 10:45:00,10,45,2,0,4,10
2025-02-26 10:50:00,10,50,2,0,18,15
2025-02-26 10:55:00,10,55,2,0,14,4
2025-02-26 11:00:00,11,0,2,0,19,6
2025-02-26 11:05:00,11,5,2,0,16,15
2025-02-26 11:10:00,11,10,2,0,11,8
2025-02-26 11:15:00,11,15,2,0,11,0
2025-02-26 11:20:00,11,20,2,0,14,15
2025-02-26 11:25:00,11,25,2,0,15,13
2025-02-26 11:30:00,11,30,2,0,12,11
2025-02-26 11:35:00,11,35,2,0,15,9
2025-02-26 11:40:00,11,40,2,0,9,15
2025-02-26 11:45:00,11,45,2,0,7,13
2025-02-26 11:50:00,11,50,2,0,10,15
2025-02-26 11:55:00,11,55,2,0,11,11
2025-02-26 12:00:00,12,0,2,0,6,9
2025-02-26 12:05:00,12,5,2,0,5,7
2025-02-26 12:10:00,12,10,2,0,12,4
2025-02-26 12:15:00,12,15,2,0,9,11
2025-02-26 12:20:00,12,20,2,0,10,11
2025-02-26 12:25:00,12,25,2,0,9,8
2025-02-26 12:30:00,12,30,2,0,17,12
2025-02-26 12:35:00,12,35,2,0,16,8
2025-02-26 12:40:00,12,40,2,0,6,13
2025-02-26 12:45:00,12,45,2,0,9,7
2025-02-26 12:50:00,12,50,2,0,15,6
2025-02-26 12:55:00,12,55,2,0,14,10
2025-02-26 13:00:00,13,0,2,0,12,15
2025-02-26 13:05:00,13,5,2,0,8,7
2025-02-26 13:10:00,13,10,2,0,10,17
2025-02-26 13:15:00,13,15,2,0,11,6
2025-02-26 13:20:00,13,20,2,0,15,13
2025-02-26 13:25:00,13,25,2,0,21,8
2025-02-26 13:30:00,13,30,2,0,12,4
2025-02-26 13:35:00,13,35,2,0,11,17
2025-02-26 13:40:00,13,40,2,0,15,15
2025-02-26 13:45:00,13,45,2,0,20,11
2025-02-26 13:50:00,13,50,2,0,11,15
2025-02-26 13:55:00,13,55,2,0,23,20
2025-02-26 14:00:00,14,0,2,0,17,18
2025-02-26 14:05:00,14,5,2,0,15,19
2025-02-26 14:10:00,14,10,2,0,13,19
2025-02-26 14:15:00,14,15,2,0,22,19
2025-02-26 14:20:00,14,20,2,0,20,20
2025-02-26 14:25:00,14,25,2,0,22,21
2025-02-26 14:30:00,14,30,2,0,18,21
2025-02-26 14:35:00,14,35,2,0,21,21
2025-02-26 14:40:00,14,40,2,0,21,25
2025-02-26 14:45:00,14,45,2,0,24,25
2025-02-26 14:50:00,14,50,2,0,22,24
2025-02-26 14:55:00,14,55,2,0,19,32
2025-02-26 15:00:00,15,0,2,0,37,35
2025-02-26 15:05:00,15,5,2,0,22,31
2025-02-26 15:10:00,15,10,2,0,28,33
2025-02-26 15:15:00,15,15,2,0,21,31
2025-02-26 15:20:00,15,20,2,0,21,39
2025-02-26 15:25:00,15,25,2,0,30,42
2025-02-26 15:30:00,15,30,2,0,31,36
2025-02-26 15:35:00,15,35,2,0,36,35
2025-02-26 15:40:00,15,40,2,0,34,39
2025-02-26 15:45:00,15,45,2,0,32,39
2025-02-26 15:50:00,15,50,2,0,30,38
2025-02-26 15:55:00,15,55,2,0,40,42
2025-02-26 16:00:00,16,0,2,0,38,45
2025-02-26 16:05:00,16,5,2,0,30,39
2025-02-26 16:10:00,16,10,2,0,36,53
2025-02-26 16:15:00,16,15,2,0,37,37
2025-02-26 16:20:00,16,20,2,0,35,40
2025-02-26 16:25:00,16,25,2,0,40,45
2025-02-26 16:30:00,16,30,2,0,40,54
2025-02-26 16:35:00,16,35,2,0,37,43
2025-02-26 16:40:00,16,40,2,0,36,41
2025-02-26 16:45:00,16,45,2,0,44,48
2025-02-26 16:50:00,16,50,2,0,42,45
2025-02-26 16:55:00,16,55,2,0,38,49
2025-02-26 17:00:00,17,0,2,0,31,46
2025-02-26 17:05:00,17,5,2,0,39,43
2025-02-26 17:10:00,17,10,2,0,41,55
2025-02-26 17:15:00,17,15,2,0,27,34
2025-02-26 17:20:00,17,20,2,0,39,53
2025-02-26 17:25:00,17,25,2,0,36,49
2025-02-26 17:30:00,17,30,2,0,36,42
2025-02-26 17:35:00,17,35,2,0,33,52
2025-02-26 17:40:00,17,40,2,0,36,38
2025-02-26 17:45:00,17,45,2,0,42,47
2025-02-26 17:50:00,17,50,2,0,34,34
2025-02-26 17:55:00,17,55,2,0,39,37
2025-02-26 18:00:00,18,0,2,0,31,37
2025-02-26 18:05:00,18,5,2,0,37,38
2025-02-26 18:10:00,18,10,2,0,33,40
2025-02-26 18:15:00,18,15,2,0,34,36
2025-02-26 18:20:00,18,20,2,0,32,30
2025-02-26 18:25:00,18,25,2,0,34,39
2025-02-26 18:30:00,18,30,2,0,20,36
2025-02-26 18:35:00,18,35,2,0,24,37
2025-02-26 18:40:00,18,40,2,0,31,35
2025-02-26 18:45:00,18,45,2,0,20,37
2025-02-26 18:50:00,18,50,2,0,26,32
2025-02-26 18:55:00,18,55,2,0,27,35
2025-02-26 19:00:00,19,0,2,0,23,27
2025-02-26 19:05:00,19,5,2,0,23,26
2025-02-26 19:10:00,19,10,2,0,26,34
2025-02-26 19:15:00,19,15,2,0,28,33
2025-02-26 19:20:00,19,20,2,0,19,29
2025-02-26 19:25:00,19,25,2,0,20,22
2025-02-26 19:30:00,19,30,2,0,19,20
2025-02-26 19:35:00,19,35,2,0,11,29
2025-02-26 19:40:00,19,40,2,0,21,28
2025-02-26 19:45:00,19,45,2,0,23,21
2025-02-26 19:50:00,19,50,2,0,23,30
2025-02-26 19:55:00,19,55,2,0,15,22
2025-02-26 20:00:00,20,0,2,0,13,15
2025-02-26 20:05:00,20,5,2,0,17,17
2025-02-26 20:10:00,20,10,2,0,20,17
2025-02-26 20:15:00,20,15,2,0,17,17
2025-02-26 20:20:00,20,20,2,0,17,21
2025-02-26 20:25:00,20,25,2,0,20,11
2025-02-26 20:30:00,20,30,2,0,12,9
2025-02-26 20:35:00,20,35,2,0,13,16
2025-02-26 20:40:00,20,40,2,0,20,11
2025-02-26 20:45:00,20,45,2,0,12,23
2025-02-26 20:50:00,20,50,2,0,8,16
2025-02-26 20:55:00,20,55,2,0,10,10
2025-02-26 21:00:00,21,0,2,0,8,16
2025-02-26 21:05:00,21,5,2,0,13,14
2025-02-26 21:10:00,21,10,2,0,8,13
2025-02-26 21:15:00,21,15,2,0,12,10
2025-02-26 21:20:00,21,20,2,0,8,12
2025-02-26 21:25:00,21,25,2,0,2,1
2025-02-26 21:30:00,21,30,2,0,12,14
2025-02-26 21:35:00,21,35,2,0,11,0
2025-02-26 21:40:00,21,40,2,0,12,7
2025-02-26 21:45:00,21,45,2,0,7,2
2025-02-26 21:50:00,21,50,2,0,6,6
2025-02-26 21:55:00,21,55,2,0,11,8
2025-02-26 22:00:00,22,0,2,0,15,3
2025-02-26 22:05:00,22,5,2,0,9,0
2025-02-26 22:10:00,22,10,2,0,11,8
2025-02-26 22:15:00,22,15,2,0,8,16
2025-02-26 22:20:00,22,20,2,0,3,6
2025-02-26 22:25:00,22,25,2,0,13,11
2025-02-26 22:30:00,22,30,2,0,12,13
2025-02-26 22:35:00,22,35,2,0,11,0
2025-02-26 22:40:00,22,40,2,0,8,5
2025-02-26 22:45:00,22,45,2,0,11,2
2025-02-26 22:50:00,22,50,2,0,12,3
2025-02-26 22:55:00,22,55,2,0,15,13
2025-02-26 23:00:00,23,0,2,0,12,7
2025-02-26 23:05:00,23,5,2,0,9,10
2025-02-26 23:10:00,23,10,2,0,3,6
2025-02-26 23:15:00,23,15,2,0,9,1
2025-02-26 23:20:00,23,20,2,0,9,9
2025-02-26 23:25:00,23,25,2,0,11,11
2025-02-26 23:30:00,23,30,2,0,14,7
2025-02-26 23:35:00,23,35,2,0,8,8
2025-02-26 23:40:00,23,40,2,0,17,1
2025-02-26 23:45:00,23,45,2,0,1,9
2025-02-26 23:50:00,23,50,2,0,10,12
2025-02-26 23:55:00,23,55,2,0,5,8
2025-02-27 00:00:00,0,0,3,0,0,0
2025-02-27 00:05:00,0,5,3,0,7,13
2025-02-27 00:10:00,0,10,3,0,2,2
2025-02-27 00:15:00,0,15,3,0,7,8
2025-02-27 00:20:00,0,20,3,0,8,10
2025-02-27 00:25:00,0,25,3,0,12,10
2025-02-27 00:30:00,0,30,3,0,2,0
2025-02-27 00:35:00,0,35,3,0,12,6
2025-02-27 00:40:00,0,40,3,0,8,6
2025-02-27 00:45:00,0,45,3,0,12,12
2025-02-27 00:50:00,0,50,3,0,6,8
2025-02-27 00:55:00,0,55,3,0,3,12
2025-02-27 01:00:00,1,0,3,0,3,8
2025-02-27 01:05:00,1,5,3,0,3,6
2025-02-27 01:10:00,1,10,3,0,10,7
2025-02-27 01:15:00,1,15,3,0,14,12
2025-02-27 01:20:00,1,20,3,0,6,1
2025-02-27 01:25:00,1,25,3,0,11,10
2025-02-27 01:30:00,1,30,3,0,2,3
2025-02-27 01:35:00,1,35,3,0,9,3
2025-02-27 01:40:00,1,40,3,0,11,10
2025-02-27 01:45:00,1,45,3,0,2,2
2025-02-27 01:50:00,1,50,3,0,7,8
2025-02-27 01:55:00,1,55,3,0,11,4
2025-02-27 02:00:00,2,0,3,0,0,0
2025-02-27 02:05:00,2,5,3,0,13,8
2025-02-27 02:10:00,2,10,3,0,9,7
2025-02-27 02:15:00,2,15,3,0,11,0
2025-02-27 02:20:00,2,20,3,0,6,3
2025-02-27 02:25:00,2,25,3,0,1,0
2025-02-27 02:30:00,2,30,3,0,10,9
2025-02-27 02:35:00,2,35,3,0,8,12
2025-02-27 02:40:00,2,40,3,0,8,9
2025-02-27 02:45:00,2,45,3,0,12,10
2025-02-27 02:50:00,2,50,3,0,11,4
2025-02-27 02:55:00,2,55,3,0,16,8
2025-02-27 03:00:00,3,0,3,0,9,6
2025-02-27 03:05:00,3,5,3,0,5,7
2025-02-27 03:10:00,3,10,3,0,7,10
2025-02-27 03:15:00,3,15,3,0,10,11
2025-02-27 03:20:00,3,20,3,0,12,5
2025-02-27 03:25:00,3,25,3,0,2,1
2025-02-27 03:30:00,3,30,3,0,8,6
2025-02-27 03:35:00,3,35,3,0,15,5
2025-02-27 03:40:00,3,40,3,0,8,8
2025-02-27 03:45:00,3,45,3,0,12,10
2025-02-27 03:50:00,3,50,3,0,11,0
2025-02-27 03:55:00,3,55,3,0,13,4
2025-02-27 04:00:00,4,0,3,0,6,3
2025-02-27 04:05:00,4,5,3,0,6,12
2025-02-27 04:10:00,4,10,3,0,9,6
2025-02-27 04:15:00,4,15,3,0,3,5
2025-02-27 04:20:00,4,20,3,0,9,9
2025-02-27 04:25:00,4,25,3,0,11,5
2025-02-27 04:30:00,4,30,3,0,17,8
2025-02-27 04:35:00,4,35,3,0,12,15
2025-02-27 04:40:00,4,40,3,0,13,15
2025-02-27 04:45:00,4,45,3,0,16,7
2025-02-27 04:50:00,4,50,3,0,8,8
2025-02-27 04:55:00,4,55,3,0,12,7
2025-02-27 05:00:00,5,0,3,0,22,2
2025-02-27 05:05:00,5,5,3,0,13,14
2025-02-27 05:10:00,5,10,3,0,18,20
2025-02-27 05:15:00,5,15,3,0,18,9
2025-02-27 05:20:00,5,20,3,0,9,8
2025-02-27 05:25:00,5,25,3,0,17,11
2025-02-27 05:30:00,5,30,3,0,17,13
2025-02-27 05:35:00,5,35,3,0,19,8
2025-02-27 05:40:00,5,40,3,0,15,12
2025-02-27 05:45:00,5,45,3,0,15,18
2025-02-27 05:50:00,5,50,3,0,18,15
2025-02-27 05:55:00,5,55,3,0,21,21
2025-02-27 06:00:00,6,0,3,0,27,18
2025-02-27 06:05:00,6,5,3,0,31,13
2025-02-27 06:10:00,6,10,3,0,30,16
2025-02-27 06:15:00,6,15,3,0,29,20
2025-02-27 06:20:00,6,20,3,0,23,15
2025-02-27 06:25:00,6,25,3,0,26,15
2025-02-27 06:30:00,6,30,3,0,30,16
2025-02-27 06:35:00,6,35,3,0,28,24
2025-02-27 06:40:00,6,40,3,0,34,21
2025-02-27 06:45:00,6,45,3,0,36,28
2025-02-27 06:50:00,6,50,3,0,36,21
2025-02-27 06:55:00,6,55,3,0,39,15
2025-02-27 07:00:00,7,0,3,0,32,25
2025-02-27 07:05:00,7,5,3,0,41,33
2025-02-27 07:10:00,7,10,3,0,35,28
2025-02-27 07:15:00,7,15,3,0,35,23
2025-02-27 07:20:00,7,20,3,0,42,22
2025-02-27 07:25:00,7,25,3,0,45,34
2025-02-27 07:30:00,7,30,3,0,43,26
2025-02-27 07:35:00,7,35,3,0,42,36
2025-02-27 07:40:00,7,40,3,0,43,33
2025-02-27 07:45:00,7,45,3,0,43,28
2025-02-27 07:50:00,7,50,3,0,38,36
2025-02-27 07:55:00,7,55,3,0,38,27
2025-02-27 08:00:00,8,0,3,0,43,25
2025-02-27 08:05:00,8,5,3,0,43,27
2025-02-27 08:10:00,8,10,3,0,43,34
2025-02-27 08:15:00,8,15,3,0,45,35
2025-02-27 08:20:00,8,20,3,0,41,29
2025-02-27 08:25:00,8,25,3,0,44,23
2025-02-27 08:30:00,8,30,3,0,41,23
2025-02-27 08:35:00,8,35,3,0,48,25
2025-02-27 08:40:00,8,40,3,0,40,23
2025-02-27 08:45:00,8,45,3,0,48,29
2025-02-27 08:50:00,8,50,3,0,39,35
2025-02-27 08:55:00,8,55,3,0,36,30
2025-02-27 09:00:00,9,0,3,0,32,22
2025-02-27 09:05:00,9,5,3,0,29,22
2025-02-27 09:10:00,9,10,3,0,30,22
2025-02-27 09:15:00,9,15,3,0,29,25
2025-02-27 09:20:00,9,20,3,0,33,29
2025-02-27 09:25:00,9,25,3,0,28,20
2025-02-27 09:30:00,9,30,3,0,30,27
2025-02-27 09:35:00,9,35,3,0,33,29
2025-02-27 09:40:00,9,40,3,0,27,18
2025-02-27 09:45:00,9,45,3,0,34,17
2025-02-27 09:50:00,9,50,3,0,20,16
2025-02-27 09:55:00,9,55,3,0,23,17
2025-02-27 10:00:00,10,0,3,0,20,15
2025-02-27 10:05:00,10,5,3,0,25,19
2025-02-27 10:10:00,10,10,3,0,11,9
2025-02-27 10:15:00,10,15,3,0,14,12
2025-02-27 10:20:00,10,20,3,0,18,15
2025-02-27 10:25:00,10,25,3,0,24,16
2025-02-27 10:30:00,10,30,3,0,18,21
2025-02-27 10:35:00,10,35,3,0,11,7
2025-02-27 10:40:00,10,40,3,0,11,9
2025-02-27 10:45:00,10,45,3,0,21,2
2025-02-27 10:50:00,10,50,3,0,12,6
2025-02-27 10:55:00,10,55,3,0,10,3
2025-02-27 11:00:00,11,0,3,0,19,8
2025-02-27 11:05:00,11,5,3,0,17,9
2025-02-27 11:10:00,11,10,3,0,17,11
2025-02-27 11:15:00,11,15,3,0,8,8
2025-02-27 11:20:00,11,20,3,0,5,11
2025-02-27 11:25:00,11,25,3,0,12,9
2025-02-27 11:30:00,11,30,3,0,12,4
2025-02-27 11:35:00,11,35,3,0,12,2
2025-02-27 11:40:00,11,40,3,0,17,11
2025-02-27 11:45:00,11,45,3,0,4,15
2025-02-27 11:50:00,11,50,3,0,14,19
2025-02-27 11:55:00,11,55,3,0,6,12
2025-02-27 12:00:00,12,0,3,0,14,14
2025-02-27 12:05:00,12,5,3,0,8,10
2025-02-27 12:10:00,12,10,3,0,7,10
2025-02-27 12:15:00,12,15,3,0,8,9
2025-02-27 12:20:00,12,20,3,0,5,9
2025-02-27 12:25:00,12,25,3,0,11,12
2025-02-27 12:30:00,12,30,3,0,8,7
2025-02-27 12:35:00,12,35,3,0,14,9
2025-02-27 12:40:00,12,40,3,0,14,5
2025-02-27 12:45:00,12,45,3,0,18,12
2025-02-27 12:50:00,12,50,3,0,13,7
2025-02-27 12:55:00,12,55,3,0,14,11
2025-02-27 13:00:00,13,0,3,0,18,14
2025-02-27 13:05:00,13,5,3,0,10,14
2025-02-27 13:10:00,13,10,3,0,7,16
2025-02-27 13:15:00,13,15,3,0,14,12
2025-02-27 13:20:00,13,20,3,0,8,15
2025-02-27 13:25:00,13,25,3,0,24,12
2025-02-27 13:30:00,13,30,3,0,20,7
2025-02-27 13:35:00,13,35,3,0,24,17
2025-02-27 13:40:00,13,40,3,0,16,17
2025-02-27 13:45:00,13,45,3,0,18,21
2025-02-27 13:50:00,13,50,3,0,15,17
2025-02-27 13:55:00,13,55,3,0,21,12
2025-02-27 14:00:00,14,0,3,0,13,19
2025-02-27 14:05:00,14,5,3,0,8,23
2025-02-27 14:10:00,14,10,3,0,16,23
2025-02-27 14:15:00,14,15,3,0,14,21
2025-02-27 14:20:00,14,20,3,0,26,16
2025-02-27 14:25:00,14,25,3,0,28,19
2025-02-27 14:30:00,14,30,3,0,16,26
2025-02-27 14:35:00,14,35,3,0,28,19
2025-02-27 14:40:00,14,40,3,0,27,25
2025-02-27 14:45:00,14,45,3,0,18,27
2025-02-27 14:50:00,14,50,3,0,23,33
2025-02-27 14:55:00,14,55,3,0,23,32
2025-02-27 15:00:00,15,0,3,0,29,34
2025-02-27 15:05:00,15,5,3,0,22,32
2025-02-27 15:10:00,15,10,3,0,27,29
2025-02-27 15:15:00,15,15,3,0,26,31
2025-02-27 15:20:00,15,20,3,0,31,31
2025-02-27 15:25:00,15,25,3,0,29,38
2025-02-27 15:30:00,15,30,3,0,29,33
2025-02-27 15:35:00,15,35,3,0,30,36
2025-02-27 15:40:00,15,40,3,0,40,38
2025-02-27 15:45:00,15,45,3,0,31,45
2025-02-27 15:50:00,15,50,3,0,29,42
2025-02-27 15:55:00,15,55,3,0,36,37
2025-02-27 16:00:00,16,0,3,0,34,42
2025-02-27 16:05:00,16,5,3,0,29,49
2025-02-27 16:10:00,16,10,3,0,44,45
2025-02-27 16:15:00,16,15,3,0,35,37
2025-02-27 16:20:00,16,20,3,0,35,40
2025-02-27 16:25:00,16,25,3,0,37,40
2025-02-27 16:30:00,16,30,3,0,44,51
2025-02-27 16:35:00,16,35,3,0,31,50
2025-02-27 16:40:00,16,40,3,0,39,43
2025-02-27 16:45:00,16,45,3,0,46,43
2025-02-27 16:50:00,16,50,3,0,38,46
2025-02-27 16:55:00,16,55,3,0,33,46
2025-02-27 17:00:00,17,0,3,0,36,42
2025-02-27 17:05:00,17,5,3,0,39,45
2025-02-27 17:10:00,17,10,3,0,43,40
2025-02-27 17:15:00,17,15,3,0,36,51
2025-02-27 17:20:00,17,20,3,0,41,38
2025-02-27 17:25:00,17,25,3,0,32,38
2025-02-27 17:30:00,17,30,3,0,31,47
2025-02-27 17:35:00,17,35,3,0,35,39
2025-02-27 17:40:00,17,40,3,0,42,42
2025-02-27 17:45:00,17,45,3,0,36,44
2025-02-27 17:50:00,17,50,3,0,37,45
2025-02-27 17:55:00,17,55,3,0,36,41
2025-02-27 18:00:00,18,0,3,0,39,48
2025-02-27 18:05:00,18,5,3,0,31,41
2025-02-27 18:10:00,18,10,3,0,36,45
2025-02-27 18:15:00,18,15,3,0,29,40
2025-02-27 18:20:00,18,20,3,0,40,47
2025-02-27 18:25:00,18,25,3,0,28,41
2025-02-27 18:30:00,18,30,3,0,27,36
2025-02-27 18:35:00,18,35,3,0,32,38
2025-02-27 18:40:00,18,40,3,0,30,33
2025-02-27 18:45:00,18,45,3,0,30,32
2025-02-27 18:50:00,18,50,3,0,29,27
2025-02-27 18:55:00,18,55,3,0,23,28
2025-02-27 19:00:00,19,0,3,0,33,39
2025-02-27 19:05:00,19,5,3,0,29,24
2025-02-27 19:10:00,19,10,3,0,30,26
2025-02-27 19:15:00,19,15,3,0,22,27
2025-02-27 19:20:00,19,20,3,0,25,26
2025-02-27 19:25:00,19,25,3,0,23,27
2025-02-27 19:30:00,19,30,3,0,26,22
2025-02-27 19:35:00,19,35,3,0,26,25
2025-02-27 19:40:00,19,40,3,0,21,27
2025-02-27 19:45:00,19,45,3,0,14,27
2025-02-27 19:50:00,19,50,3,0,26,20
2025-02-27 19:55:00,19,55,3,0,21,22
2025-02-27 20:00:00,20,0,3,0,15,14
2025-02-27 20:05:00,20,5,3,0,19,15
2025-02-27 20:10:00,20,10,3,0,11,13
2025-02-27 20:15:00,20,15,3,0,20,16
2025-02-27 20:20:00,20,20,3,0,10,13
2025-02-27 20:25:00,20,25,3,0,14,9
2025-02-27 20:30:00,20,30,3,0,15,13
2025-02-27 20:35:00,20,35,3,0,18,7
2025-02-27 20:40:00,20,40,3,0,14,19
2025-02-27 20:45:00,20,45,3,0,16,11
2025-02-27 20:50:00,20,50,3,0,13,16
2025-02-27 20:55:00,20,55,3,0,12,10
2025-02-27 21:00:00,21,0,3,0,12,7
2025-02-27 21:05:00,21,5,3,0,11,16
2025-02-27 21:10:00,21,10,3,0,5,11
2025-02-27 21:15:00,21,15,3,0,8,18
2025-02-27 21:20:00,21,20,3,0,12,8
2025-02-27 21:25:00,21,25,3,0,10,8
2025-02-27 21:30:00,21,30,3,0,10,13
2025-02-27 21:35:00,21,35,3,0,9,13
2025-02-27 21:40:00,21,40,3,0,7,9
2025-02-27 21:45:00,21,45,3,0,8,22
2025-02-27 21:50:00,21,50,3,0,8,7
2025-02-27 21:55:00,21,55,3,0,9,3
2025-02-27 22:00:00,22,0,3,0,11,4
2025-02-27 22:05:00,22,5,3,0,8,6
2025-02-27 22:10:00,22,10,3,0,5,13
2025-02-27 22:15:00,22,15,3,0,3,7
2025-02-27 22:20:00,22,20,3,0,19,13
2025-02-27 22:25:00,22,25,3,0,4,9
2025-02-27 22:30:00,22,30,3,0,7,11
2025-02-27 22:35:00,22,35,3,0,11,8
2025-02-27 22:40:00,22,40,3,0,10,8
2025-02-27 22:45:00,22,45,3,0,11,10
2025-02-27 22:50:00,22,50,3,0,7,4
2025-02-27 22:55:00,22,55,3,0,9,4
2025-02-27 23:00:00,23,0,3,0,9,8
2025-02-27 23:05:00,23,5,3,0,7,14
2025-02-27 23:10:00,23,10,3,0,9,0
2025-02-27 23:15:00,23,15,3,0,12,0
2025-02-27 23:20:00,23,20,3,0,8,5
2025-02-27 23:25:00,23,25,3,0,8,10
2025-02-27 23:30:00,23,30,3,0,12,6
2025-02-27 23:35:00,23,35,3,0,12,2
2025-02-27 23:40:00,23,40,3,0,14,6
2025-02-27 23:45:00,23,45,3,0,1,0
2025-02-27 23:50:00,23,50,3,0,12,9
2025-02-27 23:55:00,23,55,3,0,10,5
2025-02-28 00:00:00,0,0,4,0,4,6
2025-02-28 00:05:00,0,5,4,0,9,8
2025-02-28 00:10:00,0,10,4,0,12,7
2025-02-28 00:15:00,0,15,4,0,5,4
2025-02-28 00:20:00,0,20,4,0,10,10
2025-02-28 00:25:00,0,25,4,0,11,9
2025-02-28 00:30:00,0,30,4,0,4,0
2025-02-28 00:35:00,0,35,4,0,7,5
2025-02-28 00:40:00,0,40,4,0,9,2
2025-02-28 00:45:00,0,45,4,0,5,1
2025-02-28 00:50:00,0,50,4,0,4,8
2025-02-28 00:55:00,0,55,4,0,7,4
2025-02-28 01:00:00,1,0,4,0,11,5
2025-02-28 01:05:00,1,5,4,0,11,3
2025-02-28 01:10:00,1,10,4,0,5,7
2025-02-28 01:15:00,1,15,4,0,11,9
2025-02-28 01:20:00,1,20,4,0,5,15
2025-02-28 01:25:00,1,25,4,0,2,5
2025-02-28 01:30:00,1,30,4,0,7,0
2025-02-28 01:35:00,1,35,4,0,12,4
2025-02-28 01:40:00,1,40,4,0,11,9
2025-02-28 01:45:00,1,45,4,0,8,3
2025-02-28 01:50:00,1,50,4,0,6,0
2025-02-28 01:55:00,1,55,4,0,6,3
2025-02-28 02:00:00,2,0,4,0,8,4
2025-02-28 02:05:00,2,5,4,0,4,2
2025-02-28 02:10:00,2,10,4,0,7,7
2025-02-28 02:15:00,2,15,4,0,7,6
2025-02-28 02:20:00,2,20,4,0,3,9
2025-02-28 02:25:00,2,25,4,0,5,4
2025-02-28 02:30:00,2,30,4,0,10,8
2025-02-28 02:35:00,2,35,4,0,8,4
2025-02-28 02:40:00,2,40,4,0,7,2
2025-02-28 02:45:00,2,45,4,0,4,4
2025-02-28 02:50:00,2,50,4,0,14,0
2025-02-28 02:55:00,2,55,4,0,5,13
2025-02-28 03:00:00,3,0,4,0,9,7
2025-02-28 03:05:00,3,5,4,0,6,3
2025-02-28 03:10:00,3,10,4,0,8,5
2025-02-28 03:15:00,3,15,4,0,10,0
2025-02-28 03:20:00,3,20,4,0,3,12
2025-02-28 03:25:00,3,25,4,0,8,12
2025-02-28 03:30:00,3,30,4,0,13,7
2025-02-28 03:35:00,3,35,4,0,16,8
2025-02-28 03:40:00,3,40,4,0,8,1
2025-02-28 03:45:00,3,45,4,0,9,2
2025-02-28 03:50:00,3,50,4,0,18,0
2025-02-28 03:55:00,3,55,4,0,13,6
2025-02-28 04:00:00,4,0,4,0,7,11
2025-02-28 04:05:00,4,5,4,0,7,5
2025-02-28 04:10:00,4,10,4,0,13,8
2025-02-28 04:15:00,4,15,4,0,5,11
2025-02-28 04:20:00,4,20,4,0,14,1
2025-02-28 04:25:00,4,25,4,0,11,15
2025-02-28 04:30:00,4,30,4,0,12,12
2025-02-28 04:35:00,4,35,4,0,10,10
2025-02-28 04:40:00,4,40,4,0,8,12
2025-02-28 04:45:00,4,45,4,0,17,12
2025-02-28 04:50:00,4,50,4,0,11,10
2025-02-28 04:55:00,4,55,4,0,11,15
2025-02-28 05:00:00,5,0,4,0,12,8
2025-02-28 05:05:00,5,5,4,0,14,12
2025-02-28 05:10:00,5,10,4,0,10,15
2025-02-28 05:15:00,5,15,4,0,12,0
2025-02-28 05:20:00,5,20,4,0,13,13
2025-02-28 05:25:00,5,25,4,0,19,15
2025-02-28 05:30:00,5,30,4,0,13,5
2025-02-28 05:35:00,5,35,4,0,11,14
2025-02-28 05:40:00,5,40,4,0,11,10
2025-02-28 05:45:00,5,45,4,0,13,16
2025-02-28 05:50:00,5,50,4,0,26,14
2025-02-28 05:55:00,5,55,4,0,21,12
2025-02-28 06:00:00,6,0,4,0,24,21
2025-02-28 06:05:00,6,5,4,0,26,15
2025-02-28 06:10:00,6,10,4,0,25,19
2025-02-28 06:15:00,6,15,4,0,25,24
2025-02-28 06:20:00,6,20,4,0,31,16
2025-02-28 06:25:00,6,25,4,0,29,20
2025-02-28 06:30:00,6,30,4,0,35,19
2025-02-28 06:35:00,6,35,4,0,33,21
2025-02-28 06:40:00,6,40,4,0,29,31
2025-02-28 06:45:00,6,45,4,0,31,25
2025-02-28 06:50:00,6,50,4,0,31,26
2025-02-28 06:55:00,6,55,4,0,40,27
2025-02-28 07:00:00,7,0,4,0,34,28
2025-02-28 07:05:00,7,5,4,0,34,19
2025-02-28 07:10:00,7,10,4,0,39,37
2025-02-28 07:15:00,7,15,4,0,38,22
2025-02-28 07:20:00,7,20,4,0,41,36
2025-02-28 07:25:00,7,25,4,0,48,32
2025-02-28 07:30:00,7,30,4,0,45,30
2025-02-28 07:35:00,7,35,4,0,42,29
2025-02-28 07:40:00,7,40,4,0,37,41
2025-02-28 07:45:00,7,45,4,0,41,33
2025-02-28 07:50:00,7,50,4,0,46,31
2025-02-28 07:55:00,7,55,4,0,38,29
2025-02-28 08:00:00,8,0,4,0,52,28
2025-02-28 08:05:00,8,5,4,0,43,31
2025-02-28 08:10:00,8,10,4,0,43,27
2025-02-28 08:15:00,8,15,4,0,40,33
2025-02-28 08:20:00,8,20,4,0,44,28
2025-02-28 08:25:00,8,25,4,0,37,34
2025-02-28 08:30:00,8,30,4,0,50,34
2025-02-28 08:35:00,8,35,4,0,46,29
2025-02-28 08:40:00,8,40,4,0,44,31
2025-02-28 08:45:00,8,45,4,0,33,31
2025-02-28 08:50:00,8,50,4,0,39,22
2025-02-28 08:55:00,8,55,4,0,42,34
2025-02-28 09:00:00,9,0,4,0,38,25
2025-02-28 09:05:00,9,5,4,0,31,28
2025-02-28 09:10:00,9,10,4,0,31,27
2025-02-28 09:15:00,9,15,4,0,31,14
2025-02-28 09:20:00,9,20,4,0,29,20
2025-02-28 09:25:00,9,25,4,0,37,25
2025-02-28 09:30:00,9,30,4,0,22,21
2025-02-28 09:35:00,9,35,4,0,31,23
2025-02-28 09:40:00,9,40,4,0,22,20
2025-02-28 09:45:00,9,45,4,0,22,24
2025-02-28 09:50:00,9,50,4,0,17,18
2025-02-28 09:55:00,9,55,4,0,21,23
2025-02-28 10:00:00,10,0,4,0,28,12
2025-02-28 10:05:00,10,5,4,0,22,15
2025-02-28 10:10:00,10,10,4,0,16,13
2025-02-28 10:15:00,10,15,4,0,24,16
2025-02-28 10:20:00,10,20,4,0,23,12
2025-02-28 10:25:00,10,25,4,0,18,12
2025-02-28 10:30:00,10,30,4,0,25,10
2025-02-28 10:35:00,10,35,4,0,19,10
2025-02-28 10:40:00,10,40,4,0,18,11
2025-02-28 10:45:00,10,45,4,0,12,3
2025-02-28 10:50:00,10,50,4,0,17,1
2025-02-28 10:55:00,10,55,4,0,14,10
2025-02-28 11:00:00,11,0,4,0,15,0
2025-02-28 11:05:00,11,5,4,0,10,9
2025-02-28 11:10:00,11,10,4,0,13,8
2025-02-28 11:15:00,11,15,4,0,9,11
2025-02-28 11:20:00,11,20,4,0,3,6
2025-02-28 11:25:00,11,25,4,0,15,15
2025-02-28 11:30:00,11,30,4,0,5,12
2025-02-28 11:35:00,11,35,4,0,11,2
2025-02-28 11:40:00,11,40,4,0,12,7
2025-02-28 11:45:00,11,45,4,0,12,14
2025-02-28 11:50:00,11,50,4,0,9,6
2025-02-28 11:55:00,11,55,4,0,11,8
2025-02-28 12:00:00,12,0,4,0,12,14
2025-02-28 12:05:00,12,5,4,0,13,6
2025-02-28 12:10:00,12,10,4,0,17,13
2025-02-28 12:15:00,12,15,4,0,11,5
2025-02-28 12:20:00,12,20,4,0,11,0
2025-02-28 12:25:00,12,25,4,0,7,14
2025-02-28 12:30:00,12,30,4,0,13,11
2025-02-28 12:35:00,12,35,4,0,14,12
2025-02-28 12:40:00,12,40,4,0,10,6
2025-02-28 12:45:00,12,45,4,0,14,6
2025-02-28 12:50:00,12,50,4,0,10,15
2025-02-28 12:55:00,12,55,4,0,15,12
2025-02-28 13:00:00,13,0,4,0,16,11
2025-02-28 13:05:00,13,5,4,0,16,13
2025-02-28 13:10:00,13,10,4,0,13,18
2025-02-28 13:15:00,13,15,4,0,9,16
2025-02-28 13:20:00,13,20,4,0,11,12
2025-02-28 13:25:00,13,25,4,0,16,8
2025-02-28 13:30:00,13,30,4,0,24,17
2025-02-28 13:35:00,13,35,4,0,14,12
2025-02-28 13:40:00,13,40,4,0,17,11
2025-02-28 13:45:00,13,45,4,0,14,22
2025-02-28 13:50:00,13,50,4,0,13,21
2025-02-28 13:55:00,13,55,4,0,14,20
2025-02-28 14:00:00,14,0,4,0,9,14
2025-02-28 14:05:00,14,5,4,0,24,27
2025-02-28 14:10:00,14,10,4,0,10,25
2025-02-28 14:15:00,14,15,4,0,19,20
2025-02-28 14:20:00,14,20,4,0,16,20
2025-02-28 14:25:00,14,25,4,0,17,24
2025-02-28 14:30:00,14,30,4,0,27,22
2025-02-28 14:35:00,14,35,4,0,23,34
2025-02-28 14:40:00,14,40,4,0,19,25
2025-02-28 14:45:00,14,45,4,0,22,23
2025-02-28 14:50:00,14,50,4,0,22,35
2025-02-28 14:55:00,14,55,4,0,25,27
2025-02-28 15:00:00,15,0,4,0,27,33
2025-02-28 15:05:00,15,5,4,0,35,34
2025-02-28 15:10:00,15,10,4,0,20,32
2025-02-28 15:15:00,15,15,4,0,28,29
2025-02-28 15:20:00,15,20,4,0,28,34
2025-02-28 15:25:00,15,25,4,0,34,31
2025-02-28 15:30:00,15,30,4,0,32,36
2025-02-28 15:35:00,15,35,4,0,34,40
2025-02-28 15:40:00,15,40,4,0,33,45
2025-02-28 15:45:00,15,45,4,0,29,35
2025-02-28 15:50:00,15,50,4,0,38,39
2025-02-28 15:55:00,15,55,4,0,37,38
2025-02-28 16:00:00,16,0,4,0,38,42
2025-02-28 16:05:00,16,5,4,0,40,36
2025-02-28 16:10:00,16,10,4,0,37,39
2025-02-28 16:15:00,16,15,4,0,42,37
2025-02-28 16:20:00,16,20,4,0,38,38
2025-02-28 16:25:00,16,25,4,0,36,42
2025-02-28 16:30:00,16,30,4,0,37,51
2025-02-28 16:35:00,16,35,4,0,37,47
2025-02-28 16:40:00,16,40,4,0,36,46
2025-02-28 16:45:00,16,45,4,0,44,51
2025-02-28 16:50:00,16,50,4,0,39,47
2025-02-28 16:55:00,16,55,4,0,38,48
2025-02-28 17:00:00,17,0,4,0,40,44
2025-02-28 17:05:00,17,5,4,0,50,43
2025-02-28 17:10:00,17,10,4,0,33,41
2025-02-28 17:15:00,17,15,4,0,34,43
2025-02-28 17:20:00,17,20,4,0,32,44
2025-02-28 17:25:00,17,25,4,0,36,47
2025-02-28 17:30:00,17,30,4,0,38,45
2025-02-28 17:35:00,17,35,4,0,35,43
2025-02-28 17:40:00,17,40,4,0,34,40
2025-02-28 17:45:00,17,45,4,0,37,45
2025-02-28 17:50:00,17,50,4,0,33,41
2025-02-28 17:55:00,17,55,4,0,36,43
2025-02-28 18:00:00,18,0,4,0,39,34
2025-02-28 18:05:00,18,5,4,0,37,42
2025-02-28 18:10:00,18,10,4,0,37,43
2025-02-28 18:15:00,18,15,4,0,37,41
2025-02-28 18:20:00,18,20,4,0,33,37
2025-02-28 18:25:00,18,25,4,0,31,41
2025-02-28 18:30:00,18,30,4,0,28,31
2025-02-28 18:35:00,18,35,4,0,28,35
2025-02-28 18:40:00,18,40,4,0,27,33
2025-02-28 18:45:00,18,45,4,0,31,37
2025-02-28 18:50:00,18,50,4,0,29,24
2025-02-28 18:55:00,18,55,4,0,30,27
2025-02-28 19:00:00,19,0,4,0,22,37
2025-02-28 19:05:00,19,5,4,0,31,20
2025-02-28 19:10:00,19,10,4,0,23,32
2025-02-28 19:15:00,19,15,4,0,20,24
2025-02-28 19:20:00,19,20,4,0,21,27
2025-02-28 19:25:00,19,25,4,0,32,31
2025-02-28 19:30:00,19,30,4,0,20,25
2025-02-28 19:35:00,19,35,4,0,20,29
2025-02-28 19:40:00,19,40,4,0,20,20
2025-02-28 19:45:00,19,45,4,0,19,20
2025-02-28 19:50:00,19,50,4,0,16,24
2025-02-28 19:55:00,19,55,4,0,19,18
2025-02-28 20:00:00,20,0,4,0,22,21
2025-02-28 20:05:00,20,5,4,0,18,23
2025-02-28 20:10:00,20,10,4,0,12,21
2025-02-28 20:15:00,20,15,4,0,15,10
2025-02-28 20:20:00,20,20,4,0,13,15
2025-02-28 20:25:00,20,25,4,0,15,16
2025-02-28 20:30:00,20,30,4,0,20,14
2025-02-28 20:35:00,20,35,4,0,13,14
2025-02-28 20:40:00,20,40,4,0,13,15
2025-02-28 20:45:00,20,45,4,0,20,11
2025-02-28 20:50:00,20,50,4,0,16,12
2025-02-28 20:55:00,20,55,4,0,15,7
2025-02-28 21:00:00,21,0,4,0,20,10
2025-02-28 21:05:00,21,5,4,0,14,5
2025-02-28 21:10:00,21,10,4,0,3,11
2025-02-28 21:15:00,21,15,4,0,14,9
2025-02-28 21:20:00,21,20,4,0,5,6
2025-02-28 21:25:00,21,25,4,0,12,17
2025-02-28 21:30:00,21,30,4,0,4,8
2025-02-28 21:35:00,21,35,4,0,8,10
2025-02-28 21:40:00,21,40,4,0,9,6
2025-02-28 21:45:00,21,45,4,0,7,7
2025-02-28 21:50:00,21,50,4,0,8,9
2025-02-28 21:55:00,21,55,4,0,14,7
2025-02-28 22:00:00,22,0,4,0,6,8
2025-02-28 22:05:00,22,5,4,0,11,11
2025-02-28 22:10:00,22,10,4,0,5,5
2025-02-28 22:15:00,22,15,4,0,8,2
2025-02-28 22:20:00,22,20,4,0,10,1
2025-02-28 22:25:00,22,25,4,0,5,13
2025-02-28 22:30:00,22,30,4,0,3,11
2025-02-28 22:35:00,22,35,4,0,11,9
2025-02-28 22:40:00,22,40,4,0,13,5
2025-02-28 22:45:00,22,45,4,0,8,1
2025-02-28 22:50:00,22,50,4,0,7,5
2025-02-28 22:55:00,22,55,4,0,9,6
2025-02-28 23:00:00,23,0,4,0,9,2
2025-02-28 23:05:00,23,5,4,0,9,1
2025-02-28 23:10:00,23,10,4,0,0,0
2025-02-28 23:15:00,23,15,4,0,4,9
2025-02-28 23:20:00,23,20,4,0,5,1
2025-02-28 23:25:00,23,25,4,0,9,7
2025-02-28 23:30:00,23,30,4,0,9,5
2025-02-28 23:35:00,23,35,4,0,11,9
2025-02-28 23:40:00,23,40,4,0,9,7
2025-02-28 23:45:00,23,45,4,0,3,5
2025-02-28 23:50:00,23,50,4,0,14,7
2025-02-28 23:55:00,23,55,4,0,13,6
2025-03-01 00:00:00,0,0,5,1,1,2
2025-03-01 00:05:00,0,5,5,1,7,8
2025-03-01 00:10:00,0,10,5,1,3,3
2025-03-01 00:15:00,0,15,5,1,6,4
2025-03-01 00:20:00,0,20,5,1,10,0
2025-03-01 00:25:00,0,25,5,1,14,5
2025-03-01 00:30:00,0,30,5,1,9,2
2025-03-01 00:35:00,0,35,5,1,7,2
2025-03-01 00:40:00,0,40,5,1,4,1
2025-03-01 00:45:00,0,45,5,1,6,4
2025-03-01 00:50:00,0,50,5,1,11,0
2025-03-01 00:55:00,0,55,5,1,5,7
2025-03-01 01:00:00,1,0,5,1,2,4
2025-03-01 01:05:00,1,5,5,1,0,2
2025-03-01 01:10:00,1,10,5,1,8,0
2025-03-01 01:15:00,1,15,5,1,7,6
2025-03-01 01:20:00,1,20,5,1,3,2
2025-03-01 01:25:00,1,25,5,1,10,9
2025-03-01 01:30:00,1,30,5,1,4,6
2025-03-01 01:35:00,1,35,5,1,5,10
2025-03-01 01:40:00,1,40,5,1,6,5
2025-03-01 01:45:00,1,45,5,1,4,9
2025-03-01 01:50:00,1,50,5,1,7,6
2025-03-01 01:55:00,1,55,5,1,10,2
2025-03-01 02:00:00,2,0,5,1,1,5
2025-03-01 02:05:00,2,5,5,1,8,1
2025-03-01 02:10:00,2,10,5,1,6,12
2025-03-01 02:15:00,2,15,5,1,6,4
2025-03-01 02:20:00,2,20,5,1,9,4
2025-03-01 02:25:00,2,25,5,1,6,6
2025-03-01 02:30:00,2,30,5,1,8,0
2025-03-01 02:35:00,2,35,5,1,8,10
2025-03-01 02:40:00,2,40,5,1,4,0
2025-03-01 02:45:00,2,45,5,1,7,0
2025-03-01 02:50:00,2,50,5,1,5,4
2025-03-01 02:55:00,2,55,5,1,5,0
2025-03-01 03:00:00,3,0,5,1,4,11
2025-03-01 03:05:00,3,5,5,1,8,3
2025-03-01 03:10:00,3,10,5,1,6,0
2025-03-01 03:15:00,3,15,5,1,7,5
2025-03-01 03:20:00,3,20,5,1,6,7
2025-03-01 03:25:00,3,25,5,1,0,3
2025-03-01 03:30:00,3,30,5,1,6,0
2025-03-01 03:35:00,3,35,5,1,6,4
2025-03-01 03:40:00,3,40,5,1,7,3
2025-03-01 03:45:00,3,45,5,1,4,1
2025-03-01 03:50:00,3,50,5,1,1,0
2025-03-01 03:55:00,3,55,5,1,9,5
2025-03-01 04:00:00,4,0,5,1,5,8
2025-03-01 04:05:00,4,5,5,1,7,7
2025-03-01 04:10:00,4,10,5,1,5,0
2025-03-01 04:15:00,4,15,5,1,7,7
2025-03-01 04:20:00,4,20,5,1,5,8
2025-03-01 04:25:00,4,25,5,1,3,11
2025-03-01 04:30:00,4,30,5,1,9,2
2025-03-01 04:35:00,4,35,5,1,5,5
2025-03-01 04:40:00,4,40,5,1,8,8
2025-03-01 04:45:00,4,45,5,1,10,4
2025-03-01 04:50:00,4,50,5,1,6,8
2025-03-01 04:55:00,4,55,5,1,4,6
2025-03-01 05:00:00,5,0,5,1,19,3
2025-03-01 05:05:00,5,5,5,1,7,4
2025-03-01 05:10:00,5,10,5,1,12,12
2025-03-01 05:15:00,5,15,5,1,18,3
2025-03-01 05:20:00,5,20,5,1,14,3
2025-03-01 05:25:00,5,25,5,1,10,10
2025-03-01 05:30:00,5,30,5,1,11,8
2025-03-01 05:35:00,5,35,5,1,9,4
2025-03-01 05:40:00,5,40,5,1,16,7
2025-03-01 05:45:00,5,45,5,1,16,7
2025-03-01 05:50:00,5,50,5,1,12,8
2025-03-01 05:55:00,5,55,5,1,11,21
2025-03-01 06:00:00,6,0,5,1,10,10
2025-03-01 06:05:00,6,5,5,1,20,8
2025-03-01 06:10:00,6,10,5,1,18,21
2025-03-01 06:15:00,6,15,5,1,19,17
2025-03-01 06:20:00,6,20,5,1,16,17
2025-03-01 06:25:00,6,25,5,1,14,11
2025-03-01 06:30:00,6,30,5,1,24,20
2025-03-01 06:35:00,6,35,5,1,21,19
2025-03-01 06:40:00,6,40,5,1,26,17
2025-03-01 06:45:00,6,45,5,1,21,10
2025-03-01 06:50:00,6,50,5,1,23,17
2025-03-01 06:55:00,6,55,5,1,27,25
2025-03-01 07:00:00,7,0,5,1,28,19
2025-03-01 07:05:00,7,5,5,1,29,17
2025-03-01 07:10:00,7,10,5,1,25,18
2025-03-01 07:15:00,7,15,5,1,30,19
2025-03-01 07:20:00,7,20,5,1,32,17
2025-03-01 07:25:00,7,25,5,1,28,20
2025-03-01 07:30:00,7,30,5,1,27,27
2025-03-01 07:35:00,7,35,5,1,35,26
2025-03-01 07:40:00,7,40,5,1,27,18
2025-03-01 07:45:00,7,45,5,1,32,27
2025-03-01 07:50:00,7,50,5,1,30,25
2025-03-01 07:55:00,7,55,5,1,23,24
2025-03-01 08:00:00,8,0,5,1,35,23
2025-03-01 08:05:00,8,5,5,1,19,18
2025-03-01 08:10:00,8,10,5,1,22,20
2025-03-01 08:15:00,8,15,5,1,32,25
2025-03-01 08:20:00,8,20,5,1,32,16
2025-03-01 08:25:00,8,25,5,1,27,17
2025-03-01 08:30:00,8,30,5,1,29,22
2025-03-01 08:35:00,8,35,5,1,18,17
2025-03-01 08:40:00,8,40,5,1,31,23
2025-03-01 08:45:00,8,45,5,1,28,17
2025-03-01 08:50:00,8,50,5,1,26,20
2025-03-01 08:55:00,8,55,5,1,26,20
2025-03-01 09:00:00,9,0,5,1,27,16
2025-03-01 09:05:00,9,5,5,1,24,17
2025-03-01 09:10:00,9,10,5,1,16,14
2025-03-01 09:15:00,9,15,5,1,32,17
2025-03-01 09:20:00,9,20,5,1,27,12
2025-03-01 09:25:00,9,25,5,1,16,15
2025-03-01 09:30:00,9,30,5,1,19,18
2025-03-01 09:35:00,9,35,5,1,19,10
2025-03-01 09:40:00,9,40,5,1,23,12
2025-03-01 09:45:00,9,45,5,1,9,15
2025-03-01 09:50:00,9,50,5,1,15,4
2025-03-01 09:55:00,9,55,5,1,9,19
2025-03-01 10:00:00,10,0,5,1,15,16
2025-03-01 10:05:00,10,5,5,1,13,5
2025-03-01 10:10:00,10,10,5,1,15,2
2025-03-01 10:15:00,10,15,5,1,11,10
2025-03-01 10:20:00,10,20,5,1,10,5
2025-03-01 10:25:00,10,25,5,1,15,13
2025-03-01 10:30:00,10,30,5,1,14,10
2025-03-01 10:35:00,10,35,5,1,13,9
2025-03-01 10:40:00,10,40,5,1,10,6
2025-03-01 10:45:00,10,45,5,1,8,14
2025-03-01 10:50:00,10,50,5,1,9,10
2025-03-01 10:55:00,10,55,5,1,12,10
2025-03-01 11:00:00,11,0,5,1,0,12
2025-03-01 11:05:00,11,5,5,1,10,3
2025-03-01 11:10:00,11,10,5,1,10,12
2025-03-01 11:15:00,11,15,5,1,9,5
2025-03-01 11:20:00,11,20,5,1,7,8
2025-03-01 11:25:00,11,25,5,1,0,5
2025-03-01 11:30:00,11,30,5,1,6,0
2025-03-01 11:35:00,11,35,5,1,15,10
2025-03-01 11:40:00,11,40,5,1,7,0
2025-03-01 11:45:00,11,45,5,1,6,2
2025-03-01 11:50:00,11,50,5,1,7,4
2025-03-01 11:55:00,11,55,5,1,9,0
2025-03-01 12:00:00,12,0,5,1,10,2
2025-03-01 12:05:00,12,5,5,1,6,7
2025-03-01 12:10:00,12,10,5,1,9,5
2025-03-01 12:15:00,12,15,5,1,14,5
2025-03-01 12:20:00,12,20,5,1,11,3
2025-03-01 12:25:00,12,25,5,1,17,7
2025-03-01 12:30:00,12,30,5,1,5,5
2025-03-01 12:35:00,12,35,5,1,14,0
2025-03-01 12:40:00,12,40,5,1,5,6
2025-03-01 12:45:00,12,45,5,1,9,2
2025-03-01 12:50:00,12,50,5,1,11,11
2025-03-01 12:55:00,12,55,5,1,6,6
2025-03-01 13:00:00,13,0,5,1,9,18
2025-03-01 13:05:00,13,5,5,1,12,12
2025-03-01 13:10:00,13,10,5,1,6,8
2025-03-01 13:15:00,13,15,5,1,16,11
2025-03-01 13:20:00,13,20,5,1,4,1
2025-03-01 13:25:00,13,25,5,1,18,14
2025-03-01 13:30:00,13,30,5,1,14,7
2025-03-01 13:35:00,13,35,5,1,10,11
2025-03-01 13:40:00,13,40,5,1,9,8
2025-03-01 13:45:00,13,45,5,1,9,9
2025-03-01 13:50:00,13,50,5,1,11,11
2025-03-01 13:55:00,13,55,5,1,12,13
2025-03-01 14:00:00,14,0,5,1,17,13
2025-03-01 14:05:00,14,5,5,1,21,14
2025-03-01 14:10:00,14,10,5,1,14,8
2025-03-01 14:15:00,14,15,5,1,10,24
2025-03-01 14:20:00,14,20,5,1,12,17
2025-03-01 14:25:00,14,25,5,1,14,18
2025-03-01 14:30:00,14,30,5,1,11,16
2025-03-01 14:35:00,14,35,5,1,11,14
2025-03-01 14:40:00,14,40,5,1,25,19
2025-03-01 14:45:00,14,45,5,1,18,20
2025-03-01 14:50:00,14,50,5,1,14,25
2025-03-01 14:55:00,14,55,5,1,21,29
2025-03-01 15:00:00,15,0,5,1,14,27
2025-03-01 15:05:00,15,5,5,1,14,15
2025-03-01 15:10:00,15,10,5,1,16,21
2025-03-01 15:15:00,15,15,5,1,27,25
2025-03-01 15:20:00,15,20,5,1,19,22
2025-03-01 15:25:00,15,25,5,1,11,24
2025-03-01 15:30:00,15,30,5,1,26,17
2025-03-01 15:35:00,15,35,5,1,21,30
2025-03-01 15:40:00,15,40,5,1,15,19
2025-03-01 15:45:00,15,45,5,1,22,21
2025-03-01 15:50:00,15,50,5,1,25,24
2025-03-01 15:55:00,15,55,5,1,25,28
2025-03-01 16:00:00,16,0,5,1,31,22
2025-03-01 16:05:00,16,5,5,1,21,25
2025-03-01 16:10:00,16,10,5,1,25,34
2025-03-01 16:15:00,16,15,5,1,22,30
2025-03-01 16:20:00,16,20,5,1,19,32
2025-03-01 16:25:00,16,25,5,1,29,26
2025-03-01 16:30:00,16,30,5,1,28,31
2025-03-01 16:35:00,16,35,5,1,27,31
2025-03-01 16:40:00,16,40,5,1,28,29
2025-03-01 16:45:00,16,45,5,1,24,32
2025-03-01 16:50:00,16,50,5,1,23,25
2025-03-01 16:55:00,16,55,5,1,27,34
2025-03-01 17:00:00,17,0,5,1,31,31
2025-03-01 17:05:00,17,5,5,1,33,31
2025-03-01 17:10:00,17,10,5,1,30,36
2025-03-01 17:15:00,17,15,5,1,27,34
2025-03-01 17:20:00,17,20,5,1,27,31
2025-03-01 17:25:00,17,25,5,1,26,27
2025-03-01 17:30:00,17,30,5,1,22,37
2025-03-01 17:35:00,17,35,5,1,26,26
2025-03-01 17:40:00,17,40,5,1,20,33
2025-03-01 17:45:00,17,45,5,1,25,24
2025-03-01 17:50:00,17,50,5,1,31,34
2025-03-01 17:55:00,17,55,5,1,28,33
2025-03-01 18:00:00,18,0,5,1,20,21
2025-03-01 18:05:00,18,5,5,1,23,30
2025-03-01 18:10:00,18,10,5,1,20,29
2025-03-01 18:15:00,18,15,5,1,23,30
2025-03-01 18:20:00,18,20,5,1,27,28
2025-03-01 18:25:00,18,25,5,1,25,22
2025-03-01 18:30:00,18,30,5,1,31,24
2025-03-01 18:35:00,18,35,5,1,26,31
2025-03-01 18:40:00,18,40,5,1,21,20
2025-03-01 18:45:00,18,45,5,1,23,25
2025-03-01 18:50:00,18,50,5,1,19,27
2025-03-01 18:55:00,18,55,5,1,14,18
2025-03-01 19:00:00,19,0,5,1,24,16
2025-03-01 19:05:00,19,5,5,1,22,15
2025-03-01 19:10:00,19,10,5,1,16,21
2025-03-01 19:15:00,19,15,5,1,18,14
2025-03-01 19:20:00,19,20,5,1,21,18
2025-03-01 19:25:00,19,25,5,1,19,23
2025-03-01 19:30:00,19,30,5,1,9,17
2025-03-01 19:35:00,19,35,5,1,16,13
2025-03-01 19:40:00,19,40,5,1,14,16
2025-03-01 19:45:00,19,45,5,1,18,15
2025-03-01 19:50:00,19,50,5,1,17,16
2025-03-01 19:55:00,19,55,5,1,18,20
2025-03-01 20:00:00,20,0,5,1,8,15
2025-03-01 20:05:00,20,5,5,1,9,21
2025-03-01 20:10:00,20,10,5,1,16,14
2025-03-01 20:15:00,20,15,5,1,9,9
2025-03-01 20:20:00,20,20,5,1,5,20
2025-03-01 20:25:00,20,25,5,1,13,10
2025-03-01 20:30:00,20,30,5,1,8,6
2025-03-01 20:35:00,20,35,5,1,17,19
2025-03-01 20:40:00,20,40,5,1,11,6
2025-03-01 20:45:00,20,45,5,1,10,6
2025-03-01 20:50:00,20,50,5,1,7,6
2025-03-01 20:55:00,20,55,5,1,15,9
2025-03-01 21:00:00,21,0,5,1,10,12
2025-03-01 21:05:00,21,5,5,1,7,0
2025-03-01 21:10:00,21,10,5,1,5,11
2025-03-01 21:15:00,21,15,5,1,8,5
2025-03-01 21:20:00,21,20,5,1,4,5
2025-03-01 21:25:00,21,25,5,1,12,14
2025-03-01 21:30:00,21,30,5,1,0,7
2025-03-01 21:35:00,21,35,5,1,7,8
2025-03-01 21:40:00,21,40,5,1,9,6
2025-03-01 21:45:00,21,45,5,1,8,9
2025-03-01 21:50:00,21,50,5,1,4,12
2025-03-01 21:55:00,21,55,5,1,9,0
2025-03-01 22:00:00,22,0,5,1,3,10
2025-03-01 22:05:00,22,5,5,1,6,11
2025-03-01 22:10:00,22,10,5,1,9,7
2025-03-01 22:15:00,22,15,5,1,8,2
2025-03-01 22:20:00,22,20,5,1,3,0
2025-03-01 22:25:00,22,25,5,1,11,14
2025-03-01 22:30:00,22,30,5,1,6,1
2025-03-01 22:35:00,22,35,5,1,9,11
2025-03-01 22:40:00,22,40,5,1,12,6
2025-03-01 22:45:00,22,45,5,1,10,13
2025-03-01 22:50:00,22,50,5,1,10,3
2025-03-01 22:55:00,22,55,5,1,7,0
2025-03-01 23:00:00,23,0,5,1,9,5
2025-03-01 23:05:00,23,5,5,1,7,0
2025-03-01 23:10:00,23,10,5,1,1,15
2025-03-01 23:15:00,23,15,5,1,7,7
2025-03-01 23:20:00,23,20,5,1,7,7
2025-03-01 23:25:00,23,25,5,1,8,7
2025-03-01 23:30:00,23,30,5,1,5,2
2025-03-01 23:35:00,23,35,5,1,3,4
2025-03-01 23:40:00,23,40,5,1,8,5
2025-03-01 23:45:00,23,45,5,1,0,12
2025-03-01 23:50:00,23,50,5,1,11,0
2025-03-01 23:55:00,23,55,5,1,5,1
